ncm;anexo;tipo;dispositivo;trecho
29181990;I;isencao;"RICMS/SE — Anexo I, pág. 69 do PDF de anexos";"67 Olanzapina 2933.99.69 Olanzapina 5 mg – (por comprimido) 3003.90.79/ 3004.90.69 Olanzapina 10 mg – (por comprimido) 68 Penicilamina 2930.90.19 Penicilamina 250 mg - por cápsula 3003.90.69/ 3004.90.59 69 Pravastatina Sódica 2918.19.90 Pravastatina 40 mg - por comprimido Pravastatina 10 mg - por co"
29309039;I;isencao;"RICMS/SE — Anexo I, pág. 23 do PDF de anexos";"2 - Glioxilato de L - Mentila, e 1,4 - Ditiano 2,5 Diol, Mentiloxatiolano, 2930.90.39;"
29333929;I;isencao;"RICMS/SE — Anexo I, pág. 23 do PDF de anexos";"3 - Cloridrato de 3 - cloro - metilpiridina, 2 - Cloro - 3 - (2 - clorometil - 4 - piridilcarboxamido) - 4 - metilpiridina,2 - Cloro - 3 - (2 - ciclopropilamino - 3 - piridilcarboxamido) - 4 - metilpiridina, 2933.39.29;"
29334990;I;isencao;"RICMS/SE — Anexo I, pág. 64 do PDF de anexos";"Budesonida 200 mcg - cápsula - pó inalante - 60 cápsulas, com inalador Budesonida 200 mcg - cápsula - pó inalante - 60 cápsulas, sem inalador 15 Cabergolina 2939.69.90 Cabergolina 0,5 mg - (por comprimido) 3003.90.99/ 3004.90.99 16 Calcitonina Sintética de Salmão 2937.90.90 Calcitonina Sintética de "
29335919;I;isencao;"RICMS/SE — Anexo I, pág. 64 do PDF de anexos";"Budesonida 200 mcg - cápsula - pó inalante - 60 cápsulas, com inalador Budesonida 200 mcg - cápsula - pó inalante - 60 cápsulas, sem inalador 15 Cabergolina 2939.69.90 Cabergolina 0,5 mg - (por comprimido) 3003.90.99/ 3004.90.99 16 Calcitonina Sintética de Salmão 2937.90.90 Calcitonina Sintética de "
29335999;I;isencao;"RICMS/SE — Anexo I, pág. 69 do PDF de anexos";"67 Olanzapina 2933.99.69 Olanzapina 5 mg – (por comprimido) 3003.90.79/ 3004.90.69 Olanzapina 10 mg – (por comprimido) 68 Penicilamina 2930.90.19 Penicilamina 250 mg - por cápsula 3003.90.69/ 3004.90.59 69 Pravastatina Sódica 2918.19.90 Pravastatina 40 mg - por comprimido Pravastatina 10 mg - por co"
29349923;I;isencao;"RICMS/SE — Anexo I, pág. 23 do PDF de anexos";"8 - Timidina, 2934.99.23;"
29349939;I;isencao;"RICMS/SE — Anexo I, pág. 189 do PDF de anexos";"ICMS 133/2021) Delamanida 2934.99.39 Delamanida – 50 mg – comprimidorevestido 3003.90.89 3004.90.79 Acrescentado o Item 240 pelo Decreto 412/2023, efeitos a partir de 11.09.2023."
29349999;I;isencao;"RICMS/SE — Anexo I, pág. 63 do PDF de anexos";"Nasal – (por frasco 2,5 ml) 3003.39.29/ 3004.39.29 3 Acetato de Fludrocortisona 2937.22.90 Fludrocortisona 0,1 mg – por comprimido 3003.39.99/ 3004.39.99 4 Acetato de Glatiramer 2922.49.90 Acetato de Glatiramer - 20 mg – por frasco/ampola para injeção subcutânea + diluente + seringa/agulha 3003.90.4"
29029090;I;isencao;"RICMS/SE — Anexo I, pág. 23 do PDF de anexos";"11 - Ciclopropil - Acetileno, 2902.90.90 (Conv."
29036919;I;isencao;"RICMS/SE — Anexo I, pág. 23 do PDF de anexos";"12 - Cloreto de Tritila, 2903.69.19;"
29082090;I;isencao;"RICMS/SE — Anexo I, pág. 23 do PDF de anexos";"13 - Tiofenol, 2908.20.90;"
29214229;I;isencao;"RICMS/SE — Anexo I, pág. 24 do PDF de anexos";"Acrescentado os itens 11 a 27 pelo Decreto n.º 22.883/04 , efeitos a partir de 13/07/2004. 28 - (s) - 5 - cloro - alfa - (ciclopropiletinil) - 2 - [((4 - metoxi - fenil) - metil)amino] - alfa - (trifluormetil)benzenometanol – 2921.42.29 (Conv.ICMS 80/08);"
29242190;I;isencao;"RICMS/SE — Anexo I, pág. 23 do PDF de anexos";"17 - N - metil - 2 - pirrolidinona, 2924.21.90;"
29310029;I;isencao;"RICMS/SE — Anexo I, pág. 23 do PDF de anexos";"18 - Cloreto de terc - butil - dimetil - silano, 2931.00.29;"
29349929;I;isencao;"RICMS/SE — Anexo I, pág. 190 do PDF de anexos";"ICMS 218/2021) Entricitabina + Tenofovir 2934.99.29(Entricitabina) 2933.59.49 (Tenofovir) Entricitabina 200 mg + tenofovir 300 mg - comprimidorevestido 3003.90.99 3004.90.99 Acrescentado o Item 250 pelo Decreto 412/2023, efeitos a partir de 11.09.2023. 251 (Conv."
23349929;I;isencao;"RICMS/SE — Anexo I, pág. 23 do PDF de anexos";"22 - Tritil - azido - timidina, 2334.99.29;"
29209090;I;isencao;"RICMS/SE — Anexo I, pág. 24 do PDF de anexos";"Acrescentado o item 28 pelo Decreto nº 25.554/08 , efeitos a partir de 25/07/2008. 29 - ChloromethylIsopropil Carbonate, 2920.90.90 (Conv."
30049068;I;isencao;"RICMS/SE — Anexo I, pág. 64 do PDF de anexos";"Budesonida 200 mcg - cápsula - pó inalante - 60 cápsulas, com inalador Budesonida 200 mcg - cápsula - pó inalante - 60 cápsulas, sem inalador 15 Cabergolina 2939.69.90 Cabergolina 0,5 mg - (por comprimido) 3003.90.99/ 3004.90.99 16 Calcitonina Sintética de Salmão 2937.90.90 Calcitonina Sintética de "
29349922;I;isencao;"RICMS/SE — Anexo I, pág. 111 do PDF de anexos";"31 Outros medicamentos não especificados 3004.90.99 32 Sulfato de Quinina 3004.90.99 33 Zidovudina 3004.90.99 34 Zidovudina (AZT) 2934.99.22 35 Zidovudina (AZT) 3004.90.79 36 Dicloridrato de Quinina 3004.90.99 37 Dicloridrato de Quinina 2939.21.00 38 Artequin 3004.90.99 39 Isotionato de Pentamidina "
29242999;I;isencao;"RICMS/SE — Anexo I, pág. 65 do PDF de anexos";"Clozapina 25 mg – (por comprimido) 30 Danazol 2937.19.90 Danazol 100 mg – (por cápsula) 3003.39.39/ 3004.39.39 31 Deferoxamina 2928.00.90 Deferoxamina 500 mg – injetável – (por frasco) 3003.90.58/ 3004.90.48 32 Dicloridrato de Pramipexol 2934.20.90 Pramipexol 1 mg - por comprimido Pramipexol 0,125 m"
29349993;I;isencao;"RICMS/SE — Anexo I, pág. 191 do PDF de anexos";"ICMS 218/2021) Tenofovir+ lamivudina+ efavirenz 2933.59.49 (Tenofovir) 2934.99.93 (Lamivudina) 2933.39.99 (Efavirenz) Tenofovir 300 mg + lamivudina 300 mg + efavirenz 600mg - Comprimido 3003.90.99 3004.90.99 Acrescentado o Item 263 pelo Decreto 412/2023, efeitos a partir de 11.09.2023. 264 (Conv."
29335949;I;isencao;"RICMS/SE — Anexo I, pág. 182 do PDF de anexos";"ICMS 145/2013) 3002.10.39 Tenecteplase 40 mg poliofinjctfa + ser injdil x 8 ml Tenecteplase 50 mg poliofinjctfa + ser injdil x 10 ml 3002.10.39 Acrescentados os subitens167 a 192 pelo Decreto n.º 29.672/2013 , efeitos a partir de 13/11/2013 193 Bosentana (Conv ICMS 20/14) 2935.00.19 Bosentana – conc"
30039099;I;isencao;"RICMS/SE — Anexo I, pág. 64 do PDF de anexos";"Budesonida 200 mcg - cápsula - pó inalante - 60 cápsulas, com inalador Budesonida 200 mcg - cápsula - pó inalante - 60 cápsulas, sem inalador 15 Cabergolina 2939.69.90 Cabergolina 0,5 mg - (por comprimido) 3003.90.99/ 3004.90.99 16 Calcitonina Sintética de Salmão 2937.90.90 Calcitonina Sintética de "
30049099;I;isencao;"RICMS/SE — Anexo I, pág. 64 do PDF de anexos";"Budesonida 200 mcg - cápsula - pó inalante - 60 cápsulas, com inalador Budesonida 200 mcg - cápsula - pó inalante - 60 cápsulas, sem inalador 15 Cabergolina 2939.69.90 Cabergolina 0,5 mg - (por comprimido) 3003.90.99/ 3004.90.99 16 Calcitonina Sintética de Salmão 2937.90.90 Calcitonina Sintética de "
30039069;I;isencao;"RICMS/SE — Anexo I, pág. 69 do PDF de anexos";"67 Olanzapina 2933.99.69 Olanzapina 5 mg – (por comprimido) 3003.90.79/ 3004.90.69 Olanzapina 10 mg – (por comprimido) 68 Penicilamina 2930.90.19 Penicilamina 250 mg - por cápsula 3003.90.69/ 3004.90.59 69 Pravastatina Sódica 2918.19.90 Pravastatina 40 mg - por comprimido Pravastatina 10 mg - por co"
30049059;I;isencao;"RICMS/SE — Anexo I, pág. 69 do PDF de anexos";"67 Olanzapina 2933.99.69 Olanzapina 5 mg – (por comprimido) 3003.90.79/ 3004.90.69 Olanzapina 10 mg – (por comprimido) 68 Penicilamina 2930.90.19 Penicilamina 250 mg - por cápsula 3003.90.69/ 3004.90.59 69 Pravastatina Sódica 2918.19.90 Pravastatina 40 mg - por comprimido Pravastatina 10 mg - por co"
30039078;I;isencao;"RICMS/SE — Anexo I, pág. 64 do PDF de anexos";"Budesonida 200 mcg - cápsula - pó inalante - 60 cápsulas, com inalador Budesonida 200 mcg - cápsula - pó inalante - 60 cápsulas, sem inalador 15 Cabergolina 2939.69.90 Cabergolina 0,5 mg - (por comprimido) 3003.90.99/ 3004.90.99 16 Calcitonina Sintética de Salmão 2937.90.90 Calcitonina Sintética de "
30039079;I;isencao;"RICMS/SE — Anexo I, pág. 64 do PDF de anexos";"Budesonida 200 mcg - cápsula - pó inalante - 60 cápsulas, com inalador Budesonida 200 mcg - cápsula - pó inalante - 60 cápsulas, sem inalador 15 Cabergolina 2939.69.90 Cabergolina 0,5 mg - (por comprimido) 3003.90.99/ 3004.90.99 16 Calcitonina Sintética de Salmão 2937.90.90 Calcitonina Sintética de "
30049069;I;isencao;"RICMS/SE — Anexo I, pág. 64 do PDF de anexos";"Budesonida 200 mcg - cápsula - pó inalante - 60 cápsulas, com inalador Budesonida 200 mcg - cápsula - pó inalante - 60 cápsulas, sem inalador 15 Cabergolina 2939.69.90 Cabergolina 0,5 mg - (por comprimido) 3003.90.99/ 3004.90.99 16 Calcitonina Sintética de Salmão 2937.90.90 Calcitonina Sintética de "
30039088;I;isencao;"RICMS/SE — Anexo I, pág. 190 do PDF de anexos";"ICMS 218 /2021) Efavirenz 2933.29.99 200 mg - Cápsulagelatinosa dura 600 mg - Comprimidorevestido 30 mg/ml Solução oral - Frasco 3003.90.88 3004.90.78 Acrescentado o Item 248 pelo Decreto 412/2023, efeitos a partir de 11.09.2023. 249 (Conv."
30049078;I;isencao;"RICMS/SE — Anexo I, pág. 190 do PDF de anexos";"ICMS 218 /2021) Efavirenz 2933.29.99 200 mg - Cápsulagelatinosa dura 600 mg - Comprimidorevestido 30 mg/ml Solução oral - Frasco 3003.90.88 3004.90.78 Acrescentado o Item 248 pelo Decreto 412/2023, efeitos a partir de 11.09.2023. 249 (Conv."
30049079;I;isencao;"RICMS/SE — Anexo I, pág. 63 do PDF de anexos";"Nasal – (por frasco 2,5 ml) 3003.39.29/ 3004.39.29 3 Acetato de Fludrocortisona 2937.22.90 Fludrocortisona 0,1 mg – por comprimido 3003.39.99/ 3004.39.99 4 Acetato de Glatiramer 2922.49.90 Acetato de Glatiramer - 20 mg – por frasco/ampola para injeção subcutânea + diluente + seringa/agulha 3003.90.4"
29349927;I;isencao;"RICMS/SE — Anexo I, pág. 190 do PDF de anexos";"ICMS 218/2021) Estavudina 2934.99.27 1 mg/ml solução oral - Frasco 3003.90.89 3004.90.79 Acrescentado o Item 251 pelo Decreto 412/2023, efeitos a partir de 11.09.2023. 252 (Conv."
29339999;I;isencao;"RICMS/SE — Anexo I, pág. 72 do PDF de anexos";"ICMS 148/06) Deferasirox 2933.99.69 Deferasirox 125 mg - por comprimido Deferasirox 250 mg - por comprimido Deferasirox 500 mg - por comprimido 3003.90.79/ 3004.90.69 Acrescentado o item 122 pelo Decreto n.º 24.243/07 , efeitos a partir de 08.01.2007. 123 Verteporfina (Conv ICMS 26/07 e 75/07) 2933."
29333999;I;isencao;"RICMS/SE — Anexo I, pág. 64 do PDF de anexos";"Budesonida 200 mcg - cápsula - pó inalante - 60 cápsulas, com inalador Budesonida 200 mcg - cápsula - pó inalante - 60 cápsulas, sem inalador 15 Cabergolina 2939.69.90 Cabergolina 0,5 mg - (por comprimido) 3003.90.99/ 3004.90.99 16 Calcitonina Sintética de Salmão 2937.90.90 Calcitonina Sintética de "
76152000;I;isencao;"RICMS/SE — Anexo I, pág. 29 do PDF de anexos";"VIII - barra de apoio para portador de deficiência física........................................................7615.20.00 (Conv."
87131000;I;isencao;"RICMS/SE — Anexo I, pág. 29 do PDF de anexos";"ICMS 47/97 e 38/05): I - cadeira de rodas e outros veículos para inválidos, mesmo com motor ou outro mecanismo de propulsão: a) sem mecanismo de propulsão.....................................................8713.10.00; b)outros........................................................................."
87139000;I;isencao;"RICMS/SE — Anexo I, pág. 29 do PDF de anexos";"ICMS 47/97 e 38/05): I - cadeira de rodas e outros veículos para inválidos, mesmo com motor ou outro mecanismo de propulsão: a) sem mecanismo de propulsão.....................................................8713.10.00; b)outros........................................................................."
87142000;I;isencao;"RICMS/SE — Anexo I, pág. 29 do PDF de anexos";"II - partes e acessórios destinados exclusivamente à aplicação em cadeiras de rodas ou em outros veículos para inválidos.........................................................................8714.20.00;"
90213110;I;isencao;"RICMS/SE — Anexo I, pág. 29 do PDF de anexos";"III - próteses articulares e outros aparelhos de ortopedia ou para fraturas: a) próteses articulares: a.1.femurais......................................................................9021.31.10; a.2.miolétricas...................................................................9021.31.20; a.3.outras"
90213120;I;isencao;"RICMS/SE — Anexo I, pág. 29 do PDF de anexos";"III - próteses articulares e outros aparelhos de ortopedia ou para fraturas: a) próteses articulares: a.1.femurais......................................................................9021.31.10; a.2.miolétricas...................................................................9021.31.20; a.3.outras"
90213190;I;isencao;"RICMS/SE — Anexo I, pág. 29 do PDF de anexos";"III - próteses articulares e outros aparelhos de ortopedia ou para fraturas: a) próteses articulares: a.1.femurais......................................................................9021.31.10; a.2.miolétricas...................................................................9021.31.20; a.3.outras"
90211010;I;isencao;"RICMS/SE — Anexo I, pág. 29 do PDF de anexos";"III - próteses articulares e outros aparelhos de ortopedia ou para fraturas: a) próteses articulares: a.1.femurais......................................................................9021.31.10; a.2.miolétricas...................................................................9021.31.20; a.3.outras"
90211020;I;isencao;"RICMS/SE — Anexo I, pág. 29 do PDF de anexos";"III - próteses articulares e outros aparelhos de ortopedia ou para fraturas: a) próteses articulares: a.1.femurais......................................................................9021.31.10; a.2.miolétricas...................................................................9021.31.20; a.3.outras"
90211091;I;isencao;"RICMS/SE — Anexo I, pág. 29 do PDF de anexos";"III - próteses articulares e outros aparelhos de ortopedia ou para fraturas: a) próteses articulares: a.1.femurais......................................................................9021.31.10; a.2.miolétricas...................................................................9021.31.20; a.3.outras"
90211099;I;isencao;"RICMS/SE — Anexo I, pág. 29 do PDF de anexos";"III - próteses articulares e outros aparelhos de ortopedia ou para fraturas: a) próteses articulares: a.1.femurais......................................................................9021.31.10; a.2.miolétricas...................................................................9021.31.20; a.3.outras"
90213991;I;isencao;"RICMS/SE — Anexo I, pág. 29 do PDF de anexos";"IV - partes de próteses modulares que substituem membros superiores ou inferiores............ 9021.39.91;"
90213999;I;isencao;"RICMS/SE — Anexo I, pág. 29 do PDF de anexos";"V - outros............................................................................9021.39.99;"
90214000;I;isencao;"RICMS/SE — Anexo I, pág. 29 do PDF de anexos";"VI - aparelhos para facilitar a audição dos surdos, exceto as partes e acessórios....................9021.40.00;"
90219092;I;isencao;"RICMS/SE — Anexo I, pág. 29 do PDF de anexos";"VII - partes e acessórios de aparelhos para facilitar a audição dos surdos........9021.90.92;"
90219019;I;isencao;"RICMS/SE — Anexo I, pág. 103 do PDF de anexos";"ICMS 142/2025) 9021.90.19 Conjunto para hidrocefalia de baixo perfil Nova Redação dada ao Item 174 pelo Decreto 1.362/2026, efeitos a partir de 24.10.2025."
84142000;I;isencao;"RICMS/SE — Anexo I, pág. 29 do PDF de anexos";"II - partes e acessórios destinados exclusivamente à aplicação em cadeiras de rodas ou em outros veículos para inválidos............................... 8414.20.00;"
90211110;I;isencao;"RICMS/SE — Anexo I, pág. 29 do PDF de anexos";"III - próteses articulares e outros aparelhos de ortopedia ou para fraturas: a) próteses articulares: a.1. femurais........................................ 9021.11.10; a.2. miolétricas............................................ 9021.11.20; a.3. outras................................................"
90211120;I;isencao;"RICMS/SE — Anexo I, pág. 29 do PDF de anexos";"III - próteses articulares e outros aparelhos de ortopedia ou para fraturas: a) próteses articulares: a.1. femurais........................................ 9021.11.10; a.2. miolétricas............................................ 9021.11.20; a.3. outras................................................"
90211190;I;isencao;"RICMS/SE — Anexo I, pág. 29 do PDF de anexos";"III - próteses articulares e outros aparelhos de ortopedia ou para fraturas: a) próteses articulares: a.1. femurais........................................ 9021.11.10; a.2. miolétricas............................................ 9021.11.20; a.3. outras................................................"
90211910;I;isencao;"RICMS/SE — Anexo I, pág. 29 do PDF de anexos";"III - próteses articulares e outros aparelhos de ortopedia ou para fraturas: a) próteses articulares: a.1. femurais........................................ 9021.11.10; a.2. miolétricas............................................ 9021.11.20; a.3. outras................................................"
90211920;I;isencao;"RICMS/SE — Anexo I, pág. 29 do PDF de anexos";"III - próteses articulares e outros aparelhos de ortopedia ou para fraturas: a) próteses articulares: a.1. femurais........................................ 9021.11.10; a.2. miolétricas............................................ 9021.11.20; a.3. outras................................................"
90211991;I;isencao;"RICMS/SE — Anexo I, pág. 29 do PDF de anexos";"III - próteses articulares e outros aparelhos de ortopedia ou para fraturas: a) próteses articulares: a.1. femurais........................................ 9021.11.10; a.2. miolétricas............................................ 9021.11.20; a.3. outras................................................"
90211999;I;isencao;"RICMS/SE — Anexo I, pág. 29 do PDF de anexos";"III - próteses articulares e outros aparelhos de ortopedia ou para fraturas: a) próteses articulares: a.1. femurais........................................ 9021.11.10; a.2. miolétricas............................................ 9021.11.20; a.3. outras................................................"
90213091;I;isencao;"RICMS/SE — Anexo I, pág. 29 do PDF de anexos";"IV - partes de próteses modulares que substituem membros superiores ou inferiores..... 9021.30.91; (NR) Nova Redação dada ao inciso IV pelo Decreto n.º 22.231/03, efeitos a partir de 1º/05/2003."
90213099;I;isencao;"RICMS/SE — Anexo I, pág. 29 do PDF de anexos";"V - outros.....................................................................9021.30.99;"
90221419;I;isencao;"RICMS/SE — Anexo I, pág. 32 do PDF de anexos";"As operações que destinem ao Ministério da Saúde equipamentos médicos - hospitalares, indicados abaixo e enviados ao Estado de Sergipe, para atender ao “Programa de Modernização Gerencial e Reequipamento da Rede Hospitalar”, instituído pela Portaria n.º 2.432, de 23 de março de 1998, do Ministério d"
90221200;I;isencao;"RICMS/SE — Anexo I, pág. 32 do PDF de anexos";"II - Simulador para Tomografia Computadorizada - CT SIM - 9022.12.00."
35040090;I;isencao;"RICMS/SE — Anexo I, pág. 47 do PDF de anexos";"ICMS 103/2011): Item Fármacos NCM Fármacos Medicamentos NCM Medicamentos I Albumina Humana 3504.00.90 Soroalbumina humana a 20% - Frasco Ampola 200mg/ml 3002.10.37 II Concentrado de Fator IX 3504.00.90 Concentrado de Fator IX da Coagulação Frasco de 500 UI 3002.10.39 III Concentrado de Fator VIII 35"
30021037;I;isencao;"RICMS/SE — Anexo I, pág. 47 do PDF de anexos";"ICMS 103/2011): Item Fármacos NCM Fármacos Medicamentos NCM Medicamentos I Albumina Humana 3504.00.90 Soroalbumina humana a 20% - Frasco Ampola 200mg/ml 3002.10.37 II Concentrado de Fator IX 3504.00.90 Concentrado de Fator IX da Coagulação Frasco de 500 UI 3002.10.39 III Concentrado de Fator VIII 35"
30021039;I;isencao;"RICMS/SE — Anexo I, pág. 47 do PDF de anexos";"ICMS 103/2011): Item Fármacos NCM Fármacos Medicamentos NCM Medicamentos I Albumina Humana 3504.00.90 Soroalbumina humana a 20% - Frasco Ampola 200mg/ml 3002.10.37 II Concentrado de Fator IX 3504.00.90 Concentrado de Fator IX da Coagulação Frasco de 500 UI 3002.10.39 III Concentrado de Fator VIII 35"
84314390;I;isencao;"RICMS/SE — Anexo I, pág. 49 do PDF de anexos";"Equipamentos sob o regime Ex - tarifário da CAMEX 8431.43.90 Ex 017 – Equipamentos de limpeza de entulho submarino, projetados para serem operados remotamente em todas as funções, realizar limpeza e remoção de entulho acumulado ao redor de poço e petróleo ou gás em erupção descontrolada e efetuar pe"
90222190;I;isencao;"RICMS/SE — Anexo I, pág. 50 do PDF de anexos";"As operações com aceleradores lineares, classificados no código 9022.21.90 da Nomenclatura Comum do Mercosul – NCM, realizadas no âmbito do Programa Nacional de Oncologia do Ministério da Saúde (Conv."
30029092;I;isencao;"RICMS/SE — Anexo I, pág. 174 do PDF de anexos";"ICMS 36/2025) Toxina Botulínica tipo A 3002.90.92 Toxina Botulínica tipo A - 100 UI - injetável (por frasco/ampola) 3002.90.92/ 3002.49.92 Toxina Botulínica tipo A - 500 UI - injetável - (por frasco/ampola) Alterado o item 101 pelo Decreto nº 1.161/2025, com efeitos a partir de 1º.01.2026."
29372931;I;isencao;"RICMS/SE — Anexo I, pág. 63 do PDF de anexos";"1 Acetato de Ciproterona 2937.29.31 Acetato de Ciproterona 50 mg – (por comprimido) 3003.39.39/ 3004.39.39 2 Acetato de Desmopressina 2937.99.90 Acetato de Desmopressina 0,1 mg/ml - aplic."
30033939;I;isencao;"RICMS/SE — Anexo I, pág. 65 do PDF de anexos";"Clozapina 25 mg – (por comprimido) 30 Danazol 2937.19.90 Danazol 100 mg – (por cápsula) 3003.39.39/ 3004.39.39 31 Deferoxamina 2928.00.90 Deferoxamina 500 mg – injetável – (por frasco) 3003.90.58/ 3004.90.48 32 Dicloridrato de Pramipexol 2934.20.90 Pramipexol 1 mg - por comprimido Pramipexol 0,125 m"
30043939;I;isencao;"RICMS/SE — Anexo I, pág. 65 do PDF de anexos";"Clozapina 25 mg – (por comprimido) 30 Danazol 2937.19.90 Danazol 100 mg – (por cápsula) 3003.39.39/ 3004.39.39 31 Deferoxamina 2928.00.90 Deferoxamina 500 mg – injetável – (por frasco) 3003.90.58/ 3004.90.48 32 Dicloridrato de Pramipexol 2934.20.90 Pramipexol 1 mg - por comprimido Pramipexol 0,125 m"
29379990;I;isencao;"RICMS/SE — Anexo I, pág. 63 do PDF de anexos";"1 Acetato de Ciproterona 2937.29.31 Acetato de Ciproterona 50 mg – (por comprimido) 3003.39.39/ 3004.39.39 2 Acetato de Desmopressina 2937.99.90 Acetato de Desmopressina 0,1 mg/ml - aplic."
30033929;I;isencao;"RICMS/SE — Anexo I, pág. 63 do PDF de anexos";"Nasal – (por frasco 2,5 ml) 3003.39.29/ 3004.39.29 3 Acetato de Fludrocortisona 2937.22.90 Fludrocortisona 0,1 mg – por comprimido 3003.39.99/ 3004.39.99 4 Acetato de Glatiramer 2922.49.90 Acetato de Glatiramer - 20 mg – por frasco/ampola para injeção subcutânea + diluente + seringa/agulha 3003.90.4"
30043929;I;isencao;"RICMS/SE — Anexo I, pág. 63 do PDF de anexos";"Nasal – (por frasco 2,5 ml) 3003.39.29/ 3004.39.29 3 Acetato de Fludrocortisona 2937.22.90 Fludrocortisona 0,1 mg – por comprimido 3003.39.99/ 3004.39.99 4 Acetato de Glatiramer 2922.49.90 Acetato de Glatiramer - 20 mg – por frasco/ampola para injeção subcutânea + diluente + seringa/agulha 3003.90.4"
29372290;I;isencao;"RICMS/SE — Anexo I, pág. 63 do PDF de anexos";"Nasal – (por frasco 2,5 ml) 3003.39.29/ 3004.39.29 3 Acetato de Fludrocortisona 2937.22.90 Fludrocortisona 0,1 mg – por comprimido 3003.39.99/ 3004.39.99 4 Acetato de Glatiramer 2922.49.90 Acetato de Glatiramer - 20 mg – por frasco/ampola para injeção subcutânea + diluente + seringa/agulha 3003.90.4"
30033999;I;isencao;"RICMS/SE — Anexo I, pág. 63 do PDF de anexos";"Nasal – (por frasco 2,5 ml) 3003.39.29/ 3004.39.29 3 Acetato de Fludrocortisona 2937.22.90 Fludrocortisona 0,1 mg – por comprimido 3003.39.99/ 3004.39.99 4 Acetato de Glatiramer 2922.49.90 Acetato de Glatiramer - 20 mg – por frasco/ampola para injeção subcutânea + diluente + seringa/agulha 3003.90.4"
30043999;I;isencao;"RICMS/SE — Anexo I, pág. 63 do PDF de anexos";"Nasal – (por frasco 2,5 ml) 3003.39.29/ 3004.39.29 3 Acetato de Fludrocortisona 2937.22.90 Fludrocortisona 0,1 mg – por comprimido 3003.39.99/ 3004.39.99 4 Acetato de Glatiramer 2922.49.90 Acetato de Glatiramer - 20 mg – por frasco/ampola para injeção subcutânea + diluente + seringa/agulha 3003.90.4"
29224990;I;isencao;"RICMS/SE — Anexo I, pág. 63 do PDF de anexos";"Nasal – (por frasco 2,5 ml) 3003.39.29/ 3004.39.29 3 Acetato de Fludrocortisona 2937.22.90 Fludrocortisona 0,1 mg – por comprimido 3003.39.99/ 3004.39.99 4 Acetato de Glatiramer 2922.49.90 Acetato de Glatiramer - 20 mg – por frasco/ampola para injeção subcutânea + diluente + seringa/agulha 3003.90.4"
30039049;I;isencao;"RICMS/SE — Anexo I, pág. 63 do PDF de anexos";"Nasal – (por frasco 2,5 ml) 3003.39.29/ 3004.39.29 3 Acetato de Fludrocortisona 2937.22.90 Fludrocortisona 0,1 mg – por comprimido 3003.39.99/ 3004.39.99 4 Acetato de Glatiramer 2922.49.90 Acetato de Glatiramer - 20 mg – por frasco/ampola para injeção subcutânea + diluente + seringa/agulha 3003.90.4"
30049039;I;isencao;"RICMS/SE — Anexo I, pág. 63 do PDF de anexos";"Nasal – (por frasco 2,5 ml) 3003.39.29/ 3004.39.29 3 Acetato de Fludrocortisona 2937.22.90 Fludrocortisona 0,1 mg – por comprimido 3003.39.99/ 3004.39.99 4 Acetato de Glatiramer 2922.49.90 Acetato de Glatiramer - 20 mg – por frasco/ampola para injeção subcutânea + diluente + seringa/agulha 3003.90.4"
29379090;I;isencao;"RICMS/SE — Anexo I, pág. 63 do PDF de anexos";"Nasal – (por frasco 2,5 ml) 3003.39.29/ 3004.39.29 3 Acetato de Fludrocortisona 2937.22.90 Fludrocortisona 0,1 mg – por comprimido 3003.39.99/ 3004.39.99 4 Acetato de Glatiramer 2922.49.90 Acetato de Glatiramer - 20 mg – por frasco/ampola para injeção subcutânea + diluente + seringa/agulha 3003.90.4"
30033926;I;isencao;"RICMS/SE — Anexo I, pág. 63 do PDF de anexos";"Nasal – (por frasco 2,5 ml) 3003.39.29/ 3004.39.29 3 Acetato de Fludrocortisona 2937.22.90 Fludrocortisona 0,1 mg – por comprimido 3003.39.99/ 3004.39.99 4 Acetato de Glatiramer 2922.49.90 Acetato de Glatiramer - 20 mg – por frasco/ampola para injeção subcutânea + diluente + seringa/agulha 3003.90.4"
30043927;I;isencao;"RICMS/SE — Anexo I, pág. 63 do PDF de anexos";"Nasal – (por frasco 2,5 ml) 3003.39.29/ 3004.39.29 3 Acetato de Fludrocortisona 2937.22.90 Fludrocortisona 0,1 mg – por comprimido 3003.39.99/ 3004.39.99 4 Acetato de Glatiramer 2922.49.90 Acetato de Glatiramer - 20 mg – por frasco/ampola para injeção subcutânea + diluente + seringa/agulha 3003.90.4"
30039089;I;isencao;"RICMS/SE — Anexo I, pág. 63 do PDF de anexos";"Nasal – (por frasco 2,5 ml) 3003.39.29/ 3004.39.29 3 Acetato de Fludrocortisona 2937.22.90 Fludrocortisona 0,1 mg – por comprimido 3003.39.99/ 3004.39.99 4 Acetato de Glatiramer 2922.49.90 Acetato de Glatiramer - 20 mg – por frasco/ampola para injeção subcutânea + diluente + seringa/agulha 3003.90.4"
29396990;I;isencao;"RICMS/SE — Anexo I, pág. 64 do PDF de anexos";"Budesonida 200 mcg - cápsula - pó inalante - 60 cápsulas, com inalador Budesonida 200 mcg - cápsula - pó inalante - 60 cápsulas, sem inalador 15 Cabergolina 2939.69.90 Cabergolina 0,5 mg - (por comprimido) 3003.90.99/ 3004.90.99 16 Calcitonina Sintética de Salmão 2937.90.90 Calcitonina Sintética de "
30043925;I;isencao;"RICMS/SE — Anexo I, pág. 64 do PDF de anexos";"Budesonida 200 mcg - cápsula - pó inalante - 60 cápsulas, com inalador Budesonida 200 mcg - cápsula - pó inalante - 60 cápsulas, sem inalador 15 Cabergolina 2939.69.90 Cabergolina 0,5 mg - (por comprimido) 3003.90.99/ 3004.90.99 16 Calcitonina Sintética de Salmão 2937.90.90 Calcitonina Sintética de "
29362929;I;isencao;"RICMS/SE — Anexo I, pág. 64 do PDF de anexos";"Budesonida 200 mcg - cápsula - pó inalante - 60 cápsulas, com inalador Budesonida 200 mcg - cápsula - pó inalante - 60 cápsulas, sem inalador 15 Cabergolina 2939.69.90 Cabergolina 0,5 mg - (por comprimido) 3003.90.99/ 3004.90.99 16 Calcitonina Sintética de Salmão 2937.90.90 Calcitonina Sintética de "
30039019;I;isencao;"RICMS/SE — Anexo I, pág. 64 do PDF de anexos";"Budesonida 200 mcg - cápsula - pó inalante - 60 cápsulas, com inalador Budesonida 200 mcg - cápsula - pó inalante - 60 cápsulas, sem inalador 15 Cabergolina 2939.69.90 Cabergolina 0,5 mg - (por comprimido) 3003.90.99/ 3004.90.99 16 Calcitonina Sintética de Salmão 2937.90.90 Calcitonina Sintética de "
30045090;I;isencao;"RICMS/SE — Anexo I, pág. 64 do PDF de anexos";"Budesonida 200 mcg - cápsula - pó inalante - 60 cápsulas, com inalador Budesonida 200 mcg - cápsula - pó inalante - 60 cápsulas, sem inalador 15 Cabergolina 2939.69.90 Cabergolina 0,5 mg - (por comprimido) 3003.90.99/ 3004.90.99 16 Calcitonina Sintética de Salmão 2937.90.90 Calcitonina Sintética de "
29419099;I;isencao;"RICMS/SE — Anexo I, pág. 64 do PDF de anexos";"Budesonida 200 mcg - cápsula - pó inalante - 60 cápsulas, com inalador Budesonida 200 mcg - cápsula - pó inalante - 60 cápsulas, sem inalador 15 Cabergolina 2939.69.90 Cabergolina 0,5 mg - (por comprimido) 3003.90.99/ 3004.90.99 16 Calcitonina Sintética de Salmão 2937.90.90 Calcitonina Sintética de "
29333932;I;isencao;"RICMS/SE — Anexo I, pág. 64 do PDF de anexos";"Budesonida 200 mcg - cápsula - pó inalante - 60 cápsulas, com inalador Budesonida 200 mcg - cápsula - pó inalante - 60 cápsulas, sem inalador 15 Cabergolina 2939.69.90 Cabergolina 0,5 mg - (por comprimido) 3003.90.99/ 3004.90.99 16 Calcitonina Sintética de Salmão 2937.90.90 Calcitonina Sintética de "
29223120;I;isencao;"RICMS/SE — Anexo I, pág. 64 do PDF de anexos";"Budesonida 200 mcg - cápsula - pó inalante - 60 cápsulas, com inalador Budesonida 200 mcg - cápsula - pó inalante - 60 cápsulas, sem inalador 15 Cabergolina 2939.69.90 Cabergolina 0,5 mg - (por comprimido) 3003.90.99/ 3004.90.99 16 Calcitonina Sintética de Salmão 2937.90.90 Calcitonina Sintética de "
29214990;I;isencao;"RICMS/SE — Anexo I, pág. 64 do PDF de anexos";"Budesonida 200 mcg - cápsula - pó inalante - 60 cápsulas, com inalador Budesonida 200 mcg - cápsula - pó inalante - 60 cápsulas, sem inalador 15 Cabergolina 2939.69.90 Cabergolina 0,5 mg - (por comprimido) 3003.90.99/ 3004.90.99 16 Calcitonina Sintética de Salmão 2937.90.90 Calcitonina Sintética de "
29339039;I;isencao;"RICMS/SE — Anexo I, pág. 64 do PDF de anexos";"Budesonida 200 mcg - cápsula - pó inalante - 60 cápsulas, com inalador Budesonida 200 mcg - cápsula - pó inalante - 60 cápsulas, sem inalador 15 Cabergolina 2939.69.90 Cabergolina 0,5 mg - (por comprimido) 3003.90.99/ 3004.90.99 16 Calcitonina Sintética de Salmão 2937.90.90 Calcitonina Sintética de "
29371990;I;isencao;"RICMS/SE — Anexo I, pág. 65 do PDF de anexos";"Clozapina 25 mg – (por comprimido) 30 Danazol 2937.19.90 Danazol 100 mg – (por cápsula) 3003.39.39/ 3004.39.39 31 Deferoxamina 2928.00.90 Deferoxamina 500 mg – injetável – (por frasco) 3003.90.58/ 3004.90.48 32 Dicloridrato de Pramipexol 2934.20.90 Pramipexol 1 mg - por comprimido Pramipexol 0,125 m"
29280090;I;isencao;"RICMS/SE — Anexo I, pág. 65 do PDF de anexos";"Clozapina 25 mg – (por comprimido) 30 Danazol 2937.19.90 Danazol 100 mg – (por cápsula) 3003.39.39/ 3004.39.39 31 Deferoxamina 2928.00.90 Deferoxamina 500 mg – injetável – (por frasco) 3003.90.58/ 3004.90.48 32 Dicloridrato de Pramipexol 2934.20.90 Pramipexol 1 mg - por comprimido Pramipexol 0,125 m"
30039058;I;isencao;"RICMS/SE — Anexo I, pág. 65 do PDF de anexos";"Clozapina 25 mg – (por comprimido) 30 Danazol 2937.19.90 Danazol 100 mg – (por cápsula) 3003.39.39/ 3004.39.39 31 Deferoxamina 2928.00.90 Deferoxamina 500 mg – injetável – (por frasco) 3003.90.58/ 3004.90.48 32 Dicloridrato de Pramipexol 2934.20.90 Pramipexol 1 mg - por comprimido Pramipexol 0,125 m"
30049048;I;isencao;"RICMS/SE — Anexo I, pág. 65 do PDF de anexos";"Clozapina 25 mg – (por comprimido) 30 Danazol 2937.19.90 Danazol 100 mg – (por cápsula) 3003.39.39/ 3004.39.39 31 Deferoxamina 2928.00.90 Deferoxamina 500 mg – injetável – (por frasco) 3003.90.58/ 3004.90.48 32 Dicloridrato de Pramipexol 2934.20.90 Pramipexol 1 mg - por comprimido Pramipexol 0,125 m"
29342090;I;isencao;"RICMS/SE — Anexo I, pág. 65 do PDF de anexos";"Clozapina 25 mg – (por comprimido) 30 Danazol 2937.19.90 Danazol 100 mg – (por cápsula) 3003.39.39/ 3004.39.39 31 Deferoxamina 2928.00.90 Deferoxamina 500 mg – injetável – (por frasco) 3003.90.58/ 3004.90.48 32 Dicloridrato de Pramipexol 2934.20.90 Pramipexol 1 mg - por comprimido Pramipexol 0,125 m"
30039023;I;isencao;"RICMS/SE — Anexo I, pág. 65 do PDF de anexos";"Clozapina 25 mg – (por comprimido) 30 Danazol 2937.19.90 Danazol 100 mg – (por cápsula) 3003.39.39/ 3004.39.39 31 Deferoxamina 2928.00.90 Deferoxamina 500 mg – injetável – (por frasco) 3003.90.58/ 3004.90.48 32 Dicloridrato de Pramipexol 2934.20.90 Pramipexol 1 mg - por comprimido Pramipexol 0,125 m"
30049013;I;isencao;"RICMS/SE — Anexo I, pág. 65 do PDF de anexos";"Clozapina 25 mg – (por comprimido) 30 Danazol 2937.19.90 Danazol 100 mg – (por cápsula) 3003.39.39/ 3004.39.39 31 Deferoxamina 2928.00.90 Deferoxamina 500 mg – injetável – (por frasco) 3003.90.58/ 3004.90.48 32 Dicloridrato de Pramipexol 2934.20.90 Pramipexol 1 mg - por comprimido Pramipexol 0,125 m"
29269099;I;isencao;"RICMS/SE — Anexo I, pág. 65 do PDF de anexos";"Clozapina 25 mg – (por comprimido) 30 Danazol 2937.19.90 Danazol 100 mg – (por cápsula) 3003.39.39/ 3004.39.39 31 Deferoxamina 2928.00.90 Deferoxamina 500 mg – injetável – (por frasco) 3003.90.58/ 3004.90.48 32 Dicloridrato de Pramipexol 2934.20.90 Pramipexol 1 mg - por comprimido Pramipexol 0,125 m"
30039059;I;isencao;"RICMS/SE — Anexo I, pág. 65 do PDF de anexos";"Clozapina 25 mg – (por comprimido) 30 Danazol 2937.19.90 Danazol 100 mg – (por cápsula) 3003.39.39/ 3004.39.39 31 Deferoxamina 2928.00.90 Deferoxamina 500 mg – injetável – (por frasco) 3003.90.58/ 3004.90.48 32 Dicloridrato de Pramipexol 2934.20.90 Pramipexol 1 mg - por comprimido Pramipexol 0,125 m"
30049049;I;isencao;"RICMS/SE — Anexo I, pág. 65 do PDF de anexos";"Clozapina 25 mg – (por comprimido) 30 Danazol 2937.19.90 Danazol 100 mg – (por cápsula) 3003.39.39/ 3004.39.39 31 Deferoxamina 2928.00.90 Deferoxamina 500 mg – injetável – (por frasco) 3003.90.58/ 3004.90.48 32 Dicloridrato de Pramipexol 2934.20.90 Pramipexol 1 mg - por comprimido Pramipexol 0,125 m"
30012090;I;isencao;"RICMS/SE — Anexo I, pág. 65 do PDF de anexos";"Clozapina 25 mg – (por comprimido) 30 Danazol 2937.19.90 Danazol 100 mg – (por cápsula) 3003.39.39/ 3004.39.39 31 Deferoxamina 2928.00.90 Deferoxamina 500 mg – injetável – (por frasco) 3003.90.58/ 3004.90.48 32 Dicloridrato de Pramipexol 2934.20.90 Pramipexol 1 mg - por comprimido Pramipexol 0,125 m"
29242962;I;isencao;"RICMS/SE — Anexo I, pág. 65 do PDF de anexos";"Clozapina 25 mg – (por comprimido) 30 Danazol 2937.19.90 Danazol 100 mg – (por cápsula) 3003.39.39/ 3004.39.39 31 Deferoxamina 2928.00.90 Deferoxamina 500 mg – injetável – (por frasco) 3003.90.58/ 3004.90.48 32 Dicloridrato de Pramipexol 2934.20.90 Pramipexol 1 mg - por comprimido Pramipexol 0,125 m"
30039053;I;isencao;"RICMS/SE — Anexo I, pág. 65 do PDF de anexos";"Clozapina 25 mg – (por comprimido) 30 Danazol 2937.19.90 Danazol 100 mg – (por cápsula) 3003.39.39/ 3004.39.39 31 Deferoxamina 2928.00.90 Deferoxamina 500 mg – injetável – (por frasco) 3003.90.58/ 3004.90.48 32 Dicloridrato de Pramipexol 2934.20.90 Pramipexol 1 mg - por comprimido Pramipexol 0,125 m"
30049043;I;isencao;"RICMS/SE — Anexo I, pág. 65 do PDF de anexos";"Clozapina 25 mg – (por comprimido) 30 Danazol 2937.19.90 Danazol 100 mg – (por cápsula) 3003.39.39/ 3004.39.39 31 Deferoxamina 2928.00.90 Deferoxamina 500 mg – injetável – (por frasco) 3003.90.58/ 3004.90.48 32 Dicloridrato de Pramipexol 2934.20.90 Pramipexol 1 mg - por comprimido Pramipexol 0,125 m"
29391122;I;isencao;"RICMS/SE — Anexo I, pág. 65 do PDF de anexos";"Clozapina 25 mg – (por comprimido) 30 Danazol 2937.19.90 Danazol 100 mg – (por cápsula) 3003.39.39/ 3004.39.39 31 Deferoxamina 2928.00.90 Deferoxamina 500 mg – injetável – (por frasco) 3003.90.58/ 3004.90.48 32 Dicloridrato de Pramipexol 2934.20.90 Pramipexol 1 mg - por comprimido Pramipexol 0,125 m"
30034040;I;isencao;"RICMS/SE — Anexo I, pág. 65 do PDF de anexos";"Clozapina 25 mg – (por comprimido) 30 Danazol 2937.19.90 Danazol 100 mg – (por cápsula) 3003.39.39/ 3004.39.39 31 Deferoxamina 2928.00.90 Deferoxamina 500 mg – injetável – (por frasco) 3003.90.58/ 3004.90.48 32 Dicloridrato de Pramipexol 2934.20.90 Pramipexol 1 mg - por comprimido Pramipexol 0,125 m"
30044040;I;isencao;"RICMS/SE — Anexo I, pág. 65 do PDF de anexos";"Clozapina 25 mg – (por comprimido) 30 Danazol 2937.19.90 Danazol 100 mg – (por cápsula) 3003.39.39/ 3004.39.39 31 Deferoxamina 2928.00.90 Deferoxamina 500 mg – injetável – (por frasco) 3003.90.58/ 3004.90.48 32 Dicloridrato de Pramipexol 2934.20.90 Pramipexol 1 mg - por comprimido Pramipexol 0,125 m"
29372990;I;isencao;"RICMS/SE — Anexo I, pág. 66 do PDF de anexos";"cápsulas pó inalante, com inalador Fumarato de Formoterol 12 mcg - cápsula - com 60 cápsulas pó inalante, com inalador Fumarato de Formoterol 12 mcg - cápsula - com 30 cápsulas pó inalante, sem inalador Fumarato de Formoterol 12 mcg - cápsula - com 60 cápsulas pó inalante, sem inalador 41 Fumarato d"
29349969;I;isencao;"RICMS/SE — Anexo I, pág. 66 do PDF de anexos";"cápsulas pó inalante, com inalador Fumarato de Formoterol 12 mcg - cápsula - com 60 cápsulas pó inalante, com inalador Fumarato de Formoterol 12 mcg - cápsula - com 30 cápsulas pó inalante, sem inalador Fumarato de Formoterol 12 mcg - cápsula - com 60 cápsulas pó inalante, sem inalador 41 Fumarato d"
28211030;I;isencao;"RICMS/SE — Anexo I, pág. 66 do PDF de anexos";"cápsulas pó inalante, com inalador Fumarato de Formoterol 12 mcg - cápsula - com 60 cápsulas pó inalante, com inalador Fumarato de Formoterol 12 mcg - cápsula - com 30 cápsulas pó inalante, sem inalador Fumarato de Formoterol 12 mcg - cápsula - com 60 cápsulas pó inalante, sem inalador 41 Fumarato d"
30029099;I;isencao;"RICMS/SE — Anexo I, pág. 66 do PDF de anexos";"cápsulas pó inalante, com inalador Fumarato de Formoterol 12 mcg - cápsula - com 60 cápsulas pó inalante, com inalador Fumarato de Formoterol 12 mcg - cápsula - com 30 cápsulas pó inalante, sem inalador Fumarato de Formoterol 12 mcg - cápsula - com 60 cápsulas pó inalante, sem inalador 41 Fumarato d"
30039029;I;isencao;"RICMS/SE — Anexo I, pág. 66 do PDF de anexos";"cápsulas pó inalante, com inalador Fumarato de Formoterol 12 mcg - cápsula - com 60 cápsulas pó inalante, com inalador Fumarato de Formoterol 12 mcg - cápsula - com 30 cápsulas pó inalante, sem inalador Fumarato de Formoterol 12 mcg - cápsula - com 60 cápsulas pó inalante, sem inalador 41 Fumarato d"
30049019;I;isencao;"RICMS/SE — Anexo I, pág. 66 do PDF de anexos";"cápsulas pó inalante, com inalador Fumarato de Formoterol 12 mcg - cápsula - com 60 cápsulas pó inalante, com inalador Fumarato de Formoterol 12 mcg - cápsula - com 30 cápsulas pó inalante, sem inalador Fumarato de Formoterol 12 mcg - cápsula - com 60 cápsulas pó inalante, sem inalador 41 Fumarato d"
30021023;I;isencao;"RICMS/SE — Anexo I, pág. 66 do PDF de anexos";"cápsulas pó inalante, com inalador Fumarato de Formoterol 12 mcg - cápsula - com 60 cápsulas pó inalante, com inalador Fumarato de Formoterol 12 mcg - cápsula - com 30 cápsulas pó inalante, sem inalador Fumarato de Formoterol 12 mcg - cápsula - com 60 cápsulas pó inalante, sem inalador 41 Fumarato d"
30021035;I;isencao;"RICMS/SE — Anexo I, pág. 66 do PDF de anexos";"cápsulas pó inalante, com inalador Fumarato de Formoterol 12 mcg - cápsula - com 60 cápsulas pó inalante, com inalador Fumarato de Formoterol 12 mcg - cápsula - com 30 cápsulas pó inalante, sem inalador Fumarato de Formoterol 12 mcg - cápsula - com 60 cápsulas pó inalante, sem inalador 41 Fumarato d"
30021029;I;isencao;"RICMS/SE — Anexo I, pág. 66 do PDF de anexos";"cápsulas pó inalante, com inalador Fumarato de Formoterol 12 mcg - cápsula - com 60 cápsulas pó inalante, com inalador Fumarato de Formoterol 12 mcg - cápsula - com 30 cápsulas pó inalante, sem inalador Fumarato de Formoterol 12 mcg - cápsula - com 60 cápsulas pó inalante, sem inalador 41 Fumarato d"
30021036;I;isencao;"RICMS/SE — Anexo I, pág. 66 do PDF de anexos";"cápsulas pó inalante, com inalador Fumarato de Formoterol 12 mcg - cápsula - com 60 cápsulas pó inalante, com inalador Fumarato de Formoterol 12 mcg - cápsula - com 30 cápsulas pó inalante, sem inalador Fumarato de Formoterol 12 mcg - cápsula - com 60 cápsulas pó inalante, sem inalador 41 Fumarato d"
29339969;I;isencao;"RICMS/SE — Anexo I, pág. 69 do PDF de anexos";"67 Olanzapina 2933.99.69 Olanzapina 5 mg – (por comprimido) 3003.90.79/ 3004.90.69 Olanzapina 10 mg – (por comprimido) 68 Penicilamina 2930.90.19 Penicilamina 250 mg - por cápsula 3003.90.69/ 3004.90.59 69 Pravastatina Sódica 2918.19.90 Pravastatina 40 mg - por comprimido Pravastatina 10 mg - por co"
29309019;I;isencao;"RICMS/SE — Anexo I, pág. 69 do PDF de anexos";"67 Olanzapina 2933.99.69 Olanzapina 5 mg – (por comprimido) 3003.90.79/ 3004.90.69 Olanzapina 10 mg – (por comprimido) 68 Penicilamina 2930.90.19 Penicilamina 250 mg - por cápsula 3003.90.69/ 3004.90.59 69 Pravastatina Sódica 2918.19.90 Pravastatina 40 mg - por comprimido Pravastatina 10 mg - por co"
30039039;I;isencao;"RICMS/SE — Anexo I, pág. 69 do PDF de anexos";"67 Olanzapina 2933.99.69 Olanzapina 5 mg – (por comprimido) 3003.90.79/ 3004.90.69 Olanzapina 10 mg – (por comprimido) 68 Penicilamina 2930.90.19 Penicilamina 250 mg - por cápsula 3003.90.69/ 3004.90.59 69 Pravastatina Sódica 2918.19.90 Pravastatina 40 mg - por comprimido Pravastatina 10 mg - por co"
30049029;I;isencao;"RICMS/SE — Anexo I, pág. 69 do PDF de anexos";"67 Olanzapina 2933.99.69 Olanzapina 5 mg – (por comprimido) 3003.90.79/ 3004.90.69 Olanzapina 10 mg – (por comprimido) 68 Penicilamina 2930.90.19 Penicilamina 250 mg - por cápsula 3003.90.69/ 3004.90.59 69 Pravastatina Sódica 2918.19.90 Pravastatina 40 mg - por comprimido Pravastatina 10 mg - por co"
30021019;I;isencao;"RICMS/SE — Anexo I, pág. 71 do PDF de anexos";"99 Soro Anti - Lactrodectus 3002.10.19 Soro Anti - Lactrodectus 3002.10.19 100 Soro Anti - Lonômia 3002.10.19 Soro Anti - Lonômia 3002.10.19 101 Soro Anti - Loxoscélico 3002.10.19 Soro Anti - Loxoscélico 3002.10.19 102 Soro Anti - Rábico 3002.10.19 Soro Anti - Rábico 3002.10.19 103 Soro Anti - Tetân"
30021012;I;isencao;"RICMS/SE — Anexo I, pág. 71 do PDF de anexos";"99 Soro Anti - Lactrodectus 3002.10.19 Soro Anti - Lactrodectus 3002.10.19 100 Soro Anti - Lonômia 3002.10.19 Soro Anti - Lonômia 3002.10.19 101 Soro Anti - Loxoscélico 3002.10.19 Soro Anti - Loxoscélico 3002.10.19 102 Soro Anti - Rábico 3002.10.19 Soro Anti - Rábico 3002.10.19 103 Soro Anti - Tetân"
30022029;I;isencao;"RICMS/SE — Anexo I, pág. 71 do PDF de anexos";"99 Soro Anti - Lactrodectus 3002.10.19 Soro Anti - Lactrodectus 3002.10.19 100 Soro Anti - Lonômia 3002.10.19 Soro Anti - Lonômia 3002.10.19 101 Soro Anti - Loxoscélico 3002.10.19 Soro Anti - Loxoscélico 3002.10.19 102 Soro Anti - Rábico 3002.10.19 Soro Anti - Rábico 3002.10.19 103 Soro Anti - Tetân"
30022023;I;isencao;"RICMS/SE — Anexo I, pág. 71 do PDF de anexos";"99 Soro Anti - Lactrodectus 3002.10.19 Soro Anti - Lactrodectus 3002.10.19 100 Soro Anti - Lonômia 3002.10.19 Soro Anti - Lonômia 3002.10.19 101 Soro Anti - Loxoscélico 3002.10.19 Soro Anti - Loxoscélico 3002.10.19 102 Soro Anti - Rábico 3002.10.19 Soro Anti - Rábico 3002.10.19 103 Soro Anti - Tetân"
30022022;I;isencao;"RICMS/SE — Anexo I, pág. 71 do PDF de anexos";"99 Soro Anti - Lactrodectus 3002.10.19 Soro Anti - Lactrodectus 3002.10.19 100 Soro Anti - Lonômia 3002.10.19 Soro Anti - Lonômia 3002.10.19 101 Soro Anti - Loxoscélico 3002.10.19 Soro Anti - Loxoscélico 3002.10.19 102 Soro Anti - Rábico 3002.10.19 Soro Anti - Rábico 3002.10.19 103 Soro Anti - Tetân"
30022027;I;isencao;"RICMS/SE — Anexo I, pág. 71 do PDF de anexos";"99 Soro Anti - Lactrodectus 3002.10.19 Soro Anti - Lactrodectus 3002.10.19 100 Soro Anti - Lonômia 3002.10.19 Soro Anti - Lonômia 3002.10.19 101 Soro Anti - Loxoscélico 3002.10.19 Soro Anti - Loxoscélico 3002.10.19 102 Soro Anti - Rábico 3002.10.19 Soro Anti - Rábico 3002.10.19 103 Soro Anti - Tetân"
30022026;I;isencao;"RICMS/SE — Anexo I, pág. 71 do PDF de anexos";"99 Soro Anti - Lactrodectus 3002.10.19 Soro Anti - Lactrodectus 3002.10.19 100 Soro Anti - Lonômia 3002.10.19 Soro Anti - Lonômia 3002.10.19 101 Soro Anti - Loxoscélico 3002.10.19 Soro Anti - Loxoscélico 3002.10.19 102 Soro Anti - Rábico 3002.10.19 Soro Anti - Rábico 3002.10.19 103 Soro Anti - Tetân"
29373911;I;isencao;"RICMS/SE — Anexo I, pág. 71 do PDF de anexos";"ICMS 137/05) Levodopa + Carbidopa + Entacapona 2937.39.11/ 2928.00.20/ 2922.50.99 Levodopa 50 mg + Carbidopa 12,5 mg + Entacapona 200 mg - porcomprimido Levodopa 100 mg + Carbidopa 25 mg + Entacapona 200 mg - por comprimido Levodopa 150 mg + Carbidopa 37,5 mg + Entacapona 200 mg - por comprimido 300"
29280020;I;isencao;"RICMS/SE — Anexo I, pág. 71 do PDF de anexos";"ICMS 137/05) Levodopa + Carbidopa + Entacapona 2937.39.11/ 2928.00.20/ 2922.50.99 Levodopa 50 mg + Carbidopa 12,5 mg + Entacapona 200 mg - porcomprimido Levodopa 100 mg + Carbidopa 25 mg + Entacapona 200 mg - por comprimido Levodopa 150 mg + Carbidopa 37,5 mg + Entacapona 200 mg - por comprimido 300"
29225099;I;isencao;"RICMS/SE — Anexo I, pág. 71 do PDF de anexos";"ICMS 137/05) Levodopa + Carbidopa + Entacapona 2937.39.11/ 2928.00.20/ 2922.50.99 Levodopa 50 mg + Carbidopa 12,5 mg + Entacapona 200 mg - porcomprimido Levodopa 100 mg + Carbidopa 25 mg + Entacapona 200 mg - por comprimido Levodopa 150 mg + Carbidopa 37,5 mg + Entacapona 200 mg - por comprimido 300"
30032029;I;isencao;"RICMS/SE — Anexo I, pág. 71 do PDF de anexos";"Everolimo 2934.99.99 Everolimo 1 mg – por comprimido 3003.20.29/ 3004.20.29"
30042029;I;isencao;"RICMS/SE — Anexo I, pág. 71 do PDF de anexos";"Everolimo 2934.99.99 Everolimo 1 mg – por comprimido 3003.20.29/ 3004.20.29"
30033925;I;isencao;"RICMS/SE — Anexo I, pág. 166 do PDF de anexos";"Óxido de Morfina LC 60 mg - por cápsula Óxido de Morfina LC 100 mg - por cápsula Sulfato de MorfinaPentaidratada 2939.11.62 Sulfato de Morfina Pentaidratada 10 mg/ml - solução oral - por frasco de 60 ml Sulfato de Morfina Pentaidratada 10 mg/ml - por ampola de 1 ml Sulfato de Morfina Pentaidratada 1"
30043926;I;isencao;"RICMS/SE — Anexo I, pág. 170 do PDF de anexos";"Risperidona 2 mg - porcomprimidos Rivastigmina 2933.49.90 Rivastigmina Solução oral com 2,0 mg/ml – por frasco 120 ml 3003.90.79/ 3004.90.69 Rivastigmina 1,5 mg – porcápsula Rivastigmina 3 mg – porcápsula Rivastigmina 4,5 mg – porcápsula Rivastigmina 6 mg – porcápsula 88 Hemitartarato de Rivastigmin"
30022015;I;isencao;"RICMS/SE — Anexo I, pág. 73 do PDF de anexos";"ICMS 20/2010) 3002.20.15 Vacina contra meningite C 3002.20.15 Acrescentado o item 132 pelo Decreto n.º 27.279/10 , efeitos a partir de 23.04.2010. 133 Entecavir (Conv."
40141000;I;isencao;"RICMS/SE — Anexo I, pág. 83 do PDF de anexos";"As operações com preservativos, classificados no código 4014.10.00 – Sistema Harmonizado - da NBM/SH (Conv."
30062000;I;isencao;"RICMS/SE — Anexo I, pág. 84 do PDF de anexos";"ICMS 84/97): DESCRIÇÃO DOS PRODUTOS POSIÇÃO NBM/SH I - Da linha de imunohematologia: Reagentes, painéis de hemácias e diluentes destinados à determinação dos grupos ou dos fatores sangüíneos pela técnica de Gel - Teste. 3006.20.00 II - Da linha de sorologia: a) reagentes para diagnósticos de enfermi"
38220000;I;isencao;"RICMS/SE — Anexo I, pág. 84 do PDF de anexos";"ICMS 84/97): DESCRIÇÃO DOS PRODUTOS POSIÇÃO NBM/SH I - Da linha de imunohematologia: Reagentes, painéis de hemácias e diluentes destinados à determinação dos grupos ou dos fatores sangüíneos pela técnica de Gel - Teste. 3006.20.00 II - Da linha de sorologia: a) reagentes para diagnósticos de enfermi"
38220090;I;isencao;"RICMS/SE — Anexo I, pág. 84 do PDF de anexos";"ICMS 84/97): DESCRIÇÃO DOS PRODUTOS POSIÇÃO NBM/SH I - Da linha de imunohematologia: Reagentes, painéis de hemácias e diluentes destinados à determinação dos grupos ou dos fatores sangüíneos pela técnica de Gel - Teste. 3006.20.00 II - Da linha de sorologia: a) reagentes para diagnósticos de enfermi"
84211910;I;isencao;"RICMS/SE — Anexo I, pág. 85 do PDF de anexos";"8421.19.10 b) incubadoras para diagnósticos em imunohe - matologia/sorologia/coagulação pelas técnicas de Gel - Teste e ID - PaGIA;"
84191999;I;isencao;"RICMS/SE — Anexo I, pág. 85 do PDF de anexos";"8419.19.99 c) readers (leitor automático) para diagnóstico em imunohematologia/sorologia/ coagulação pelas técnicas de Gel - Teste e ID - PaGIA;"
84719012;I;isencao;"RICMS/SE — Anexo I, pág. 85 do PDF de anexos";"8471.90.12 d) samplers (pipetador automático) para di - gnóstico em imunohematologia/sorologia/ coagulação pelas técnicas de Gel - Teste e ID - PaGIA. 8479.89.12 Nota única."
84798912;I;isencao;"RICMS/SE — Anexo I, pág. 85 do PDF de anexos";"8471.90.12 d) samplers (pipetador automático) para di - gnóstico em imunohematologia/sorologia/ coagulação pelas técnicas de Gel - Teste e ID - PaGIA. 8479.89.12 Nota única."
84128000;I;isencao;"RICMS/SE — Anexo I, pág. 87 do PDF de anexos";"DISCRIMINAÇÃO CÓDIGO NCM/SH I – Aerogeradores para conversão de energia dos ventos em energia mecânica para fins de bombeamento de água e/ou moagem de grãos 8412.80.00 II – Bomba para líquidos, para uso em sistema de energia solar fotovoltaico em corrente contínua, com potência não superior a 2 HP 8"
84138100;I;isencao;"RICMS/SE — Anexo I, pág. 87 do PDF de anexos";"DISCRIMINAÇÃO CÓDIGO NCM/SH I – Aerogeradores para conversão de energia dos ventos em energia mecânica para fins de bombeamento de água e/ou moagem de grãos 8412.80.00 II – Bomba para líquidos, para uso em sistema de energia solar fotovoltaico em corrente contínua, com potência não superior a 2 HP 8"
84191200;I;isencao;"RICMS/SE — Anexo I, pág. 87 do PDF de anexos";"ICMS 24/22) 8419.12.00 (Conv."
84191910;I;isencao;"RICMS/SE — Anexo I, pág. 87 do PDF de anexos";"III – Aquecedores solares de água 8419.19.10 IV - geradores fotovoltaicos de corrente contínua (Conv."
85013420;I;isencao;"RICMS/SE — Anexo I, pág. 87 do PDF de anexos";"8501.31.20, 8501.32.20, 8501.33.20 e 8501.34.20 - 8503.00.90; b) em torres para suporte de energia eólica, classificadas no código 7308.20.00 - 7308.90.90."
85023100;I;isencao;"RICMS/SE — Anexo I, pág. 88 do PDF de anexos";"O benefício previsto neste Item somente se aplica aos produtos relacionados nos incisos XVIII a XX quando destinados à fabricação de Aerogeradores de Energia Eólica, classificados no código NCM 8502.31.00 (Conv."
85414210;I;isencao;"RICMS/SE — Anexo I, pág. 87 do PDF de anexos";"ICMS 61/00 e 24/22) 8541.42.10 e 8541.42.20 (Conv.ICMS 24/22) Nova Redação dada ao inciso IX pelo Decreto nº 447/23, efeitos a partir de 17.10.2023."
85414220;I;isencao;"RICMS/SE — Anexo I, pág. 87 do PDF de anexos";"ICMS 61/00 e 24/22) 8541.42.10 e 8541.42.20 (Conv.ICMS 24/22) Nova Redação dada ao inciso IX pelo Decreto nº 447/23, efeitos a partir de 17.10.2023."
85414016;I;isencao;"RICMS/SE — Anexo I, pág. 87 do PDF de anexos";"ICMS 61/00) 8541.40.16 X - células fotovoltaicas montadas em módulos ou painéis (Conv."
85414300;I;isencao;"RICMS/SE — Anexo I, pág. 87 do PDF de anexos";"ICMS 93/01 e 24/22) 8541.43.00 (Conv."
85414032;I;isencao;"RICMS/SE — Anexo I, pág. 87 do PDF de anexos";"ICMS 93/01) 8541.40.32 XI – Torre para suporte de gerador de energia eólica (Conv."
73082000;I;isencao;"RICMS/SE — Anexo I, pág. 88 do PDF de anexos";"ICMS 07/00, 93/01, 21/02, 10/04, 46/07, 76/07, 106/07, 124/07, 148/07, 53/08, 71/08, 138/08, 69/09, 119/09, 01/10, 124/10, 75/11, 10/14 e 156/2017); e) de 09.05.07 a 31.12.2028, em relação ao produto classificado no código NCM/SH nº 7308.20.00 e de 23.04.2010 a 31.12.2013 em relação ao produto class"
94069090;I;isencao;"RICMS/SE — Anexo I, pág. 87 do PDF de anexos";"ICMS 19/10) 7308.20.00 e 9406.90.90 (Conv."
94060099;I;isencao;"RICMS/SE — Anexo I, pág. 88 do PDF de anexos";"ICMS 07/00, 93/01, 21/02, 10/04, 46/07, 76/07, 106/07, 124/07, 148/07, 53/08, 71/08, 138/08, 69/09, 119/09, 01/10, 124/10, 75/11, 10/14 e 156/2017); e) de 09.05.07 a 31.12.2028, em relação ao produto classificado no código NCM/SH nº 7308.20.00 e de 23.04.2010 a 31.12.2013 em relação ao produto class"
85030090;I;isencao;"RICMS/SE — Anexo I, pág. 87 do PDF de anexos";"8501.31.20, 8501.32.20, 8501.33.20 e 8501.34.20 - 8503.00.90; b) em torres para suporte de energia eólica, classificadas no código 7308.20.00 - 7308.90.90."
85013120;I;isencao;"RICMS/SE — Anexo I, pág. 87 do PDF de anexos";"8501.31.20, 8501.32.20, 8501.33.20 e 8501.34.20 - 8503.00.90; b) em torres para suporte de energia eólica, classificadas no código 7308.20.00 - 7308.90.90."
85013220;I;isencao;"RICMS/SE — Anexo I, pág. 87 do PDF de anexos";"8501.31.20, 8501.32.20, 8501.33.20 e 8501.34.20 - 8503.00.90; b) em torres para suporte de energia eólica, classificadas no código 7308.20.00 - 7308.90.90."
85013320;I;isencao;"RICMS/SE — Anexo I, pág. 87 do PDF de anexos";"8501.31.20, 8501.32.20, 8501.33.20 e 8501.34.20 - 8503.00.90; b) em torres para suporte de energia eólica, classificadas no código 7308.20.00 - 7308.90.90."
73089090;I;isencao;"RICMS/SE — Anexo I, pág. 87 do PDF de anexos";"8501.31.20, 8501.32.20, 8501.33.20 e 8501.34.20 - 8503.00.90; b) em torres para suporte de energia eólica, classificadas no código 7308.20.00 - 7308.90.90."
73089010;I;isencao;"RICMS/SE — Anexo I, pág. 88 do PDF de anexos";"ICMS nº 11/2011) 7308.90.10 Acrescentado o Item XIV pelo Decreto n.º 27.823/2011 , efeitos a partir de 1°/06/2011."
85444900;I;isencao;"RICMS/SE — Anexo I, pág. 88 do PDF de anexos";"ICMS nº 11/2011) 8544.49.00 Acrescentado o Item XVI pelo Decreto n.º 27.823/2011 , efeitos a partir de 1°/06/2011."
84798999;I;isencao;"RICMS/SE — Anexo I, pág. 88 do PDF de anexos";"ICMS nº 11/2011) 8479.89.99 Acrescentado o Item XVII pelo Decreto n.º 27.823/2011 , efeitos a partir de 1°/06/2011."
85044050;I;isencao;"RICMS/SE — Anexo I, pág. 88 do PDF de anexos";"ICMS nº 10/14) 8504.40.50 Acrescentado o item XVIII pelo Decreto n.º 29.844/2014 , efeitos a partir de 1º/06/2014."
85441100;I;isencao;"RICMS/SE — Anexo I, pág. 88 do PDF de anexos";"ICMS nº 10/14) 8544.11.00 Acrescentado o item XIX pelo Decreto n.º 29.844/2014 , efeitos a partir de 1º/06/2014."
30061019;I;isencao;"RICMS/SE — Anexo I, pág. 99 do PDF de anexos";"ICMS 01/99, 05/99 e 80/02): ITENS NBM/SH EQUIPAMENTOS E INSUMOS 1 3006.10.19 Fio de nylon 8.0 2 3006.10.19 Fio de nylon 10.0 3 3006.10.19 Fio de nylon 9.0 4 3004.90.99 Conjuntos de troca e concentrados polieletrolíticos para diálise (Conv.90/04). (NR) Nova Redação dada ao Item 4 pelo Decreto n.º 22."
90183929;I;isencao;"RICMS/SE — Anexo I, pág. 100 do PDF de anexos";"30 9018.39.29 Cateter atrial/peritoneal 31 9018.39.29 Cateter ventricular com reservatório 32 9018.39.29 Conjunto de cateter de drenagem externa 33 9018.39.29 Cateter ventricular isolado 34 9018.39.29 Cateter total implantável para infusão quimioterápica 35 9018.39.29 Introdutor para cateter com e s"
90189040;I;isencao;"RICMS/SE — Anexo I, pág. 100 do PDF de anexos";"30 9018.39.29 Cateter atrial/peritoneal 31 9018.39.29 Cateter ventricular com reservatório 32 9018.39.29 Conjunto de cateter de drenagem externa 33 9018.39.29 Cateter ventricular isolado 34 9018.39.29 Cateter total implantável para infusão quimioterápica 35 9018.39.29 Introdutor para cateter com e s"
90189095;I;isencao;"RICMS/SE — Anexo I, pág. 100 do PDF de anexos";"30 9018.39.29 Cateter atrial/peritoneal 31 9018.39.29 Cateter ventricular com reservatório 32 9018.39.29 Conjunto de cateter de drenagem externa 33 9018.39.29 Cateter ventricular isolado 34 9018.39.29 Cateter total implantável para infusão quimioterápica 35 9018.39.29 Introdutor para cateter com e s"
90213980;I;isencao;"RICMS/SE — Anexo I, pág. 101 do PDF de anexos";"66 9021.31.10 Componente total femural cimentado 67 9021.31.10 Componente femural parcial sem cabeça 68 9021.31.10 Componente femural total cimentado sem cabeça 69 9021.31.10 Endoprótesefemural distal com articulação 70 9021.31.10 Endoprótesefemural proximal 71 9021.31.10 Endoprótesefemural diafisár"
90213911;I;isencao;"RICMS/SE — Anexo I, pág. 103 do PDF de anexos";"151 9021.10.20 Fixador dinâmico para radio ulna ou úmero 152 9021.10.20 Fixador dinâmico para pelve 153 9021.10.20 Fixador dinâmico para tíbia 154 9021.10.20 Fixador dinâmico para fêmur 155 9021.39.11 Prótese valvular mecânica de bola 156 9021.39.11 Anel para aneloplastia valvular 157 9021.39.11 Pró"
90213919;I;isencao;"RICMS/SE — Anexo I, pág. 103 do PDF de anexos";"151 9021.10.20 Fixador dinâmico para radio ulna ou úmero 152 9021.10.20 Fixador dinâmico para pelve 153 9021.10.20 Fixador dinâmico para tíbia 154 9021.10.20 Fixador dinâmico para fêmur 155 9021.39.11 Prótese valvular mecânica de bola 156 9021.39.11 Anel para aneloplastia valvular 157 9021.39.11 Pró"
90213930;I;isencao;"RICMS/SE — Anexo I, pág. 103 do PDF de anexos";"151 9021.10.20 Fixador dinâmico para radio ulna ou úmero 152 9021.10.20 Fixador dinâmico para pelve 153 9021.10.20 Fixador dinâmico para tíbia 154 9021.10.20 Fixador dinâmico para fêmur 155 9021.39.11 Prótese valvular mecânica de bola 156 9021.39.11 Anel para aneloplastia valvular 157 9021.39.11 Pró"
39269040;I;isencao;"RICMS/SE — Anexo I, pág. 103 do PDF de anexos";"ICMS 142/2025 ) 3926.90.40 Coletor para unidade de drenagem externa Nova Redação dada ao Item 175 pelo Decreto 1.362/2026, efeitos a partir de 24.10.2025."
90219080;I;isencao;"RICMS/SE — Anexo I, pág. 103 do PDF de anexos";"ICMS 142/2025 ) 9021.90.19 e 9021.90.80 Conjunto para hidrocefalia 'standard'"
90219089;I;isencao;"RICMS/SE — Anexo I, pág. 104 do PDF de anexos";"ICMS 142/2025 ) 9021.90.19 e 9021.90.89 Válvula hidrocefalia Nova Redação dada ao Item 179 pelo Decreto 1.362/2026, efeitos a partir de 24.10.2025."
90212900;I;isencao;"RICMS/SE — Anexo I, pág. 104 do PDF de anexos";"ICMS 36/2006) Acrescentado o item 192 pelo Decreto n.º 24.018/06 , efeitos a partir de 31/07/2006. 193 9018.90.95 Grampos para kit grampeador linear cortante (Conv ICMS 181/2010) Acrescentado o item 193 pelo Decreto n.º 27.630/2011 , efeitos a partir de 1°/03/2011. 194 9021.29.00 9021.10.10 9021.10."
90189099;I;isencao;"RICMS/SE — Anexo I, pág. 104 do PDF de anexos";"ICMS 36/2006) Acrescentado o item 192 pelo Decreto n.º 24.018/06 , efeitos a partir de 31/07/2006. 193 9018.90.95 Grampos para kit grampeador linear cortante (Conv ICMS 181/2010) Acrescentado o item 193 pelo Decreto n.º 27.630/2011 , efeitos a partir de 1°/03/2011. 194 9021.29.00 9021.10.10 9021.10."
90219011;I;isencao;"RICMS/SE — Anexo I, pág. 104 do PDF de anexos";"ICMS 136/2013) Acrescentado o item 195 pelo Decreto n.º 29.672/2013 , efeitos a partir de 1º/01/2014. 196 9021.90.11 Espirais de platina, para dilatar artérias “coils” (Conv."
90219012;I;isencao;"RICMS/SE — Anexo I, pág. 104 do PDF de anexos";"ICMS 149/2013) Acrescentado o item 196 pelo Decreto n.º 29.672/2013 , efeitos a partir de 1º/01/2014. 197 9021.90.12 Espiral para embolização Nova Redação dada ao Item 197 pelo Decreto 59/2022, efeitos a partir de 1º.06.2021."
90219081;I;isencao;"RICMS/SE — Anexo I, pág. 105 do PDF de anexos";"197 9021.90.81 Espiral para embolização neurovascular (Convênios ICMS 140/2013 e 48/2021) Nova Redação dada ao Item 197 pelo Decreto 41.021/2021, efeitos a partir de 1º.06.2021."
30022024;I;isencao;"RICMS/SE — Anexo I, pág. 109 do PDF de anexos";"ICMS 95/98, 78/00, 147/05 e 129/08): Subitem DESCRIÇÃO DO PRODUTO CLASSIFICAÇÃO NCM/SH I – VACINAS 1 Vacina Tríplice Viral (sarampo, caxumba e rubéola) 3002.20.26 2 Vacina Tríplice DPT (tétano, difteria e coqueluche) 3002.20.27 3 Vacina contra Sarampo 3002.20.24 4 Vacina c/ Haemóphilus Influenza 'B'"
30023010;I;isencao;"RICMS/SE — Anexo I, pág. 109 do PDF de anexos";"ICMS 95/98, 78/00, 147/05 e 129/08): Subitem DESCRIÇÃO DO PRODUTO CLASSIFICAÇÃO NCM/SH I – VACINAS 1 Vacina Tríplice Viral (sarampo, caxumba e rubéola) 3002.20.26 2 Vacina Tríplice DPT (tétano, difteria e coqueluche) 3002.20.27 3 Vacina contra Sarampo 3002.20.24 4 Vacina c/ Haemóphilus Influenza 'B'"
30022025;I;isencao;"RICMS/SE — Anexo I, pág. 109 do PDF de anexos";"ICMS 95/98, 78/00, 147/05 e 129/08): Subitem DESCRIÇÃO DO PRODUTO CLASSIFICAÇÃO NCM/SH I – VACINAS 1 Vacina Tríplice Viral (sarampo, caxumba e rubéola) 3002.20.26 2 Vacina Tríplice DPT (tétano, difteria e coqueluche) 3002.20.27 3 Vacina contra Sarampo 3002.20.24 4 Vacina c/ Haemóphilus Influenza 'B'"
30042099;I;isencao;"RICMS/SE — Anexo I, pág. 110 do PDF de anexos";"modificados exceto medicamento III – SOROS 1 Anti Rábico 3002.10.19 2 Toxóide Tetânico 3002.10.19 3 Anti - tetânico 3002.10.12 4 Outros anti - soros 3002.10.19 5 Soro Anti – Botulínico 3002.1019 6 Outros anti - soros específicos de animais/pessoas imunizadas 3002.1019 IV – MEDICAMENTOS 1 Antimonial "
30049063;I;isencao;"RICMS/SE — Anexo I, pág. 110 do PDF de anexos";"modificados exceto medicamento III – SOROS 1 Anti Rábico 3002.10.19 2 Toxóide Tetânico 3002.10.19 3 Anti - tetânico 3002.10.12 4 Outros anti - soros 3002.10.19 5 Soro Anti – Botulínico 3002.1019 6 Outros anti - soros específicos de animais/pessoas imunizadas 3002.1019 IV – MEDICAMENTOS 1 Antimonial "
30039056;I;isencao;"RICMS/SE — Anexo I, pág. 110 do PDF de anexos";"modificados exceto medicamento III – SOROS 1 Anti Rábico 3002.10.19 2 Toxóide Tetânico 3002.10.19 3 Anti - tetânico 3002.10.12 4 Outros anti - soros 3002.10.19 5 Soro Anti – Botulínico 3002.1019 6 Outros anti - soros específicos de animais/pessoas imunizadas 3002.1019 IV – MEDICAMENTOS 1 Antimonial "
30032099;I;isencao;"RICMS/SE — Anexo I, pág. 110 do PDF de anexos";"modificados exceto medicamento III – SOROS 1 Anti Rábico 3002.10.19 2 Toxóide Tetânico 3002.10.19 3 Anti - tetânico 3002.10.12 4 Outros anti - soros 3002.10.19 5 Soro Anti – Botulínico 3002.1019 6 Outros anti - soros específicos de animais/pessoas imunizadas 3002.1019 IV – MEDICAMENTOS 1 Antimonial "
29392100;I;isencao;"RICMS/SE — Anexo I, pág. 110 do PDF de anexos";"modificados exceto medicamento III – SOROS 1 Anti Rábico 3002.10.19 2 Toxóide Tetânico 3002.10.19 3 Anti - tetânico 3002.10.12 4 Outros anti - soros 3002.10.19 5 Soro Anti – Botulínico 3002.1019 6 Outros anti - soros específicos de animais/pessoas imunizadas 3002.1019 IV – MEDICAMENTOS 1 Antimonial "
30032032;I;isencao;"RICMS/SE — Anexo I, pág. 110 do PDF de anexos";"modificados exceto medicamento III – SOROS 1 Anti Rábico 3002.10.19 2 Toxóide Tetânico 3002.10.19 3 Anti - tetânico 3002.10.12 4 Outros anti - soros 3002.10.19 5 Soro Anti – Botulínico 3002.1019 6 Outros anti - soros específicos de animais/pessoas imunizadas 3002.1019 IV – MEDICAMENTOS 1 Antimonial "
30039082;I;isencao;"RICMS/SE — Anexo I, pág. 110 do PDF de anexos";"modificados exceto medicamento III – SOROS 1 Anti Rábico 3002.10.19 2 Toxóide Tetânico 3002.10.19 3 Anti - tetânico 3002.10.12 4 Outros anti - soros 3002.10.19 5 Soro Anti – Botulínico 3002.1019 6 Outros anti - soros específicos de animais/pessoas imunizadas 3002.1019 IV – MEDICAMENTOS 1 Antimonial "
29413099;I;isencao;"RICMS/SE — Anexo I, pág. 110 do PDF de anexos";"modificados exceto medicamento III – SOROS 1 Anti Rábico 3002.10.19 2 Toxóide Tetânico 3002.10.19 3 Anti - tetânico 3002.10.12 4 Outros anti - soros 3002.10.19 5 Soro Anti – Botulínico 3002.1019 6 Outros anti - soros específicos de animais/pessoas imunizadas 3002.1019 IV – MEDICAMENTOS 1 Antimonial "
30049047;I;isencao;"RICMS/SE — Anexo I, pág. 111 do PDF de anexos";"ICMS 18/2010) 3004.90.47 Acrescentado o subitem 39 pelo Decreto n.º 27.133/10 , efeitos a partir de 23.04.2010. 40 Tetrahydrobiopterin (BH4) (Conv."
30049095;I;isencao;"RICMS/SE — Anexo I, pág. 148 do PDF de anexos";"Alendronato de sódio 10 mg - por comprimido 5 Alfacalcidol 2936.29.29 Alfacalcidol 0,25 mcg - cápsula 3003.90.19/ 3004.50.90 Alfacalcidol 1,0 mcg – cápsula 6 Alfadornase 3507.90.49 Alfadornase 2,5 mg - porampola 3003.90.29/ 3004.90.19 7 Alfaepoetina 3504.00.90 Alfaepoetina - 1.000 U - por injetável "
38081029;I;isencao;"RICMS/SE — Anexo I, pág. 111 do PDF de anexos";"Israelensis (BTI) 3808.10.21 9 Carbamato 3808.90.29 10 Malathion 3808.90.29 11 Moluscocida 3808.90.29 12 Piretróides 2926.90.29 13 Rodenticida 3808.90.29 14 S - metoprene 3808.90.29 15 Bacillus Sphaericus (biolarvicida) 3808.90.20 16 DDT 4.0% apresentado em forma de papel impregnado 3808.10.29 17 MA"
38089026;I;isencao;"RICMS/SE — Anexo I, pág. 114 do PDF de anexos";"ICMS 147/05) 3004.90.99 INSETICIDAS PiretróideDeltrametrina 3808.10.29 Fenitrothion 3808.10.29 Cythion 3808.10.29 Etofenprox 3808.10.29 Bendiocarb 3808.10.29 Temefós Granulado 1% 3808.10.29 Bromadiolone (raticida) 3808.90.26 Bacillus Thuringiensissubsp."
38081021;I;isencao;"RICMS/SE — Anexo I, pág. 111 do PDF de anexos";"Israelensis (BTI) 3808.10.21 9 Carbamato 3808.90.29 10 Malathion 3808.90.29 11 Moluscocida 3808.90.29 12 Piretróides 2926.90.29 13 Rodenticida 3808.90.29 14 S - metoprene 3808.90.29 15 Bacillus Sphaericus (biolarvicida) 3808.90.20 16 DDT 4.0% apresentado em forma de papel impregnado 3808.10.29 17 MA"
38089029;I;isencao;"RICMS/SE — Anexo I, pág. 111 do PDF de anexos";"Israelensis (BTI) 3808.10.21 9 Carbamato 3808.90.29 10 Malathion 3808.90.29 11 Moluscocida 3808.90.29 12 Piretróides 2926.90.29 13 Rodenticida 3808.90.29 14 S - metoprene 3808.90.29 15 Bacillus Sphaericus (biolarvicida) 3808.90.20 16 DDT 4.0% apresentado em forma de papel impregnado 3808.10.29 17 MA"
29269029;I;isencao;"RICMS/SE — Anexo I, pág. 111 do PDF de anexos";"Israelensis (BTI) 3808.10.21 9 Carbamato 3808.90.29 10 Malathion 3808.90.29 11 Moluscocida 3808.90.29 12 Piretróides 2926.90.29 13 Rodenticida 3808.90.29 14 S - metoprene 3808.90.29 15 Bacillus Sphaericus (biolarvicida) 3808.90.20 16 DDT 4.0% apresentado em forma de papel impregnado 3808.10.29 17 MA"
38089020;I;isencao;"RICMS/SE — Anexo I, pág. 111 do PDF de anexos";"Israelensis (BTI) 3808.10.21 9 Carbamato 3808.90.29 10 Malathion 3808.90.29 11 Moluscocida 3808.90.29 12 Piretróides 2926.90.29 13 Rodenticida 3808.90.29 14 S - metoprene 3808.90.29 15 Bacillus Sphaericus (biolarvicida) 3808.90.20 16 DDT 4.0% apresentado em forma de papel impregnado 3808.10.29 17 MA"
38081022;I;isencao;"RICMS/SE — Anexo I, pág. 111 do PDF de anexos";"Israelensis (BTI) 3808.10.21 9 Carbamato 3808.90.29 10 Malathion 3808.90.29 11 Moluscocida 3808.90.29 12 Piretróides 2926.90.29 13 Rodenticida 3808.90.29 14 S - metoprene 3808.90.29 15 Bacillus Sphaericus (biolarvicida) 3808.90.20 16 DDT 4.0% apresentado em forma de papel impregnado 3808.10.29 17 MA"
38081023;I;isencao;"RICMS/SE — Anexo I, pág. 112 do PDF de anexos";"19 Piriproxifen 3808.10.29 20 Diflerbenzuron 3808.10.29 21 A base de Cipermetrina 3808.10.23 22 A base de Cipermetrina 3808.10.29 23 A base de óleo mineral 3808.10.27 24 Alphacipermetrina 3808.10.29 25 Niclosamida 3808.10.29 26 Organofosforado 3808.10.29 27 Piretróides sintéticos 3808.10.29 28 Pirim"
38081027;I;isencao;"RICMS/SE — Anexo I, pág. 112 do PDF de anexos";"19 Piriproxifen 3808.10.29 20 Diflerbenzuron 3808.10.29 21 A base de Cipermetrina 3808.10.23 22 A base de Cipermetrina 3808.10.29 23 A base de óleo mineral 3808.10.27 24 Alphacipermetrina 3808.10.29 25 Niclosamida 3808.10.29 26 Organofosforado 3808.10.29 27 Piretróides sintéticos 3808.10.29 28 Pirim"
38089999;I;isencao;"RICMS/SE — Anexo I, pág. 112 do PDF de anexos";"19 Piriproxifen 3808.10.29 20 Diflerbenzuron 3808.10.29 21 A base de Cipermetrina 3808.10.23 22 A base de Cipermetrina 3808.10.29 23 A base de óleo mineral 3808.10.27 24 Alphacipermetrina 3808.10.29 25 Niclosamida 3808.10.29 26 Organofosforado 3808.10.29 27 Piretróides sintéticos 3808.10.29 28 Pirim"
30045040;I;isencao;"RICMS/SE — Anexo I, pág. 112 do PDF de anexos";"19 Piriproxifen 3808.10.29 20 Diflerbenzuron 3808.10.29 21 A base de Cipermetrina 3808.10.23 22 A base de Cipermetrina 3808.10.29 23 A base de óleo mineral 3808.10.27 24 Alphacipermetrina 3808.10.29 25 Niclosamida 3808.10.29 26 Organofosforado 3808.10.29 27 Piretróides sintéticos 3808.10.29 28 Pirim"
30063029;I;isencao;"RICMS/SE — Anexo I, pág. 112 do PDF de anexos";"19 Piriproxifen 3808.10.29 20 Diflerbenzuron 3808.10.29 21 A base de Cipermetrina 3808.10.23 22 A base de Cipermetrina 3808.10.29 23 A base de óleo mineral 3808.10.27 24 Alphacipermetrina 3808.10.29 25 Niclosamida 3808.10.29 26 Organofosforado 3808.10.29 27 Piretróides sintéticos 3808.10.29 28 Pirim"
48119090;I;isencao;"RICMS/SE — Anexo I, pág. 112 do PDF de anexos";"19 Piriproxifen 3808.10.29 20 Diflerbenzuron 3808.10.29 21 A base de Cipermetrina 3808.10.23 22 A base de Cipermetrina 3808.10.29 23 A base de óleo mineral 3808.10.27 24 Alphacipermetrina 3808.10.29 25 Niclosamida 3808.10.29 26 Organofosforado 3808.10.29 27 Piretróides sintéticos 3808.10.29 28 Pirim"
39172900;I;isencao;"RICMS/SE — Anexo I, pág. 112 do PDF de anexos";"19 Piriproxifen 3808.10.29 20 Diflerbenzuron 3808.10.29 21 A base de Cipermetrina 3808.10.23 22 A base de Cipermetrina 3808.10.29 23 A base de óleo mineral 3808.10.27 24 Alphacipermetrina 3808.10.29 25 Niclosamida 3808.10.29 26 Organofosforado 3808.10.29 27 Piretróides sintéticos 3808.10.29 28 Pirim"
39193300;I;isencao;"RICMS/SE — Anexo I, pág. 112 do PDF de anexos";"19 Piriproxifen 3808.10.29 20 Diflerbenzuron 3808.10.29 21 A base de Cipermetrina 3808.10.23 22 A base de Cipermetrina 3808.10.29 23 A base de óleo mineral 3808.10.27 24 Alphacipermetrina 3808.10.29 25 Niclosamida 3808.10.29 26 Organofosforado 3808.10.29 27 Piretróides sintéticos 3808.10.29 28 Pirim"
30029010;I;isencao;"RICMS/SE — Anexo I, pág. 112 do PDF de anexos";"19 Piriproxifen 3808.10.29 20 Diflerbenzuron 3808.10.29 21 A base de Cipermetrina 3808.10.23 22 A base de Cipermetrina 3808.10.29 23 A base de óleo mineral 3808.10.27 24 Alphacipermetrina 3808.10.29 25 Niclosamida 3808.10.29 26 Organofosforado 3808.10.29 27 Piretróides sintéticos 3808.10.29 28 Pirim"
39173300;I;isencao;"RICMS/SE — Anexo I, pág. 112 do PDF de anexos";"19 Piriproxifen 3808.10.29 20 Diflerbenzuron 3808.10.29 21 A base de Cipermetrina 3808.10.23 22 A base de Cipermetrina 3808.10.29 23 A base de óleo mineral 3808.10.27 24 Alphacipermetrina 3808.10.29 25 Niclosamida 3808.10.29 26 Organofosforado 3808.10.29 27 Piretróides sintéticos 3808.10.29 28 Pirim"
39269090;I;isencao;"RICMS/SE — Anexo I, pág. 112 do PDF de anexos";"19 Piriproxifen 3808.10.29 20 Diflerbenzuron 3808.10.29 21 A base de Cipermetrina 3808.10.23 22 A base de Cipermetrina 3808.10.29 23 A base de óleo mineral 3808.10.27 24 Alphacipermetrina 3808.10.29 25 Niclosamida 3808.10.29 26 Organofosforado 3808.10.29 27 Piretróides sintéticos 3808.10.29 28 Pirim"
30029030;I;isencao;"RICMS/SE — Anexo I, pág. 112 do PDF de anexos";"19 Piriproxifen 3808.10.29 20 Diflerbenzuron 3808.10.29 21 A base de Cipermetrina 3808.10.23 22 A base de Cipermetrina 3808.10.29 23 A base de óleo mineral 3808.10.27 24 Alphacipermetrina 3808.10.29 25 Niclosamida 3808.10.29 26 Organofosforado 3808.10.29 27 Piretróides sintéticos 3808.10.29 28 Pirim"
35079029;I;isencao;"RICMS/SE — Anexo I, pág. 112 do PDF de anexos";"19 Piriproxifen 3808.10.29 20 Diflerbenzuron 3808.10.29 21 A base de Cipermetrina 3808.10.23 22 A base de Cipermetrina 3808.10.29 23 A base de óleo mineral 3808.10.27 24 Alphacipermetrina 3808.10.29 25 Niclosamida 3808.10.29 26 Organofosforado 3808.10.29 27 Piretróides sintéticos 3808.10.29 28 Pirim"
29349934;I;isencao;"RICMS/SE — Anexo I, pág. 113 do PDF de anexos";"26 Random Primers 2934.99.34 27 RNaseOUTRecombinantRibonucleaseInhibitor 3504.00.11 28 UltraPure Agarose 3913.90.90 29 M - MLV Reverse Transcriptase 3507.90.49 30 SuperScript III One - Step RT - PCR System with Platinum Taq 3822.00.90 31 Armadilhas Luminosas (Conv."
35040011;I;isencao;"RICMS/SE — Anexo I, pág. 113 do PDF de anexos";"26 Random Primers 2934.99.34 27 RNaseOUTRecombinantRibonucleaseInhibitor 3504.00.11 28 UltraPure Agarose 3913.90.90 29 M - MLV Reverse Transcriptase 3507.90.49 30 SuperScript III One - Step RT - PCR System with Platinum Taq 3822.00.90 31 Armadilhas Luminosas (Conv."
39139090;I;isencao;"RICMS/SE — Anexo I, pág. 113 do PDF de anexos";"26 Random Primers 2934.99.34 27 RNaseOUTRecombinantRibonucleaseInhibitor 3504.00.11 28 UltraPure Agarose 3913.90.90 29 M - MLV Reverse Transcriptase 3507.90.49 30 SuperScript III One - Step RT - PCR System with Platinum Taq 3822.00.90 31 Armadilhas Luminosas (Conv."
35079049;I;isencao;"RICMS/SE — Anexo I, pág. 148 do PDF de anexos";"Alendronato de sódio 10 mg - por comprimido 5 Alfacalcidol 2936.29.29 Alfacalcidol 0,25 mcg - cápsula 3003.90.19/ 3004.50.90 Alfacalcidol 1,0 mcg – cápsula 6 Alfadornase 3507.90.49 Alfadornase 2,5 mg - porampola 3003.90.29/ 3004.90.19 7 Alfaepoetina 3504.00.90 Alfaepoetina - 1.000 U - por injetável "
38089199;I;isencao;"RICMS/SE — Anexo I, pág. 113 do PDF de anexos";"ICMS 18/2010) 3808.91.99 Acrescentado o subitem 32 pelo Decreto n.º 27.133/10 , efeitos a partir de 23.04.2010."
30021038;I;isencao;"RICMS/SE — Anexo I, pág. 183 do PDF de anexos";"ICMS 132/2019) 3002.10.38 Bevacizumabe 25 mg/ml solução injetável (frasco ampola de 4ml) 3002.10.38 Acrescentado o item 201 pelo Decreto nº 40.449/2019, efeitos a partir de 1°.09.2019. 202 Bimatoprosta (Conv."
73021010;I;isencao;"RICMS/SE — Anexo I, pág. 130 do PDF de anexos";"ICMS 03/2006): Item Descrição Código NCM 1 Trilhos 7302.10.10 7302.10.90 2 Aparelhos e instrumentos de pesagem 8423.82.00 8423.89.00 3 Talhas, cadernais e moitões;"
73021090;I;isencao;"RICMS/SE — Anexo I, pág. 130 do PDF de anexos";"ICMS 03/2006): Item Descrição Código NCM 1 Trilhos 7302.10.10 7302.10.90 2 Aparelhos e instrumentos de pesagem 8423.82.00 8423.89.00 3 Talhas, cadernais e moitões;"
84238200;I;isencao;"RICMS/SE — Anexo I, pág. 130 do PDF de anexos";"ICMS 03/2006): Item Descrição Código NCM 1 Trilhos 7302.10.10 7302.10.90 2 Aparelhos e instrumentos de pesagem 8423.82.00 8423.89.00 3 Talhas, cadernais e moitões;"
84238900;I;isencao;"RICMS/SE — Anexo I, pág. 130 do PDF de anexos";"ICMS 03/2006): Item Descrição Código NCM 1 Trilhos 7302.10.10 7302.10.90 2 Aparelhos e instrumentos de pesagem 8423.82.00 8423.89.00 3 Talhas, cadernais e moitões;"
84251100;I;isencao;"RICMS/SE — Anexo I, pág. 130 do PDF de anexos";"Guinchos e cabrestantes 8425.11.00 8425.19.90 8425.31.10 8425.31.90 8425.39.10 8425.39.90 4 Cábreas;"
84251990;I;isencao;"RICMS/SE — Anexo I, pág. 130 do PDF de anexos";"Guinchos e cabrestantes 8425.11.00 8425.19.90 8425.31.10 8425.31.90 8425.39.10 8425.39.90 4 Cábreas;"
84253110;I;isencao;"RICMS/SE — Anexo I, pág. 130 do PDF de anexos";"Guinchos e cabrestantes 8425.11.00 8425.19.90 8425.31.10 8425.31.90 8425.39.10 8425.39.90 4 Cábreas;"
84253190;I;isencao;"RICMS/SE — Anexo I, pág. 130 do PDF de anexos";"Guinchos e cabrestantes 8425.11.00 8425.19.90 8425.31.10 8425.31.90 8425.39.10 8425.39.90 4 Cábreas;"
84253910;I;isencao;"RICMS/SE — Anexo I, pág. 130 do PDF de anexos";"Guinchos e cabrestantes 8425.11.00 8425.19.90 8425.31.10 8425.31.90 8425.39.10 8425.39.90 4 Cábreas;"
84253990;I;isencao;"RICMS/SE — Anexo I, pág. 130 do PDF de anexos";"Guinchos e cabrestantes 8425.11.00 8425.19.90 8425.31.10 8425.31.90 8425.39.10 8425.39.90 4 Cábreas;"
84261100;I;isencao;"RICMS/SE — Anexo I, pág. 130 do PDF de anexos";"Pontes rolantes, pórticos de descarga ou de movimentação, pontes - guindastes, carros - pórticos e carros - guindastes 8426.11.00 8426.12.00 8426.19.00 8426.20.00 8426.30.00 8426.41.10 8426.41.90 8426.49.00 8426.91.00 8426.99.00 5 Empilhadeiras;"
84261200;I;isencao;"RICMS/SE — Anexo I, pág. 130 do PDF de anexos";"Pontes rolantes, pórticos de descarga ou de movimentação, pontes - guindastes, carros - pórticos e carros - guindastes 8426.11.00 8426.12.00 8426.19.00 8426.20.00 8426.30.00 8426.41.10 8426.41.90 8426.49.00 8426.91.00 8426.99.00 5 Empilhadeiras;"
84261900;I;isencao;"RICMS/SE — Anexo I, pág. 130 do PDF de anexos";"Pontes rolantes, pórticos de descarga ou de movimentação, pontes - guindastes, carros - pórticos e carros - guindastes 8426.11.00 8426.12.00 8426.19.00 8426.20.00 8426.30.00 8426.41.10 8426.41.90 8426.49.00 8426.91.00 8426.99.00 5 Empilhadeiras;"
84262000;I;isencao;"RICMS/SE — Anexo I, pág. 130 do PDF de anexos";"Pontes rolantes, pórticos de descarga ou de movimentação, pontes - guindastes, carros - pórticos e carros - guindastes 8426.11.00 8426.12.00 8426.19.00 8426.20.00 8426.30.00 8426.41.10 8426.41.90 8426.49.00 8426.91.00 8426.99.00 5 Empilhadeiras;"
84263000;I;isencao;"RICMS/SE — Anexo I, pág. 130 do PDF de anexos";"Pontes rolantes, pórticos de descarga ou de movimentação, pontes - guindastes, carros - pórticos e carros - guindastes 8426.11.00 8426.12.00 8426.19.00 8426.20.00 8426.30.00 8426.41.10 8426.41.90 8426.49.00 8426.91.00 8426.99.00 5 Empilhadeiras;"
84264110;I;isencao;"RICMS/SE — Anexo I, pág. 130 do PDF de anexos";"Pontes rolantes, pórticos de descarga ou de movimentação, pontes - guindastes, carros - pórticos e carros - guindastes 8426.11.00 8426.12.00 8426.19.00 8426.20.00 8426.30.00 8426.41.10 8426.41.90 8426.49.00 8426.91.00 8426.99.00 5 Empilhadeiras;"
84264190;I;isencao;"RICMS/SE — Anexo I, pág. 130 do PDF de anexos";"Pontes rolantes, pórticos de descarga ou de movimentação, pontes - guindastes, carros - pórticos e carros - guindastes 8426.11.00 8426.12.00 8426.19.00 8426.20.00 8426.30.00 8426.41.10 8426.41.90 8426.49.00 8426.91.00 8426.99.00 5 Empilhadeiras;"
84264900;I;isencao;"RICMS/SE — Anexo I, pág. 130 do PDF de anexos";"Pontes rolantes, pórticos de descarga ou de movimentação, pontes - guindastes, carros - pórticos e carros - guindastes 8426.11.00 8426.12.00 8426.19.00 8426.20.00 8426.30.00 8426.41.10 8426.41.90 8426.49.00 8426.91.00 8426.99.00 5 Empilhadeiras;"
84269100;I;isencao;"RICMS/SE — Anexo I, pág. 130 do PDF de anexos";"Pontes rolantes, pórticos de descarga ou de movimentação, pontes - guindastes, carros - pórticos e carros - guindastes 8426.11.00 8426.12.00 8426.19.00 8426.20.00 8426.30.00 8426.41.10 8426.41.90 8426.49.00 8426.91.00 8426.99.00 5 Empilhadeiras;"
84269900;I;isencao;"RICMS/SE — Anexo I, pág. 130 do PDF de anexos";"Pontes rolantes, pórticos de descarga ou de movimentação, pontes - guindastes, carros - pórticos e carros - guindastes 8426.11.00 8426.12.00 8426.19.00 8426.20.00 8426.30.00 8426.41.10 8426.41.90 8426.49.00 8426.91.00 8426.99.00 5 Empilhadeiras;"
84271011;I;isencao;"RICMS/SE — Anexo I, pág. 130 do PDF de anexos";"Outros veículos para movimentação de carga e semelhantes, equipados com dispositivos de elevação 8427.10.11 8427.10.19 8427.20.10 8427.20.90 8427.90.00 6 Outras máquinas e aparelhos de elevação, de carga, de descarga ou de movimentação 8428.10.00 8428.20.10 8428.20.90 8428.32.00 8428.33.00 8428.39.1"
84271019;I;isencao;"RICMS/SE — Anexo I, pág. 130 do PDF de anexos";"Outros veículos para movimentação de carga e semelhantes, equipados com dispositivos de elevação 8427.10.11 8427.10.19 8427.20.10 8427.20.90 8427.90.00 6 Outras máquinas e aparelhos de elevação, de carga, de descarga ou de movimentação 8428.10.00 8428.20.10 8428.20.90 8428.32.00 8428.33.00 8428.39.1"
84272010;I;isencao;"RICMS/SE — Anexo I, pág. 130 do PDF de anexos";"Outros veículos para movimentação de carga e semelhantes, equipados com dispositivos de elevação 8427.10.11 8427.10.19 8427.20.10 8427.20.90 8427.90.00 6 Outras máquinas e aparelhos de elevação, de carga, de descarga ou de movimentação 8428.10.00 8428.20.10 8428.20.90 8428.32.00 8428.33.00 8428.39.1"
84272090;I;isencao;"RICMS/SE — Anexo I, pág. 130 do PDF de anexos";"Outros veículos para movimentação de carga e semelhantes, equipados com dispositivos de elevação 8427.10.11 8427.10.19 8427.20.10 8427.20.90 8427.90.00 6 Outras máquinas e aparelhos de elevação, de carga, de descarga ou de movimentação 8428.10.00 8428.20.10 8428.20.90 8428.32.00 8428.33.00 8428.39.1"
84279000;I;isencao;"RICMS/SE — Anexo I, pág. 130 do PDF de anexos";"Outros veículos para movimentação de carga e semelhantes, equipados com dispositivos de elevação 8427.10.11 8427.10.19 8427.20.10 8427.20.90 8427.90.00 6 Outras máquinas e aparelhos de elevação, de carga, de descarga ou de movimentação 8428.10.00 8428.20.10 8428.20.90 8428.32.00 8428.33.00 8428.39.1"
84281000;I;isencao;"RICMS/SE — Anexo I, pág. 130 do PDF de anexos";"Outros veículos para movimentação de carga e semelhantes, equipados com dispositivos de elevação 8427.10.11 8427.10.19 8427.20.10 8427.20.90 8427.90.00 6 Outras máquinas e aparelhos de elevação, de carga, de descarga ou de movimentação 8428.10.00 8428.20.10 8428.20.90 8428.32.00 8428.33.00 8428.39.1"
84282010;I;isencao;"RICMS/SE — Anexo I, pág. 130 do PDF de anexos";"Outros veículos para movimentação de carga e semelhantes, equipados com dispositivos de elevação 8427.10.11 8427.10.19 8427.20.10 8427.20.90 8427.90.00 6 Outras máquinas e aparelhos de elevação, de carga, de descarga ou de movimentação 8428.10.00 8428.20.10 8428.20.90 8428.32.00 8428.33.00 8428.39.1"
84282090;I;isencao;"RICMS/SE — Anexo I, pág. 130 do PDF de anexos";"Outros veículos para movimentação de carga e semelhantes, equipados com dispositivos de elevação 8427.10.11 8427.10.19 8427.20.10 8427.20.90 8427.90.00 6 Outras máquinas e aparelhos de elevação, de carga, de descarga ou de movimentação 8428.10.00 8428.20.10 8428.20.90 8428.32.00 8428.33.00 8428.39.1"
84283200;I;isencao;"RICMS/SE — Anexo I, pág. 130 do PDF de anexos";"Outros veículos para movimentação de carga e semelhantes, equipados com dispositivos de elevação 8427.10.11 8427.10.19 8427.20.10 8427.20.90 8427.90.00 6 Outras máquinas e aparelhos de elevação, de carga, de descarga ou de movimentação 8428.10.00 8428.20.10 8428.20.90 8428.32.00 8428.33.00 8428.39.1"
84283300;I;isencao;"RICMS/SE — Anexo I, pág. 130 do PDF de anexos";"Outros veículos para movimentação de carga e semelhantes, equipados com dispositivos de elevação 8427.10.11 8427.10.19 8427.20.10 8427.20.90 8427.90.00 6 Outras máquinas e aparelhos de elevação, de carga, de descarga ou de movimentação 8428.10.00 8428.20.10 8428.20.90 8428.32.00 8428.33.00 8428.39.1"
84283910;I;isencao;"RICMS/SE — Anexo I, pág. 130 do PDF de anexos";"Outros veículos para movimentação de carga e semelhantes, equipados com dispositivos de elevação 8427.10.11 8427.10.19 8427.20.10 8427.20.90 8427.90.00 6 Outras máquinas e aparelhos de elevação, de carga, de descarga ou de movimentação 8428.10.00 8428.20.10 8428.20.90 8428.32.00 8428.33.00 8428.39.1"
84283920;I;isencao;"RICMS/SE — Anexo I, pág. 130 do PDF de anexos";"Outros veículos para movimentação de carga e semelhantes, equipados com dispositivos de elevação 8427.10.11 8427.10.19 8427.20.10 8427.20.90 8427.90.00 6 Outras máquinas e aparelhos de elevação, de carga, de descarga ou de movimentação 8428.10.00 8428.20.10 8428.20.90 8428.32.00 8428.33.00 8428.39.1"
84283990;I;isencao;"RICMS/SE — Anexo I, pág. 130 do PDF de anexos";"Outros veículos para movimentação de carga e semelhantes, equipados com dispositivos de elevação 8427.10.11 8427.10.19 8427.20.10 8427.20.90 8427.90.00 6 Outras máquinas e aparelhos de elevação, de carga, de descarga ou de movimentação 8428.10.00 8428.20.10 8428.20.90 8428.32.00 8428.33.00 8428.39.1"
84289020;I;isencao;"RICMS/SE — Anexo I, pág. 130 do PDF de anexos";"Outros veículos para movimentação de carga e semelhantes, equipados com dispositivos de elevação 8427.10.11 8427.10.19 8427.20.10 8427.20.90 8427.90.00 6 Outras máquinas e aparelhos de elevação, de carga, de descarga ou de movimentação 8428.10.00 8428.20.10 8428.20.90 8428.32.00 8428.33.00 8428.39.1"
84289090;I;isencao;"RICMS/SE — Anexo I, pág. 130 do PDF de anexos";"Outros veículos para movimentação de carga e semelhantes, equipados com dispositivos de elevação 8427.10.11 8427.10.19 8427.20.10 8427.20.90 8427.90.00 6 Outras máquinas e aparelhos de elevação, de carga, de descarga ou de movimentação 8428.10.00 8428.20.10 8428.20.90 8428.32.00 8428.33.00 8428.39.1"
86011000;I;isencao;"RICMS/SE — Anexo I, pág. 130 do PDF de anexos";"Tênderes 8601.10.00 8601.20.00 8602.10.00 8602.90.00 8 Vagões para transporte de mercadorias sobre vias férreas 8606.10.00 8606.20.00 8606.30.00 8606.91.00 8606.92.00 8606.99.00 9 Tratores rodoviários para semi - reboques 8701.20.00 10 Veículos automóveis para transporte de mercadorias 8704.22.10 87"
86012000;I;isencao;"RICMS/SE — Anexo I, pág. 130 do PDF de anexos";"Tênderes 8601.10.00 8601.20.00 8602.10.00 8602.90.00 8 Vagões para transporte de mercadorias sobre vias férreas 8606.10.00 8606.20.00 8606.30.00 8606.91.00 8606.92.00 8606.99.00 9 Tratores rodoviários para semi - reboques 8701.20.00 10 Veículos automóveis para transporte de mercadorias 8704.22.10 87"
86021000;I;isencao;"RICMS/SE — Anexo I, pág. 130 do PDF de anexos";"Tênderes 8601.10.00 8601.20.00 8602.10.00 8602.90.00 8 Vagões para transporte de mercadorias sobre vias férreas 8606.10.00 8606.20.00 8606.30.00 8606.91.00 8606.92.00 8606.99.00 9 Tratores rodoviários para semi - reboques 8701.20.00 10 Veículos automóveis para transporte de mercadorias 8704.22.10 87"
86029000;I;isencao;"RICMS/SE — Anexo I, pág. 130 do PDF de anexos";"Tênderes 8601.10.00 8601.20.00 8602.10.00 8602.90.00 8 Vagões para transporte de mercadorias sobre vias férreas 8606.10.00 8606.20.00 8606.30.00 8606.91.00 8606.92.00 8606.99.00 9 Tratores rodoviários para semi - reboques 8701.20.00 10 Veículos automóveis para transporte de mercadorias 8704.22.10 87"
86061000;I;isencao;"RICMS/SE — Anexo I, pág. 130 do PDF de anexos";"Tênderes 8601.10.00 8601.20.00 8602.10.00 8602.90.00 8 Vagões para transporte de mercadorias sobre vias férreas 8606.10.00 8606.20.00 8606.30.00 8606.91.00 8606.92.00 8606.99.00 9 Tratores rodoviários para semi - reboques 8701.20.00 10 Veículos automóveis para transporte de mercadorias 8704.22.10 87"
86062000;I;isencao;"RICMS/SE — Anexo I, pág. 130 do PDF de anexos";"Tênderes 8601.10.00 8601.20.00 8602.10.00 8602.90.00 8 Vagões para transporte de mercadorias sobre vias férreas 8606.10.00 8606.20.00 8606.30.00 8606.91.00 8606.92.00 8606.99.00 9 Tratores rodoviários para semi - reboques 8701.20.00 10 Veículos automóveis para transporte de mercadorias 8704.22.10 87"
86063000;I;isencao;"RICMS/SE — Anexo I, pág. 130 do PDF de anexos";"Tênderes 8601.10.00 8601.20.00 8602.10.00 8602.90.00 8 Vagões para transporte de mercadorias sobre vias férreas 8606.10.00 8606.20.00 8606.30.00 8606.91.00 8606.92.00 8606.99.00 9 Tratores rodoviários para semi - reboques 8701.20.00 10 Veículos automóveis para transporte de mercadorias 8704.22.10 87"
86069100;I;isencao;"RICMS/SE — Anexo I, pág. 130 do PDF de anexos";"Tênderes 8601.10.00 8601.20.00 8602.10.00 8602.90.00 8 Vagões para transporte de mercadorias sobre vias férreas 8606.10.00 8606.20.00 8606.30.00 8606.91.00 8606.92.00 8606.99.00 9 Tratores rodoviários para semi - reboques 8701.20.00 10 Veículos automóveis para transporte de mercadorias 8704.22.10 87"
86069200;I;isencao;"RICMS/SE — Anexo I, pág. 130 do PDF de anexos";"Tênderes 8601.10.00 8601.20.00 8602.10.00 8602.90.00 8 Vagões para transporte de mercadorias sobre vias férreas 8606.10.00 8606.20.00 8606.30.00 8606.91.00 8606.92.00 8606.99.00 9 Tratores rodoviários para semi - reboques 8701.20.00 10 Veículos automóveis para transporte de mercadorias 8704.22.10 87"
86069900;I;isencao;"RICMS/SE — Anexo I, pág. 130 do PDF de anexos";"Tênderes 8601.10.00 8601.20.00 8602.10.00 8602.90.00 8 Vagões para transporte de mercadorias sobre vias férreas 8606.10.00 8606.20.00 8606.30.00 8606.91.00 8606.92.00 8606.99.00 9 Tratores rodoviários para semi - reboques 8701.20.00 10 Veículos automóveis para transporte de mercadorias 8704.22.10 87"
87012000;I;isencao;"RICMS/SE — Anexo I, pág. 130 do PDF de anexos";"Tênderes 8601.10.00 8601.20.00 8602.10.00 8602.90.00 8 Vagões para transporte de mercadorias sobre vias férreas 8606.10.00 8606.20.00 8606.30.00 8606.91.00 8606.92.00 8606.99.00 9 Tratores rodoviários para semi - reboques 8701.20.00 10 Veículos automóveis para transporte de mercadorias 8704.22.10 87"
87042210;I;isencao;"RICMS/SE — Anexo I, pág. 130 do PDF de anexos";"Tênderes 8601.10.00 8601.20.00 8602.10.00 8602.90.00 8 Vagões para transporte de mercadorias sobre vias férreas 8606.10.00 8606.20.00 8606.30.00 8606.91.00 8606.92.00 8606.99.00 9 Tratores rodoviários para semi - reboques 8701.20.00 10 Veículos automóveis para transporte de mercadorias 8704.22.10 87"
87042290;I;isencao;"RICMS/SE — Anexo I, pág. 130 do PDF de anexos";"Tênderes 8601.10.00 8601.20.00 8602.10.00 8602.90.00 8 Vagões para transporte de mercadorias sobre vias férreas 8606.10.00 8606.20.00 8606.30.00 8606.91.00 8606.92.00 8606.99.00 9 Tratores rodoviários para semi - reboques 8701.20.00 10 Veículos automóveis para transporte de mercadorias 8704.22.10 87"
87042310;I;isencao;"RICMS/SE — Anexo I, pág. 130 do PDF de anexos";"Tênderes 8601.10.00 8601.20.00 8602.10.00 8602.90.00 8 Vagões para transporte de mercadorias sobre vias férreas 8606.10.00 8606.20.00 8606.30.00 8606.91.00 8606.92.00 8606.99.00 9 Tratores rodoviários para semi - reboques 8701.20.00 10 Veículos automóveis para transporte de mercadorias 8704.22.10 87"
87042390;I;isencao;"RICMS/SE — Anexo I, pág. 130 do PDF de anexos";"Tênderes 8601.10.00 8601.20.00 8602.10.00 8602.90.00 8 Vagões para transporte de mercadorias sobre vias férreas 8606.10.00 8606.20.00 8606.30.00 8606.91.00 8606.92.00 8606.99.00 9 Tratores rodoviários para semi - reboques 8701.20.00 10 Veículos automóveis para transporte de mercadorias 8704.22.10 87"
87049000;I;isencao;"RICMS/SE — Anexo I, pág. 130 do PDF de anexos";"Tênderes 8601.10.00 8601.20.00 8602.10.00 8602.90.00 8 Vagões para transporte de mercadorias sobre vias férreas 8606.10.00 8606.20.00 8606.30.00 8606.91.00 8606.92.00 8606.99.00 9 Tratores rodoviários para semi - reboques 8701.20.00 10 Veículos automóveis para transporte de mercadorias 8704.22.10 87"
87091100;I;isencao;"RICMS/SE — Anexo I, pág. 130 do PDF de anexos";"Tênderes 8601.10.00 8601.20.00 8602.10.00 8602.90.00 8 Vagões para transporte de mercadorias sobre vias férreas 8606.10.00 8606.20.00 8606.30.00 8606.91.00 8606.92.00 8606.99.00 9 Tratores rodoviários para semi - reboques 8701.20.00 10 Veículos automóveis para transporte de mercadorias 8704.22.10 87"
87091900;I;isencao;"RICMS/SE — Anexo I, pág. 130 do PDF de anexos";"Tênderes 8601.10.00 8601.20.00 8602.10.00 8602.90.00 8 Vagões para transporte de mercadorias sobre vias férreas 8606.10.00 8606.20.00 8606.30.00 8606.91.00 8606.92.00 8606.99.00 9 Tratores rodoviários para semi - reboques 8701.20.00 10 Veículos automóveis para transporte de mercadorias 8704.22.10 87"
87163900;I;isencao;"RICMS/SE — Anexo I, pág. 130 do PDF de anexos";"Outros veículos não autopropulsados 8716.39.00 8716.40.00 8716.80.00 13 Aparelhos de raios X 9022.19.10 9022.19.90 14 Instrumentos e aparelhos para medida ou controle do nível de líquidos 9026.10.29"
87164000;I;isencao;"RICMS/SE — Anexo I, pág. 130 do PDF de anexos";"Outros veículos não autopropulsados 8716.39.00 8716.40.00 8716.80.00 13 Aparelhos de raios X 9022.19.10 9022.19.90 14 Instrumentos e aparelhos para medida ou controle do nível de líquidos 9026.10.29"
87168000;I;isencao;"RICMS/SE — Anexo I, pág. 130 do PDF de anexos";"Outros veículos não autopropulsados 8716.39.00 8716.40.00 8716.80.00 13 Aparelhos de raios X 9022.19.10 9022.19.90 14 Instrumentos e aparelhos para medida ou controle do nível de líquidos 9026.10.29"
90221910;I;isencao;"RICMS/SE — Anexo I, pág. 130 do PDF de anexos";"Outros veículos não autopropulsados 8716.39.00 8716.40.00 8716.80.00 13 Aparelhos de raios X 9022.19.10 9022.19.90 14 Instrumentos e aparelhos para medida ou controle do nível de líquidos 9026.10.29"
90221990;I;isencao;"RICMS/SE — Anexo I, pág. 130 do PDF de anexos";"Outros veículos não autopropulsados 8716.39.00 8716.40.00 8716.80.00 13 Aparelhos de raios X 9022.19.10 9022.19.90 14 Instrumentos e aparelhos para medida ou controle do nível de líquidos 9026.10.29"
90261029;I;isencao;"RICMS/SE — Anexo I, pág. 130 do PDF de anexos";"Outros veículos não autopropulsados 8716.39.00 8716.40.00 8716.80.00 13 Aparelhos de raios X 9022.19.10 9022.19.90 14 Instrumentos e aparelhos para medida ou controle do nível de líquidos 9026.10.29"
90308990;I;isencao;"RICMS/SE — Anexo I, pág. 135 do PDF de anexos";"Item DESCRIÇÃO (Conv ICMS 52/2010) NCM 1 Equipamentos para Monitoração de Sinais de Vídeo, Áudio e Dados Digitais, Compressão MPEG - 2 e ou MPEG - 4(H.264) e análise de protocolos de transmissão de televisão digital. 9030.89.90 2 Equipamento para monitoração de áudio de dados digitais, transmitidas "
85255029;I;isencao;"RICMS/SE — Anexo I, pág. 135 do PDF de anexos";"Medição de níveis de RF dos parâmetros do sistema de transmissão de radio Digital (QI, DAAI, SNR, SIS, MPS & SPS). 9030.89.90 4 Sistema irradiante configurável, dedicados à Transmissão de Sinais de Televisão Digitais na Faixa de Frequência de VHF e/ou UHF com potências Irradiadas de até 1MW RMS, e c"
85437099;I;isencao;"RICMS/SE — Anexo I, pág. 135 do PDF de anexos";"Medição de níveis de RF dos parâmetros do sistema de transmissão de radio Digital (QI, DAAI, SNR, SIS, MPS & SPS). 9030.89.90 4 Sistema irradiante configurável, dedicados à Transmissão de Sinais de Televisão Digitais na Faixa de Frequência de VHF e/ou UHF com potências Irradiadas de até 1MW RMS, e c"
85255011;I;isencao;"RICMS/SE — Anexo I, pág. 135 do PDF de anexos";"Medição de níveis de RF dos parâmetros do sistema de transmissão de radio Digital (QI, DAAI, SNR, SIS, MPS & SPS). 9030.89.90 4 Sistema irradiante configurável, dedicados à Transmissão de Sinais de Televisão Digitais na Faixa de Frequência de VHF e/ou UHF com potências Irradiadas de até 1MW RMS, e c"
85255012;I;isencao;"RICMS/SE — Anexo I, pág. 135 do PDF de anexos";"Medição de níveis de RF dos parâmetros do sistema de transmissão de radio Digital (QI, DAAI, SNR, SIS, MPS & SPS). 9030.89.90 4 Sistema irradiante configurável, dedicados à Transmissão de Sinais de Televisão Digitais na Faixa de Frequência de VHF e/ou UHF com potências Irradiadas de até 1MW RMS, e c"
85432000;I;isencao;"RICMS/SE — Anexo I, pág. 135 do PDF de anexos";"Entrada de áudio digital em formato AES3. 8543.20.00 9 Equipamento de sinalização, controle e/ou corte (splicer) do fluxo de dados MPEG. 8525.60.90 10 Câmera de Televisão com 3 ou mais Captadores de Imagem, com saídas SDI e HD - SDI, com capacidade de fazer captação nativa em 1080/60i, pelo menos. 8"
85256090;I;isencao;"RICMS/SE — Anexo I, pág. 135 do PDF de anexos";"Entrada de áudio digital em formato AES3. 8543.20.00 9 Equipamento de sinalização, controle e/ou corte (splicer) do fluxo de dados MPEG. 8525.60.90 10 Câmera de Televisão com 3 ou mais Captadores de Imagem, com saídas SDI e HD - SDI, com capacidade de fazer captação nativa em 1080/60i, pelo menos. 8"
85258011;I;isencao;"RICMS/SE — Anexo I, pág. 135 do PDF de anexos";"Entrada de áudio digital em formato AES3. 8543.20.00 9 Equipamento de sinalização, controle e/ou corte (splicer) do fluxo de dados MPEG. 8525.60.90 10 Câmera de Televisão com 3 ou mais Captadores de Imagem, com saídas SDI e HD - SDI, com capacidade de fazer captação nativa em 1080/60i, pelo menos. 8"
90021120;I;isencao;"RICMS/SE — Anexo I, pág. 140 do PDF de anexos";"Com cross - over, zoom com possibilidade de 11 vezes até 150 vezes. 9002.11.20 25 Gravador - reprodutor e Editor de Imagem e Som em Disco Rígido por meio Magnético, Óptico ou Óptico - magnético."
85219010;I;isencao;"RICMS/SE — Anexo I, pág. 140 do PDF de anexos";"Capacidade de entradas e saídas de vídeo. em SDI e/ou HD - SDI, podendo trabalhar com áudio embedded ou áudio discreto analógico ou digital. 8521.90.10 26 Gravador - reprodutor sem sintonizador ('VTR')."
85211010;I;isencao;"RICMS/SE — Anexo I, pág. 141 do PDF de anexos";"Com interface de entrada de vídeo HD - SDI e saídas em HD - SDI e SDI, entradas de áudio analógico e/ou digital, ou capacidade para audioembedded. 8521.10.10 33 Nova Redação dada ao item 123 pelo Decreto n.º 24.662/07 , efeitos a partir de 31.07.2007."
85437036;I;isencao;"RICMS/SE — Anexo I, pág. 136 do PDF de anexos";"Deve possuir pelo menos 2 estágios M/E com 4 chaveadores cromáticos por M/E e gravador RAM interno. 8543.70.99 15 Roteador - comutador ('RoutingSwitcher') de mais de 20 Entradas e mais de 16 Saídas de Áudio e/ou de Vídeo.Com interface de entrada de vídeo SDI e HD - SDI e saídas em SDI e HD - SDI, en"
85284921;I;isencao;"RICMS/SE — Anexo I, pág. 136 do PDF de anexos";"Monitores de tubo ou LCD, com no mínimo 1000 linhas de resolução. 8528.49.21 20 Sincronizadores de Quadro, Armazenadores ou Corretor de Base Tempo com capacidade de processamento de áudio e vídeo, tais como ajuste de luminância/crominância e atraso no áudio.Com interface de entrada de vídeo SDI e/ou"
85437033;I;isencao;"RICMS/SE — Anexo I, pág. 136 do PDF de anexos";"Monitores de tubo ou LCD, com no mínimo 1000 linhas de resolução. 8528.49.21 20 Sincronizadores de Quadro, Armazenadores ou Corretor de Base Tempo com capacidade de processamento de áudio e vídeo, tais como ajuste de luminância/crominância e atraso no áudio.Com interface de entrada de vídeo SDI e/ou"
90304090;I;isencao;"RICMS/SE — Anexo I, pág. 136 do PDF de anexos";"Capacidade de pelo menos 2 entradas e 1 saída de monitoração. 9030.40.90 22 Processador de áudio para rádio digital, com entradas e saídas de sinais digitais em qualquer formato e taxa de amostragem em equipamentos simples e duplos (conjugados) para áudio analógico e digital. 8543.70.99 23 Conversor"
85437050;I;isencao;"RICMS/SE — Anexo I, pág. 136 do PDF de anexos";"Capacidade de pelo menos 2 entradas e 1 saída de monitoração. 9030.40.90 22 Processador de áudio para rádio digital, com entradas e saídas de sinais digitais em qualquer formato e taxa de amostragem em equipamentos simples e duplos (conjugados) para áudio analógico e digital. 8543.70.99 23 Conversor"
85299019;I;isencao;"RICMS/SE — Anexo I, pág. 137 do PDF de anexos";"Medição de níveis de RF dos parâmetros do sistema de transmissão de radio Digital (QI, DAAI, SNR, SIS, MPS & SPS ). 9030.89.90 4 Equipamentos para medição de potência de Radio Digital, (HD – IBOC), sinais (medição de sinais modulados em COFDM - CodedOrthogonalFrequency Division Multiplex com element"
84715010;I;isencao;"RICMS/SE — Anexo I, pág. 139 do PDF de anexos";"Entrada de áudio digital em formato AES3. 8543.20.00 18 Equipamento gerador/excitador de sinais para transmissão de múltiplos programas (multicast) de Radio Digital, geração de programas principais e secundários de áudio e canais de dados associados. 8471.50.10 19 Sistemas de combinação de sinais de"
85438999;I;isencao;"RICMS/SE — Anexo I, pág. 142 do PDF de anexos";"Distribuidor de sinais de áudio no formato AES3.Equipamento de controle de sinais de RF e áudio analógico e digital entre excitadores digitais e equipamentos de transmissão . 8543.70.99 8543.89.99 40 Nova Redação dada ao item 123 pelo Decreto n.º 24.662/07 , efeitos a partir de 31.07.2007."
85282110;I;isencao;"RICMS/SE — Anexo I, pág. 141 do PDF de anexos";"Monitores de tubo ou LCD, com no mínimo 1000 linhas de resolução. 8528.49.21 8528.21.10 34 Nova Redação dada ao item 123 pelo Decreto n.º 24.662/07 , efeitos a partir de 31.07.2007."
85437032;I;isencao;"RICMS/SE — Anexo I, pág. 142 do PDF de anexos";"Possibilidade de saídas de fill e key para inserção externa ou possibilidade funcionar como insersor. 8543.70.32 8543.89.32 38 Nova Redação dada ao item 123 pelo Decreto n.º 24.662/07 , efeitos a partir de 31.07.2007."
85438932;I;isencao;"RICMS/SE — Anexo I, pág. 142 do PDF de anexos";"Possibilidade de saídas de fill e key para inserção externa ou possibilidade funcionar como insersor. 8543.70.32 8543.89.32 38 Nova Redação dada ao item 123 pelo Decreto n.º 24.662/07 , efeitos a partir de 31.07.2007."
29189999;I;isencao;"RICMS/SE — Anexo I, pág. 147 do PDF de anexos";"As operações realizadas com os fármacos e medicamentos relacionados abaixo, destinados aos órgãos da Administração Pública Direta e Indireta Federal, Estadual e Municipal, e as suas Fundações (Conv ICMS 87/02 e 54/09): Item Fármacos NCM Medicamentos NCM Fármacos Medicamentos 1 Acetato de Glatirâmer "
29420000;I;isencao;"RICMS/SE — Anexo I, pág. 147 do PDF de anexos";"As operações realizadas com os fármacos e medicamentos relacionados abaixo, destinados aos órgãos da Administração Pública Direta e Indireta Federal, Estadual e Municipal, e as suas Fundações (Conv ICMS 87/02 e 54/09): Item Fármacos NCM Medicamentos NCM Fármacos Medicamentos 1 Acetato de Glatirâmer "
29213090;I;isencao;"RICMS/SE — Anexo I, pág. 148 do PDF de anexos";"Alendronato de sódio 10 mg - por comprimido 5 Alfacalcidol 2936.29.29 Alfacalcidol 0,25 mcg - cápsula 3003.90.19/ 3004.50.90 Alfacalcidol 1,0 mcg – cápsula 6 Alfadornase 3507.90.49 Alfadornase 2,5 mg - porampola 3003.90.29/ 3004.90.19 7 Alfaepoetina 3504.00.90 Alfaepoetina - 1.000 U - por injetável "
29339949;I;isencao;"RICMS/SE — Anexo I, pág. 148 do PDF de anexos";"Alendronato de sódio 10 mg - por comprimido 5 Alfacalcidol 2936.29.29 Alfacalcidol 0,25 mcg - cápsula 3003.90.19/ 3004.50.90 Alfacalcidol 1,0 mcg – cápsula 6 Alfadornase 3507.90.49 Alfadornase 2,5 mg - porampola 3003.90.29/ 3004.90.19 7 Alfaepoetina 3504.00.90 Alfaepoetina - 1.000 U - por injetável "
29335934;I;isencao;"RICMS/SE — Anexo I, pág. 148 do PDF de anexos";"Alendronato de sódio 10 mg - por comprimido 5 Alfacalcidol 2936.29.29 Alfacalcidol 0,25 mcg - cápsula 3003.90.19/ 3004.50.90 Alfacalcidol 1,0 mcg – cápsula 6 Alfadornase 3507.90.49 Alfadornase 2,5 mg - porampola 3003.90.29/ 3004.90.19 7 Alfaepoetina 3504.00.90 Alfaepoetina - 1.000 U - por injetável "
30039076;I;isencao;"RICMS/SE — Anexo I, pág. 148 do PDF de anexos";"Alendronato de sódio 10 mg - por comprimido 5 Alfacalcidol 2936.29.29 Alfacalcidol 0,25 mcg - cápsula 3003.90.19/ 3004.50.90 Alfacalcidol 1,0 mcg – cápsula 6 Alfadornase 3507.90.49 Alfadornase 2,5 mg - porampola 3003.90.29/ 3004.90.19 7 Alfaepoetina 3504.00.90 Alfaepoetina - 1.000 U - por injetável "
30049066;I;isencao;"RICMS/SE — Anexo I, pág. 148 do PDF de anexos";"Alendronato de sódio 10 mg - por comprimido 5 Alfacalcidol 2936.29.29 Alfacalcidol 0,25 mcg - cápsula 3003.90.19/ 3004.50.90 Alfacalcidol 1,0 mcg – cápsula 6 Alfadornase 3507.90.49 Alfadornase 2,5 mg - porampola 3003.90.29/ 3004.90.19 7 Alfaepoetina 3504.00.90 Alfaepoetina - 1.000 U - por injetável "
30043290;I;isencao;"RICMS/SE — Anexo I, pág. 149 do PDF de anexos";"ICMS 99/10 e 137/2013) Dipropionato de Beclometasona 400 mcg – pó inalante por frasco de 100 doses 3004.32.90 Dipropionato de Beclometasona 250 mcg – spray – por frasco de 200 doses Dipropionato de Beclometasona 200 mcg – pó inalante por frasco de 100 doses Dipropionato de Beclometasona 200 mcg – po"
29333939;I;isencao;"RICMS/SE — Anexo I, pág. 150 do PDF de anexos";"ICMS 99/2010) Biperideno 2933.39.39/ 2933.39.32 Biperideno 4 mg - por comprimido de desintegração retardada 3003.90.79/ 3004.90.69 Biperideno 2 mg - por comprimido Lactato de Biperideno Lactato de Biperideno 4 mg - por comprimido de desintegração retardada Lactato de Biperideno 2 mg - por comprimido"
29339939;I;isencao;"RICMS/SE — Anexo I, pág. 153 do PDF de anexos";"Sulfato de Cloroquina Sulfato de Cloroquina 150 mg - por comprimido 27 Clozapina 2933.99.39 Clozapina 100 mg - porcomprimido 3003.90.79/ 3004.90.69 Clozapina 25 mg - porcomprimido 28 Codeína 2939.11.22 Codeína 30 mg/ml - por ampola com 2 ml 3003.40.40/ 3004.40.40 Codeína 30 mg - porcomprimido Codeín"
30021520;I;isencao;"RICMS/SE — Anexo I, pág. 155 do PDF de anexos";"ICMS 42 e 92/2023) Etanercepte 2942.00.00 Etanercepte 25 mg – injetável por frasco ampola, seringa ou caneta preenchida. 3002.15.20 Etanercepte 50 mg – injetávelporfrascoampola, seringa oucanetapreenchida Alterado o item 36 pelo Decreto nº 412/2023, efeitos a partir de 1°.01.2024."
35079039;I;isencao;"RICMS/SE — Anexo I, pág. 192 do PDF de anexos";"ICMS 193/2023) Alfa - alglicosidase 3507.90.39 Alfa - alglicosidase – 50 mg – pó para solução injetável 3003.90.39 3004.90.19 Acrescentado o Item 274 pelo Decreto 562/2024, efeitos a partir de 1°.01.2025. 275 Cladribina 2934.99.99 Cladribina – 10 mg - comprimido 3004.90.79 Acrescentado o item 275 pe"
29349919;I;isencao;"RICMS/SE — Anexo I, pág. 164 do PDF de anexos";"70 Metotrexato Metotr+B367exato de Sódio 2933.59.99 Metotrexato 25 mg/ml - injetável - por ampola de 2 ml Metotrexato 25 mg/ml - injetável - por ampola de 20 ml Metotrexato 25 mg/ml - injetável - por ampola de 2 ml Metotrexato 25 mg/ml - injetável - por ampola de 20 ml 3003.90.79/ 3004.90.69 71 Mico"
29322990;I;isencao;"RICMS/SE — Anexo I, pág. 164 do PDF de anexos";"70 Metotrexato Metotr+B367exato de Sódio 2933.59.99 Metotrexato 25 mg/ml - injetável - por ampola de 2 ml Metotrexato 25 mg/ml - injetável - por ampola de 20 ml Metotrexato 25 mg/ml - injetável - por ampola de 2 ml Metotrexato 25 mg/ml - injetável - por ampola de 20 ml 3003.90.79/ 3004.90.69 71 Mico"
29391162;I;isencao;"RICMS/SE — Anexo I, pág. 165 do PDF de anexos";"Bromidrato de Morfina LC 60 mg - por cápsula Bromidrato de Morfina LC 100 mg - por cápsula Cloridrato de Morfina 2939.11.62 Cloridrato de Morfina 10 mg/ml - solução oral - por frasco de 60 ml Cloridrato de Morfina 10 mg/ml - por ampola de 1 ml Cloridrato de Morfina 10 mg - por comprimido Cloridrato "
29391169;I;isencao;"RICMS/SE — Anexo I, pág. 165 do PDF de anexos";"Bromidrato de Morfina LC 60 mg - por cápsula Bromidrato de Morfina LC 100 mg - por cápsula Cloridrato de Morfina 2939.11.62 Cloridrato de Morfina 10 mg/ml - solução oral - por frasco de 60 ml Cloridrato de Morfina 10 mg/ml - por ampola de 1 ml Cloridrato de Morfina 10 mg - por comprimido Cloridrato "
29310049;I;isencao;"RICMS/SE — Anexo I, pág. 167 do PDF de anexos";"ICMS 141/2022) Pamidronatodissódico 2931.00.49 PamidronatoDissódico 60 mg injetável - porfrascoampola 3003.90.69/ 3004.90.59 PamidronatoDissódico 90 mg injetável - porfrascoampola Alterado o item 77 pelo Decreto nº 412/2023, efeitos a partir de 11.09.2023."
29215990;I;isencao;"RICMS/SE — Anexo I, pág. 170 do PDF de anexos";"ICMS 141/2022) Selegilina 2921.59.90 Selegilina 5 mg - porcomprimido 3003.90.49/ 3004.90.39 Cloridrato de Selegilina Cloridrato de Selegilina 5 mg - por comprimido Alterado o item 92 pelo Decreto nº 412/2023, efeitos a partir de 11.09.2023."
29371100;I;isencao;"RICMS/SE — Anexo I, pág. 172 do PDF de anexos";"ICMS 47/2021) 2937.11.00 Somatropina - 15 UI - por frasco - ampola (com ou sem dispositivo de aplicaçao) ou seringa preenchida ou carpule 3003.90.33 3004.90.99 Somatropina - 16 UI - por frasco - ampola (com ou sem dispositivo de aplicaçao) ou seringa preenchida ou carpule Somatropina - 18 UI - por f"
30039033;I;isencao;"RICMS/SE — Anexo I, pág. 172 do PDF de anexos";"ICMS 47/2021) 2937.11.00 Somatropina - 15 UI - por frasco - ampola (com ou sem dispositivo de aplicaçao) ou seringa preenchida ou carpule 3003.90.33 3004.90.99 Somatropina - 16 UI - por frasco - ampola (com ou sem dispositivo de aplicaçao) ou seringa preenchida ou carpule Somatropina - 18 UI - por f"
29350019;I;isencao;"RICMS/SE — Anexo I, pág. 173 do PDF de anexos";"ICMS 47/2021) 2937.11.00 Somatropina - 4 UI - injetável - por frasco - ampola ou carpule 3003.90.33 3004.90.99 Somatropina - 12 UI - Injetável - por frasco - ampola ou carpule Somatropina - 15 UI - por frasco - ampola (com ou sem dispositivo de aplicaçao) ou seringa preenchida ou carpule Somatropina"
29147090;I;isencao;"RICMS/SE — Anexo I, pág. 173 do PDF de anexos";"ICMS 99/2010) Tolcapona 2914.70.90 Tolcapona 100 mg - porcomprimido 3003.90.99/ 3004.90.99"
29350099;I;isencao;"RICMS/SE — Anexo I, pág. 184 do PDF de anexos";"ICMS 132/2019) 2935.00.99 Brinzolamida 10 mg/ml solução oftálmica (frasco 5ml) 3003.90.89/ 3004.90.79 Acrescentado o item 204 pelo Decreto nº 40.449/2019, efeitos a partir de 1°.09.2019. 205 Calcipotriol 2906.19.90 Calcipotriol 50mcg/g pomoda (bisnaga 30g) 3003.90.99/ 3004.90.99 Acrescentado o item "
30024992;I;isencao;"RICMS/SE — Anexo I, pág. 174 do PDF de anexos";"ICMS 36/2025) Toxina Botulínica tipo A 3002.90.92 Toxina Botulínica tipo A - 100 UI - injetável (por frasco/ampola) 3002.90.92/ 3002.49.92 Toxina Botulínica tipo A - 500 UI - injetável - (por frasco/ampola) Alterado o item 101 pelo Decreto nº 1.161/2025, com efeitos a partir de 1º.01.2026."
30021015;I;isencao;"RICMS/SE — Anexo I, pág. 175 do PDF de anexos";"Cloridrato de Ziprasidona 40 mg - por comprimido 106 Soro – Outros soros 3002.10.19 Soro - Outros soros 3002.10.19 107 Soro Anti - Aracnídico 3002.10.19 Soro Anti - Aracnídico 3002.10.19 108 Soro Anti - Bot/Crotálico 3002.10.19 Soro Anti - Bot/Crotálico 3002.10.19 109 Soro Anti - Bot/Laquético 3002."
30024129;I;isencao;"RICMS/SE — Anexo I, pág. 175 do PDF de anexos";"Cloridrato de Ziprasidona 40 mg - por comprimido 106 Soro – Outros soros 3002.10.19 Soro - Outros soros 3002.10.19 107 Soro Anti - Aracnídico 3002.10.19 Soro Anti - Aracnídico 3002.10.19 108 Soro Anti - Bot/Crotálico 3002.10.19 Soro Anti - Bot/Crotálico 3002.10.19 109 Soro Anti - Bot/Laquético 3002."
29242949;I;isencao;"RICMS/SE — Anexo I, pág. 177 do PDF de anexos";"135 Fosfato de Oseltamivir 2924.29.49 Fosfato de Oseltamivir 30 mg – cápsula dura ou cápsula gelatinosa dura 3003.90.59/ 3004.90.49 Fosfato de Oseltamivir 45 mg – cápsula dura ou cápsula gelatinosa dura Fosfato de Oseltamivir 75 mg – cápsula dura ou cápsula gelatinosa dura Nova Redação dada ao item "
30034090;I;isencao;"RICMS/SE — Anexo I, pág. 177 do PDF de anexos";"ICMS 99/2010) Bromocriptina 2939.69.90 Mesilato de Bromocriptina 3003.40.90/ 3004.40.90 141 (Conv."
30044090;I;isencao;"RICMS/SE — Anexo I, pág. 180 do PDF de anexos";"ICMS 145/2013) 2939.99.90 Brometo de ipratrópio 0,02 mg 3004.40.90 Brometo de ipratrópio 0,25 mg 3004.40.90 170 Budesonida (Conv."
29337210;I;isencao;"RICMS/SE — Anexo I, pág. 178 do PDF de anexos";"ICMS 99/2010) Clobazam 2933.72.10 Clobazam 10 mg - por comprimido 3003.90.99/ 3004.90.99 Clobazam 20 mg - por comprimido 145 (Conv."
29251990;I;isencao;"RICMS/SE — Anexo I, pág. 178 do PDF de anexos";"ICMS 99/2010) Etossuximida 2925.19.90 Etossuximida 50 mg/ml - xarope (frasco 120 ml) 3003.90.99/ 3004.90.99 148 (Conv."
29375000;I;isencao;"RICMS/SE — Anexo I, pág. 178 do PDF de anexos";"ICMS 99/2010) Fenoterol 2922.50.99 Fenoterol 100 mcg - dose - aerosol 200 doses - 10 ml - c/ adaptador 3003.90.49/ 3004.90.39 Cloridrato de Fenoterol Cloridrato de Fenoterol 100 mcg - dose – aerosol 200 doses - 10 ml - c/ adaptador Bromidrato de Fenoterol Bromidato de Fenoterol 100 mcg - dose - aero"
29336919;I;isencao;"RICMS/SE — Anexo I, pág. 178 do PDF de anexos";"ICMS 99/2010) Lamotrigina 2933.69.19 Lamotrigina 50 mg - por comprimido 3003.90.79/ 3004.90.69 152 (Conv."
29339162;I;isencao;"RICMS/SE — Anexo I, pág. 178 do PDF de anexos";"ICMS 99/2010) Nitrazepam 2933.91.62 Nitrazepam 5 mg - por comprimido 3003.90.99/ 3004.90.99 154 (Conv."
29337990;I;isencao;"RICMS/SE — Anexo I, pág. 179 do PDF de anexos";"ICMS 99/2010) Primidona 2933.79.90 Primidona 100 mg - por comprimido 3003.90.99/ 3004.90.99 Primidona 250 mg - por comprimido 156 (Conv."
30033918;I;isencao;"RICMS/SE — Anexo I, pág. 179 do PDF de anexos";"ICMS 99/2010) Triptorrelina 2937.90.90 Triptorelina 11,25 mg - injetável - por frasco Ampola 3003.39.18/ 3004.39.18 Acetato de Triptorrelina Acetato de Triptorelina 11,25 mg – injetável - por frasco ampola Embonato de Triptorrelina Embonato de Triptorelina 11,25 mg – injetável - por frasco ampola Ac"
30043918;I;isencao;"RICMS/SE — Anexo I, pág. 179 do PDF de anexos";"ICMS 99/2010) Triptorrelina 2937.90.90 Triptorelina 11,25 mg - injetável - por frasco Ampola 3003.39.18/ 3004.39.18 Acetato de Triptorrelina Acetato de Triptorelina 11,25 mg – injetável - por frasco ampola Embonato de Triptorrelina Embonato de Triptorelina 11,25 mg – injetável - por frasco ampola Ac"
29333989;I;isencao;"RICMS/SE — Anexo I, pág. 179 do PDF de anexos";"ICMS 160/2010) Piridostigmina 2933.39.89 Piridostigmina 60 mg (por comprimido) 3003.90.79 3004.90.69 Acrescentados o item 161pelo Decreto n.º 27.478/2010 , efeitos a partir de 1°/12/2010 162 (Conv."
30021300;I;isencao;"RICMS/SE — Anexo I, pág. 189 do PDF de anexos";"ICMS 97/2021) Emicizumabe 3002.13.00 Emicizumabe - 30 MGSOL INJ SC CT 1 FA VD TRANS X 1 ML - SoluçãoInjetável (30 mg/ ml) 3002.15.90 Emicizumabe - 60 MG SOL INJ SC CT 1 FA VD TRANS X 0,4 ML - SoluçãoInjetável (150 mg/ml) Emicizumabe - 105 MG SOL INJ SC CT 1 FA VD TRANS X 0,7 ML - SoluçãoInjetável (1"
30021590;I;isencao;"RICMS/SE — Anexo I, pág. 182 do PDF de anexos";"ICMS 145/2013) 3002.10.39 Tenecteplase 40 mg poliofinjctfa + ser injdil x 8 ml Tenecteplase 50 mg poliofinjctfa + ser injdil x 10 ml 3002.10.39 Acrescentados os subitens167 a 192 pelo Decreto n.º 29.672/2013 , efeitos a partir de 13/11/2013 193 Bosentana (Conv ICMS 20/14) 2935.00.19 Bosentana – conc"
30021099;I;isencao;"RICMS/SE — Anexo I, pág. 179 do PDF de anexos";"ICMS 160/2010) Natalizumabe 3002.10.99 Natalizumabe 300 mg (por frasco - ampola) 3004.10.39 Acrescentados o item 162 pelo Decreto n.º 27.478/2010 , efeitos a partir de 1°/12/2010 163 (Conv."
30041039;I;isencao;"RICMS/SE — Anexo I, pág. 179 do PDF de anexos";"ICMS 160/2010) Natalizumabe 3002.10.99 Natalizumabe 300 mg (por frasco - ampola) 3004.10.39 Acrescentados o item 162 pelo Decreto n.º 27.478/2010 , efeitos a partir de 1°/12/2010 163 (Conv."
29371200;I;isencao;"RICMS/SE — Anexo I, pág. 180 do PDF de anexos";"ICMS nº 26 e 139/2011) Insulina Humana Regular 2937.12.00 100 UI/ML SOL INJ CT FRASCO AMPOLA VD INC X 10 ML 3004.31.00 3003.31.00 (NR) 100 UI/ML SOL INJ CT REFIL/CARPULE VD INC X 3 ML 100 UI/ML SOL INJ CT FRASCO AMPOLA VD INC X 5 ML Nova Redação dada ao item 164 pelo Decreto n.º. 28.338/2012 , aplic"
30043100;I;isencao;"RICMS/SE — Anexo I, pág. 180 do PDF de anexos";"ICMS nº 26 e 139/2011) Insulina Humana Regular 2937.12.00 100 UI/ML SOL INJ CT FRASCO AMPOLA VD INC X 10 ML 3004.31.00 3003.31.00 (NR) 100 UI/ML SOL INJ CT REFIL/CARPULE VD INC X 3 ML 100 UI/ML SOL INJ CT FRASCO AMPOLA VD INC X 5 ML Nova Redação dada ao item 164 pelo Decreto n.º. 28.338/2012 , aplic"
30033100;I;isencao;"RICMS/SE — Anexo I, pág. 180 do PDF de anexos";"ICMS nº 26 e 139/2011) Insulina Humana Regular 2937.12.00 100 UI/ML SOL INJ CT FRASCO AMPOLA VD INC X 10 ML 3004.31.00 3003.31.00 (NR) 100 UI/ML SOL INJ CT REFIL/CARPULE VD INC X 3 ML 100 UI/ML SOL INJ CT FRASCO AMPOLA VD INC X 5 ML Nova Redação dada ao item 164 pelo Decreto n.º. 28.338/2012 , aplic"
29372310;I;isencao;"RICMS/SE — Anexo I, pág. 180 do PDF de anexos";"ICMS 145/2013) 2937.23.10 Acetato de medroxiprogesterona 150 mg/ml 3004.39.39 168 Atenolol (Conv."
29242943;I;isencao;"RICMS/SE — Anexo I, pág. 180 do PDF de anexos";"ICMS 145/2013) 2924.29.43 Atenolol 25 mg 3004.90.42 169 Brometo de ipratrópio (Conv."
30049042;I;isencao;"RICMS/SE — Anexo I, pág. 180 do PDF de anexos";"ICMS 145/2013) 2924.29.43 Atenolol 25 mg 3004.90.42 169 Brometo de ipratrópio (Conv."
29399990;I;isencao;"RICMS/SE — Anexo I, pág. 180 do PDF de anexos";"ICMS 145/2013) 2939.99.90 Brometo de ipratrópio 0,02 mg 3004.40.90 Brometo de ipratrópio 0,25 mg 3004.40.90 170 Budesonida (Conv."
29252990;I;isencao;"RICMS/SE — Anexo I, pág. 180 do PDF de anexos";"ICMS 145/2013) 2925.29.90 Cloridrato de metformina - ação prolongada 500 mg 3004.90.49 Cloridrato de metformina 850 mg 3004.90.49 173 Cloridrato de propranolol (Conv."
29225050;I;isencao;"RICMS/SE — Anexo I, pág. 180 do PDF de anexos";"ICMS 145/2013) 2922.50.50 Cloridrato de propranolol 40 mg 3004.90.36 174 (Conv."
30049036;I;isencao;"RICMS/SE — Anexo I, pág. 180 do PDF de anexos";"ICMS 145/2013) 2922.50.50 Cloridrato de propranolol 40 mg 3004.90.36 174 (Conv."
29372349;I;isencao;"RICMS/SE — Anexo I, pág. 181 do PDF de anexos";"ICMS 47/2021) 2937.23.49 2937.23.21 Etinilestradiol 0,03 mg/ml+ Levonorgestrel 0,15 mg/ml 3006.60.00 Nova Redação dada ao Item 175 pelo Decreto 41.021/2021, efeitos a partir de 1º.06.2021."
29372321;I;isencao;"RICMS/SE — Anexo I, pág. 181 do PDF de anexos";"ICMS 47/2021) 2937.23.49 2937.23.21 Etinilestradiol 0,03 mg/ml+ Levonorgestrel 0,15 mg/ml 3006.60.00 Nova Redação dada ao Item 175 pelo Decreto 41.021/2021, efeitos a partir de 1º.06.2021."
30066000;I;isencao;"RICMS/SE — Anexo I, pág. 181 do PDF de anexos";"ICMS 47/2021) 2937.23.99 Enantato de noretisterona 50 mg/ml + Valerato estradiol de 5 mg/ml 3006.60.00 Nova Redação dada ao Item 183 pelo Decreto 41.021/2021, efeitos a partir de 1º.06.2021."
29350092;I;isencao;"RICMS/SE — Anexo I, pág. 181 do PDF de anexos";"ICMS 145/2013) 2935.00.92 Glibenclamida 5 mg 3004.90.79 177 Hidroclorotiazida (Conv."
29350029;I;isencao;"RICMS/SE — Anexo I, pág. 183 do PDF de anexos";"ICMS 132/2019) 2935.00.29 Acetazolamida 250mg (comprimido) 3003.90.89/ 3004.90.79 Acrescentado o item 199 pelo Decreto nº 40.449/2019, efeitos a partir de 1°.09.2019. 200 Alfataliglicerase (Conv."
29332999;I;isencao;"RICMS/SE — Anexo I, pág. 190 do PDF de anexos";"ICMS 218 /2021) Efavirenz 2933.29.99 200 mg - Cápsulagelatinosa dura 600 mg - Comprimidorevestido 30 mg/ml Solução oral - Frasco 3003.90.88 3004.90.78 Acrescentado o Item 248 pelo Decreto 412/2023, efeitos a partir de 11.09.2023. 249 (Conv."
29339946;I;isencao;"RICMS/SE — Anexo I, pág. 181 do PDF de anexos";"ICMS 145/2013) 2933.99.46 Maleato de enalapril 10 mg 3004.90.69 180 Maleato de timolol (Conv."
29349992;I;isencao;"RICMS/SE — Anexo I, pág. 181 do PDF de anexos";"ICMS 145/2013) 2934.99.92 Maleato de timolol 2,5 mg 3004.90.77 Maleato de timolol 5 mg 3004.90.77 181 Noretisterona (Conv."
30049077;I;isencao;"RICMS/SE — Anexo I, pág. 181 do PDF de anexos";"ICMS 145/2013) 2934.99.92 Maleato de timolol 2,5 mg 3004.90.77 Maleato de timolol 5 mg 3004.90.77 181 Noretisterona (Conv."
29372399;I;isencao;"RICMS/SE — Anexo I, pág. 181 do PDF de anexos";"ICMS 47/2021) 2937.23.99 Enantato de noretisterona 50 mg/ml + Valerato estradiol de 5 mg/ml 3006.60.00 Nova Redação dada ao Item 183 pelo Decreto 41.021/2021, efeitos a partir de 1º.06.2021."
29061990;I;isencao;"RICMS/SE — Anexo I, pág. 184 do PDF de anexos";"ICMS 132/2019) 2935.00.99 Brinzolamida 10 mg/ml solução oftálmica (frasco 5ml) 3003.90.89/ 3004.90.79 Acrescentado o item 204 pelo Decreto nº 40.449/2019, efeitos a partir de 1°.09.2019. 205 Calcipotriol 2906.19.90 Calcipotriol 50mcg/g pomoda (bisnaga 30g) 3003.90.99/ 3004.90.99 Acrescentado o item "
29242939;I;isencao;"RICMS/SE — Anexo I, pág. 184 do PDF de anexos";"ICMS 132/2019) 2924.29.39 Daclatasvir 30mg (por comprimido revestido) 3003.90.29/ 3004.90.19 Daclatasvir 60mg (por comprimido revestido) Acrescentado o item 208 pelo Decreto nº 40.449/2019, efeitos a partir de 1°.09.2019. 209 Dorzolamida (Conv."
29189940;I;isencao;"RICMS/SE — Anexo I, pág. 184 do PDF de anexos";"ICMS 132/2019) 2918.99.40 Naproxeno 250mg (comprimido) 3003.90.39/ 3004.90.29 Naproxeno 500mg (comprimido) Acrescentado o item 213 pelo Decreto nº 40.449/2019, efeitos a partir de 1°.09.2019. 214 Pilocarpina (Conv."
29399931;I;isencao;"RICMS/SE — Anexo I, pág. 184 do PDF de anexos";"ICMS 132/2019) 2939.99.31 Pilocarpina 20mg/ml (frasco 10ml) 3003.40.20/ 3004.40.20 Acrescentado o item 214 pelo Decreto nº 40.449/2019, efeitos a partir de 1°.09.2019. 215 Simeprevir (Conv."
30034020;I;isencao;"RICMS/SE — Anexo I, pág. 184 do PDF de anexos";"ICMS 132/2019) 2939.99.31 Pilocarpina 20mg/ml (frasco 10ml) 3003.40.20/ 3004.40.20 Acrescentado o item 214 pelo Decreto nº 40.449/2019, efeitos a partir de 1°.09.2019. 215 Simeprevir (Conv."
30044020;I;isencao;"RICMS/SE — Anexo I, pág. 184 do PDF de anexos";"ICMS 132/2019) 2939.99.31 Pilocarpina 20mg/ml (frasco 10ml) 3003.40.20/ 3004.40.20 Acrescentado o item 214 pelo Decreto nº 40.449/2019, efeitos a partir de 1°.09.2019. 215 Simeprevir (Conv."
30049014;I;isencao;"RICMS/SE — Anexo I, pág. 186 do PDF de anexos";"ICMS 47/2021) 3507.90.39 Idursulfase Alfa 2mg/ml solução injetável (frasco com 3ml) 3004.90.14 3004.90.99 Acrescentado o Item 227 pelo Decreto 41.021/2021, efeitos a partir de 1º.06.2021. 228 Furamato de Dimetila (Conv."
29171930;I;isencao;"RICMS/SE — Anexo I, pág. 186 do PDF de anexos";"ICMS 47/2021) 2917.19.30 Fumarato de Dimetila 120mg, capsula liberação retardada 3004.90.29 Fumarato de Dimetila 240mg, capsula liberação retardada Acrescentado o Item 228 pelo Decreto 41.021/2021, efeitos a partir de 1º.06.2021. 229 Laronidase (Conv."
29359029;I;isencao;"RICMS/SE — Anexo I, pág. 190 do PDF de anexos";"ICMS 218/2021) Darunavir 2935.90.29 75 mg – comprimido 150 mg – comprimido 600 mg – comprimido 800 mg - comprimido 3003.90.89 3004.90.79 Acrescentado o Item 246 pelo Decreto 412/2023, efeitos a partir de 11.09.2023. 247 (Conv."
29335929;I;isencao;"RICMS/SE — Anexo I, pág. 190 do PDF de anexos";"ICMS 218/2021) Etravirina 2933.59.29 100 mg – comprimido 200 mg - comprimido 3003.90.79 3004.90.69 Acrescentado o Item 252 pelo Decreto 412/2023, efeitos a partir de 11.09.2023. 253 (Conv."
29359099;I;isencao;"RICMS/SE — Anexo I, pág. 191 do PDF de anexos";"ICMS 218/ 2021 ) Tipranavir 2935.90.99 100 mg/ml Solução oral – frasco 250 mg - Cápsulagelatinosa mole 3003.90.88 3004.90.78 Acrescentado o Item 264 pelo Decreto 412/2023, efeitos a partir de 11.09.2023. 265 (Conv."
29221999;I;isencao;"RICMS/SE — Anexo I, pág. 192 do PDF de anexos";"ICMS 218/2021) Antimoniato de Meglumina 2922.19.99 300 mg/ml - Soluçãoinjetável 3004.90.39 Acrescentado o Item 266 pelo Decreto 412/2023, efeitos a partir de 11.09.2023. 267 (Conv."
30019010;I;isencao;"RICMS/SE — Anexo I, pág. 192 do PDF de anexos";"ICMS 92/2023) HeparinaSódica 3001.90.10 5.000 unidadesinternacionais/0,2 5 mL - soluçãoinjetável 3003.90.99 3004.90.99 ContendoHeparin a Acrescentado o Item 271 pelo Decreto 412/2023, efeitos a partir de 1°.01.2024. 272 (Conv."
29398000;I;isencao;"RICMS/SE — Anexo I, pág. 192 do PDF de anexos";"ICMS 92/2023) Dapagliflozina 2939.80.00 10 mg - comprimidooucomprimidor evestido 3003.90.69 3004.90.59 Acrescentado o Item 272 pelo Decreto 412/2023, efeitos a partir de 1°.01.2024. 273 (Conv."
22071010;I;isencao;"RICMS/SE — Anexo I, pág. 207 do PDF de anexos";"IV - Álcool Extra Neutro em conformidade com a Nomenclatura Comum do Mercosul nº 2207.10.10;"
39233000;I;isencao;"RICMS/SE — Anexo I, pág. 207 do PDF de anexos";"VIII - Frasco Álcool Líquido em conformidade com a Nomenclatura Comum do Mercosul nº 3923.30.00;"
39235000;I;isencao;"RICMS/SE — Anexo I, pág. 207 do PDF de anexos";"IX - Tampa Fliptop em conformidade com a Nomenclatura Comum do Mercosul nº 3923.50.00;"
29053200;I;isencao;"RICMS/SE — Anexo I, pág. 207 do PDF de anexos";"XI - Propilenoglicol em conformidade com a Nomenclatura Comum do Mercosul 2905.32.00;"
73071920;II;reducao;"RICMS/SE — Anexo II, pág. 215 do PDF de anexos";"ITEM ITEM / SUBITEM / DISCRIMINAÇÃO (Convêncio ICMS 89/09) DESCRIÇÃO NCM/SH 1 Cabeça de poço para perfuração de poços de petróleo 7307.19.20 2 Ferramentas de embutir, de estampar ou de puncionar 8207.30.00 3 Brocas 8207.19.00 4 CALDEIRAS DE VAPOR, SEUS APARELHOS AUXILIARES E GERADORES DE GÁS 4.1 Cal"
82073000;II;reducao;"RICMS/SE — Anexo II, pág. 215 do PDF de anexos";"ITEM ITEM / SUBITEM / DISCRIMINAÇÃO (Convêncio ICMS 89/09) DESCRIÇÃO NCM/SH 1 Cabeça de poço para perfuração de poços de petróleo 7307.19.20 2 Ferramentas de embutir, de estampar ou de puncionar 8207.30.00 3 Brocas 8207.19.00 4 CALDEIRAS DE VAPOR, SEUS APARELHOS AUXILIARES E GERADORES DE GÁS 4.1 Cal"
82071900;II;reducao;"RICMS/SE — Anexo II, pág. 215 do PDF de anexos";"ITEM ITEM / SUBITEM / DISCRIMINAÇÃO (Convêncio ICMS 89/09) DESCRIÇÃO NCM/SH 1 Cabeça de poço para perfuração de poços de petróleo 7307.19.20 2 Ferramentas de embutir, de estampar ou de puncionar 8207.30.00 3 Brocas 8207.19.00 4 CALDEIRAS DE VAPOR, SEUS APARELHOS AUXILIARES E GERADORES DE GÁS 4.1 Cal"
84021100;II;reducao;"RICMS/SE — Anexo II, pág. 215 do PDF de anexos";"ITEM ITEM / SUBITEM / DISCRIMINAÇÃO (Convêncio ICMS 89/09) DESCRIÇÃO NCM/SH 1 Cabeça de poço para perfuração de poços de petróleo 7307.19.20 2 Ferramentas de embutir, de estampar ou de puncionar 8207.30.00 3 Brocas 8207.19.00 4 CALDEIRAS DE VAPOR, SEUS APARELHOS AUXILIARES E GERADORES DE GÁS 4.1 Cal"
84021200;II;reducao;"RICMS/SE — Anexo II, pág. 215 do PDF de anexos";"ITEM ITEM / SUBITEM / DISCRIMINAÇÃO (Convêncio ICMS 89/09) DESCRIÇÃO NCM/SH 1 Cabeça de poço para perfuração de poços de petróleo 7307.19.20 2 Ferramentas de embutir, de estampar ou de puncionar 8207.30.00 3 Brocas 8207.19.00 4 CALDEIRAS DE VAPOR, SEUS APARELHOS AUXILIARES E GERADORES DE GÁS 4.1 Cal"
84021900;II;reducao;"RICMS/SE — Anexo II, pág. 215 do PDF de anexos";"ITEM ITEM / SUBITEM / DISCRIMINAÇÃO (Convêncio ICMS 89/09) DESCRIÇÃO NCM/SH 1 Cabeça de poço para perfuração de poços de petróleo 7307.19.20 2 Ferramentas de embutir, de estampar ou de puncionar 8207.30.00 3 Brocas 8207.19.00 4 CALDEIRAS DE VAPOR, SEUS APARELHOS AUXILIARES E GERADORES DE GÁS 4.1 Cal"
84022000;II;reducao;"RICMS/SE — Anexo II, pág. 215 do PDF de anexos";"ITEM ITEM / SUBITEM / DISCRIMINAÇÃO (Convêncio ICMS 89/09) DESCRIÇÃO NCM/SH 1 Cabeça de poço para perfuração de poços de petróleo 7307.19.20 2 Ferramentas de embutir, de estampar ou de puncionar 8207.30.00 3 Brocas 8207.19.00 4 CALDEIRAS DE VAPOR, SEUS APARELHOS AUXILIARES E GERADORES DE GÁS 4.1 Cal"
84041010;II;reducao;"RICMS/SE — Anexo II, pág. 215 do PDF de anexos";"ITEM ITEM / SUBITEM / DISCRIMINAÇÃO (Convêncio ICMS 89/09) DESCRIÇÃO NCM/SH 1 Cabeça de poço para perfuração de poços de petróleo 7307.19.20 2 Ferramentas de embutir, de estampar ou de puncionar 8207.30.00 3 Brocas 8207.19.00 4 CALDEIRAS DE VAPOR, SEUS APARELHOS AUXILIARES E GERADORES DE GÁS 4.1 Cal"
84042000;II;reducao;"RICMS/SE — Anexo II, pág. 215 do PDF de anexos";"ITEM ITEM / SUBITEM / DISCRIMINAÇÃO (Convêncio ICMS 89/09) DESCRIÇÃO NCM/SH 1 Cabeça de poço para perfuração de poços de petróleo 7307.19.20 2 Ferramentas de embutir, de estampar ou de puncionar 8207.30.00 3 Brocas 8207.19.00 4 CALDEIRAS DE VAPOR, SEUS APARELHOS AUXILIARES E GERADORES DE GÁS 4.1 Cal"
84051000;II;reducao;"RICMS/SE — Anexo II, pág. 215 do PDF de anexos";"ITEM ITEM / SUBITEM / DISCRIMINAÇÃO (Convêncio ICMS 89/09) DESCRIÇÃO NCM/SH 1 Cabeça de poço para perfuração de poços de petróleo 7307.19.20 2 Ferramentas de embutir, de estampar ou de puncionar 8207.30.00 3 Brocas 8207.19.00 4 CALDEIRAS DE VAPOR, SEUS APARELHOS AUXILIARES E GERADORES DE GÁS 4.1 Cal"
84061000;II;reducao;"RICMS/SE — Anexo II, pág. 215 do PDF de anexos";"ITEM ITEM / SUBITEM / DISCRIMINAÇÃO (Convêncio ICMS 89/09) DESCRIÇÃO NCM/SH 1 Cabeça de poço para perfuração de poços de petróleo 7307.19.20 2 Ferramentas de embutir, de estampar ou de puncionar 8207.30.00 3 Brocas 8207.19.00 4 CALDEIRAS DE VAPOR, SEUS APARELHOS AUXILIARES E GERADORES DE GÁS 4.1 Cal"
84068100;II;reducao;"RICMS/SE — Anexo II, pág. 215 do PDF de anexos";"ITEM ITEM / SUBITEM / DISCRIMINAÇÃO (Convêncio ICMS 89/09) DESCRIÇÃO NCM/SH 1 Cabeça de poço para perfuração de poços de petróleo 7307.19.20 2 Ferramentas de embutir, de estampar ou de puncionar 8207.30.00 3 Brocas 8207.19.00 4 CALDEIRAS DE VAPOR, SEUS APARELHOS AUXILIARES E GERADORES DE GÁS 4.1 Cal"
84068200;II;reducao;"RICMS/SE — Anexo II, pág. 215 do PDF de anexos";"ITEM ITEM / SUBITEM / DISCRIMINAÇÃO (Convêncio ICMS 89/09) DESCRIÇÃO NCM/SH 1 Cabeça de poço para perfuração de poços de petróleo 7307.19.20 2 Ferramentas de embutir, de estampar ou de puncionar 8207.30.00 3 Brocas 8207.19.00 4 CALDEIRAS DE VAPOR, SEUS APARELHOS AUXILIARES E GERADORES DE GÁS 4.1 Cal"
84101100;II;reducao;"RICMS/SE — Anexo II, pág. 215 do PDF de anexos";"ITEM ITEM / SUBITEM / DISCRIMINAÇÃO (Convêncio ICMS 89/09) DESCRIÇÃO NCM/SH 1 Cabeça de poço para perfuração de poços de petróleo 7307.19.20 2 Ferramentas de embutir, de estampar ou de puncionar 8207.30.00 3 Brocas 8207.19.00 4 CALDEIRAS DE VAPOR, SEUS APARELHOS AUXILIARES E GERADORES DE GÁS 4.1 Cal"
84101200;II;reducao;"RICMS/SE — Anexo II, pág. 215 do PDF de anexos";"ITEM ITEM / SUBITEM / DISCRIMINAÇÃO (Convêncio ICMS 89/09) DESCRIÇÃO NCM/SH 1 Cabeça de poço para perfuração de poços de petróleo 7307.19.20 2 Ferramentas de embutir, de estampar ou de puncionar 8207.30.00 3 Brocas 8207.19.00 4 CALDEIRAS DE VAPOR, SEUS APARELHOS AUXILIARES E GERADORES DE GÁS 4.1 Cal"
84101300;II;reducao;"RICMS/SE — Anexo II, pág. 215 do PDF de anexos";"ITEM ITEM / SUBITEM / DISCRIMINAÇÃO (Convêncio ICMS 89/09) DESCRIÇÃO NCM/SH 1 Cabeça de poço para perfuração de poços de petróleo 7307.19.20 2 Ferramentas de embutir, de estampar ou de puncionar 8207.30.00 3 Brocas 8207.19.00 4 CALDEIRAS DE VAPOR, SEUS APARELHOS AUXILIARES E GERADORES DE GÁS 4.1 Cal"
84109000;II;reducao;"RICMS/SE — Anexo II, pág. 215 do PDF de anexos";"ITEM ITEM / SUBITEM / DISCRIMINAÇÃO (Convêncio ICMS 89/09) DESCRIÇÃO NCM/SH 1 Cabeça de poço para perfuração de poços de petróleo 7307.19.20 2 Ferramentas de embutir, de estampar ou de puncionar 8207.30.00 3 Brocas 8207.19.00 4 CALDEIRAS DE VAPOR, SEUS APARELHOS AUXILIARES E GERADORES DE GÁS 4.1 Cal"
84128000;II;reducao;"RICMS/SE — Anexo II, pág. 215 do PDF de anexos";"ITEM ITEM / SUBITEM / DISCRIMINAÇÃO (Convêncio ICMS 89/09) DESCRIÇÃO NCM/SH 1 Cabeça de poço para perfuração de poços de petróleo 7307.19.20 2 Ferramentas de embutir, de estampar ou de puncionar 8207.30.00 3 Brocas 8207.19.00 4 CALDEIRAS DE VAPOR, SEUS APARELHOS AUXILIARES E GERADORES DE GÁS 4.1 Cal"
84137010;II;reducao;"RICMS/SE — Anexo II, pág. 215 do PDF de anexos";"ITEM ITEM / SUBITEM / DISCRIMINAÇÃO (Convêncio ICMS 89/09) DESCRIÇÃO NCM/SH 1 Cabeça de poço para perfuração de poços de petróleo 7307.19.20 2 Ferramentas de embutir, de estampar ou de puncionar 8207.30.00 3 Brocas 8207.19.00 4 CALDEIRAS DE VAPOR, SEUS APARELHOS AUXILIARES E GERADORES DE GÁS 4.1 Cal"
84137080;II;reducao;"RICMS/SE — Anexo II, pág. 215 do PDF de anexos";"ITEM ITEM / SUBITEM / DISCRIMINAÇÃO (Convêncio ICMS 89/09) DESCRIÇÃO NCM/SH 1 Cabeça de poço para perfuração de poços de petróleo 7307.19.20 2 Ferramentas de embutir, de estampar ou de puncionar 8207.30.00 3 Brocas 8207.19.00 4 CALDEIRAS DE VAPOR, SEUS APARELHOS AUXILIARES E GERADORES DE GÁS 4.1 Cal"
84137090;II;reducao;"RICMS/SE — Anexo II, pág. 216 do PDF de anexos";"10.3 Outras bombas centrífugas 8413.70.90 11 COMPRESSORES DE AR OU DE OUTROS GASES 11.1 Compressores de ar de parafuso 8414.80.12 11.2 Compressores de ar de lóbulos paralelos (tipo 'Roots') 8414.80.13 11.3 Outros compressores inclusive de anel líquido 8414.80.19 11.4 Compressores de gases, exceto ar"
84148012;II;reducao;"RICMS/SE — Anexo II, pág. 216 do PDF de anexos";"10.3 Outras bombas centrífugas 8413.70.90 11 COMPRESSORES DE AR OU DE OUTROS GASES 11.1 Compressores de ar de parafuso 8414.80.12 11.2 Compressores de ar de lóbulos paralelos (tipo 'Roots') 8414.80.13 11.3 Outros compressores inclusive de anel líquido 8414.80.19 11.4 Compressores de gases, exceto ar"
84148013;II;reducao;"RICMS/SE — Anexo II, pág. 216 do PDF de anexos";"10.3 Outras bombas centrífugas 8413.70.90 11 COMPRESSORES DE AR OU DE OUTROS GASES 11.1 Compressores de ar de parafuso 8414.80.12 11.2 Compressores de ar de lóbulos paralelos (tipo 'Roots') 8414.80.13 11.3 Outros compressores inclusive de anel líquido 8414.80.19 11.4 Compressores de gases, exceto ar"
84148019;II;reducao;"RICMS/SE — Anexo II, pág. 216 do PDF de anexos";"10.3 Outras bombas centrífugas 8413.70.90 11 COMPRESSORES DE AR OU DE OUTROS GASES 11.1 Compressores de ar de parafuso 8414.80.12 11.2 Compressores de ar de lóbulos paralelos (tipo 'Roots') 8414.80.13 11.3 Outros compressores inclusive de anel líquido 8414.80.19 11.4 Compressores de gases, exceto ar"
84148031;II;reducao;"RICMS/SE — Anexo II, pág. 216 do PDF de anexos";"10.3 Outras bombas centrífugas 8413.70.90 11 COMPRESSORES DE AR OU DE OUTROS GASES 11.1 Compressores de ar de parafuso 8414.80.12 11.2 Compressores de ar de lóbulos paralelos (tipo 'Roots') 8414.80.13 11.3 Outros compressores inclusive de anel líquido 8414.80.19 11.4 Compressores de gases, exceto ar"
84148032;II;reducao;"RICMS/SE — Anexo II, pág. 216 do PDF de anexos";"10.3 Outras bombas centrífugas 8413.70.90 11 COMPRESSORES DE AR OU DE OUTROS GASES 11.1 Compressores de ar de parafuso 8414.80.12 11.2 Compressores de ar de lóbulos paralelos (tipo 'Roots') 8414.80.13 11.3 Outros compressores inclusive de anel líquido 8414.80.19 11.4 Compressores de gases, exceto ar"
84148033;II;reducao;"RICMS/SE — Anexo II, pág. 216 do PDF de anexos";"10.3 Outras bombas centrífugas 8413.70.90 11 COMPRESSORES DE AR OU DE OUTROS GASES 11.1 Compressores de ar de parafuso 8414.80.12 11.2 Compressores de ar de lóbulos paralelos (tipo 'Roots') 8414.80.13 11.3 Outros compressores inclusive de anel líquido 8414.80.19 11.4 Compressores de gases, exceto ar"
84148038;II;reducao;"RICMS/SE — Anexo II, pág. 216 do PDF de anexos";"10.3 Outras bombas centrífugas 8413.70.90 11 COMPRESSORES DE AR OU DE OUTROS GASES 11.1 Compressores de ar de parafuso 8414.80.12 11.2 Compressores de ar de lóbulos paralelos (tipo 'Roots') 8414.80.13 11.3 Outros compressores inclusive de anel líquido 8414.80.19 11.4 Compressores de gases, exceto ar"
84148039;II;reducao;"RICMS/SE — Anexo II, pág. 216 do PDF de anexos";"10.3 Outras bombas centrífugas 8413.70.90 11 COMPRESSORES DE AR OU DE OUTROS GASES 11.1 Compressores de ar de parafuso 8414.80.12 11.2 Compressores de ar de lóbulos paralelos (tipo 'Roots') 8414.80.13 11.3 Outros compressores inclusive de anel líquido 8414.80.19 11.4 Compressores de gases, exceto ar"
84161000;II;reducao;"RICMS/SE — Anexo II, pág. 216 do PDF de anexos";"FORNALHAS AUTOMÁTICAS, INCLUÍDOS AS ANTEFORNALHAS, GRELHAS MECÂNICAS, DESCARREGADORES MECÂNICOS DE CINZAS E DISPOSITIVOS SEMELHANTES 12.1 Queimadores de combustíveis líquidos 8416.10.00 12.2 Outros queimadores, incluídos os mistos, de gases 8416.20.10 12.3 Outros queimadores, inclusive de carvão pul"
84162010;II;reducao;"RICMS/SE — Anexo II, pág. 216 do PDF de anexos";"FORNALHAS AUTOMÁTICAS, INCLUÍDOS AS ANTEFORNALHAS, GRELHAS MECÂNICAS, DESCARREGADORES MECÂNICOS DE CINZAS E DISPOSITIVOS SEMELHANTES 12.1 Queimadores de combustíveis líquidos 8416.10.00 12.2 Outros queimadores, incluídos os mistos, de gases 8416.20.10 12.3 Outros queimadores, inclusive de carvão pul"
84162090;II;reducao;"RICMS/SE — Anexo II, pág. 216 do PDF de anexos";"FORNALHAS AUTOMÁTICAS, INCLUÍDOS AS ANTEFORNALHAS, GRELHAS MECÂNICAS, DESCARREGADORES MECÂNICOS DE CINZAS E DISPOSITIVOS SEMELHANTES 12.1 Queimadores de combustíveis líquidos 8416.10.00 12.2 Outros queimadores, incluídos os mistos, de gases 8416.20.10 12.3 Outros queimadores, inclusive de carvão pul"
84163000;II;reducao;"RICMS/SE — Anexo II, pág. 216 do PDF de anexos";"FORNALHAS AUTOMÁTICAS, INCLUÍDOS AS ANTEFORNALHAS, GRELHAS MECÂNICAS, DESCARREGADORES MECÂNICOS DE CINZAS E DISPOSITIVOS SEMELHANTES 12.1 Queimadores de combustíveis líquidos 8416.10.00 12.2 Outros queimadores, incluídos os mistos, de gases 8416.20.10 12.3 Outros queimadores, inclusive de carvão pul"
84169000;II;reducao;"RICMS/SE — Anexo II, pág. 216 do PDF de anexos";"FORNALHAS AUTOMÁTICAS, INCLUÍDOS AS ANTEFORNALHAS, GRELHAS MECÂNICAS, DESCARREGADORES MECÂNICOS DE CINZAS E DISPOSITIVOS SEMELHANTES 12.1 Queimadores de combustíveis líquidos 8416.10.00 12.2 Outros queimadores, incluídos os mistos, de gases 8416.20.10 12.3 Outros queimadores, inclusive de carvão pul"
84171010;II;reducao;"RICMS/SE — Anexo II, pág. 216 do PDF de anexos";"FORNALHAS AUTOMÁTICAS, INCLUÍDOS AS ANTEFORNALHAS, GRELHAS MECÂNICAS, DESCARREGADORES MECÂNICOS DE CINZAS E DISPOSITIVOS SEMELHANTES 12.1 Queimadores de combustíveis líquidos 8416.10.00 12.2 Outros queimadores, incluídos os mistos, de gases 8416.20.10 12.3 Outros queimadores, inclusive de carvão pul"
84171020;II;reducao;"RICMS/SE — Anexo II, pág. 216 do PDF de anexos";"FORNALHAS AUTOMÁTICAS, INCLUÍDOS AS ANTEFORNALHAS, GRELHAS MECÂNICAS, DESCARREGADORES MECÂNICOS DE CINZAS E DISPOSITIVOS SEMELHANTES 12.1 Queimadores de combustíveis líquidos 8416.10.00 12.2 Outros queimadores, incluídos os mistos, de gases 8416.20.10 12.3 Outros queimadores, inclusive de carvão pul"
84171090;II;reducao;"RICMS/SE — Anexo II, pág. 216 do PDF de anexos";"FORNALHAS AUTOMÁTICAS, INCLUÍDOS AS ANTEFORNALHAS, GRELHAS MECÂNICAS, DESCARREGADORES MECÂNICOS DE CINZAS E DISPOSITIVOS SEMELHANTES 12.1 Queimadores de combustíveis líquidos 8416.10.00 12.2 Outros queimadores, incluídos os mistos, de gases 8416.20.10 12.3 Outros queimadores, inclusive de carvão pul"
84172000;II;reducao;"RICMS/SE — Anexo II, pág. 216 do PDF de anexos";"FORNALHAS AUTOMÁTICAS, INCLUÍDOS AS ANTEFORNALHAS, GRELHAS MECÂNICAS, DESCARREGADORES MECÂNICOS DE CINZAS E DISPOSITIVOS SEMELHANTES 12.1 Queimadores de combustíveis líquidos 8416.10.00 12.2 Outros queimadores, incluídos os mistos, de gases 8416.20.10 12.3 Outros queimadores, inclusive de carvão pul"
84178010;II;reducao;"RICMS/SE — Anexo II, pág. 216 do PDF de anexos";"FORNALHAS AUTOMÁTICAS, INCLUÍDOS AS ANTEFORNALHAS, GRELHAS MECÂNICAS, DESCARREGADORES MECÂNICOS DE CINZAS E DISPOSITIVOS SEMELHANTES 12.1 Queimadores de combustíveis líquidos 8416.10.00 12.2 Outros queimadores, incluídos os mistos, de gases 8416.20.10 12.3 Outros queimadores, inclusive de carvão pul"
84178090;II;reducao;"RICMS/SE — Anexo II, pág. 216 do PDF de anexos";"FORNALHAS AUTOMÁTICAS, INCLUÍDOS AS ANTEFORNALHAS, GRELHAS MECÂNICAS, DESCARREGADORES MECÂNICOS DE CINZAS E DISPOSITIVOS SEMELHANTES 12.1 Queimadores de combustíveis líquidos 8416.10.00 12.2 Outros queimadores, incluídos os mistos, de gases 8416.20.10 12.3 Outros queimadores, inclusive de carvão pul"
84193200;II;reducao;"RICMS/SE — Anexo II, pág. 216 do PDF de anexos";"AQUECEDORES DE ÁGUA NÃO ELÉTRICOS, DE AQUECIMENTO INSTANTÂNEO OU DE ACUMULAÇÃO 15.1 Secadores para madeiras, pastas de papel, papéis ou cartões 8419.32.00 15.2 Outros secadores exceto para produtos agrícolas 8419.39.00 15.3 Aparelhos de destilação de água 8419.40.10 15.4 Aparelhos de destilação ou r"
84193900;II;reducao;"RICMS/SE — Anexo II, pág. 216 do PDF de anexos";"AQUECEDORES DE ÁGUA NÃO ELÉTRICOS, DE AQUECIMENTO INSTANTÂNEO OU DE ACUMULAÇÃO 15.1 Secadores para madeiras, pastas de papel, papéis ou cartões 8419.32.00 15.2 Outros secadores exceto para produtos agrícolas 8419.39.00 15.3 Aparelhos de destilação de água 8419.40.10 15.4 Aparelhos de destilação ou r"
84194010;II;reducao;"RICMS/SE — Anexo II, pág. 216 do PDF de anexos";"AQUECEDORES DE ÁGUA NÃO ELÉTRICOS, DE AQUECIMENTO INSTANTÂNEO OU DE ACUMULAÇÃO 15.1 Secadores para madeiras, pastas de papel, papéis ou cartões 8419.32.00 15.2 Outros secadores exceto para produtos agrícolas 8419.39.00 15.3 Aparelhos de destilação de água 8419.40.10 15.4 Aparelhos de destilação ou r"
84194020;II;reducao;"RICMS/SE — Anexo II, pág. 216 do PDF de anexos";"AQUECEDORES DE ÁGUA NÃO ELÉTRICOS, DE AQUECIMENTO INSTANTÂNEO OU DE ACUMULAÇÃO 15.1 Secadores para madeiras, pastas de papel, papéis ou cartões 8419.32.00 15.2 Outros secadores exceto para produtos agrícolas 8419.39.00 15.3 Aparelhos de destilação de água 8419.40.10 15.4 Aparelhos de destilação ou r"
84194090;II;reducao;"RICMS/SE — Anexo II, pág. 217 do PDF de anexos";"ou de hidrocarbonetos 15.5 Outros aparelhos de destilação ou de retificação 8419.40.90 15.6 Trocadores de calor de placas 8419.50.10 15.7 Trocadores de calor tubulares metálicos 8419.50.21 15.8 Trocadores de calor tubulares de grafite 8419.50.22 15.9 Outros trocadores de calor tubulares 8419.50.29 1"
84195010;II;reducao;"RICMS/SE — Anexo II, pág. 217 do PDF de anexos";"ou de hidrocarbonetos 15.5 Outros aparelhos de destilação ou de retificação 8419.40.90 15.6 Trocadores de calor de placas 8419.50.10 15.7 Trocadores de calor tubulares metálicos 8419.50.21 15.8 Trocadores de calor tubulares de grafite 8419.50.22 15.9 Outros trocadores de calor tubulares 8419.50.29 1"
84195021;II;reducao;"RICMS/SE — Anexo II, pág. 217 do PDF de anexos";"ou de hidrocarbonetos 15.5 Outros aparelhos de destilação ou de retificação 8419.40.90 15.6 Trocadores de calor de placas 8419.50.10 15.7 Trocadores de calor tubulares metálicos 8419.50.21 15.8 Trocadores de calor tubulares de grafite 8419.50.22 15.9 Outros trocadores de calor tubulares 8419.50.29 1"
84195022;II;reducao;"RICMS/SE — Anexo II, pág. 217 do PDF de anexos";"ou de hidrocarbonetos 15.5 Outros aparelhos de destilação ou de retificação 8419.40.90 15.6 Trocadores de calor de placas 8419.50.10 15.7 Trocadores de calor tubulares metálicos 8419.50.21 15.8 Trocadores de calor tubulares de grafite 8419.50.22 15.9 Outros trocadores de calor tubulares 8419.50.29 1"
84195029;II;reducao;"RICMS/SE — Anexo II, pág. 217 do PDF de anexos";"ou de hidrocarbonetos 15.5 Outros aparelhos de destilação ou de retificação 8419.40.90 15.6 Trocadores de calor de placas 8419.50.10 15.7 Trocadores de calor tubulares metálicos 8419.50.21 15.8 Trocadores de calor tubulares de grafite 8419.50.22 15.9 Outros trocadores de calor tubulares 8419.50.29 1"
84195090;II;reducao;"RICMS/SE — Anexo II, pág. 217 do PDF de anexos";"ou de hidrocarbonetos 15.5 Outros aparelhos de destilação ou de retificação 8419.40.90 15.6 Trocadores de calor de placas 8419.50.10 15.7 Trocadores de calor tubulares metálicos 8419.50.21 15.8 Trocadores de calor tubulares de grafite 8419.50.22 15.9 Outros trocadores de calor tubulares 8419.50.29 1"
84196000;II;reducao;"RICMS/SE — Anexo II, pág. 217 do PDF de anexos";"ou de hidrocarbonetos 15.5 Outros aparelhos de destilação ou de retificação 8419.40.90 15.6 Trocadores de calor de placas 8419.50.10 15.7 Trocadores de calor tubulares metálicos 8419.50.21 15.8 Trocadores de calor tubulares de grafite 8419.50.22 15.9 Outros trocadores de calor tubulares 8419.50.29 1"
84198110;II;reducao;"RICMS/SE — Anexo II, pág. 217 do PDF de anexos";"ou de hidrocarbonetos 15.5 Outros aparelhos de destilação ou de retificação 8419.40.90 15.6 Trocadores de calor de placas 8419.50.10 15.7 Trocadores de calor tubulares metálicos 8419.50.21 15.8 Trocadores de calor tubulares de grafite 8419.50.22 15.9 Outros trocadores de calor tubulares 8419.50.29 1"
84198190;II;reducao;"RICMS/SE — Anexo II, pág. 217 do PDF de anexos";"ou de hidrocarbonetos 15.5 Outros aparelhos de destilação ou de retificação 8419.40.90 15.6 Trocadores de calor de placas 8419.50.10 15.7 Trocadores de calor tubulares metálicos 8419.50.21 15.8 Trocadores de calor tubulares de grafite 8419.50.22 15.9 Outros trocadores de calor tubulares 8419.50.29 1"
84198911;II;reducao;"RICMS/SE — Anexo II, pág. 217 do PDF de anexos";"ou de hidrocarbonetos 15.5 Outros aparelhos de destilação ou de retificação 8419.40.90 15.6 Trocadores de calor de placas 8419.50.10 15.7 Trocadores de calor tubulares metálicos 8419.50.21 15.8 Trocadores de calor tubulares de grafite 8419.50.22 15.9 Outros trocadores de calor tubulares 8419.50.29 1"
84198919;II;reducao;"RICMS/SE — Anexo II, pág. 217 do PDF de anexos";"ou de hidrocarbonetos 15.5 Outros aparelhos de destilação ou de retificação 8419.40.90 15.6 Trocadores de calor de placas 8419.50.10 15.7 Trocadores de calor tubulares metálicos 8419.50.21 15.8 Trocadores de calor tubulares de grafite 8419.50.22 15.9 Outros trocadores de calor tubulares 8419.50.29 1"
84198920;II;reducao;"RICMS/SE — Anexo II, pág. 217 do PDF de anexos";"ou de hidrocarbonetos 15.5 Outros aparelhos de destilação ou de retificação 8419.40.90 15.6 Trocadores de calor de placas 8419.50.10 15.7 Trocadores de calor tubulares metálicos 8419.50.21 15.8 Trocadores de calor tubulares de grafite 8419.50.22 15.9 Outros trocadores de calor tubulares 8419.50.29 1"
84198930;II;reducao;"RICMS/SE — Anexo II, pág. 217 do PDF de anexos";"ou de hidrocarbonetos 15.5 Outros aparelhos de destilação ou de retificação 8419.40.90 15.6 Trocadores de calor de placas 8419.50.10 15.7 Trocadores de calor tubulares metálicos 8419.50.21 15.8 Trocadores de calor tubulares de grafite 8419.50.22 15.9 Outros trocadores de calor tubulares 8419.50.29 1"
84198940;II;reducao;"RICMS/SE — Anexo II, pág. 217 do PDF de anexos";"ou de hidrocarbonetos 15.5 Outros aparelhos de destilação ou de retificação 8419.40.90 15.6 Trocadores de calor de placas 8419.50.10 15.7 Trocadores de calor tubulares metálicos 8419.50.21 15.8 Trocadores de calor tubulares de grafite 8419.50.22 15.9 Outros trocadores de calor tubulares 8419.50.29 1"
84198999;II;reducao;"RICMS/SE — Anexo II, pág. 217 do PDF de anexos";"ou de hidrocarbonetos 15.5 Outros aparelhos de destilação ou de retificação 8419.40.90 15.6 Trocadores de calor de placas 8419.50.10 15.7 Trocadores de calor tubulares metálicos 8419.50.21 15.8 Trocadores de calor tubulares de grafite 8419.50.22 15.9 Outros trocadores de calor tubulares 8419.50.29 1"
84201010;II;reducao;"RICMS/SE — Anexo II, pág. 217 do PDF de anexos";"ou de hidrocarbonetos 15.5 Outros aparelhos de destilação ou de retificação 8419.40.90 15.6 Trocadores de calor de placas 8419.50.10 15.7 Trocadores de calor tubulares metálicos 8419.50.21 15.8 Trocadores de calor tubulares de grafite 8419.50.22 15.9 Outros trocadores de calor tubulares 8419.50.29 1"
84201090;II;reducao;"RICMS/SE — Anexo II, pág. 217 do PDF de anexos";"ou de hidrocarbonetos 15.5 Outros aparelhos de destilação ou de retificação 8419.40.90 15.6 Trocadores de calor de placas 8419.50.10 15.7 Trocadores de calor tubulares metálicos 8419.50.21 15.8 Trocadores de calor tubulares de grafite 8419.50.22 15.9 Outros trocadores de calor tubulares 8419.50.29 1"
84209100;II;reducao;"RICMS/SE — Anexo II, pág. 217 do PDF de anexos";"ou de hidrocarbonetos 15.5 Outros aparelhos de destilação ou de retificação 8419.40.90 15.6 Trocadores de calor de placas 8419.50.10 15.7 Trocadores de calor tubulares metálicos 8419.50.21 15.8 Trocadores de calor tubulares de grafite 8419.50.22 15.9 Outros trocadores de calor tubulares 8419.50.29 1"
84211110;II;reducao;"RICMS/SE — Anexo II, pág. 217 do PDF de anexos";"APARELHOS PARA FILTRAR OU DEPURAR LÍQUIDOS OU GASES 17.1 Desnatadeiras com capacidade de processamento de leite superior ou igual a 30.000 litros por hora 8421.11.10 17.2 Outras desnatadeiras 8421.11.90 17.3 Secadores de roupa para lavanderia, exceto as do código 8421.12.10 8421.12.90 17.4 Centrifug"
84211190;II;reducao;"RICMS/SE — Anexo II, pág. 217 do PDF de anexos";"APARELHOS PARA FILTRAR OU DEPURAR LÍQUIDOS OU GASES 17.1 Desnatadeiras com capacidade de processamento de leite superior ou igual a 30.000 litros por hora 8421.11.10 17.2 Outras desnatadeiras 8421.11.90 17.3 Secadores de roupa para lavanderia, exceto as do código 8421.12.10 8421.12.90 17.4 Centrifug"
84211210;II;reducao;"RICMS/SE — Anexo II, pág. 217 do PDF de anexos";"APARELHOS PARA FILTRAR OU DEPURAR LÍQUIDOS OU GASES 17.1 Desnatadeiras com capacidade de processamento de leite superior ou igual a 30.000 litros por hora 8421.11.10 17.2 Outras desnatadeiras 8421.11.90 17.3 Secadores de roupa para lavanderia, exceto as do código 8421.12.10 8421.12.90 17.4 Centrifug"
84211290;II;reducao;"RICMS/SE — Anexo II, pág. 217 do PDF de anexos";"APARELHOS PARA FILTRAR OU DEPURAR LÍQUIDOS OU GASES 17.1 Desnatadeiras com capacidade de processamento de leite superior ou igual a 30.000 litros por hora 8421.11.10 17.2 Outras desnatadeiras 8421.11.90 17.3 Secadores de roupa para lavanderia, exceto as do código 8421.12.10 8421.12.90 17.4 Centrifug"
84211910;II;reducao;"RICMS/SE — Anexo II, pág. 217 do PDF de anexos";"APARELHOS PARA FILTRAR OU DEPURAR LÍQUIDOS OU GASES 17.1 Desnatadeiras com capacidade de processamento de leite superior ou igual a 30.000 litros por hora 8421.11.10 17.2 Outras desnatadeiras 8421.11.90 17.3 Secadores de roupa para lavanderia, exceto as do código 8421.12.10 8421.12.90 17.4 Centrifug"
84211990;II;reducao;"RICMS/SE — Anexo II, pág. 217 do PDF de anexos";"APARELHOS PARA FILTRAR OU DEPURAR LÍQUIDOS OU GASES 17.1 Desnatadeiras com capacidade de processamento de leite superior ou igual a 30.000 litros por hora 8421.11.10 17.2 Outras desnatadeiras 8421.11.90 17.3 Secadores de roupa para lavanderia, exceto as do código 8421.12.10 8421.12.90 17.4 Centrifug"
84213990;II;reducao;"RICMS/SE — Anexo II, pág. 217 do PDF de anexos";"APARELHOS PARA FILTRAR OU DEPURAR LÍQUIDOS OU GASES 17.1 Desnatadeiras com capacidade de processamento de leite superior ou igual a 30.000 litros por hora 8421.11.10 17.2 Outras desnatadeiras 8421.11.90 17.3 Secadores de roupa para lavanderia, exceto as do código 8421.12.10 8421.12.90 17.4 Centrifug"
84222000;II;reducao;"RICMS/SE — Anexo II, pág. 217 do PDF de anexos";"MÁQUINAS E APARELHOS PARA EMPACOTAR OU EMBALAR MERCADORIAS 18.1 Máquinas e aparelhos para limpar ou secar garrafas e outros recipientes 8422.20.00 18.2 Máquinas e aparelhos para encher, fechar, capsular ou rotular garrafas 8422.30.10 18.3 Máquinas e aparelhos para encher caixas ou sacos com pó ou gr"
84223010;II;reducao;"RICMS/SE — Anexo II, pág. 217 do PDF de anexos";"MÁQUINAS E APARELHOS PARA EMPACOTAR OU EMBALAR MERCADORIAS 18.1 Máquinas e aparelhos para limpar ou secar garrafas e outros recipientes 8422.20.00 18.2 Máquinas e aparelhos para encher, fechar, capsular ou rotular garrafas 8422.30.10 18.3 Máquinas e aparelhos para encher caixas ou sacos com pó ou gr"
84223021;II;reducao;"RICMS/SE — Anexo II, pág. 217 do PDF de anexos";"MÁQUINAS E APARELHOS PARA EMPACOTAR OU EMBALAR MERCADORIAS 18.1 Máquinas e aparelhos para limpar ou secar garrafas e outros recipientes 8422.20.00 18.2 Máquinas e aparelhos para encher, fechar, capsular ou rotular garrafas 8422.30.10 18.3 Máquinas e aparelhos para encher caixas ou sacos com pó ou gr"
48115122;II;reducao;"RICMS/SE — Anexo II, pág. 217 do PDF de anexos";"MÁQUINAS E APARELHOS PARA EMPACOTAR OU EMBALAR MERCADORIAS 18.1 Máquinas e aparelhos para limpar ou secar garrafas e outros recipientes 8422.20.00 18.2 Máquinas e aparelhos para encher, fechar, capsular ou rotular garrafas 8422.30.10 18.3 Máquinas e aparelhos para encher caixas ou sacos com pó ou gr"
48115923;II;reducao;"RICMS/SE — Anexo II, pág. 217 do PDF de anexos";"MÁQUINAS E APARELHOS PARA EMPACOTAR OU EMBALAR MERCADORIAS 18.1 Máquinas e aparelhos para limpar ou secar garrafas e outros recipientes 8422.20.00 18.2 Máquinas e aparelhos para encher, fechar, capsular ou rotular garrafas 8422.30.10 18.3 Máquinas e aparelhos para encher caixas ou sacos com pó ou gr"
84223022;II;reducao;"RICMS/SE — Anexo II, pág. 217 do PDF de anexos";"MÁQUINAS E APARELHOS PARA EMPACOTAR OU EMBALAR MERCADORIAS 18.1 Máquinas e aparelhos para limpar ou secar garrafas e outros recipientes 8422.20.00 18.2 Máquinas e aparelhos para encher, fechar, capsular ou rotular garrafas 8422.30.10 18.3 Máquinas e aparelhos para encher caixas ou sacos com pó ou gr"
84223023;II;reducao;"RICMS/SE — Anexo II, pág. 217 do PDF de anexos";"MÁQUINAS E APARELHOS PARA EMPACOTAR OU EMBALAR MERCADORIAS 18.1 Máquinas e aparelhos para limpar ou secar garrafas e outros recipientes 8422.20.00 18.2 Máquinas e aparelhos para encher, fechar, capsular ou rotular garrafas 8422.30.10 18.3 Máquinas e aparelhos para encher caixas ou sacos com pó ou gr"
84223029;II;reducao;"RICMS/SE — Anexo II, pág. 217 do PDF de anexos";"MÁQUINAS E APARELHOS PARA EMPACOTAR OU EMBALAR MERCADORIAS 18.1 Máquinas e aparelhos para limpar ou secar garrafas e outros recipientes 8422.20.00 18.2 Máquinas e aparelhos para encher, fechar, capsular ou rotular garrafas 8422.30.10 18.3 Máquinas e aparelhos para encher caixas ou sacos com pó ou gr"
84224010;II;reducao;"RICMS/SE — Anexo II, pág. 217 do PDF de anexos";"MÁQUINAS E APARELHOS PARA EMPACOTAR OU EMBALAR MERCADORIAS 18.1 Máquinas e aparelhos para limpar ou secar garrafas e outros recipientes 8422.20.00 18.2 Máquinas e aparelhos para encher, fechar, capsular ou rotular garrafas 8422.30.10 18.3 Máquinas e aparelhos para encher caixas ou sacos com pó ou gr"
84224020;II;reducao;"RICMS/SE — Anexo II, pág. 218 do PDF de anexos";"18.8 Máquinas e aparelhos para empacotar ou embalar mercadorias automática, para embalar tubos ou barras de metal, em atados de peso inferior ou igual a 2.000kg e comprimento inferior ou igual a 12m 8422.40.20 18.9 Máquinas e aparelhos para empacotar ou embalar mercadorias de empacotar embalagens co"
84224030;II;reducao;"RICMS/SE — Anexo II, pág. 218 do PDF de anexos";"18.8 Máquinas e aparelhos para empacotar ou embalar mercadorias automática, para embalar tubos ou barras de metal, em atados de peso inferior ou igual a 2.000kg e comprimento inferior ou igual a 12m 8422.40.20 18.9 Máquinas e aparelhos para empacotar ou embalar mercadorias de empacotar embalagens co"
84224090;II;reducao;"RICMS/SE — Anexo II, pág. 218 do PDF de anexos";"18.8 Máquinas e aparelhos para empacotar ou embalar mercadorias automática, para embalar tubos ou barras de metal, em atados de peso inferior ou igual a 2.000kg e comprimento inferior ou igual a 12m 8422.40.20 18.9 Máquinas e aparelhos para empacotar ou embalar mercadorias de empacotar embalagens co"
84232000;II;reducao;"RICMS/SE — Anexo II, pág. 218 do PDF de anexos";"18.8 Máquinas e aparelhos para empacotar ou embalar mercadorias automática, para embalar tubos ou barras de metal, em atados de peso inferior ou igual a 2.000kg e comprimento inferior ou igual a 12m 8422.40.20 18.9 Máquinas e aparelhos para empacotar ou embalar mercadorias de empacotar embalagens co"
84233011;II;reducao;"RICMS/SE — Anexo II, pág. 218 do PDF de anexos";"18.8 Máquinas e aparelhos para empacotar ou embalar mercadorias automática, para embalar tubos ou barras de metal, em atados de peso inferior ou igual a 2.000kg e comprimento inferior ou igual a 12m 8422.40.20 18.9 Máquinas e aparelhos para empacotar ou embalar mercadorias de empacotar embalagens co"
84233019;II;reducao;"RICMS/SE — Anexo II, pág. 218 do PDF de anexos";"18.8 Máquinas e aparelhos para empacotar ou embalar mercadorias automática, para embalar tubos ou barras de metal, em atados de peso inferior ou igual a 2.000kg e comprimento inferior ou igual a 12m 8422.40.20 18.9 Máquinas e aparelhos para empacotar ou embalar mercadorias de empacotar embalagens co"
84233090;II;reducao;"RICMS/SE — Anexo II, pág. 218 do PDF de anexos";"18.8 Máquinas e aparelhos para empacotar ou embalar mercadorias automática, para embalar tubos ou barras de metal, em atados de peso inferior ou igual a 2.000kg e comprimento inferior ou igual a 12m 8422.40.20 18.9 Máquinas e aparelhos para empacotar ou embalar mercadorias de empacotar embalagens co"
84238110;II;reducao;"RICMS/SE — Anexo II, pág. 218 do PDF de anexos";"18.8 Máquinas e aparelhos para empacotar ou embalar mercadorias automática, para embalar tubos ou barras de metal, em atados de peso inferior ou igual a 2.000kg e comprimento inferior ou igual a 12m 8422.40.20 18.9 Máquinas e aparelhos para empacotar ou embalar mercadorias de empacotar embalagens co"
84238190;II;reducao;"RICMS/SE — Anexo II, pág. 218 do PDF de anexos";"18.8 Máquinas e aparelhos para empacotar ou embalar mercadorias automática, para embalar tubos ou barras de metal, em atados de peso inferior ou igual a 2.000kg e comprimento inferior ou igual a 12m 8422.40.20 18.9 Máquinas e aparelhos para empacotar ou embalar mercadorias de empacotar embalagens co"
84238200;II;reducao;"RICMS/SE — Anexo II, pág. 218 do PDF de anexos";"18.8 Máquinas e aparelhos para empacotar ou embalar mercadorias automática, para embalar tubos ou barras de metal, em atados de peso inferior ou igual a 2.000kg e comprimento inferior ou igual a 12m 8422.40.20 18.9 Máquinas e aparelhos para empacotar ou embalar mercadorias de empacotar embalagens co"
84238900;II;reducao;"RICMS/SE — Anexo II, pág. 218 do PDF de anexos";"18.8 Máquinas e aparelhos para empacotar ou embalar mercadorias automática, para embalar tubos ou barras de metal, em atados de peso inferior ou igual a 2.000kg e comprimento inferior ou igual a 12m 8422.40.20 18.9 Máquinas e aparelhos para empacotar ou embalar mercadorias de empacotar embalagens co"
84242000;II;reducao;"RICMS/SE — Anexo II, pág. 236 do PDF de anexos";"4.19.1 - Pistolas aerográficas e aparelhos semelhantes 8424.20.00 4.19.2 - Máquinas e aparelhos de jato de areia ou de qualquer outro abrasivo 8424.30.20 e 8424.30.90 4.19.3 - Outros 8424.30.10 8424.30.30 e 8424.30.90 4.19.4 - Pulverizadores ('Sprinklers') para equipamentos automáticos de combate a "
84243010;II;reducao;"RICMS/SE — Anexo II, pág. 236 do PDF de anexos";"4.19.1 - Pistolas aerográficas e aparelhos semelhantes 8424.20.00 4.19.2 - Máquinas e aparelhos de jato de areia ou de qualquer outro abrasivo 8424.30.20 e 8424.30.90 4.19.3 - Outros 8424.30.10 8424.30.30 e 8424.30.90 4.19.4 - Pulverizadores ('Sprinklers') para equipamentos automáticos de combate a "
84251100;II;reducao;"RICMS/SE — Anexo II, pág. 236 do PDF de anexos";"4.19.1 - Pistolas aerográficas e aparelhos semelhantes 8424.20.00 4.19.2 - Máquinas e aparelhos de jato de areia ou de qualquer outro abrasivo 8424.30.20 e 8424.30.90 4.19.3 - Outros 8424.30.10 8424.30.30 e 8424.30.90 4.19.4 - Pulverizadores ('Sprinklers') para equipamentos automáticos de combate a "
84251910;II;reducao;"RICMS/SE — Anexo II, pág. 218 do PDF de anexos";"MACACOS 21.1 Talhas, cadernais e moitões de motor elétrico 8425.11.00 21.2 Talhas, cadernais e moitões, manuais 8425.19.10 21.3 Outras talhas, cadernais e moitões 8425.19.90"
84251990;II;reducao;"RICMS/SE — Anexo II, pág. 236 do PDF de anexos";"4.19.1 - Pistolas aerográficas e aparelhos semelhantes 8424.20.00 4.19.2 - Máquinas e aparelhos de jato de areia ou de qualquer outro abrasivo 8424.30.20 e 8424.30.90 4.19.3 - Outros 8424.30.10 8424.30.30 e 8424.30.90 4.19.4 - Pulverizadores ('Sprinklers') para equipamentos automáticos de combate a "
84253110;II;reducao;"RICMS/SE — Anexo II, pág. 236 do PDF de anexos";"4.19.1 - Pistolas aerográficas e aparelhos semelhantes 8424.20.00 4.19.2 - Máquinas e aparelhos de jato de areia ou de qualquer outro abrasivo 8424.30.20 e 8424.30.90 4.19.3 - Outros 8424.30.10 8424.30.30 e 8424.30.90 4.19.4 - Pulverizadores ('Sprinklers') para equipamentos automáticos de combate a "
84261100;II;reducao;"RICMS/SE — Anexo II, pág. 219 do PDF de anexos";"PONTES ROLANTES, PÓRTICOS DE DESCARGA OU DE MOVIMENTAÇÃO, PONTES - GUINDASTES, CARROS - PÓRTICOS E CARROS - GUINDASTES 22.1 Pontes e vigas, rolantes, de suportes fixos 8426.11.00 22.2 Guindastes de torre 8426.20.00 22.3 Guindastes de pórtico 8426.30.00 22.4 Outros guindastes 8426.99.00 23 Empilhadei"
84262000;II;reducao;"RICMS/SE — Anexo II, pág. 219 do PDF de anexos";"PONTES ROLANTES, PÓRTICOS DE DESCARGA OU DE MOVIMENTAÇÃO, PONTES - GUINDASTES, CARROS - PÓRTICOS E CARROS - GUINDASTES 22.1 Pontes e vigas, rolantes, de suportes fixos 8426.11.00 22.2 Guindastes de torre 8426.20.00 22.3 Guindastes de pórtico 8426.30.00 22.4 Outros guindastes 8426.99.00 23 Empilhadei"
84263000;II;reducao;"RICMS/SE — Anexo II, pág. 219 do PDF de anexos";"PONTES ROLANTES, PÓRTICOS DE DESCARGA OU DE MOVIMENTAÇÃO, PONTES - GUINDASTES, CARROS - PÓRTICOS E CARROS - GUINDASTES 22.1 Pontes e vigas, rolantes, de suportes fixos 8426.11.00 22.2 Guindastes de torre 8426.20.00 22.3 Guindastes de pórtico 8426.30.00 22.4 Outros guindastes 8426.99.00 23 Empilhadei"
84269900;II;reducao;"RICMS/SE — Anexo II, pág. 219 do PDF de anexos";"PONTES ROLANTES, PÓRTICOS DE DESCARGA OU DE MOVIMENTAÇÃO, PONTES - GUINDASTES, CARROS - PÓRTICOS E CARROS - GUINDASTES 22.1 Pontes e vigas, rolantes, de suportes fixos 8426.11.00 22.2 Guindastes de torre 8426.20.00 22.3 Guindastes de pórtico 8426.30.00 22.4 Outros guindastes 8426.99.00 23 Empilhadei"
84279000;II;reducao;"RICMS/SE — Anexo II, pág. 219 do PDF de anexos";"PONTES ROLANTES, PÓRTICOS DE DESCARGA OU DE MOVIMENTAÇÃO, PONTES - GUINDASTES, CARROS - PÓRTICOS E CARROS - GUINDASTES 22.1 Pontes e vigas, rolantes, de suportes fixos 8426.11.00 22.2 Guindastes de torre 8426.20.00 22.3 Guindastes de pórtico 8426.30.00 22.4 Outros guindastes 8426.99.00 23 Empilhadei"
84281000;II;reducao;"RICMS/SE — Anexo II, pág. 219 do PDF de anexos";"PONTES ROLANTES, PÓRTICOS DE DESCARGA OU DE MOVIMENTAÇÃO, PONTES - GUINDASTES, CARROS - PÓRTICOS E CARROS - GUINDASTES 22.1 Pontes e vigas, rolantes, de suportes fixos 8426.11.00 22.2 Guindastes de torre 8426.20.00 22.3 Guindastes de pórtico 8426.30.00 22.4 Outros guindastes 8426.99.00 23 Empilhadei"
84282010;II;reducao;"RICMS/SE — Anexo II, pág. 219 do PDF de anexos";"PONTES ROLANTES, PÓRTICOS DE DESCARGA OU DE MOVIMENTAÇÃO, PONTES - GUINDASTES, CARROS - PÓRTICOS E CARROS - GUINDASTES 22.1 Pontes e vigas, rolantes, de suportes fixos 8426.11.00 22.2 Guindastes de torre 8426.20.00 22.3 Guindastes de pórtico 8426.30.00 22.4 Outros guindastes 8426.99.00 23 Empilhadei"
84282090;II;reducao;"RICMS/SE — Anexo II, pág. 219 do PDF de anexos";"PONTES ROLANTES, PÓRTICOS DE DESCARGA OU DE MOVIMENTAÇÃO, PONTES - GUINDASTES, CARROS - PÓRTICOS E CARROS - GUINDASTES 22.1 Pontes e vigas, rolantes, de suportes fixos 8426.11.00 22.2 Guindastes de torre 8426.20.00 22.3 Guindastes de pórtico 8426.30.00 22.4 Outros guindastes 8426.99.00 23 Empilhadei"
84283100;II;reducao;"RICMS/SE — Anexo II, pág. 219 do PDF de anexos";"PONTES ROLANTES, PÓRTICOS DE DESCARGA OU DE MOVIMENTAÇÃO, PONTES - GUINDASTES, CARROS - PÓRTICOS E CARROS - GUINDASTES 22.1 Pontes e vigas, rolantes, de suportes fixos 8426.11.00 22.2 Guindastes de torre 8426.20.00 22.3 Guindastes de pórtico 8426.30.00 22.4 Outros guindastes 8426.99.00 23 Empilhadei"
84283200;II;reducao;"RICMS/SE — Anexo II, pág. 219 do PDF de anexos";"PONTES ROLANTES, PÓRTICOS DE DESCARGA OU DE MOVIMENTAÇÃO, PONTES - GUINDASTES, CARROS - PÓRTICOS E CARROS - GUINDASTES 22.1 Pontes e vigas, rolantes, de suportes fixos 8426.11.00 22.2 Guindastes de torre 8426.20.00 22.3 Guindastes de pórtico 8426.30.00 22.4 Outros guindastes 8426.99.00 23 Empilhadei"
84283300;II;reducao;"RICMS/SE — Anexo II, pág. 219 do PDF de anexos";"PONTES ROLANTES, PÓRTICOS DE DESCARGA OU DE MOVIMENTAÇÃO, PONTES - GUINDASTES, CARROS - PÓRTICOS E CARROS - GUINDASTES 22.1 Pontes e vigas, rolantes, de suportes fixos 8426.11.00 22.2 Guindastes de torre 8426.20.00 22.3 Guindastes de pórtico 8426.30.00 22.4 Outros guindastes 8426.99.00 23 Empilhadei"
84283910;II;reducao;"RICMS/SE — Anexo II, pág. 219 do PDF de anexos";"PONTES ROLANTES, PÓRTICOS DE DESCARGA OU DE MOVIMENTAÇÃO, PONTES - GUINDASTES, CARROS - PÓRTICOS E CARROS - GUINDASTES 22.1 Pontes e vigas, rolantes, de suportes fixos 8426.11.00 22.2 Guindastes de torre 8426.20.00 22.3 Guindastes de pórtico 8426.30.00 22.4 Outros guindastes 8426.99.00 23 Empilhadei"
84283920;II;reducao;"RICMS/SE — Anexo II, pág. 219 do PDF de anexos";"PONTES ROLANTES, PÓRTICOS DE DESCARGA OU DE MOVIMENTAÇÃO, PONTES - GUINDASTES, CARROS - PÓRTICOS E CARROS - GUINDASTES 22.1 Pontes e vigas, rolantes, de suportes fixos 8426.11.00 22.2 Guindastes de torre 8426.20.00 22.3 Guindastes de pórtico 8426.30.00 22.4 Outros guindastes 8426.99.00 23 Empilhadei"
84283930;II;reducao;"RICMS/SE — Anexo II, pág. 219 do PDF de anexos";"PONTES ROLANTES, PÓRTICOS DE DESCARGA OU DE MOVIMENTAÇÃO, PONTES - GUINDASTES, CARROS - PÓRTICOS E CARROS - GUINDASTES 22.1 Pontes e vigas, rolantes, de suportes fixos 8426.11.00 22.2 Guindastes de torre 8426.20.00 22.3 Guindastes de pórtico 8426.30.00 22.4 Outros guindastes 8426.99.00 23 Empilhadei"
84283990;II;reducao;"RICMS/SE — Anexo II, pág. 219 do PDF de anexos";"PONTES ROLANTES, PÓRTICOS DE DESCARGA OU DE MOVIMENTAÇÃO, PONTES - GUINDASTES, CARROS - PÓRTICOS E CARROS - GUINDASTES 22.1 Pontes e vigas, rolantes, de suportes fixos 8426.11.00 22.2 Guindastes de torre 8426.20.00 22.3 Guindastes de pórtico 8426.30.00 22.4 Outros guindastes 8426.99.00 23 Empilhadei"
84342010;II;reducao;"RICMS/SE — Anexo II, pág. 219 do PDF de anexos";"PONTES ROLANTES, PÓRTICOS DE DESCARGA OU DE MOVIMENTAÇÃO, PONTES - GUINDASTES, CARROS - PÓRTICOS E CARROS - GUINDASTES 22.1 Pontes e vigas, rolantes, de suportes fixos 8426.11.00 22.2 Guindastes de torre 8426.20.00 22.3 Guindastes de pórtico 8426.30.00 22.4 Outros guindastes 8426.99.00 23 Empilhadei"
84342090;II;reducao;"RICMS/SE — Anexo II, pág. 219 do PDF de anexos";"PONTES ROLANTES, PÓRTICOS DE DESCARGA OU DE MOVIMENTAÇÃO, PONTES - GUINDASTES, CARROS - PÓRTICOS E CARROS - GUINDASTES 22.1 Pontes e vigas, rolantes, de suportes fixos 8426.11.00 22.2 Guindastes de torre 8426.20.00 22.3 Guindastes de pórtico 8426.30.00 22.4 Outros guindastes 8426.99.00 23 Empilhadei"
84351000;II;reducao;"RICMS/SE — Anexo II, pág. 219 do PDF de anexos";"PONTES ROLANTES, PÓRTICOS DE DESCARGA OU DE MOVIMENTAÇÃO, PONTES - GUINDASTES, CARROS - PÓRTICOS E CARROS - GUINDASTES 22.1 Pontes e vigas, rolantes, de suportes fixos 8426.11.00 22.2 Guindastes de torre 8426.20.00 22.3 Guindastes de pórtico 8426.30.00 22.4 Outros guindastes 8426.99.00 23 Empilhadei"
84371000;II;reducao;"RICMS/SE — Anexo II, pág. 220 do PDF de anexos";"UTILIZADOS EM FAZENDAS 27.1 Máquinas para limpeza, seleção ou peneiração de grãos ou de produtos hortícolas secos 8437.10.00 27.2 Máquinas para trituração, esmagamento ou moagem de grãos 8437.80.10 27.3 Máquinas para seleção e separação das farinhas e de outros produtos da moagem dos grãos 8437.80.9"
84378010;II;reducao;"RICMS/SE — Anexo II, pág. 220 do PDF de anexos";"UTILIZADOS EM FAZENDAS 27.1 Máquinas para limpeza, seleção ou peneiração de grãos ou de produtos hortícolas secos 8437.10.00 27.2 Máquinas para trituração, esmagamento ou moagem de grãos 8437.80.10 27.3 Máquinas para seleção e separação das farinhas e de outros produtos da moagem dos grãos 8437.80.9"
84378090;II;reducao;"RICMS/SE — Anexo II, pág. 220 do PDF de anexos";"UTILIZADOS EM FAZENDAS 27.1 Máquinas para limpeza, seleção ou peneiração de grãos ou de produtos hortícolas secos 8437.10.00 27.2 Máquinas para trituração, esmagamento ou moagem de grãos 8437.80.10 27.3 Máquinas para seleção e separação das farinhas e de outros produtos da moagem dos grãos 8437.80.9"
84381000;II;reducao;"RICMS/SE — Anexo II, pág. 220 do PDF de anexos";"UTILIZADOS EM FAZENDAS 27.1 Máquinas para limpeza, seleção ou peneiração de grãos ou de produtos hortícolas secos 8437.10.00 27.2 Máquinas para trituração, esmagamento ou moagem de grãos 8437.80.10 27.3 Máquinas para seleção e separação das farinhas e de outros produtos da moagem dos grãos 8437.80.9"
84382011;II;reducao;"RICMS/SE — Anexo II, pág. 220 do PDF de anexos";"UTILIZADOS EM FAZENDAS 27.1 Máquinas para limpeza, seleção ou peneiração de grãos ou de produtos hortícolas secos 8437.10.00 27.2 Máquinas para trituração, esmagamento ou moagem de grãos 8437.80.10 27.3 Máquinas para seleção e separação das farinhas e de outros produtos da moagem dos grãos 8437.80.9"
84382019;II;reducao;"RICMS/SE — Anexo II, pág. 220 do PDF de anexos";"UTILIZADOS EM FAZENDAS 27.1 Máquinas para limpeza, seleção ou peneiração de grãos ou de produtos hortícolas secos 8437.10.00 27.2 Máquinas para trituração, esmagamento ou moagem de grãos 8437.80.10 27.3 Máquinas para seleção e separação das farinhas e de outros produtos da moagem dos grãos 8437.80.9"
84382090;II;reducao;"RICMS/SE — Anexo II, pág. 220 do PDF de anexos";"UTILIZADOS EM FAZENDAS 27.1 Máquinas para limpeza, seleção ou peneiração de grãos ou de produtos hortícolas secos 8437.10.00 27.2 Máquinas para trituração, esmagamento ou moagem de grãos 8437.80.10 27.3 Máquinas para seleção e separação das farinhas e de outros produtos da moagem dos grãos 8437.80.9"
84383000;II;reducao;"RICMS/SE — Anexo II, pág. 220 do PDF de anexos";"UTILIZADOS EM FAZENDAS 27.1 Máquinas para limpeza, seleção ou peneiração de grãos ou de produtos hortícolas secos 8437.10.00 27.2 Máquinas para trituração, esmagamento ou moagem de grãos 8437.80.10 27.3 Máquinas para seleção e separação das farinhas e de outros produtos da moagem dos grãos 8437.80.9"
84384000;II;reducao;"RICMS/SE — Anexo II, pág. 220 do PDF de anexos";"UTILIZADOS EM FAZENDAS 27.1 Máquinas para limpeza, seleção ou peneiração de grãos ou de produtos hortícolas secos 8437.10.00 27.2 Máquinas para trituração, esmagamento ou moagem de grãos 8437.80.10 27.3 Máquinas para seleção e separação das farinhas e de outros produtos da moagem dos grãos 8437.80.9"
84385000;II;reducao;"RICMS/SE — Anexo II, pág. 220 do PDF de anexos";"UTILIZADOS EM FAZENDAS 27.1 Máquinas para limpeza, seleção ou peneiração de grãos ou de produtos hortícolas secos 8437.10.00 27.2 Máquinas para trituração, esmagamento ou moagem de grãos 8437.80.10 27.3 Máquinas para seleção e separação das farinhas e de outros produtos da moagem dos grãos 8437.80.9"
84386000;II;reducao;"RICMS/SE — Anexo II, pág. 220 do PDF de anexos";"UTILIZADOS EM FAZENDAS 27.1 Máquinas para limpeza, seleção ou peneiração de grãos ou de produtos hortícolas secos 8437.10.00 27.2 Máquinas para trituração, esmagamento ou moagem de grãos 8437.80.10 27.3 Máquinas para seleção e separação das farinhas e de outros produtos da moagem dos grãos 8437.80.9"
84388020;II;reducao;"RICMS/SE — Anexo II, pág. 220 do PDF de anexos";"UTILIZADOS EM FAZENDAS 27.1 Máquinas para limpeza, seleção ou peneiração de grãos ou de produtos hortícolas secos 8437.10.00 27.2 Máquinas para trituração, esmagamento ou moagem de grãos 8437.80.10 27.3 Máquinas para seleção e separação das farinhas e de outros produtos da moagem dos grãos 8437.80.9"
84388090;II;reducao;"RICMS/SE — Anexo II, pág. 220 do PDF de anexos";"UTILIZADOS EM FAZENDAS 27.1 Máquinas para limpeza, seleção ou peneiração de grãos ou de produtos hortícolas secos 8437.10.00 27.2 Máquinas para trituração, esmagamento ou moagem de grãos 8437.80.10 27.3 Máquinas para seleção e separação das farinhas e de outros produtos da moagem dos grãos 8437.80.9"
84391010;II;reducao;"RICMS/SE — Anexo II, pág. 220 do PDF de anexos";"UTILIZADOS EM FAZENDAS 27.1 Máquinas para limpeza, seleção ou peneiração de grãos ou de produtos hortícolas secos 8437.10.00 27.2 Máquinas para trituração, esmagamento ou moagem de grãos 8437.80.10 27.3 Máquinas para seleção e separação das farinhas e de outros produtos da moagem dos grãos 8437.80.9"
84391020;II;reducao;"RICMS/SE — Anexo II, pág. 220 do PDF de anexos";"UTILIZADOS EM FAZENDAS 27.1 Máquinas para limpeza, seleção ou peneiração de grãos ou de produtos hortícolas secos 8437.10.00 27.2 Máquinas para trituração, esmagamento ou moagem de grãos 8437.80.10 27.3 Máquinas para seleção e separação das farinhas e de outros produtos da moagem dos grãos 8437.80.9"
84391030;II;reducao;"RICMS/SE — Anexo II, pág. 220 do PDF de anexos";"UTILIZADOS EM FAZENDAS 27.1 Máquinas para limpeza, seleção ou peneiração de grãos ou de produtos hortícolas secos 8437.10.00 27.2 Máquinas para trituração, esmagamento ou moagem de grãos 8437.80.10 27.3 Máquinas para seleção e separação das farinhas e de outros produtos da moagem dos grãos 8437.80.9"
84391090;II;reducao;"RICMS/SE — Anexo II, pág. 220 do PDF de anexos";"UTILIZADOS EM FAZENDAS 27.1 Máquinas para limpeza, seleção ou peneiração de grãos ou de produtos hortícolas secos 8437.10.00 27.2 Máquinas para trituração, esmagamento ou moagem de grãos 8437.80.10 27.3 Máquinas para seleção e separação das farinhas e de outros produtos da moagem dos grãos 8437.80.9"
84392000;II;reducao;"RICMS/SE — Anexo II, pág. 220 do PDF de anexos";"UTILIZADOS EM FAZENDAS 27.1 Máquinas para limpeza, seleção ou peneiração de grãos ou de produtos hortícolas secos 8437.10.00 27.2 Máquinas para trituração, esmagamento ou moagem de grãos 8437.80.10 27.3 Máquinas para seleção e separação das farinhas e de outros produtos da moagem dos grãos 8437.80.9"
84393010;II;reducao;"RICMS/SE — Anexo II, pág. 220 do PDF de anexos";"UTILIZADOS EM FAZENDAS 27.1 Máquinas para limpeza, seleção ou peneiração de grãos ou de produtos hortícolas secos 8437.10.00 27.2 Máquinas para trituração, esmagamento ou moagem de grãos 8437.80.10 27.3 Máquinas para seleção e separação das farinhas e de outros produtos da moagem dos grãos 8437.80.9"
84393020;II;reducao;"RICMS/SE — Anexo II, pág. 220 do PDF de anexos";"UTILIZADOS EM FAZENDAS 27.1 Máquinas para limpeza, seleção ou peneiração de grãos ou de produtos hortícolas secos 8437.10.00 27.2 Máquinas para trituração, esmagamento ou moagem de grãos 8437.80.10 27.3 Máquinas para seleção e separação das farinhas e de outros produtos da moagem dos grãos 8437.80.9"
84393030;II;reducao;"RICMS/SE — Anexo II, pág. 220 do PDF de anexos";"UTILIZADOS EM FAZENDAS 27.1 Máquinas para limpeza, seleção ou peneiração de grãos ou de produtos hortícolas secos 8437.10.00 27.2 Máquinas para trituração, esmagamento ou moagem de grãos 8437.80.10 27.3 Máquinas para seleção e separação das farinhas e de outros produtos da moagem dos grãos 8437.80.9"
84413010;II;reducao;"RICMS/SE — Anexo II, pág. 221 do PDF de anexos";"30.4 Máquinas de dobrar e colar, para fabricação de caixas 8441.30.10 30.5 Outras máquinas para fabricação de caixas, tubos, tambores ou recipientes semelhantes por qualquer processo, exceto moldagem 8441.30.90 30.6 Máquinas de moldar artigos de pasta de papel, papel ou de cartão 8441.40.00 30.7 Máq"
84413090;II;reducao;"RICMS/SE — Anexo II, pág. 221 do PDF de anexos";"30.4 Máquinas de dobrar e colar, para fabricação de caixas 8441.30.10 30.5 Outras máquinas para fabricação de caixas, tubos, tambores ou recipientes semelhantes por qualquer processo, exceto moldagem 8441.30.90 30.6 Máquinas de moldar artigos de pasta de papel, papel ou de cartão 8441.40.00 30.7 Máq"
84414000;II;reducao;"RICMS/SE — Anexo II, pág. 221 do PDF de anexos";"30.4 Máquinas de dobrar e colar, para fabricação de caixas 8441.30.10 30.5 Outras máquinas para fabricação de caixas, tubos, tambores ou recipientes semelhantes por qualquer processo, exceto moldagem 8441.30.90 30.6 Máquinas de moldar artigos de pasta de papel, papel ou de cartão 8441.40.00 30.7 Máq"
84418000;II;reducao;"RICMS/SE — Anexo II, pág. 221 do PDF de anexos";"30.4 Máquinas de dobrar e colar, para fabricação de caixas 8441.30.10 30.5 Outras máquinas para fabricação de caixas, tubos, tambores ou recipientes semelhantes por qualquer processo, exceto moldagem 8441.30.90 30.6 Máquinas de moldar artigos de pasta de papel, papel ou de cartão 8441.40.00 30.7 Máq"
84423010;II;reducao;"RICMS/SE — Anexo II, pág. 221 do PDF de anexos";"PEDRAS LITOGRÁFICAS, BLOCOS, PLACAS E CILINDROS, PREPARADOS PARA IMPRESSÃO (POR EXEMPLO, APLAINADOS, GRANULADOS OU POLIDOS) 31.1 Máquinas de compor por processo fotográfico 8442.30.10 31.2 Máquinas e aparelhos de compor caracteres tipográficos por outros processos, mesmo com dispositivo de fundir 84"
84423020;II;reducao;"RICMS/SE — Anexo II, pág. 221 do PDF de anexos";"PEDRAS LITOGRÁFICAS, BLOCOS, PLACAS E CILINDROS, PREPARADOS PARA IMPRESSÃO (POR EXEMPLO, APLAINADOS, GRANULADOS OU POLIDOS) 31.1 Máquinas de compor por processo fotográfico 8442.30.10 31.2 Máquinas e aparelhos de compor caracteres tipográficos por outros processos, mesmo com dispositivo de fundir 84"
84431110;II;reducao;"RICMS/SE — Anexo II, pág. 221 do PDF de anexos";"PARTES E ACESSÓRIOS 32.1 Máquinas e aparelhos de impressão, por ofsete, alimentados por bobinas, para impressão multicolor de jornais, de largura superior ou igual a 900mm, com unidades de impressão em configuração torre e dispositivos automáticos de emendar bobinas 8443.11.10 32.2 Outras máquinas e"
84431190;II;reducao;"RICMS/SE — Anexo II, pág. 221 do PDF de anexos";"PARTES E ACESSÓRIOS 32.1 Máquinas e aparelhos de impressão, por ofsete, alimentados por bobinas, para impressão multicolor de jornais, de largura superior ou igual a 900mm, com unidades de impressão em configuração torre e dispositivos automáticos de emendar bobinas 8443.11.10 32.2 Outras máquinas e"
84431200;II;reducao;"RICMS/SE — Anexo II, pág. 221 do PDF de anexos";"PARTES E ACESSÓRIOS 32.1 Máquinas e aparelhos de impressão, por ofsete, alimentados por bobinas, para impressão multicolor de jornais, de largura superior ou igual a 900mm, com unidades de impressão em configuração torre e dispositivos automáticos de emendar bobinas 8443.11.10 32.2 Outras máquinas e"
84431310;II;reducao;"RICMS/SE — Anexo II, pág. 221 do PDF de anexos";"PARTES E ACESSÓRIOS 32.1 Máquinas e aparelhos de impressão, por ofsete, alimentados por bobinas, para impressão multicolor de jornais, de largura superior ou igual a 900mm, com unidades de impressão em configuração torre e dispositivos automáticos de emendar bobinas 8443.11.10 32.2 Outras máquinas e"
84431321;II;reducao;"RICMS/SE — Anexo II, pág. 221 do PDF de anexos";"PARTES E ACESSÓRIOS 32.1 Máquinas e aparelhos de impressão, por ofsete, alimentados por bobinas, para impressão multicolor de jornais, de largura superior ou igual a 900mm, com unidades de impressão em configuração torre e dispositivos automáticos de emendar bobinas 8443.11.10 32.2 Outras máquinas e"
84431329;II;reducao;"RICMS/SE — Anexo II, pág. 221 do PDF de anexos";"PARTES E ACESSÓRIOS 32.1 Máquinas e aparelhos de impressão, por ofsete, alimentados por bobinas, para impressão multicolor de jornais, de largura superior ou igual a 900mm, com unidades de impressão em configuração torre e dispositivos automáticos de emendar bobinas 8443.11.10 32.2 Outras máquinas e"
84431390;II;reducao;"RICMS/SE — Anexo II, pág. 221 do PDF de anexos";"PARTES E ACESSÓRIOS 32.1 Máquinas e aparelhos de impressão, por ofsete, alimentados por bobinas, para impressão multicolor de jornais, de largura superior ou igual a 900mm, com unidades de impressão em configuração torre e dispositivos automáticos de emendar bobinas 8443.11.10 32.2 Outras máquinas e"
84431400;II;reducao;"RICMS/SE — Anexo II, pág. 221 do PDF de anexos";"PARTES E ACESSÓRIOS 32.1 Máquinas e aparelhos de impressão, por ofsete, alimentados por bobinas, para impressão multicolor de jornais, de largura superior ou igual a 900mm, com unidades de impressão em configuração torre e dispositivos automáticos de emendar bobinas 8443.11.10 32.2 Outras máquinas e"
84431500;II;reducao;"RICMS/SE — Anexo II, pág. 221 do PDF de anexos";"PARTES E ACESSÓRIOS 32.1 Máquinas e aparelhos de impressão, por ofsete, alimentados por bobinas, para impressão multicolor de jornais, de largura superior ou igual a 900mm, com unidades de impressão em configuração torre e dispositivos automáticos de emendar bobinas 8443.11.10 32.2 Outras máquinas e"
84431600;II;reducao;"RICMS/SE — Anexo II, pág. 221 do PDF de anexos";"PARTES E ACESSÓRIOS 32.1 Máquinas e aparelhos de impressão, por ofsete, alimentados por bobinas, para impressão multicolor de jornais, de largura superior ou igual a 900mm, com unidades de impressão em configuração torre e dispositivos automáticos de emendar bobinas 8443.11.10 32.2 Outras máquinas e"
84431710;II;reducao;"RICMS/SE — Anexo II, pág. 221 do PDF de anexos";"PARTES E ACESSÓRIOS 32.1 Máquinas e aparelhos de impressão, por ofsete, alimentados por bobinas, para impressão multicolor de jornais, de largura superior ou igual a 900mm, com unidades de impressão em configuração torre e dispositivos automáticos de emendar bobinas 8443.11.10 32.2 Outras máquinas e"
84431790;II;reducao;"RICMS/SE — Anexo II, pág. 221 do PDF de anexos";"PARTES E ACESSÓRIOS 32.1 Máquinas e aparelhos de impressão, por ofsete, alimentados por bobinas, para impressão multicolor de jornais, de largura superior ou igual a 900mm, com unidades de impressão em configuração torre e dispositivos automáticos de emendar bobinas 8443.11.10 32.2 Outras máquinas e"
84431990;II;reducao;"RICMS/SE — Anexo II, pág. 221 do PDF de anexos";"PARTES E ACESSÓRIOS 32.1 Máquinas e aparelhos de impressão, por ofsete, alimentados por bobinas, para impressão multicolor de jornais, de largura superior ou igual a 900mm, com unidades de impressão em configuração torre e dispositivos automáticos de emendar bobinas 8443.11.10 32.2 Outras máquinas e"
84439191;II;reducao;"RICMS/SE — Anexo II, pág. 221 do PDF de anexos";"PARTES E ACESSÓRIOS 32.1 Máquinas e aparelhos de impressão, por ofsete, alimentados por bobinas, para impressão multicolor de jornais, de largura superior ou igual a 900mm, com unidades de impressão em configuração torre e dispositivos automáticos de emendar bobinas 8443.11.10 32.2 Outras máquinas e"
84439192;II;reducao;"RICMS/SE — Anexo II, pág. 221 do PDF de anexos";"PARTES E ACESSÓRIOS 32.1 Máquinas e aparelhos de impressão, por ofsete, alimentados por bobinas, para impressão multicolor de jornais, de largura superior ou igual a 900mm, com unidades de impressão em configuração torre e dispositivos automáticos de emendar bobinas 8443.11.10 32.2 Outras máquinas e"
84439199;II;reducao;"RICMS/SE — Anexo II, pág. 221 do PDF de anexos";"PARTES E ACESSÓRIOS 32.1 Máquinas e aparelhos de impressão, por ofsete, alimentados por bobinas, para impressão multicolor de jornais, de largura superior ou igual a 900mm, com unidades de impressão em configuração torre e dispositivos automáticos de emendar bobinas 8443.11.10 32.2 Outras máquinas e"
84433910;II;reducao;"RICMS/SE — Anexo II, pág. 221 do PDF de anexos";"PARTES E ACESSÓRIOS 32.1 Máquinas e aparelhos de impressão, por ofsete, alimentados por bobinas, para impressão multicolor de jornais, de largura superior ou igual a 900mm, com unidades de impressão em configuração torre e dispositivos automáticos de emendar bobinas 8443.11.10 32.2 Outras máquinas e"
84440010;II;reducao;"RICMS/SE — Anexo II, pág. 221 do PDF de anexos";"PARTES E ACESSÓRIOS 32.1 Máquinas e aparelhos de impressão, por ofsete, alimentados por bobinas, para impressão multicolor de jornais, de largura superior ou igual a 900mm, com unidades de impressão em configuração torre e dispositivos automáticos de emendar bobinas 8443.11.10 32.2 Outras máquinas e"
84440020;II;reducao;"RICMS/SE — Anexo II, pág. 237 do PDF de anexos";"4.25.12 - Máquinas de perfurar, picotar e serrilhar linhas de corte 8441.80.00 4.25.13 - Outros 8441.80.00 4.26 - MÁQUINAS PARA A INDÚSTRIA GRÁFICA 4.26.1 - Máquinas de compor por processo fotográfico 8442.30.10 4.26.2 - Máquinas e aparelhos, inclusive de teclados, para compor 8442.30.20 4.26.3 - Má"
84440090;II;reducao;"RICMS/SE — Anexo II, pág. 237 do PDF de anexos";"4.25.12 - Máquinas de perfurar, picotar e serrilhar linhas de corte 8441.80.00 4.25.13 - Outros 8441.80.00 4.26 - MÁQUINAS PARA A INDÚSTRIA GRÁFICA 4.26.1 - Máquinas de compor por processo fotográfico 8442.30.10 4.26.2 - Máquinas e aparelhos, inclusive de teclados, para compor 8442.30.20 4.26.3 - Má"
84451110;II;reducao;"RICMS/SE — Anexo II, pág. 222 do PDF de anexos";"MÁQUINAS DE BOBINAR (INCLUÍDAS AS BOBINADEIRAS DE TRAMA) OU DE DOBAR MATÉRIAS TÊXTEIS E MÁQUINAS PARA PREPARAÇÃO DE FIOS TÊXTEIS PARA SUA UTILIZAÇÃO NAS MÁQUINAS DAS POSIÇÕES 84.46 OU 84.47 34.1 Cardas para lã 8445.11.10 34.2 Cardas para fibras do Capítulo 53 8445.11.20 34.3 Outras cardas 8445.11.90"
84451120;II;reducao;"RICMS/SE — Anexo II, pág. 222 do PDF de anexos";"MÁQUINAS DE BOBINAR (INCLUÍDAS AS BOBINADEIRAS DE TRAMA) OU DE DOBAR MATÉRIAS TÊXTEIS E MÁQUINAS PARA PREPARAÇÃO DE FIOS TÊXTEIS PARA SUA UTILIZAÇÃO NAS MÁQUINAS DAS POSIÇÕES 84.46 OU 84.47 34.1 Cardas para lã 8445.11.10 34.2 Cardas para fibras do Capítulo 53 8445.11.20 34.3 Outras cardas 8445.11.90"
84451190;II;reducao;"RICMS/SE — Anexo II, pág. 222 do PDF de anexos";"MÁQUINAS DE BOBINAR (INCLUÍDAS AS BOBINADEIRAS DE TRAMA) OU DE DOBAR MATÉRIAS TÊXTEIS E MÁQUINAS PARA PREPARAÇÃO DE FIOS TÊXTEIS PARA SUA UTILIZAÇÃO NAS MÁQUINAS DAS POSIÇÕES 84.46 OU 84.47 34.1 Cardas para lã 8445.11.10 34.2 Cardas para fibras do Capítulo 53 8445.11.20 34.3 Outras cardas 8445.11.90"
84451200;II;reducao;"RICMS/SE — Anexo II, pág. 222 do PDF de anexos";"MÁQUINAS DE BOBINAR (INCLUÍDAS AS BOBINADEIRAS DE TRAMA) OU DE DOBAR MATÉRIAS TÊXTEIS E MÁQUINAS PARA PREPARAÇÃO DE FIOS TÊXTEIS PARA SUA UTILIZAÇÃO NAS MÁQUINAS DAS POSIÇÕES 84.46 OU 84.47 34.1 Cardas para lã 8445.11.10 34.2 Cardas para fibras do Capítulo 53 8445.11.20 34.3 Outras cardas 8445.11.90"
84451300;II;reducao;"RICMS/SE — Anexo II, pág. 222 do PDF de anexos";"MÁQUINAS DE BOBINAR (INCLUÍDAS AS BOBINADEIRAS DE TRAMA) OU DE DOBAR MATÉRIAS TÊXTEIS E MÁQUINAS PARA PREPARAÇÃO DE FIOS TÊXTEIS PARA SUA UTILIZAÇÃO NAS MÁQUINAS DAS POSIÇÕES 84.46 OU 84.47 34.1 Cardas para lã 8445.11.10 34.2 Cardas para fibras do Capítulo 53 8445.11.20 34.3 Outras cardas 8445.11.90"
84451910;II;reducao;"RICMS/SE — Anexo II, pág. 222 do PDF de anexos";"MÁQUINAS DE BOBINAR (INCLUÍDAS AS BOBINADEIRAS DE TRAMA) OU DE DOBAR MATÉRIAS TÊXTEIS E MÁQUINAS PARA PREPARAÇÃO DE FIOS TÊXTEIS PARA SUA UTILIZAÇÃO NAS MÁQUINAS DAS POSIÇÕES 84.46 OU 84.47 34.1 Cardas para lã 8445.11.10 34.2 Cardas para fibras do Capítulo 53 8445.11.20 34.3 Outras cardas 8445.11.90"
84451921;II;reducao;"RICMS/SE — Anexo II, pág. 222 do PDF de anexos";"MÁQUINAS DE BOBINAR (INCLUÍDAS AS BOBINADEIRAS DE TRAMA) OU DE DOBAR MATÉRIAS TÊXTEIS E MÁQUINAS PARA PREPARAÇÃO DE FIOS TÊXTEIS PARA SUA UTILIZAÇÃO NAS MÁQUINAS DAS POSIÇÕES 84.46 OU 84.47 34.1 Cardas para lã 8445.11.10 34.2 Cardas para fibras do Capítulo 53 8445.11.20 34.3 Outras cardas 8445.11.90"
84451922;II;reducao;"RICMS/SE — Anexo II, pág. 222 do PDF de anexos";"MÁQUINAS DE BOBINAR (INCLUÍDAS AS BOBINADEIRAS DE TRAMA) OU DE DOBAR MATÉRIAS TÊXTEIS E MÁQUINAS PARA PREPARAÇÃO DE FIOS TÊXTEIS PARA SUA UTILIZAÇÃO NAS MÁQUINAS DAS POSIÇÕES 84.46 OU 84.47 34.1 Cardas para lã 8445.11.10 34.2 Cardas para fibras do Capítulo 53 8445.11.20 34.3 Outras cardas 8445.11.90"
84451923;II;reducao;"RICMS/SE — Anexo II, pág. 222 do PDF de anexos";"MÁQUINAS DE BOBINAR (INCLUÍDAS AS BOBINADEIRAS DE TRAMA) OU DE DOBAR MATÉRIAS TÊXTEIS E MÁQUINAS PARA PREPARAÇÃO DE FIOS TÊXTEIS PARA SUA UTILIZAÇÃO NAS MÁQUINAS DAS POSIÇÕES 84.46 OU 84.47 34.1 Cardas para lã 8445.11.10 34.2 Cardas para fibras do Capítulo 53 8445.11.20 34.3 Outras cardas 8445.11.90"
84451924;II;reducao;"RICMS/SE — Anexo II, pág. 222 do PDF de anexos";"MÁQUINAS DE BOBINAR (INCLUÍDAS AS BOBINADEIRAS DE TRAMA) OU DE DOBAR MATÉRIAS TÊXTEIS E MÁQUINAS PARA PREPARAÇÃO DE FIOS TÊXTEIS PARA SUA UTILIZAÇÃO NAS MÁQUINAS DAS POSIÇÕES 84.46 OU 84.47 34.1 Cardas para lã 8445.11.10 34.2 Cardas para fibras do Capítulo 53 8445.11.20 34.3 Outras cardas 8445.11.90"
84451925;II;reducao;"RICMS/SE — Anexo II, pág. 222 do PDF de anexos";"MÁQUINAS DE BOBINAR (INCLUÍDAS AS BOBINADEIRAS DE TRAMA) OU DE DOBAR MATÉRIAS TÊXTEIS E MÁQUINAS PARA PREPARAÇÃO DE FIOS TÊXTEIS PARA SUA UTILIZAÇÃO NAS MÁQUINAS DAS POSIÇÕES 84.46 OU 84.47 34.1 Cardas para lã 8445.11.10 34.2 Cardas para fibras do Capítulo 53 8445.11.20 34.3 Outras cardas 8445.11.90"
84451926;II;reducao;"RICMS/SE — Anexo II, pág. 222 do PDF de anexos";"MÁQUINAS DE BOBINAR (INCLUÍDAS AS BOBINADEIRAS DE TRAMA) OU DE DOBAR MATÉRIAS TÊXTEIS E MÁQUINAS PARA PREPARAÇÃO DE FIOS TÊXTEIS PARA SUA UTILIZAÇÃO NAS MÁQUINAS DAS POSIÇÕES 84.46 OU 84.47 34.1 Cardas para lã 8445.11.10 34.2 Cardas para fibras do Capítulo 53 8445.11.20 34.3 Outras cardas 8445.11.90"
84451927;II;reducao;"RICMS/SE — Anexo II, pág. 222 do PDF de anexos";"MÁQUINAS DE BOBINAR (INCLUÍDAS AS BOBINADEIRAS DE TRAMA) OU DE DOBAR MATÉRIAS TÊXTEIS E MÁQUINAS PARA PREPARAÇÃO DE FIOS TÊXTEIS PARA SUA UTILIZAÇÃO NAS MÁQUINAS DAS POSIÇÕES 84.46 OU 84.47 34.1 Cardas para lã 8445.11.10 34.2 Cardas para fibras do Capítulo 53 8445.11.20 34.3 Outras cardas 8445.11.90"
84451929;II;reducao;"RICMS/SE — Anexo II, pág. 222 do PDF de anexos";"MÁQUINAS DE BOBINAR (INCLUÍDAS AS BOBINADEIRAS DE TRAMA) OU DE DOBAR MATÉRIAS TÊXTEIS E MÁQUINAS PARA PREPARAÇÃO DE FIOS TÊXTEIS PARA SUA UTILIZAÇÃO NAS MÁQUINAS DAS POSIÇÕES 84.46 OU 84.47 34.1 Cardas para lã 8445.11.10 34.2 Cardas para fibras do Capítulo 53 8445.11.20 34.3 Outras cardas 8445.11.90"
84452000;II;reducao;"RICMS/SE — Anexo II, pág. 222 do PDF de anexos";"MÁQUINAS DE BOBINAR (INCLUÍDAS AS BOBINADEIRAS DE TRAMA) OU DE DOBAR MATÉRIAS TÊXTEIS E MÁQUINAS PARA PREPARAÇÃO DE FIOS TÊXTEIS PARA SUA UTILIZAÇÃO NAS MÁQUINAS DAS POSIÇÕES 84.46 OU 84.47 34.1 Cardas para lã 8445.11.10 34.2 Cardas para fibras do Capítulo 53 8445.11.20 34.3 Outras cardas 8445.11.90"
84453010;II;reducao;"RICMS/SE — Anexo II, pág. 222 do PDF de anexos";"MÁQUINAS DE BOBINAR (INCLUÍDAS AS BOBINADEIRAS DE TRAMA) OU DE DOBAR MATÉRIAS TÊXTEIS E MÁQUINAS PARA PREPARAÇÃO DE FIOS TÊXTEIS PARA SUA UTILIZAÇÃO NAS MÁQUINAS DAS POSIÇÕES 84.46 OU 84.47 34.1 Cardas para lã 8445.11.10 34.2 Cardas para fibras do Capítulo 53 8445.11.20 34.3 Outras cardas 8445.11.90"
84453090;II;reducao;"RICMS/SE — Anexo II, pág. 222 do PDF de anexos";"MÁQUINAS DE BOBINAR (INCLUÍDAS AS BOBINADEIRAS DE TRAMA) OU DE DOBAR MATÉRIAS TÊXTEIS E MÁQUINAS PARA PREPARAÇÃO DE FIOS TÊXTEIS PARA SUA UTILIZAÇÃO NAS MÁQUINAS DAS POSIÇÕES 84.46 OU 84.47 34.1 Cardas para lã 8445.11.10 34.2 Cardas para fibras do Capítulo 53 8445.11.20 34.3 Outras cardas 8445.11.90"
84454011;II;reducao;"RICMS/SE — Anexo II, pág. 222 do PDF de anexos";"MÁQUINAS DE BOBINAR (INCLUÍDAS AS BOBINADEIRAS DE TRAMA) OU DE DOBAR MATÉRIAS TÊXTEIS E MÁQUINAS PARA PREPARAÇÃO DE FIOS TÊXTEIS PARA SUA UTILIZAÇÃO NAS MÁQUINAS DAS POSIÇÕES 84.46 OU 84.47 34.1 Cardas para lã 8445.11.10 34.2 Cardas para fibras do Capítulo 53 8445.11.20 34.3 Outras cardas 8445.11.90"
84454012;II;reducao;"RICMS/SE — Anexo II, pág. 222 do PDF de anexos";"MÁQUINAS DE BOBINAR (INCLUÍDAS AS BOBINADEIRAS DE TRAMA) OU DE DOBAR MATÉRIAS TÊXTEIS E MÁQUINAS PARA PREPARAÇÃO DE FIOS TÊXTEIS PARA SUA UTILIZAÇÃO NAS MÁQUINAS DAS POSIÇÕES 84.46 OU 84.47 34.1 Cardas para lã 8445.11.10 34.2 Cardas para fibras do Capítulo 53 8445.11.20 34.3 Outras cardas 8445.11.90"
84454018;II;reducao;"RICMS/SE — Anexo II, pág. 222 do PDF de anexos";"MÁQUINAS DE BOBINAR (INCLUÍDAS AS BOBINADEIRAS DE TRAMA) OU DE DOBAR MATÉRIAS TÊXTEIS E MÁQUINAS PARA PREPARAÇÃO DE FIOS TÊXTEIS PARA SUA UTILIZAÇÃO NAS MÁQUINAS DAS POSIÇÕES 84.46 OU 84.47 34.1 Cardas para lã 8445.11.10 34.2 Cardas para fibras do Capítulo 53 8445.11.20 34.3 Outras cardas 8445.11.90"
84454019;II;reducao;"RICMS/SE — Anexo II, pág. 222 do PDF de anexos";"MÁQUINAS DE BOBINAR (INCLUÍDAS AS BOBINADEIRAS DE TRAMA) OU DE DOBAR MATÉRIAS TÊXTEIS E MÁQUINAS PARA PREPARAÇÃO DE FIOS TÊXTEIS PARA SUA UTILIZAÇÃO NAS MÁQUINAS DAS POSIÇÕES 84.46 OU 84.47 34.1 Cardas para lã 8445.11.10 34.2 Cardas para fibras do Capítulo 53 8445.11.20 34.3 Outras cardas 8445.11.90"
84454021;II;reducao;"RICMS/SE — Anexo II, pág. 222 do PDF de anexos";"MÁQUINAS DE BOBINAR (INCLUÍDAS AS BOBINADEIRAS DE TRAMA) OU DE DOBAR MATÉRIAS TÊXTEIS E MÁQUINAS PARA PREPARAÇÃO DE FIOS TÊXTEIS PARA SUA UTILIZAÇÃO NAS MÁQUINAS DAS POSIÇÕES 84.46 OU 84.47 34.1 Cardas para lã 8445.11.10 34.2 Cardas para fibras do Capítulo 53 8445.11.20 34.3 Outras cardas 8445.11.90"
84454029;II;reducao;"RICMS/SE — Anexo II, pág. 222 do PDF de anexos";"MÁQUINAS DE BOBINAR (INCLUÍDAS AS BOBINADEIRAS DE TRAMA) OU DE DOBAR MATÉRIAS TÊXTEIS E MÁQUINAS PARA PREPARAÇÃO DE FIOS TÊXTEIS PARA SUA UTILIZAÇÃO NAS MÁQUINAS DAS POSIÇÕES 84.46 OU 84.47 34.1 Cardas para lã 8445.11.10 34.2 Cardas para fibras do Capítulo 53 8445.11.20 34.3 Outras cardas 8445.11.90"
84454031;II;reducao;"RICMS/SE — Anexo II, pág. 222 do PDF de anexos";"MÁQUINAS DE BOBINAR (INCLUÍDAS AS BOBINADEIRAS DE TRAMA) OU DE DOBAR MATÉRIAS TÊXTEIS E MÁQUINAS PARA PREPARAÇÃO DE FIOS TÊXTEIS PARA SUA UTILIZAÇÃO NAS MÁQUINAS DAS POSIÇÕES 84.46 OU 84.47 34.1 Cardas para lã 8445.11.10 34.2 Cardas para fibras do Capítulo 53 8445.11.20 34.3 Outras cardas 8445.11.90"
84454039;II;reducao;"RICMS/SE — Anexo II, pág. 222 do PDF de anexos";"MÁQUINAS DE BOBINAR (INCLUÍDAS AS BOBINADEIRAS DE TRAMA) OU DE DOBAR MATÉRIAS TÊXTEIS E MÁQUINAS PARA PREPARAÇÃO DE FIOS TÊXTEIS PARA SUA UTILIZAÇÃO NAS MÁQUINAS DAS POSIÇÕES 84.46 OU 84.47 34.1 Cardas para lã 8445.11.10 34.2 Cardas para fibras do Capítulo 53 8445.11.20 34.3 Outras cardas 8445.11.90"
84454040;II;reducao;"RICMS/SE — Anexo II, pág. 222 do PDF de anexos";"MÁQUINAS DE BOBINAR (INCLUÍDAS AS BOBINADEIRAS DE TRAMA) OU DE DOBAR MATÉRIAS TÊXTEIS E MÁQUINAS PARA PREPARAÇÃO DE FIOS TÊXTEIS PARA SUA UTILIZAÇÃO NAS MÁQUINAS DAS POSIÇÕES 84.46 OU 84.47 34.1 Cardas para lã 8445.11.10 34.2 Cardas para fibras do Capítulo 53 8445.11.20 34.3 Outras cardas 8445.11.90"
84454090;II;reducao;"RICMS/SE — Anexo II, pág. 222 do PDF de anexos";"MÁQUINAS DE BOBINAR (INCLUÍDAS AS BOBINADEIRAS DE TRAMA) OU DE DOBAR MATÉRIAS TÊXTEIS E MÁQUINAS PARA PREPARAÇÃO DE FIOS TÊXTEIS PARA SUA UTILIZAÇÃO NAS MÁQUINAS DAS POSIÇÕES 84.46 OU 84.47 34.1 Cardas para lã 8445.11.10 34.2 Cardas para fibras do Capítulo 53 8445.11.20 34.3 Outras cardas 8445.11.90"
84459010;II;reducao;"RICMS/SE — Anexo II, pág. 222 do PDF de anexos";"MÁQUINAS DE BOBINAR (INCLUÍDAS AS BOBINADEIRAS DE TRAMA) OU DE DOBAR MATÉRIAS TÊXTEIS E MÁQUINAS PARA PREPARAÇÃO DE FIOS TÊXTEIS PARA SUA UTILIZAÇÃO NAS MÁQUINAS DAS POSIÇÕES 84.46 OU 84.47 34.1 Cardas para lã 8445.11.10 34.2 Cardas para fibras do Capítulo 53 8445.11.20 34.3 Outras cardas 8445.11.90"
84459020;II;reducao;"RICMS/SE — Anexo II, pág. 222 do PDF de anexos";"MÁQUINAS DE BOBINAR (INCLUÍDAS AS BOBINADEIRAS DE TRAMA) OU DE DOBAR MATÉRIAS TÊXTEIS E MÁQUINAS PARA PREPARAÇÃO DE FIOS TÊXTEIS PARA SUA UTILIZAÇÃO NAS MÁQUINAS DAS POSIÇÕES 84.46 OU 84.47 34.1 Cardas para lã 8445.11.10 34.2 Cardas para fibras do Capítulo 53 8445.11.20 34.3 Outras cardas 8445.11.90"
84459030;II;reducao;"RICMS/SE — Anexo II, pág. 222 do PDF de anexos";"MÁQUINAS DE BOBINAR (INCLUÍDAS AS BOBINADEIRAS DE TRAMA) OU DE DOBAR MATÉRIAS TÊXTEIS E MÁQUINAS PARA PREPARAÇÃO DE FIOS TÊXTEIS PARA SUA UTILIZAÇÃO NAS MÁQUINAS DAS POSIÇÕES 84.46 OU 84.47 34.1 Cardas para lã 8445.11.10 34.2 Cardas para fibras do Capítulo 53 8445.11.20 34.3 Outras cardas 8445.11.90"
84459040;II;reducao;"RICMS/SE — Anexo II, pág. 222 do PDF de anexos";"MÁQUINAS DE BOBINAR (INCLUÍDAS AS BOBINADEIRAS DE TRAMA) OU DE DOBAR MATÉRIAS TÊXTEIS E MÁQUINAS PARA PREPARAÇÃO DE FIOS TÊXTEIS PARA SUA UTILIZAÇÃO NAS MÁQUINAS DAS POSIÇÕES 84.46 OU 84.47 34.1 Cardas para lã 8445.11.10 34.2 Cardas para fibras do Capítulo 53 8445.11.20 34.3 Outras cardas 8445.11.90"
84459090;II;reducao;"RICMS/SE — Anexo II, pág. 222 do PDF de anexos";"MÁQUINAS DE BOBINAR (INCLUÍDAS AS BOBINADEIRAS DE TRAMA) OU DE DOBAR MATÉRIAS TÊXTEIS E MÁQUINAS PARA PREPARAÇÃO DE FIOS TÊXTEIS PARA SUA UTILIZAÇÃO NAS MÁQUINAS DAS POSIÇÕES 84.46 OU 84.47 34.1 Cardas para lã 8445.11.10 34.2 Cardas para fibras do Capítulo 53 8445.11.20 34.3 Outras cardas 8445.11.90"
84461010;II;reducao;"RICMS/SE — Anexo II, pág. 222 do PDF de anexos";"MÁQUINAS DE BOBINAR (INCLUÍDAS AS BOBINADEIRAS DE TRAMA) OU DE DOBAR MATÉRIAS TÊXTEIS E MÁQUINAS PARA PREPARAÇÃO DE FIOS TÊXTEIS PARA SUA UTILIZAÇÃO NAS MÁQUINAS DAS POSIÇÕES 84.46 OU 84.47 34.1 Cardas para lã 8445.11.10 34.2 Cardas para fibras do Capítulo 53 8445.11.20 34.3 Outras cardas 8445.11.90"
84461090;II;reducao;"RICMS/SE — Anexo II, pág. 222 do PDF de anexos";"MÁQUINAS DE BOBINAR (INCLUÍDAS AS BOBINADEIRAS DE TRAMA) OU DE DOBAR MATÉRIAS TÊXTEIS E MÁQUINAS PARA PREPARAÇÃO DE FIOS TÊXTEIS PARA SUA UTILIZAÇÃO NAS MÁQUINAS DAS POSIÇÕES 84.46 OU 84.47 34.1 Cardas para lã 8445.11.10 34.2 Cardas para fibras do Capítulo 53 8445.11.20 34.3 Outras cardas 8445.11.90"
84462100;II;reducao;"RICMS/SE — Anexo II, pág. 222 do PDF de anexos";"MÁQUINAS DE BOBINAR (INCLUÍDAS AS BOBINADEIRAS DE TRAMA) OU DE DOBAR MATÉRIAS TÊXTEIS E MÁQUINAS PARA PREPARAÇÃO DE FIOS TÊXTEIS PARA SUA UTILIZAÇÃO NAS MÁQUINAS DAS POSIÇÕES 84.46 OU 84.47 34.1 Cardas para lã 8445.11.10 34.2 Cardas para fibras do Capítulo 53 8445.11.20 34.3 Outras cardas 8445.11.90"
84462900;II;reducao;"RICMS/SE — Anexo II, pág. 222 do PDF de anexos";"MÁQUINAS DE BOBINAR (INCLUÍDAS AS BOBINADEIRAS DE TRAMA) OU DE DOBAR MATÉRIAS TÊXTEIS E MÁQUINAS PARA PREPARAÇÃO DE FIOS TÊXTEIS PARA SUA UTILIZAÇÃO NAS MÁQUINAS DAS POSIÇÕES 84.46 OU 84.47 34.1 Cardas para lã 8445.11.10 34.2 Cardas para fibras do Capítulo 53 8445.11.20 34.3 Outras cardas 8445.11.90"
84463010;II;reducao;"RICMS/SE — Anexo II, pág. 223 do PDF de anexos";"35.5 Teares para tecidos de largura superior a 30cm, sem lançadeiras, a jato de ar 8446.30.10 35.6 Teares para tecidos de largura superior a 30cm, sem lançadeiras, a jato de água 8446.30.20 35.7 Teares para tecidos de largura superior a 30cm, sem lançadeiras, de projétil 8446.30.30 35.8 Teares para "
84463020;II;reducao;"RICMS/SE — Anexo II, pág. 223 do PDF de anexos";"35.5 Teares para tecidos de largura superior a 30cm, sem lançadeiras, a jato de ar 8446.30.10 35.6 Teares para tecidos de largura superior a 30cm, sem lançadeiras, a jato de água 8446.30.20 35.7 Teares para tecidos de largura superior a 30cm, sem lançadeiras, de projétil 8446.30.30 35.8 Teares para "
84463030;II;reducao;"RICMS/SE — Anexo II, pág. 223 do PDF de anexos";"35.5 Teares para tecidos de largura superior a 30cm, sem lançadeiras, a jato de ar 8446.30.10 35.6 Teares para tecidos de largura superior a 30cm, sem lançadeiras, a jato de água 8446.30.20 35.7 Teares para tecidos de largura superior a 30cm, sem lançadeiras, de projétil 8446.30.30 35.8 Teares para "
84463040;II;reducao;"RICMS/SE — Anexo II, pág. 223 do PDF de anexos";"35.5 Teares para tecidos de largura superior a 30cm, sem lançadeiras, a jato de ar 8446.30.10 35.6 Teares para tecidos de largura superior a 30cm, sem lançadeiras, a jato de água 8446.30.20 35.7 Teares para tecidos de largura superior a 30cm, sem lançadeiras, de projétil 8446.30.30 35.8 Teares para "
84463090;II;reducao;"RICMS/SE — Anexo II, pág. 223 do PDF de anexos";"35.5 Teares para tecidos de largura superior a 30cm, sem lançadeiras, a jato de ar 8446.30.10 35.6 Teares para tecidos de largura superior a 30cm, sem lançadeiras, a jato de água 8446.30.20 35.7 Teares para tecidos de largura superior a 30cm, sem lançadeiras, de projétil 8446.30.30 35.8 Teares para "
84471100;II;reducao;"RICMS/SE — Anexo II, pág. 223 do PDF de anexos";"MÁQUINAS PARA INSERIR TUFOS 36.1 Teares circulares para malhas com cilindro de diâmetro não superior a 165mm 8447.11.00 36.2 Teares circulares para malhas com cilindro de diâmetro superior a 165mm 8447.12.00 36.3 Teares retilíneos para malhas; máquinas de costura por entrelaçamento ('couture - trico"
84471200;II;reducao;"RICMS/SE — Anexo II, pág. 223 do PDF de anexos";"MÁQUINAS PARA INSERIR TUFOS 36.1 Teares circulares para malhas com cilindro de diâmetro não superior a 165mm 8447.11.00 36.2 Teares circulares para malhas com cilindro de diâmetro superior a 165mm 8447.12.00 36.3 Teares retilíneos para malhas; máquinas de costura por entrelaçamento ('couture - trico"
84472021;II;reducao;"RICMS/SE — Anexo II, pág. 223 do PDF de anexos";"MÁQUINAS PARA INSERIR TUFOS 36.1 Teares circulares para malhas com cilindro de diâmetro não superior a 165mm 8447.11.00 36.2 Teares circulares para malhas com cilindro de diâmetro superior a 165mm 8447.12.00 36.3 Teares retilíneos para malhas; máquinas de costura por entrelaçamento ('couture - trico"
84472029;II;reducao;"RICMS/SE — Anexo II, pág. 223 do PDF de anexos";"MÁQUINAS PARA INSERIR TUFOS 36.1 Teares circulares para malhas com cilindro de diâmetro não superior a 165mm 8447.11.00 36.2 Teares circulares para malhas com cilindro de diâmetro superior a 165mm 8447.12.00 36.3 Teares retilíneos para malhas; máquinas de costura por entrelaçamento ('couture - trico"
84472030;II;reducao;"RICMS/SE — Anexo II, pág. 223 do PDF de anexos";"MÁQUINAS PARA INSERIR TUFOS 36.1 Teares circulares para malhas com cilindro de diâmetro não superior a 165mm 8447.11.00 36.2 Teares circulares para malhas com cilindro de diâmetro superior a 165mm 8447.12.00 36.3 Teares retilíneos para malhas; máquinas de costura por entrelaçamento ('couture - trico"
84479010;II;reducao;"RICMS/SE — Anexo II, pág. 223 do PDF de anexos";"MÁQUINAS PARA INSERIR TUFOS 36.1 Teares circulares para malhas com cilindro de diâmetro não superior a 165mm 8447.11.00 36.2 Teares circulares para malhas com cilindro de diâmetro superior a 165mm 8447.12.00 36.3 Teares retilíneos para malhas; máquinas de costura por entrelaçamento ('couture - trico"
84479020;II;reducao;"RICMS/SE — Anexo II, pág. 223 do PDF de anexos";"MÁQUINAS PARA INSERIR TUFOS 36.1 Teares circulares para malhas com cilindro de diâmetro não superior a 165mm 8447.11.00 36.2 Teares circulares para malhas com cilindro de diâmetro superior a 165mm 8447.12.00 36.3 Teares retilíneos para malhas; máquinas de costura por entrelaçamento ('couture - trico"
84479090;II;reducao;"RICMS/SE — Anexo II, pág. 223 do PDF de anexos";"MÁQUINAS PARA INSERIR TUFOS 36.1 Teares circulares para malhas com cilindro de diâmetro não superior a 165mm 8447.11.00 36.2 Teares circulares para malhas com cilindro de diâmetro superior a 165mm 8447.12.00 36.3 Teares retilíneos para malhas; máquinas de costura por entrelaçamento ('couture - trico"
84481110;II;reducao;"RICMS/SE — Anexo II, pág. 223 do PDF de anexos";"PARTES E ACESSÓRIOS RECONHECÍVEIS COMO EXCLUSIVA OU PRINCIPALMENTE DESTINADOS ÀS MÁQUINAS DA PRESENTE POSIÇÃO OU DAS POSIÇÕES 84.44, 84.45, 84.46 OU 84.47 (POR EXEMPLO, FUSOS, ALETAS, GUARNIÇÕES DE CARDAS, PENTES, BARRAS, FIEIRAS, LANÇADEIRAS, LIÇOS E QUADROS DE LIÇOS, AGULHAS, PLATINAS, GANCHOS) 37"
84481120;II;reducao;"RICMS/SE — Anexo II, pág. 223 do PDF de anexos";"PARTES E ACESSÓRIOS RECONHECÍVEIS COMO EXCLUSIVA OU PRINCIPALMENTE DESTINADOS ÀS MÁQUINAS DA PRESENTE POSIÇÃO OU DAS POSIÇÕES 84.44, 84.45, 84.46 OU 84.47 (POR EXEMPLO, FUSOS, ALETAS, GUARNIÇÕES DE CARDAS, PENTES, BARRAS, FIEIRAS, LANÇADEIRAS, LIÇOS E QUADROS DE LIÇOS, AGULHAS, PLATINAS, GANCHOS) 37"
84481190;II;reducao;"RICMS/SE — Anexo II, pág. 223 do PDF de anexos";"PARTES E ACESSÓRIOS RECONHECÍVEIS COMO EXCLUSIVA OU PRINCIPALMENTE DESTINADOS ÀS MÁQUINAS DA PRESENTE POSIÇÃO OU DAS POSIÇÕES 84.44, 84.45, 84.46 OU 84.47 (POR EXEMPLO, FUSOS, ALETAS, GUARNIÇÕES DE CARDAS, PENTES, BARRAS, FIEIRAS, LANÇADEIRAS, LIÇOS E QUADROS DE LIÇOS, AGULHAS, PLATINAS, GANCHOS) 37"
84481900;II;reducao;"RICMS/SE — Anexo II, pág. 223 do PDF de anexos";"PARTES E ACESSÓRIOS RECONHECÍVEIS COMO EXCLUSIVA OU PRINCIPALMENTE DESTINADOS ÀS MÁQUINAS DA PRESENTE POSIÇÃO OU DAS POSIÇÕES 84.44, 84.45, 84.46 OU 84.47 (POR EXEMPLO, FUSOS, ALETAS, GUARNIÇÕES DE CARDAS, PENTES, BARRAS, FIEIRAS, LANÇADEIRAS, LIÇOS E QUADROS DE LIÇOS, AGULHAS, PLATINAS, GANCHOS) 37"
84522110;II;reducao;"RICMS/SE — Anexo II, pág. 225 do PDF de anexos";"41.1 Unidades automáticas para costurar couros ou peles 8452.21.10 41.2 Unidades automáticas para costurar tecidos 8452.21.20 41.3 Outras máquinas de costura 8452.21.90 41.4 Outras máquinas para costurar couro ou pele e seus artigos 8452.29.10 41.5 Remalhadeiras 8452.29.21 41.6 Máquinas para casear "
84522120;II;reducao;"RICMS/SE — Anexo II, pág. 225 do PDF de anexos";"41.1 Unidades automáticas para costurar couros ou peles 8452.21.10 41.2 Unidades automáticas para costurar tecidos 8452.21.20 41.3 Outras máquinas de costura 8452.21.90 41.4 Outras máquinas para costurar couro ou pele e seus artigos 8452.29.10 41.5 Remalhadeiras 8452.29.21 41.6 Máquinas para casear "
84522190;II;reducao;"RICMS/SE — Anexo II, pág. 225 do PDF de anexos";"41.1 Unidades automáticas para costurar couros ou peles 8452.21.10 41.2 Unidades automáticas para costurar tecidos 8452.21.20 41.3 Outras máquinas de costura 8452.21.90 41.4 Outras máquinas para costurar couro ou pele e seus artigos 8452.29.10 41.5 Remalhadeiras 8452.29.21 41.6 Máquinas para casear "
84522910;II;reducao;"RICMS/SE — Anexo II, pág. 225 do PDF de anexos";"41.1 Unidades automáticas para costurar couros ou peles 8452.21.10 41.2 Unidades automáticas para costurar tecidos 8452.21.20 41.3 Outras máquinas de costura 8452.21.90 41.4 Outras máquinas para costurar couro ou pele e seus artigos 8452.29.10 41.5 Remalhadeiras 8452.29.21 41.6 Máquinas para casear "
84522921;II;reducao;"RICMS/SE — Anexo II, pág. 225 do PDF de anexos";"41.1 Unidades automáticas para costurar couros ou peles 8452.21.10 41.2 Unidades automáticas para costurar tecidos 8452.21.20 41.3 Outras máquinas de costura 8452.21.90 41.4 Outras máquinas para costurar couro ou pele e seus artigos 8452.29.10 41.5 Remalhadeiras 8452.29.21 41.6 Máquinas para casear "
84522922;II;reducao;"RICMS/SE — Anexo II, pág. 225 do PDF de anexos";"41.1 Unidades automáticas para costurar couros ou peles 8452.21.10 41.2 Unidades automáticas para costurar tecidos 8452.21.20 41.3 Outras máquinas de costura 8452.21.90 41.4 Outras máquinas para costurar couro ou pele e seus artigos 8452.29.10 41.5 Remalhadeiras 8452.29.21 41.6 Máquinas para casear "
84522923;II;reducao;"RICMS/SE — Anexo II, pág. 225 do PDF de anexos";"41.1 Unidades automáticas para costurar couros ou peles 8452.21.10 41.2 Unidades automáticas para costurar tecidos 8452.21.20 41.3 Outras máquinas de costura 8452.21.90 41.4 Outras máquinas para costurar couro ou pele e seus artigos 8452.29.10 41.5 Remalhadeiras 8452.29.21 41.6 Máquinas para casear "
84522929;II;reducao;"RICMS/SE — Anexo II, pág. 225 do PDF de anexos";"41.1 Unidades automáticas para costurar couros ou peles 8452.21.10 41.2 Unidades automáticas para costurar tecidos 8452.21.20 41.3 Outras máquinas de costura 8452.21.90 41.4 Outras máquinas para costurar couro ou pele e seus artigos 8452.29.10 41.5 Remalhadeiras 8452.29.21 41.6 Máquinas para casear "
84522924;II;reducao;"RICMS/SE — Anexo II, pág. 225 do PDF de anexos";"41.1 Unidades automáticas para costurar couros ou peles 8452.21.10 41.2 Unidades automáticas para costurar tecidos 8452.21.20 41.3 Outras máquinas de costura 8452.21.90 41.4 Outras máquinas para costurar couro ou pele e seus artigos 8452.29.10 41.5 Remalhadeiras 8452.29.21 41.6 Máquinas para casear "
84522925;II;reducao;"RICMS/SE — Anexo II, pág. 225 do PDF de anexos";"41.1 Unidades automáticas para costurar couros ou peles 8452.21.10 41.2 Unidades automáticas para costurar tecidos 8452.21.20 41.3 Outras máquinas de costura 8452.21.90 41.4 Outras máquinas para costurar couro ou pele e seus artigos 8452.29.10 41.5 Remalhadeiras 8452.29.21 41.6 Máquinas para casear "
84531010;II;reducao;"RICMS/SE — Anexo II, pág. 225 do PDF de anexos";"41.1 Unidades automáticas para costurar couros ou peles 8452.21.10 41.2 Unidades automáticas para costurar tecidos 8452.21.20 41.3 Outras máquinas de costura 8452.21.90 41.4 Outras máquinas para costurar couro ou pele e seus artigos 8452.29.10 41.5 Remalhadeiras 8452.29.21 41.6 Máquinas para casear "
84531090;II;reducao;"RICMS/SE — Anexo II, pág. 225 do PDF de anexos";"41.1 Unidades automáticas para costurar couros ou peles 8452.21.10 41.2 Unidades automáticas para costurar tecidos 8452.21.20 41.3 Outras máquinas de costura 8452.21.90 41.4 Outras máquinas para costurar couro ou pele e seus artigos 8452.29.10 41.5 Remalhadeiras 8452.29.21 41.6 Máquinas para casear "
84532000;II;reducao;"RICMS/SE — Anexo II, pág. 225 do PDF de anexos";"41.1 Unidades automáticas para costurar couros ou peles 8452.21.10 41.2 Unidades automáticas para costurar tecidos 8452.21.20 41.3 Outras máquinas de costura 8452.21.90 41.4 Outras máquinas para costurar couro ou pele e seus artigos 8452.29.10 41.5 Remalhadeiras 8452.29.21 41.6 Máquinas para casear "
84538000;II;reducao;"RICMS/SE — Anexo II, pág. 225 do PDF de anexos";"41.1 Unidades automáticas para costurar couros ou peles 8452.21.10 41.2 Unidades automáticas para costurar tecidos 8452.21.20 41.3 Outras máquinas de costura 8452.21.90 41.4 Outras máquinas para costurar couro ou pele e seus artigos 8452.29.10 41.5 Remalhadeiras 8452.29.21 41.6 Máquinas para casear "
84541000;II;reducao;"RICMS/SE — Anexo II, pág. 225 do PDF de anexos";"41.1 Unidades automáticas para costurar couros ou peles 8452.21.10 41.2 Unidades automáticas para costurar tecidos 8452.21.20 41.3 Outras máquinas de costura 8452.21.90 41.4 Outras máquinas para costurar couro ou pele e seus artigos 8452.29.10 41.5 Remalhadeiras 8452.29.21 41.6 Máquinas para casear "
84542010;II;reducao;"RICMS/SE — Anexo II, pág. 225 do PDF de anexos";"41.1 Unidades automáticas para costurar couros ou peles 8452.21.10 41.2 Unidades automáticas para costurar tecidos 8452.21.20 41.3 Outras máquinas de costura 8452.21.90 41.4 Outras máquinas para costurar couro ou pele e seus artigos 8452.29.10 41.5 Remalhadeiras 8452.29.21 41.6 Máquinas para casear "
84542090;II;reducao;"RICMS/SE — Anexo II, pág. 225 do PDF de anexos";"41.1 Unidades automáticas para costurar couros ou peles 8452.21.10 41.2 Unidades automáticas para costurar tecidos 8452.21.20 41.3 Outras máquinas de costura 8452.21.90 41.4 Outras máquinas para costurar couro ou pele e seus artigos 8452.29.10 41.5 Remalhadeiras 8452.29.21 41.6 Máquinas para casear "
84543010;II;reducao;"RICMS/SE — Anexo II, pág. 225 do PDF de anexos";"41.1 Unidades automáticas para costurar couros ou peles 8452.21.10 41.2 Unidades automáticas para costurar tecidos 8452.21.20 41.3 Outras máquinas de costura 8452.21.90 41.4 Outras máquinas para costurar couro ou pele e seus artigos 8452.29.10 41.5 Remalhadeiras 8452.29.21 41.6 Máquinas para casear "
84543020;II;reducao;"RICMS/SE — Anexo II, pág. 225 do PDF de anexos";"41.1 Unidades automáticas para costurar couros ou peles 8452.21.10 41.2 Unidades automáticas para costurar tecidos 8452.21.20 41.3 Outras máquinas de costura 8452.21.90 41.4 Outras máquinas para costurar couro ou pele e seus artigos 8452.29.10 41.5 Remalhadeiras 8452.29.21 41.6 Máquinas para casear "
84543090;II;reducao;"RICMS/SE — Anexo II, pág. 225 do PDF de anexos";"41.1 Unidades automáticas para costurar couros ou peles 8452.21.10 41.2 Unidades automáticas para costurar tecidos 8452.21.20 41.3 Outras máquinas de costura 8452.21.90 41.4 Outras máquinas para costurar couro ou pele e seus artigos 8452.29.10 41.5 Remalhadeiras 8452.29.21 41.6 Máquinas para casear "
84549010;II;reducao;"RICMS/SE — Anexo II, pág. 225 do PDF de anexos";"41.1 Unidades automáticas para costurar couros ou peles 8452.21.10 41.2 Unidades automáticas para costurar tecidos 8452.21.20 41.3 Outras máquinas de costura 8452.21.90 41.4 Outras máquinas para costurar couro ou pele e seus artigos 8452.29.10 41.5 Remalhadeiras 8452.29.21 41.6 Máquinas para casear "
84549090;II;reducao;"RICMS/SE — Anexo II, pág. 225 do PDF de anexos";"41.1 Unidades automáticas para costurar couros ou peles 8452.21.10 41.2 Unidades automáticas para costurar tecidos 8452.21.20 41.3 Outras máquinas de costura 8452.21.90 41.4 Outras máquinas para costurar couro ou pele e seus artigos 8452.29.10 41.5 Remalhadeiras 8452.29.21 41.6 Máquinas para casear "
84551000;II;reducao;"RICMS/SE — Anexo II, pág. 225 do PDF de anexos";"41.1 Unidades automáticas para costurar couros ou peles 8452.21.10 41.2 Unidades automáticas para costurar tecidos 8452.21.20 41.3 Outras máquinas de costura 8452.21.90 41.4 Outras máquinas para costurar couro ou pele e seus artigos 8452.29.10 41.5 Remalhadeiras 8452.29.21 41.6 Máquinas para casear "
84552110;II;reducao;"RICMS/SE — Anexo II, pág. 225 do PDF de anexos";"41.1 Unidades automáticas para costurar couros ou peles 8452.21.10 41.2 Unidades automáticas para costurar tecidos 8452.21.20 41.3 Outras máquinas de costura 8452.21.90 41.4 Outras máquinas para costurar couro ou pele e seus artigos 8452.29.10 41.5 Remalhadeiras 8452.29.21 41.6 Máquinas para casear "
84552190;II;reducao;"RICMS/SE — Anexo II, pág. 225 do PDF de anexos";"41.1 Unidades automáticas para costurar couros ou peles 8452.21.10 41.2 Unidades automáticas para costurar tecidos 8452.21.20 41.3 Outras máquinas de costura 8452.21.90 41.4 Outras máquinas para costurar couro ou pele e seus artigos 8452.29.10 41.5 Remalhadeiras 8452.29.21 41.6 Máquinas para casear "
84552210;II;reducao;"RICMS/SE — Anexo II, pág. 225 do PDF de anexos";"41.1 Unidades automáticas para costurar couros ou peles 8452.21.10 41.2 Unidades automáticas para costurar tecidos 8452.21.20 41.3 Outras máquinas de costura 8452.21.90 41.4 Outras máquinas para costurar couro ou pele e seus artigos 8452.29.10 41.5 Remalhadeiras 8452.29.21 41.6 Máquinas para casear "
84552290;II;reducao;"RICMS/SE — Anexo II, pág. 225 do PDF de anexos";"41.1 Unidades automáticas para costurar couros ou peles 8452.21.10 41.2 Unidades automáticas para costurar tecidos 8452.21.20 41.3 Outras máquinas de costura 8452.21.90 41.4 Outras máquinas para costurar couro ou pele e seus artigos 8452.29.10 41.5 Remalhadeiras 8452.29.21 41.6 Máquinas para casear "
84553010;II;reducao;"RICMS/SE — Anexo II, pág. 225 do PDF de anexos";"41.1 Unidades automáticas para costurar couros ou peles 8452.21.10 41.2 Unidades automáticas para costurar tecidos 8452.21.20 41.3 Outras máquinas de costura 8452.21.90 41.4 Outras máquinas para costurar couro ou pele e seus artigos 8452.29.10 41.5 Remalhadeiras 8452.29.21 41.6 Máquinas para casear "
84553020;II;reducao;"RICMS/SE — Anexo II, pág. 225 do PDF de anexos";"41.1 Unidades automáticas para costurar couros ou peles 8452.21.10 41.2 Unidades automáticas para costurar tecidos 8452.21.20 41.3 Outras máquinas de costura 8452.21.90 41.4 Outras máquinas para costurar couro ou pele e seus artigos 8452.29.10 41.5 Remalhadeiras 8452.29.21 41.6 Máquinas para casear "
84553090;II;reducao;"RICMS/SE — Anexo II, pág. 225 do PDF de anexos";"41.1 Unidades automáticas para costurar couros ou peles 8452.21.10 41.2 Unidades automáticas para costurar tecidos 8452.21.20 41.3 Outras máquinas de costura 8452.21.90 41.4 Outras máquinas para costurar couro ou pele e seus artigos 8452.29.10 41.5 Remalhadeiras 8452.29.21 41.6 Máquinas para casear "
84559000;II;reducao;"RICMS/SE — Anexo II, pág. 243 do PDF de anexos";"a) coquilhas 8480.41.00 e 8480.49.10 b) moldes de tipografia 8480.41.00 e 8480.49.90 c) outros 8480.41.00 e 8480.49.90 4.46.4 - Moldes para vidro 8480.50.00 4.46.5 - Moldes para matérias minerais 8480.60.00 4.46.6 - Moldes para borracha ou plástico: a) para moldagem por injeção ou por compressão 848"
84563011;II;reducao;"RICMS/SE — Anexo II, pág. 226 do PDF de anexos";"bobinadeira “lavinghead” para bitolas de diâmetro 5,50 a25 mm; enroladeira/bobinadeira “recoiller” para bitolas de diâmetro 20 a 50mm 45 MÁQUINAS - FERRAMENTAS QUE TRABALHEM POR ELIMINAÇÃO DE QUALQUER MATÉRIA, OPERANDO POR 'LASER' OU POR OUTRO FEIXE DE LUZ OU DE FÓTONS, POR ULTRA - SOM, POR ELETROER"
84563019;II;reducao;"RICMS/SE — Anexo II, pág. 226 do PDF de anexos";"bobinadeira “lavinghead” para bitolas de diâmetro 5,50 a25 mm; enroladeira/bobinadeira “recoiller” para bitolas de diâmetro 20 a 50mm 45 MÁQUINAS - FERRAMENTAS QUE TRABALHEM POR ELIMINAÇÃO DE QUALQUER MATÉRIA, OPERANDO POR 'LASER' OU POR OUTRO FEIXE DE LUZ OU DE FÓTONS, POR ULTRA - SOM, POR ELETROER"
84563090;II;reducao;"RICMS/SE — Anexo II, pág. 226 do PDF de anexos";"bobinadeira “lavinghead” para bitolas de diâmetro 5,50 a25 mm; enroladeira/bobinadeira “recoiller” para bitolas de diâmetro 20 a 50mm 45 MÁQUINAS - FERRAMENTAS QUE TRABALHEM POR ELIMINAÇÃO DE QUALQUER MATÉRIA, OPERANDO POR 'LASER' OU POR OUTRO FEIXE DE LUZ OU DE FÓTONS, POR ULTRA - SOM, POR ELETROER"
84571000;II;reducao;"RICMS/SE — Anexo II, pág. 226 do PDF de anexos";"bobinadeira “lavinghead” para bitolas de diâmetro 5,50 a25 mm; enroladeira/bobinadeira “recoiller” para bitolas de diâmetro 20 a 50mm 45 MÁQUINAS - FERRAMENTAS QUE TRABALHEM POR ELIMINAÇÃO DE QUALQUER MATÉRIA, OPERANDO POR 'LASER' OU POR OUTRO FEIXE DE LUZ OU DE FÓTONS, POR ULTRA - SOM, POR ELETROER"
84572010;II;reducao;"RICMS/SE — Anexo II, pág. 226 do PDF de anexos";"bobinadeira “lavinghead” para bitolas de diâmetro 5,50 a25 mm; enroladeira/bobinadeira “recoiller” para bitolas de diâmetro 20 a 50mm 45 MÁQUINAS - FERRAMENTAS QUE TRABALHEM POR ELIMINAÇÃO DE QUALQUER MATÉRIA, OPERANDO POR 'LASER' OU POR OUTRO FEIXE DE LUZ OU DE FÓTONS, POR ULTRA - SOM, POR ELETROER"
84572090;II;reducao;"RICMS/SE — Anexo II, pág. 226 do PDF de anexos";"bobinadeira “lavinghead” para bitolas de diâmetro 5,50 a25 mm; enroladeira/bobinadeira “recoiller” para bitolas de diâmetro 20 a 50mm 45 MÁQUINAS - FERRAMENTAS QUE TRABALHEM POR ELIMINAÇÃO DE QUALQUER MATÉRIA, OPERANDO POR 'LASER' OU POR OUTRO FEIXE DE LUZ OU DE FÓTONS, POR ULTRA - SOM, POR ELETROER"
84573010;II;reducao;"RICMS/SE — Anexo II, pág. 226 do PDF de anexos";"bobinadeira “lavinghead” para bitolas de diâmetro 5,50 a25 mm; enroladeira/bobinadeira “recoiller” para bitolas de diâmetro 20 a 50mm 45 MÁQUINAS - FERRAMENTAS QUE TRABALHEM POR ELIMINAÇÃO DE QUALQUER MATÉRIA, OPERANDO POR 'LASER' OU POR OUTRO FEIXE DE LUZ OU DE FÓTONS, POR ULTRA - SOM, POR ELETROER"
84573090;II;reducao;"RICMS/SE — Anexo II, pág. 226 do PDF de anexos";"bobinadeira “lavinghead” para bitolas de diâmetro 5,50 a25 mm; enroladeira/bobinadeira “recoiller” para bitolas de diâmetro 20 a 50mm 45 MÁQUINAS - FERRAMENTAS QUE TRABALHEM POR ELIMINAÇÃO DE QUALQUER MATÉRIA, OPERANDO POR 'LASER' OU POR OUTRO FEIXE DE LUZ OU DE FÓTONS, POR ULTRA - SOM, POR ELETROER"
84581110;II;reducao;"RICMS/SE — Anexo II, pág. 226 do PDF de anexos";"bobinadeira “lavinghead” para bitolas de diâmetro 5,50 a25 mm; enroladeira/bobinadeira “recoiller” para bitolas de diâmetro 20 a 50mm 45 MÁQUINAS - FERRAMENTAS QUE TRABALHEM POR ELIMINAÇÃO DE QUALQUER MATÉRIA, OPERANDO POR 'LASER' OU POR OUTRO FEIXE DE LUZ OU DE FÓTONS, POR ULTRA - SOM, POR ELETROER"
84581191;II;reducao;"RICMS/SE — Anexo II, pág. 226 do PDF de anexos";"bobinadeira “lavinghead” para bitolas de diâmetro 5,50 a25 mm; enroladeira/bobinadeira “recoiller” para bitolas de diâmetro 20 a 50mm 45 MÁQUINAS - FERRAMENTAS QUE TRABALHEM POR ELIMINAÇÃO DE QUALQUER MATÉRIA, OPERANDO POR 'LASER' OU POR OUTRO FEIXE DE LUZ OU DE FÓTONS, POR ULTRA - SOM, POR ELETROER"
84581199;II;reducao;"RICMS/SE — Anexo II, pág. 226 do PDF de anexos";"bobinadeira “lavinghead” para bitolas de diâmetro 5,50 a25 mm; enroladeira/bobinadeira “recoiller” para bitolas de diâmetro 20 a 50mm 45 MÁQUINAS - FERRAMENTAS QUE TRABALHEM POR ELIMINAÇÃO DE QUALQUER MATÉRIA, OPERANDO POR 'LASER' OU POR OUTRO FEIXE DE LUZ OU DE FÓTONS, POR ULTRA - SOM, POR ELETROER"
84581910;II;reducao;"RICMS/SE — Anexo II, pág. 226 do PDF de anexos";"bobinadeira “lavinghead” para bitolas de diâmetro 5,50 a25 mm; enroladeira/bobinadeira “recoiller” para bitolas de diâmetro 20 a 50mm 45 MÁQUINAS - FERRAMENTAS QUE TRABALHEM POR ELIMINAÇÃO DE QUALQUER MATÉRIA, OPERANDO POR 'LASER' OU POR OUTRO FEIXE DE LUZ OU DE FÓTONS, POR ULTRA - SOM, POR ELETROER"
84581990;II;reducao;"RICMS/SE — Anexo II, pág. 226 do PDF de anexos";"bobinadeira “lavinghead” para bitolas de diâmetro 5,50 a25 mm; enroladeira/bobinadeira “recoiller” para bitolas de diâmetro 20 a 50mm 45 MÁQUINAS - FERRAMENTAS QUE TRABALHEM POR ELIMINAÇÃO DE QUALQUER MATÉRIA, OPERANDO POR 'LASER' OU POR OUTRO FEIXE DE LUZ OU DE FÓTONS, POR ULTRA - SOM, POR ELETROER"
84589100;II;reducao;"RICMS/SE — Anexo II, pág. 226 do PDF de anexos";"bobinadeira “lavinghead” para bitolas de diâmetro 5,50 a25 mm; enroladeira/bobinadeira “recoiller” para bitolas de diâmetro 20 a 50mm 45 MÁQUINAS - FERRAMENTAS QUE TRABALHEM POR ELIMINAÇÃO DE QUALQUER MATÉRIA, OPERANDO POR 'LASER' OU POR OUTRO FEIXE DE LUZ OU DE FÓTONS, POR ULTRA - SOM, POR ELETROER"
84589900;II;reducao;"RICMS/SE — Anexo II, pág. 226 do PDF de anexos";"bobinadeira “lavinghead” para bitolas de diâmetro 5,50 a25 mm; enroladeira/bobinadeira “recoiller” para bitolas de diâmetro 20 a 50mm 45 MÁQUINAS - FERRAMENTAS QUE TRABALHEM POR ELIMINAÇÃO DE QUALQUER MATÉRIA, OPERANDO POR 'LASER' OU POR OUTRO FEIXE DE LUZ OU DE FÓTONS, POR ULTRA - SOM, POR ELETROER"
84591000;II;reducao;"RICMS/SE — Anexo II, pág. 226 do PDF de anexos";"bobinadeira “lavinghead” para bitolas de diâmetro 5,50 a25 mm; enroladeira/bobinadeira “recoiller” para bitolas de diâmetro 20 a 50mm 45 MÁQUINAS - FERRAMENTAS QUE TRABALHEM POR ELIMINAÇÃO DE QUALQUER MATÉRIA, OPERANDO POR 'LASER' OU POR OUTRO FEIXE DE LUZ OU DE FÓTONS, POR ULTRA - SOM, POR ELETROER"
84592110;II;reducao;"RICMS/SE — Anexo II, pág. 226 do PDF de anexos";"bobinadeira “lavinghead” para bitolas de diâmetro 5,50 a25 mm; enroladeira/bobinadeira “recoiller” para bitolas de diâmetro 20 a 50mm 45 MÁQUINAS - FERRAMENTAS QUE TRABALHEM POR ELIMINAÇÃO DE QUALQUER MATÉRIA, OPERANDO POR 'LASER' OU POR OUTRO FEIXE DE LUZ OU DE FÓTONS, POR ULTRA - SOM, POR ELETROER"
84592191;II;reducao;"RICMS/SE — Anexo II, pág. 226 do PDF de anexos";"bobinadeira “lavinghead” para bitolas de diâmetro 5,50 a25 mm; enroladeira/bobinadeira “recoiller” para bitolas de diâmetro 20 a 50mm 45 MÁQUINAS - FERRAMENTAS QUE TRABALHEM POR ELIMINAÇÃO DE QUALQUER MATÉRIA, OPERANDO POR 'LASER' OU POR OUTRO FEIXE DE LUZ OU DE FÓTONS, POR ULTRA - SOM, POR ELETROER"
84592199;II;reducao;"RICMS/SE — Anexo II, pág. 226 do PDF de anexos";"bobinadeira “lavinghead” para bitolas de diâmetro 5,50 a25 mm; enroladeira/bobinadeira “recoiller” para bitolas de diâmetro 20 a 50mm 45 MÁQUINAS - FERRAMENTAS QUE TRABALHEM POR ELIMINAÇÃO DE QUALQUER MATÉRIA, OPERANDO POR 'LASER' OU POR OUTRO FEIXE DE LUZ OU DE FÓTONS, POR ULTRA - SOM, POR ELETROER"
84592900;II;reducao;"RICMS/SE — Anexo II, pág. 226 do PDF de anexos";"bobinadeira “lavinghead” para bitolas de diâmetro 5,50 a25 mm; enroladeira/bobinadeira “recoiller” para bitolas de diâmetro 20 a 50mm 45 MÁQUINAS - FERRAMENTAS QUE TRABALHEM POR ELIMINAÇÃO DE QUALQUER MATÉRIA, OPERANDO POR 'LASER' OU POR OUTRO FEIXE DE LUZ OU DE FÓTONS, POR ULTRA - SOM, POR ELETROER"
84593100;II;reducao;"RICMS/SE — Anexo II, pág. 226 do PDF de anexos";"bobinadeira “lavinghead” para bitolas de diâmetro 5,50 a25 mm; enroladeira/bobinadeira “recoiller” para bitolas de diâmetro 20 a 50mm 45 MÁQUINAS - FERRAMENTAS QUE TRABALHEM POR ELIMINAÇÃO DE QUALQUER MATÉRIA, OPERANDO POR 'LASER' OU POR OUTRO FEIXE DE LUZ OU DE FÓTONS, POR ULTRA - SOM, POR ELETROER"
84593900;II;reducao;"RICMS/SE — Anexo II, pág. 226 do PDF de anexos";"bobinadeira “lavinghead” para bitolas de diâmetro 5,50 a25 mm; enroladeira/bobinadeira “recoiller” para bitolas de diâmetro 20 a 50mm 45 MÁQUINAS - FERRAMENTAS QUE TRABALHEM POR ELIMINAÇÃO DE QUALQUER MATÉRIA, OPERANDO POR 'LASER' OU POR OUTRO FEIXE DE LUZ OU DE FÓTONS, POR ULTRA - SOM, POR ELETROER"
84594000;II;reducao;"RICMS/SE — Anexo II, pág. 226 do PDF de anexos";"bobinadeira “lavinghead” para bitolas de diâmetro 5,50 a25 mm; enroladeira/bobinadeira “recoiller” para bitolas de diâmetro 20 a 50mm 45 MÁQUINAS - FERRAMENTAS QUE TRABALHEM POR ELIMINAÇÃO DE QUALQUER MATÉRIA, OPERANDO POR 'LASER' OU POR OUTRO FEIXE DE LUZ OU DE FÓTONS, POR ULTRA - SOM, POR ELETROER"
84595100;II;reducao;"RICMS/SE — Anexo II, pág. 226 do PDF de anexos";"bobinadeira “lavinghead” para bitolas de diâmetro 5,50 a25 mm; enroladeira/bobinadeira “recoiller” para bitolas de diâmetro 20 a 50mm 45 MÁQUINAS - FERRAMENTAS QUE TRABALHEM POR ELIMINAÇÃO DE QUALQUER MATÉRIA, OPERANDO POR 'LASER' OU POR OUTRO FEIXE DE LUZ OU DE FÓTONS, POR ULTRA - SOM, POR ELETROER"
84595900;II;reducao;"RICMS/SE — Anexo II, pág. 226 do PDF de anexos";"bobinadeira “lavinghead” para bitolas de diâmetro 5,50 a25 mm; enroladeira/bobinadeira “recoiller” para bitolas de diâmetro 20 a 50mm 45 MÁQUINAS - FERRAMENTAS QUE TRABALHEM POR ELIMINAÇÃO DE QUALQUER MATÉRIA, OPERANDO POR 'LASER' OU POR OUTRO FEIXE DE LUZ OU DE FÓTONS, POR ULTRA - SOM, POR ELETROER"
84596100;II;reducao;"RICMS/SE — Anexo II, pág. 226 do PDF de anexos";"bobinadeira “lavinghead” para bitolas de diâmetro 5,50 a25 mm; enroladeira/bobinadeira “recoiller” para bitolas de diâmetro 20 a 50mm 45 MÁQUINAS - FERRAMENTAS QUE TRABALHEM POR ELIMINAÇÃO DE QUALQUER MATÉRIA, OPERANDO POR 'LASER' OU POR OUTRO FEIXE DE LUZ OU DE FÓTONS, POR ULTRA - SOM, POR ELETROER"
84596900;II;reducao;"RICMS/SE — Anexo II, pág. 226 do PDF de anexos";"bobinadeira “lavinghead” para bitolas de diâmetro 5,50 a25 mm; enroladeira/bobinadeira “recoiller” para bitolas de diâmetro 20 a 50mm 45 MÁQUINAS - FERRAMENTAS QUE TRABALHEM POR ELIMINAÇÃO DE QUALQUER MATÉRIA, OPERANDO POR 'LASER' OU POR OUTRO FEIXE DE LUZ OU DE FÓTONS, POR ULTRA - SOM, POR ELETROER"
84597000;II;reducao;"RICMS/SE — Anexo II, pág. 226 do PDF de anexos";"bobinadeira “lavinghead” para bitolas de diâmetro 5,50 a25 mm; enroladeira/bobinadeira “recoiller” para bitolas de diâmetro 20 a 50mm 45 MÁQUINAS - FERRAMENTAS QUE TRABALHEM POR ELIMINAÇÃO DE QUALQUER MATÉRIA, OPERANDO POR 'LASER' OU POR OUTRO FEIXE DE LUZ OU DE FÓTONS, POR ULTRA - SOM, POR ELETROER"
84601100;II;reducao;"RICMS/SE — Anexo II, pág. 226 do PDF de anexos";"MÁQUINAS - FERRAMENTAS PARA REBARBAR, AFIAR, AMOLAR, RETIFICAR, BRUNIR, POLIR OU REALIZAR OUTRAS OPERAÇÕES DE ACABAMENTO EM METAIS OU CERAMAIS ('CERMETS') POR MEIO DE MÓS, DE ABRASIVOS OU DE PRODUTOS POLIDORES, EXCETO AS MÁQUINAS DE CORTAR OU ACABAR ENGRENAGENS DA POSIÇÃO 84.61 49.1 Máquinas para re"
84601900;II;reducao;"RICMS/SE — Anexo II, pág. 227 do PDF de anexos";"0,01mm, de comando numérico 49.2 Outras máquinas para retificar superfícies planas, cujo posicionamento sobre qualquer dos eixos pode ser estabelecido com precisão de pelo menos 0,01mm 8460.19.00 49.3 Outras máquinas para retificar, cujo posicionamento sobre qualquer dos eixos pode ser estabelecido "
84602100;II;reducao;"RICMS/SE — Anexo II, pág. 227 do PDF de anexos";"0,01mm, de comando numérico 49.2 Outras máquinas para retificar superfícies planas, cujo posicionamento sobre qualquer dos eixos pode ser estabelecido com precisão de pelo menos 0,01mm 8460.19.00 49.3 Outras máquinas para retificar, cujo posicionamento sobre qualquer dos eixos pode ser estabelecido "
84602900;II;reducao;"RICMS/SE — Anexo II, pág. 227 do PDF de anexos";"0,01mm, de comando numérico 49.2 Outras máquinas para retificar superfícies planas, cujo posicionamento sobre qualquer dos eixos pode ser estabelecido com precisão de pelo menos 0,01mm 8460.19.00 49.3 Outras máquinas para retificar, cujo posicionamento sobre qualquer dos eixos pode ser estabelecido "
84603100;II;reducao;"RICMS/SE — Anexo II, pág. 227 do PDF de anexos";"0,01mm, de comando numérico 49.2 Outras máquinas para retificar superfícies planas, cujo posicionamento sobre qualquer dos eixos pode ser estabelecido com precisão de pelo menos 0,01mm 8460.19.00 49.3 Outras máquinas para retificar, cujo posicionamento sobre qualquer dos eixos pode ser estabelecido "
84603900;II;reducao;"RICMS/SE — Anexo II, pág. 227 do PDF de anexos";"0,01mm, de comando numérico 49.2 Outras máquinas para retificar superfícies planas, cujo posicionamento sobre qualquer dos eixos pode ser estabelecido com precisão de pelo menos 0,01mm 8460.19.00 49.3 Outras máquinas para retificar, cujo posicionamento sobre qualquer dos eixos pode ser estabelecido "
84604011;II;reducao;"RICMS/SE — Anexo II, pág. 227 do PDF de anexos";"0,01mm, de comando numérico 49.2 Outras máquinas para retificar superfícies planas, cujo posicionamento sobre qualquer dos eixos pode ser estabelecido com precisão de pelo menos 0,01mm 8460.19.00 49.3 Outras máquinas para retificar, cujo posicionamento sobre qualquer dos eixos pode ser estabelecido "
84604019;II;reducao;"RICMS/SE — Anexo II, pág. 227 do PDF de anexos";"0,01mm, de comando numérico 49.2 Outras máquinas para retificar superfícies planas, cujo posicionamento sobre qualquer dos eixos pode ser estabelecido com precisão de pelo menos 0,01mm 8460.19.00 49.3 Outras máquinas para retificar, cujo posicionamento sobre qualquer dos eixos pode ser estabelecido "
84604091;II;reducao;"RICMS/SE — Anexo II, pág. 227 do PDF de anexos";"0,01mm, de comando numérico 49.2 Outras máquinas para retificar superfícies planas, cujo posicionamento sobre qualquer dos eixos pode ser estabelecido com precisão de pelo menos 0,01mm 8460.19.00 49.3 Outras máquinas para retificar, cujo posicionamento sobre qualquer dos eixos pode ser estabelecido "
84604099;II;reducao;"RICMS/SE — Anexo II, pág. 227 do PDF de anexos";"0,01mm, de comando numérico 49.2 Outras máquinas para retificar superfícies planas, cujo posicionamento sobre qualquer dos eixos pode ser estabelecido com precisão de pelo menos 0,01mm 8460.19.00 49.3 Outras máquinas para retificar, cujo posicionamento sobre qualquer dos eixos pode ser estabelecido "
84609011;II;reducao;"RICMS/SE — Anexo II, pág. 227 do PDF de anexos";"0,01mm, de comando numérico 49.2 Outras máquinas para retificar superfícies planas, cujo posicionamento sobre qualquer dos eixos pode ser estabelecido com precisão de pelo menos 0,01mm 8460.19.00 49.3 Outras máquinas para retificar, cujo posicionamento sobre qualquer dos eixos pode ser estabelecido "
84609012;II;reducao;"RICMS/SE — Anexo II, pág. 227 do PDF de anexos";"0,01mm, de comando numérico 49.2 Outras máquinas para retificar superfícies planas, cujo posicionamento sobre qualquer dos eixos pode ser estabelecido com precisão de pelo menos 0,01mm 8460.19.00 49.3 Outras máquinas para retificar, cujo posicionamento sobre qualquer dos eixos pode ser estabelecido "
84609019;II;reducao;"RICMS/SE — Anexo II, pág. 227 do PDF de anexos";"0,01mm, de comando numérico 49.2 Outras máquinas para retificar superfícies planas, cujo posicionamento sobre qualquer dos eixos pode ser estabelecido com precisão de pelo menos 0,01mm 8460.19.00 49.3 Outras máquinas para retificar, cujo posicionamento sobre qualquer dos eixos pode ser estabelecido "
84609090;II;reducao;"RICMS/SE — Anexo II, pág. 227 do PDF de anexos";"0,01mm, de comando numérico 49.2 Outras máquinas para retificar superfícies planas, cujo posicionamento sobre qualquer dos eixos pode ser estabelecido com precisão de pelo menos 0,01mm 8460.19.00 49.3 Outras máquinas para retificar, cujo posicionamento sobre qualquer dos eixos pode ser estabelecido "
84612010;II;reducao;"RICMS/SE — Anexo II, pág. 227 do PDF de anexos";"0,01mm, de comando numérico 49.2 Outras máquinas para retificar superfícies planas, cujo posicionamento sobre qualquer dos eixos pode ser estabelecido com precisão de pelo menos 0,01mm 8460.19.00 49.3 Outras máquinas para retificar, cujo posicionamento sobre qualquer dos eixos pode ser estabelecido "
84612090;II;reducao;"RICMS/SE — Anexo II, pág. 227 do PDF de anexos";"0,01mm, de comando numérico 49.2 Outras máquinas para retificar superfícies planas, cujo posicionamento sobre qualquer dos eixos pode ser estabelecido com precisão de pelo menos 0,01mm 8460.19.00 49.3 Outras máquinas para retificar, cujo posicionamento sobre qualquer dos eixos pode ser estabelecido "
84613010;II;reducao;"RICMS/SE — Anexo II, pág. 227 do PDF de anexos";"0,01mm, de comando numérico 49.2 Outras máquinas para retificar superfícies planas, cujo posicionamento sobre qualquer dos eixos pode ser estabelecido com precisão de pelo menos 0,01mm 8460.19.00 49.3 Outras máquinas para retificar, cujo posicionamento sobre qualquer dos eixos pode ser estabelecido "
84613090;II;reducao;"RICMS/SE — Anexo II, pág. 227 do PDF de anexos";"0,01mm, de comando numérico 49.2 Outras máquinas para retificar superfícies planas, cujo posicionamento sobre qualquer dos eixos pode ser estabelecido com precisão de pelo menos 0,01mm 8460.19.00 49.3 Outras máquinas para retificar, cujo posicionamento sobre qualquer dos eixos pode ser estabelecido "
84614010;II;reducao;"RICMS/SE — Anexo II, pág. 227 do PDF de anexos";"0,01mm, de comando numérico 49.2 Outras máquinas para retificar superfícies planas, cujo posicionamento sobre qualquer dos eixos pode ser estabelecido com precisão de pelo menos 0,01mm 8460.19.00 49.3 Outras máquinas para retificar, cujo posicionamento sobre qualquer dos eixos pode ser estabelecido "
84614091;II;reducao;"RICMS/SE — Anexo II, pág. 227 do PDF de anexos";"0,01mm, de comando numérico 49.2 Outras máquinas para retificar superfícies planas, cujo posicionamento sobre qualquer dos eixos pode ser estabelecido com precisão de pelo menos 0,01mm 8460.19.00 49.3 Outras máquinas para retificar, cujo posicionamento sobre qualquer dos eixos pode ser estabelecido "
84614099;II;reducao;"RICMS/SE — Anexo II, pág. 227 do PDF de anexos";"0,01mm, de comando numérico 49.2 Outras máquinas para retificar superfícies planas, cujo posicionamento sobre qualquer dos eixos pode ser estabelecido com precisão de pelo menos 0,01mm 8460.19.00 49.3 Outras máquinas para retificar, cujo posicionamento sobre qualquer dos eixos pode ser estabelecido "
84615010;II;reducao;"RICMS/SE — Anexo II, pág. 227 do PDF de anexos";"0,01mm, de comando numérico 49.2 Outras máquinas para retificar superfícies planas, cujo posicionamento sobre qualquer dos eixos pode ser estabelecido com precisão de pelo menos 0,01mm 8460.19.00 49.3 Outras máquinas para retificar, cujo posicionamento sobre qualquer dos eixos pode ser estabelecido "
84615020;II;reducao;"RICMS/SE — Anexo II, pág. 227 do PDF de anexos";"0,01mm, de comando numérico 49.2 Outras máquinas para retificar superfícies planas, cujo posicionamento sobre qualquer dos eixos pode ser estabelecido com precisão de pelo menos 0,01mm 8460.19.00 49.3 Outras máquinas para retificar, cujo posicionamento sobre qualquer dos eixos pode ser estabelecido "
84615090;II;reducao;"RICMS/SE — Anexo II, pág. 227 do PDF de anexos";"0,01mm, de comando numérico 49.2 Outras máquinas para retificar superfícies planas, cujo posicionamento sobre qualquer dos eixos pode ser estabelecido com precisão de pelo menos 0,01mm 8460.19.00 49.3 Outras máquinas para retificar, cujo posicionamento sobre qualquer dos eixos pode ser estabelecido "
84619010;II;reducao;"RICMS/SE — Anexo II, pág. 227 do PDF de anexos";"0,01mm, de comando numérico 49.2 Outras máquinas para retificar superfícies planas, cujo posicionamento sobre qualquer dos eixos pode ser estabelecido com precisão de pelo menos 0,01mm 8460.19.00 49.3 Outras máquinas para retificar, cujo posicionamento sobre qualquer dos eixos pode ser estabelecido "
84619090;II;reducao;"RICMS/SE — Anexo II, pág. 227 do PDF de anexos";"0,01mm, de comando numérico 49.2 Outras máquinas para retificar superfícies planas, cujo posicionamento sobre qualquer dos eixos pode ser estabelecido com precisão de pelo menos 0,01mm 8460.19.00 49.3 Outras máquinas para retificar, cujo posicionamento sobre qualquer dos eixos pode ser estabelecido "
84621011;II;reducao;"RICMS/SE — Anexo II, pág. 227 do PDF de anexos";"PRENSAS PARA TRABALHAR METAIS OU CARBONETOS METÁLICOS, NÃO ESPECIFICADAS ACIMA 51.1 Máquinas para estampar 8462.10.11 51.2 Outras máquinas (incluídas as prensas) para forjar ou estampar, martelos, martelos - pilões e martinetes, de comando numérico 8462.10.19 51.3 Outras máquinas (incluídas as prens"
84621019;II;reducao;"RICMS/SE — Anexo II, pág. 227 do PDF de anexos";"PRENSAS PARA TRABALHAR METAIS OU CARBONETOS METÁLICOS, NÃO ESPECIFICADAS ACIMA 51.1 Máquinas para estampar 8462.10.11 51.2 Outras máquinas (incluídas as prensas) para forjar ou estampar, martelos, martelos - pilões e martinetes, de comando numérico 8462.10.19 51.3 Outras máquinas (incluídas as prens"
84621090;II;reducao;"RICMS/SE — Anexo II, pág. 227 do PDF de anexos";"PRENSAS PARA TRABALHAR METAIS OU CARBONETOS METÁLICOS, NÃO ESPECIFICADAS ACIMA 51.1 Máquinas para estampar 8462.10.11 51.2 Outras máquinas (incluídas as prensas) para forjar ou estampar, martelos, martelos - pilões e martinetes, de comando numérico 8462.10.19 51.3 Outras máquinas (incluídas as prens"
84622100;II;reducao;"RICMS/SE — Anexo II, pág. 227 do PDF de anexos";"PRENSAS PARA TRABALHAR METAIS OU CARBONETOS METÁLICOS, NÃO ESPECIFICADAS ACIMA 51.1 Máquinas para estampar 8462.10.11 51.2 Outras máquinas (incluídas as prensas) para forjar ou estampar, martelos, martelos - pilões e martinetes, de comando numérico 8462.10.19 51.3 Outras máquinas (incluídas as prens"
84622900;II;reducao;"RICMS/SE — Anexo II, pág. 228 do PDF de anexos";"aplanar, de comando numérico 51.5 Outras máquinas (incluídas as prensas) para enrolar, arquear, dobrar, endireitar ou aplanar 8462.29.00 51.6 Máquinas (incluídas as prensas) para cisalhar, exceto as máquinas combinadas de puncionar e cisalhar, de comando numérico 8462.31.00 51.7 Máquinas (incluídas "
84623100;II;reducao;"RICMS/SE — Anexo II, pág. 228 do PDF de anexos";"aplanar, de comando numérico 51.5 Outras máquinas (incluídas as prensas) para enrolar, arquear, dobrar, endireitar ou aplanar 8462.29.00 51.6 Máquinas (incluídas as prensas) para cisalhar, exceto as máquinas combinadas de puncionar e cisalhar, de comando numérico 8462.31.00 51.7 Máquinas (incluídas "
84623910;II;reducao;"RICMS/SE — Anexo II, pág. 228 do PDF de anexos";"aplanar, de comando numérico 51.5 Outras máquinas (incluídas as prensas) para enrolar, arquear, dobrar, endireitar ou aplanar 8462.29.00 51.6 Máquinas (incluídas as prensas) para cisalhar, exceto as máquinas combinadas de puncionar e cisalhar, de comando numérico 8462.31.00 51.7 Máquinas (incluídas "
84623990;II;reducao;"RICMS/SE — Anexo II, pág. 228 do PDF de anexos";"aplanar, de comando numérico 51.5 Outras máquinas (incluídas as prensas) para enrolar, arquear, dobrar, endireitar ou aplanar 8462.29.00 51.6 Máquinas (incluídas as prensas) para cisalhar, exceto as máquinas combinadas de puncionar e cisalhar, de comando numérico 8462.31.00 51.7 Máquinas (incluídas "
84624100;II;reducao;"RICMS/SE — Anexo II, pág. 228 do PDF de anexos";"aplanar, de comando numérico 51.5 Outras máquinas (incluídas as prensas) para enrolar, arquear, dobrar, endireitar ou aplanar 8462.29.00 51.6 Máquinas (incluídas as prensas) para cisalhar, exceto as máquinas combinadas de puncionar e cisalhar, de comando numérico 8462.31.00 51.7 Máquinas (incluídas "
84624900;II;reducao;"RICMS/SE — Anexo II, pág. 228 do PDF de anexos";"aplanar, de comando numérico 51.5 Outras máquinas (incluídas as prensas) para enrolar, arquear, dobrar, endireitar ou aplanar 8462.29.00 51.6 Máquinas (incluídas as prensas) para cisalhar, exceto as máquinas combinadas de puncionar e cisalhar, de comando numérico 8462.31.00 51.7 Máquinas (incluídas "
84629111;II;reducao;"RICMS/SE — Anexo II, pág. 228 do PDF de anexos";"aplanar, de comando numérico 51.5 Outras máquinas (incluídas as prensas) para enrolar, arquear, dobrar, endireitar ou aplanar 8462.29.00 51.6 Máquinas (incluídas as prensas) para cisalhar, exceto as máquinas combinadas de puncionar e cisalhar, de comando numérico 8462.31.00 51.7 Máquinas (incluídas "
84629191;II;reducao;"RICMS/SE — Anexo II, pág. 228 do PDF de anexos";"aplanar, de comando numérico 51.5 Outras máquinas (incluídas as prensas) para enrolar, arquear, dobrar, endireitar ou aplanar 8462.29.00 51.6 Máquinas (incluídas as prensas) para cisalhar, exceto as máquinas combinadas de puncionar e cisalhar, de comando numérico 8462.31.00 51.7 Máquinas (incluídas "
84629119;II;reducao;"RICMS/SE — Anexo II, pág. 228 do PDF de anexos";"aplanar, de comando numérico 51.5 Outras máquinas (incluídas as prensas) para enrolar, arquear, dobrar, endireitar ou aplanar 8462.29.00 51.6 Máquinas (incluídas as prensas) para cisalhar, exceto as máquinas combinadas de puncionar e cisalhar, de comando numérico 8462.31.00 51.7 Máquinas (incluídas "
84629199;II;reducao;"RICMS/SE — Anexo II, pág. 228 do PDF de anexos";"aplanar, de comando numérico 51.5 Outras máquinas (incluídas as prensas) para enrolar, arquear, dobrar, endireitar ou aplanar 8462.29.00 51.6 Máquinas (incluídas as prensas) para cisalhar, exceto as máquinas combinadas de puncionar e cisalhar, de comando numérico 8462.31.00 51.7 Máquinas (incluídas "
84629910;II;reducao;"RICMS/SE — Anexo II, pág. 228 do PDF de anexos";"aplanar, de comando numérico 51.5 Outras máquinas (incluídas as prensas) para enrolar, arquear, dobrar, endireitar ou aplanar 8462.29.00 51.6 Máquinas (incluídas as prensas) para cisalhar, exceto as máquinas combinadas de puncionar e cisalhar, de comando numérico 8462.31.00 51.7 Máquinas (incluídas "
84629920;II;reducao;"RICMS/SE — Anexo II, pág. 228 do PDF de anexos";"aplanar, de comando numérico 51.5 Outras máquinas (incluídas as prensas) para enrolar, arquear, dobrar, endireitar ou aplanar 8462.29.00 51.6 Máquinas (incluídas as prensas) para cisalhar, exceto as máquinas combinadas de puncionar e cisalhar, de comando numérico 8462.31.00 51.7 Máquinas (incluídas "
84629990;II;reducao;"RICMS/SE — Anexo II, pág. 228 do PDF de anexos";"aplanar, de comando numérico 51.5 Outras máquinas (incluídas as prensas) para enrolar, arquear, dobrar, endireitar ou aplanar 8462.29.00 51.6 Máquinas (incluídas as prensas) para cisalhar, exceto as máquinas combinadas de puncionar e cisalhar, de comando numérico 8462.31.00 51.7 Máquinas (incluídas "
84631010;II;reducao;"RICMS/SE — Anexo II, pág. 228 do PDF de anexos";"aplanar, de comando numérico 51.5 Outras máquinas (incluídas as prensas) para enrolar, arquear, dobrar, endireitar ou aplanar 8462.29.00 51.6 Máquinas (incluídas as prensas) para cisalhar, exceto as máquinas combinadas de puncionar e cisalhar, de comando numérico 8462.31.00 51.7 Máquinas (incluídas "
84631090;II;reducao;"RICMS/SE — Anexo II, pág. 228 do PDF de anexos";"aplanar, de comando numérico 51.5 Outras máquinas (incluídas as prensas) para enrolar, arquear, dobrar, endireitar ou aplanar 8462.29.00 51.6 Máquinas (incluídas as prensas) para cisalhar, exceto as máquinas combinadas de puncionar e cisalhar, de comando numérico 8462.31.00 51.7 Máquinas (incluídas "
84632010;II;reducao;"RICMS/SE — Anexo II, pág. 228 do PDF de anexos";"aplanar, de comando numérico 51.5 Outras máquinas (incluídas as prensas) para enrolar, arquear, dobrar, endireitar ou aplanar 8462.29.00 51.6 Máquinas (incluídas as prensas) para cisalhar, exceto as máquinas combinadas de puncionar e cisalhar, de comando numérico 8462.31.00 51.7 Máquinas (incluídas "
84632091;II;reducao;"RICMS/SE — Anexo II, pág. 228 do PDF de anexos";"aplanar, de comando numérico 51.5 Outras máquinas (incluídas as prensas) para enrolar, arquear, dobrar, endireitar ou aplanar 8462.29.00 51.6 Máquinas (incluídas as prensas) para cisalhar, exceto as máquinas combinadas de puncionar e cisalhar, de comando numérico 8462.31.00 51.7 Máquinas (incluídas "
84632099;II;reducao;"RICMS/SE — Anexo II, pág. 228 do PDF de anexos";"aplanar, de comando numérico 51.5 Outras máquinas (incluídas as prensas) para enrolar, arquear, dobrar, endireitar ou aplanar 8462.29.00 51.6 Máquinas (incluídas as prensas) para cisalhar, exceto as máquinas combinadas de puncionar e cisalhar, de comando numérico 8462.31.00 51.7 Máquinas (incluídas "
84633000;II;reducao;"RICMS/SE — Anexo II, pág. 228 do PDF de anexos";"aplanar, de comando numérico 51.5 Outras máquinas (incluídas as prensas) para enrolar, arquear, dobrar, endireitar ou aplanar 8462.29.00 51.6 Máquinas (incluídas as prensas) para cisalhar, exceto as máquinas combinadas de puncionar e cisalhar, de comando numérico 8462.31.00 51.7 Máquinas (incluídas "
84639010;II;reducao;"RICMS/SE — Anexo II, pág. 228 do PDF de anexos";"aplanar, de comando numérico 51.5 Outras máquinas (incluídas as prensas) para enrolar, arquear, dobrar, endireitar ou aplanar 8462.29.00 51.6 Máquinas (incluídas as prensas) para cisalhar, exceto as máquinas combinadas de puncionar e cisalhar, de comando numérico 8462.31.00 51.7 Máquinas (incluídas "
84639090;II;reducao;"RICMS/SE — Anexo II, pág. 228 do PDF de anexos";"aplanar, de comando numérico 51.5 Outras máquinas (incluídas as prensas) para enrolar, arquear, dobrar, endireitar ou aplanar 8462.29.00 51.6 Máquinas (incluídas as prensas) para cisalhar, exceto as máquinas combinadas de puncionar e cisalhar, de comando numérico 8462.31.00 51.7 Máquinas (incluídas "
84641000;II;reducao;"RICMS/SE — Anexo II, pág. 228 do PDF de anexos";"aplanar, de comando numérico 51.5 Outras máquinas (incluídas as prensas) para enrolar, arquear, dobrar, endireitar ou aplanar 8462.29.00 51.6 Máquinas (incluídas as prensas) para cisalhar, exceto as máquinas combinadas de puncionar e cisalhar, de comando numérico 8462.31.00 51.7 Máquinas (incluídas "
84642010;II;reducao;"RICMS/SE — Anexo II, pág. 228 do PDF de anexos";"aplanar, de comando numérico 51.5 Outras máquinas (incluídas as prensas) para enrolar, arquear, dobrar, endireitar ou aplanar 8462.29.00 51.6 Máquinas (incluídas as prensas) para cisalhar, exceto as máquinas combinadas de puncionar e cisalhar, de comando numérico 8462.31.00 51.7 Máquinas (incluídas "
84642021;II;reducao;"RICMS/SE — Anexo II, pág. 228 do PDF de anexos";"aplanar, de comando numérico 51.5 Outras máquinas (incluídas as prensas) para enrolar, arquear, dobrar, endireitar ou aplanar 8462.29.00 51.6 Máquinas (incluídas as prensas) para cisalhar, exceto as máquinas combinadas de puncionar e cisalhar, de comando numérico 8462.31.00 51.7 Máquinas (incluídas "
84642029;II;reducao;"RICMS/SE — Anexo II, pág. 228 do PDF de anexos";"aplanar, de comando numérico 51.5 Outras máquinas (incluídas as prensas) para enrolar, arquear, dobrar, endireitar ou aplanar 8462.29.00 51.6 Máquinas (incluídas as prensas) para cisalhar, exceto as máquinas combinadas de puncionar e cisalhar, de comando numérico 8462.31.00 51.7 Máquinas (incluídas "
84642090;II;reducao;"RICMS/SE — Anexo II, pág. 228 do PDF de anexos";"aplanar, de comando numérico 51.5 Outras máquinas (incluídas as prensas) para enrolar, arquear, dobrar, endireitar ou aplanar 8462.29.00 51.6 Máquinas (incluídas as prensas) para cisalhar, exceto as máquinas combinadas de puncionar e cisalhar, de comando numérico 8462.31.00 51.7 Máquinas (incluídas "
84649011;II;reducao;"RICMS/SE — Anexo II, pág. 228 do PDF de anexos";"aplanar, de comando numérico 51.5 Outras máquinas (incluídas as prensas) para enrolar, arquear, dobrar, endireitar ou aplanar 8462.29.00 51.6 Máquinas (incluídas as prensas) para cisalhar, exceto as máquinas combinadas de puncionar e cisalhar, de comando numérico 8462.31.00 51.7 Máquinas (incluídas "
84649019;II;reducao;"RICMS/SE — Anexo II, pág. 228 do PDF de anexos";"aplanar, de comando numérico 51.5 Outras máquinas (incluídas as prensas) para enrolar, arquear, dobrar, endireitar ou aplanar 8462.29.00 51.6 Máquinas (incluídas as prensas) para cisalhar, exceto as máquinas combinadas de puncionar e cisalhar, de comando numérico 8462.31.00 51.7 Máquinas (incluídas "
84649090;II;reducao;"RICMS/SE — Anexo II, pág. 228 do PDF de anexos";"aplanar, de comando numérico 51.5 Outras máquinas (incluídas as prensas) para enrolar, arquear, dobrar, endireitar ou aplanar 8462.29.00 51.6 Máquinas (incluídas as prensas) para cisalhar, exceto as máquinas combinadas de puncionar e cisalhar, de comando numérico 8462.31.00 51.7 Máquinas (incluídas "
84651000;II;reducao;"RICMS/SE — Anexo II, pág. 229 do PDF de anexos";"54.1 Máquinas - ferramentas capazes de efetuar diferentes tipos de operações sem troca de ferramentas; plaina combinada (desengrossadeira - desempenadeira) 8465.10.00 54.2 Máquinas de serrar de fita sem fim 8465.91.10 54.3 Máquinas de serrar circulares 8465.91.20 54.4 Outras máquinas de serrar; serr"
84659110;II;reducao;"RICMS/SE — Anexo II, pág. 229 do PDF de anexos";"54.1 Máquinas - ferramentas capazes de efetuar diferentes tipos de operações sem troca de ferramentas; plaina combinada (desengrossadeira - desempenadeira) 8465.10.00 54.2 Máquinas de serrar de fita sem fim 8465.91.10 54.3 Máquinas de serrar circulares 8465.91.20 54.4 Outras máquinas de serrar; serr"
84659120;II;reducao;"RICMS/SE — Anexo II, pág. 229 do PDF de anexos";"54.1 Máquinas - ferramentas capazes de efetuar diferentes tipos de operações sem troca de ferramentas; plaina combinada (desengrossadeira - desempenadeira) 8465.10.00 54.2 Máquinas de serrar de fita sem fim 8465.91.10 54.3 Máquinas de serrar circulares 8465.91.20 54.4 Outras máquinas de serrar; serr"
84659190;II;reducao;"RICMS/SE — Anexo II, pág. 229 do PDF de anexos";"54.1 Máquinas - ferramentas capazes de efetuar diferentes tipos de operações sem troca de ferramentas; plaina combinada (desengrossadeira - desempenadeira) 8465.10.00 54.2 Máquinas de serrar de fita sem fim 8465.91.10 54.3 Máquinas de serrar circulares 8465.91.20 54.4 Outras máquinas de serrar; serr"
84659211;II;reducao;"RICMS/SE — Anexo II, pág. 229 do PDF de anexos";"54.1 Máquinas - ferramentas capazes de efetuar diferentes tipos de operações sem troca de ferramentas; plaina combinada (desengrossadeira - desempenadeira) 8465.10.00 54.2 Máquinas de serrar de fita sem fim 8465.91.10 54.3 Máquinas de serrar circulares 8465.91.20 54.4 Outras máquinas de serrar; serr"
84659219;II;reducao;"RICMS/SE — Anexo II, pág. 229 do PDF de anexos";"54.1 Máquinas - ferramentas capazes de efetuar diferentes tipos de operações sem troca de ferramentas; plaina combinada (desengrossadeira - desempenadeira) 8465.10.00 54.2 Máquinas de serrar de fita sem fim 8465.91.10 54.3 Máquinas de serrar circulares 8465.91.20 54.4 Outras máquinas de serrar; serr"
84659290;II;reducao;"RICMS/SE — Anexo II, pág. 229 do PDF de anexos";"8465.92.90 54.8 Lixadeiras 8465.93.10 54.9 Outras máquinas para esmerilar, lixar ou polir 8465.93.90 54.10 Máquinas para arquear ou para reunir; prensas para produção de madeira compensada ou placada, com placas aquecidas 8465.94.00 54.11 Máquinas para furar, de comando numérico 8465.95.11 54.12 Máq"
84659310;II;reducao;"RICMS/SE — Anexo II, pág. 229 do PDF de anexos";"8465.92.90 54.8 Lixadeiras 8465.93.10 54.9 Outras máquinas para esmerilar, lixar ou polir 8465.93.90 54.10 Máquinas para arquear ou para reunir; prensas para produção de madeira compensada ou placada, com placas aquecidas 8465.94.00 54.11 Máquinas para furar, de comando numérico 8465.95.11 54.12 Máq"
84659390;II;reducao;"RICMS/SE — Anexo II, pág. 229 do PDF de anexos";"8465.92.90 54.8 Lixadeiras 8465.93.10 54.9 Outras máquinas para esmerilar, lixar ou polir 8465.93.90 54.10 Máquinas para arquear ou para reunir; prensas para produção de madeira compensada ou placada, com placas aquecidas 8465.94.00 54.11 Máquinas para furar, de comando numérico 8465.95.11 54.12 Máq"
84659400;II;reducao;"RICMS/SE — Anexo II, pág. 229 do PDF de anexos";"8465.92.90 54.8 Lixadeiras 8465.93.10 54.9 Outras máquinas para esmerilar, lixar ou polir 8465.93.90 54.10 Máquinas para arquear ou para reunir; prensas para produção de madeira compensada ou placada, com placas aquecidas 8465.94.00 54.11 Máquinas para furar, de comando numérico 8465.95.11 54.12 Máq"
84659511;II;reducao;"RICMS/SE — Anexo II, pág. 229 do PDF de anexos";"8465.92.90 54.8 Lixadeiras 8465.93.10 54.9 Outras máquinas para esmerilar, lixar ou polir 8465.93.90 54.10 Máquinas para arquear ou para reunir; prensas para produção de madeira compensada ou placada, com placas aquecidas 8465.94.00 54.11 Máquinas para furar, de comando numérico 8465.95.11 54.12 Máq"
84659512;II;reducao;"RICMS/SE — Anexo II, pág. 229 do PDF de anexos";"8465.92.90 54.8 Lixadeiras 8465.93.10 54.9 Outras máquinas para esmerilar, lixar ou polir 8465.93.90 54.10 Máquinas para arquear ou para reunir; prensas para produção de madeira compensada ou placada, com placas aquecidas 8465.94.00 54.11 Máquinas para furar, de comando numérico 8465.95.11 54.12 Máq"
84659591;II;reducao;"RICMS/SE — Anexo II, pág. 229 do PDF de anexos";"8465.92.90 54.8 Lixadeiras 8465.93.10 54.9 Outras máquinas para esmerilar, lixar ou polir 8465.93.90 54.10 Máquinas para arquear ou para reunir; prensas para produção de madeira compensada ou placada, com placas aquecidas 8465.94.00 54.11 Máquinas para furar, de comando numérico 8465.95.11 54.12 Máq"
84659592;II;reducao;"RICMS/SE — Anexo II, pág. 229 do PDF de anexos";"8465.92.90 54.8 Lixadeiras 8465.93.10 54.9 Outras máquinas para esmerilar, lixar ou polir 8465.93.90 54.10 Máquinas para arquear ou para reunir; prensas para produção de madeira compensada ou placada, com placas aquecidas 8465.94.00 54.11 Máquinas para furar, de comando numérico 8465.95.11 54.12 Máq"
84659600;II;reducao;"RICMS/SE — Anexo II, pág. 229 do PDF de anexos";"8465.92.90 54.8 Lixadeiras 8465.93.10 54.9 Outras máquinas para esmerilar, lixar ou polir 8465.93.90 54.10 Máquinas para arquear ou para reunir; prensas para produção de madeira compensada ou placada, com placas aquecidas 8465.94.00 54.11 Máquinas para furar, de comando numérico 8465.95.11 54.12 Máq"
84659900;II;reducao;"RICMS/SE — Anexo II, pág. 229 do PDF de anexos";"8465.92.90 54.8 Lixadeiras 8465.93.10 54.9 Outras máquinas para esmerilar, lixar ou polir 8465.93.90 54.10 Máquinas para arquear ou para reunir; prensas para produção de madeira compensada ou placada, com placas aquecidas 8465.94.00 54.11 Máquinas para furar, de comando numérico 8465.95.11 54.12 Máq"
84662010;II;reducao;"RICMS/SE — Anexo II, pág. 229 do PDF de anexos";"PORTA - FERRAMENTAS PARA FERRAMENTAS MANUAIS DE TODOS OS TIPOS 55.1 Porta - peças, para tornos 8466.20.10 55.2 Dispositivos divisores e outros dispositivos especiais, para máquinas - ferramentas 8466.30.00 55.3 Outros acessórios, partes para máquinas da posição 84.64 (Conv ICMS 112/2010) 8466.91.00 "
84663000;II;reducao;"RICMS/SE — Anexo II, pág. 229 do PDF de anexos";"PORTA - FERRAMENTAS PARA FERRAMENTAS MANUAIS DE TODOS OS TIPOS 55.1 Porta - peças, para tornos 8466.20.10 55.2 Dispositivos divisores e outros dispositivos especiais, para máquinas - ferramentas 8466.30.00 55.3 Outros acessórios, partes para máquinas da posição 84.64 (Conv ICMS 112/2010) 8466.91.00 "
84669100;II;reducao;"RICMS/SE — Anexo II, pág. 229 do PDF de anexos";"PORTA - FERRAMENTAS PARA FERRAMENTAS MANUAIS DE TODOS OS TIPOS 55.1 Porta - peças, para tornos 8466.20.10 55.2 Dispositivos divisores e outros dispositivos especiais, para máquinas - ferramentas 8466.30.00 55.3 Outros acessórios, partes para máquinas da posição 84.64 (Conv ICMS 112/2010) 8466.91.00 "
84669330;II;reducao;"RICMS/SE — Anexo II, pág. 241 do PDF de anexos";"b) máquinas para fabricação de lã ou palha de madeira 8465.99.00 c) Torno tipicamente copiador 8465.99.00 d) qualquer outro torno 8465.99.00 e) máquinas para copiar ou reproduzir 8465.99.00 f) moinhos para fabricação de farinha de madeira 8465.99.00 g) máquinas para fabricação de botões de madeira 8"
84671900;II;reducao;"RICMS/SE — Anexo II, pág. 231 do PDF de anexos";"56.3 Outras ferramentas pneumáticas; martelos ou marteletes; pistolas de ar comprimido para lubrificação 8467.19.00 56.4 Serra de corrente 8467.81.00 56.5 Outras ferramentas com motor elétrico ou não elétrico incorporado, de uso manual (Conv ICMS 51/2010) 8467.29 8467.89.00 Nova Redação dada ao subi"
84678100;II;reducao;"RICMS/SE — Anexo II, pág. 231 do PDF de anexos";"56.3 Outras ferramentas pneumáticas; martelos ou marteletes; pistolas de ar comprimido para lubrificação 8467.19.00 56.4 Serra de corrente 8467.81.00 56.5 Outras ferramentas com motor elétrico ou não elétrico incorporado, de uso manual (Conv ICMS 51/2010) 8467.29 8467.89.00 Nova Redação dada ao subi"
84678900;II;reducao;"RICMS/SE — Anexo II, pág. 231 do PDF de anexos";"56.3 Outras ferramentas pneumáticas; martelos ou marteletes; pistolas de ar comprimido para lubrificação 8467.19.00 56.4 Serra de corrente 8467.81.00 56.5 Outras ferramentas com motor elétrico ou não elétrico incorporado, de uso manual (Conv ICMS 51/2010) 8467.29 8467.89.00 Nova Redação dada ao subi"
84681000;II;reducao;"RICMS/SE — Anexo II, pág. 231 do PDF de anexos";"MÁQUINAS E APARELHOS A GÁS, PARA TÊMPERA SUPERFICIAL 57.1 Maçaricos de uso manual 8468.10.00 57.2 Outras máquinas e aparelhos a gás para soldar matérias termo - plásticas; qualquer outro aparelho para soldar ou cortar; aparelhos manuais ou pistolas para têmpera superficial; qualquer outro aparelho p"
84682000;II;reducao;"RICMS/SE — Anexo II, pág. 231 do PDF de anexos";"MÁQUINAS E APARELHOS A GÁS, PARA TÊMPERA SUPERFICIAL 57.1 Maçaricos de uso manual 8468.10.00 57.2 Outras máquinas e aparelhos a gás para soldar matérias termo - plásticas; qualquer outro aparelho para soldar ou cortar; aparelhos manuais ou pistolas para têmpera superficial; qualquer outro aparelho p"
84688010;II;reducao;"RICMS/SE — Anexo II, pág. 231 do PDF de anexos";"MÁQUINAS E APARELHOS A GÁS, PARA TÊMPERA SUPERFICIAL 57.1 Maçaricos de uso manual 8468.10.00 57.2 Outras máquinas e aparelhos a gás para soldar matérias termo - plásticas; qualquer outro aparelho para soldar ou cortar; aparelhos manuais ou pistolas para têmpera superficial; qualquer outro aparelho p"
84688090;II;reducao;"RICMS/SE — Anexo II, pág. 231 do PDF de anexos";"MÁQUINAS E APARELHOS A GÁS, PARA TÊMPERA SUPERFICIAL 57.1 Maçaricos de uso manual 8468.10.00 57.2 Outras máquinas e aparelhos a gás para soldar matérias termo - plásticas; qualquer outro aparelho para soldar ou cortar; aparelhos manuais ou pistolas para têmpera superficial; qualquer outro aparelho p"
84741000;II;reducao;"RICMS/SE — Anexo II, pág. 231 do PDF de anexos";"MÁQUINAS PARA FAZER MOLDES DE AREIA PARA FUNDIÇÃO 58.1 Máquinas e aparelhos para selecionar, peneirar, separar ou lavar 8474.10.00 58.2 Máquinas e aparelhos para esmagar, moer ou pulverizar, de bolas 8474.20.10 58.3 Outras máquinas e aparelhos para esmagar, moer ou pulverizar 8474.20.90 58.4 Betonei"
84742010;II;reducao;"RICMS/SE — Anexo II, pág. 231 do PDF de anexos";"MÁQUINAS PARA FAZER MOLDES DE AREIA PARA FUNDIÇÃO 58.1 Máquinas e aparelhos para selecionar, peneirar, separar ou lavar 8474.10.00 58.2 Máquinas e aparelhos para esmagar, moer ou pulverizar, de bolas 8474.20.10 58.3 Outras máquinas e aparelhos para esmagar, moer ou pulverizar 8474.20.90 58.4 Betonei"
84742090;II;reducao;"RICMS/SE — Anexo II, pág. 231 do PDF de anexos";"MÁQUINAS PARA FAZER MOLDES DE AREIA PARA FUNDIÇÃO 58.1 Máquinas e aparelhos para selecionar, peneirar, separar ou lavar 8474.10.00 58.2 Máquinas e aparelhos para esmagar, moer ou pulverizar, de bolas 8474.20.10 58.3 Outras máquinas e aparelhos para esmagar, moer ou pulverizar 8474.20.90 58.4 Betonei"
84743100;II;reducao;"RICMS/SE — Anexo II, pág. 231 do PDF de anexos";"MÁQUINAS PARA FAZER MOLDES DE AREIA PARA FUNDIÇÃO 58.1 Máquinas e aparelhos para selecionar, peneirar, separar ou lavar 8474.10.00 58.2 Máquinas e aparelhos para esmagar, moer ou pulverizar, de bolas 8474.20.10 58.3 Outras máquinas e aparelhos para esmagar, moer ou pulverizar 8474.20.90 58.4 Betonei"
84743200;II;reducao;"RICMS/SE — Anexo II, pág. 231 do PDF de anexos";"MÁQUINAS PARA FAZER MOLDES DE AREIA PARA FUNDIÇÃO 58.1 Máquinas e aparelhos para selecionar, peneirar, separar ou lavar 8474.10.00 58.2 Máquinas e aparelhos para esmagar, moer ou pulverizar, de bolas 8474.20.10 58.3 Outras máquinas e aparelhos para esmagar, moer ou pulverizar 8474.20.90 58.4 Betonei"
84743900;II;reducao;"RICMS/SE — Anexo II, pág. 231 do PDF de anexos";"MÁQUINAS PARA FAZER MOLDES DE AREIA PARA FUNDIÇÃO 58.1 Máquinas e aparelhos para selecionar, peneirar, separar ou lavar 8474.10.00 58.2 Máquinas e aparelhos para esmagar, moer ou pulverizar, de bolas 8474.20.10 58.3 Outras máquinas e aparelhos para esmagar, moer ou pulverizar 8474.20.90 58.4 Betonei"
84748010;II;reducao;"RICMS/SE — Anexo II, pág. 231 do PDF de anexos";"MÁQUINAS PARA FAZER MOLDES DE AREIA PARA FUNDIÇÃO 58.1 Máquinas e aparelhos para selecionar, peneirar, separar ou lavar 8474.10.00 58.2 Máquinas e aparelhos para esmagar, moer ou pulverizar, de bolas 8474.20.10 58.3 Outras máquinas e aparelhos para esmagar, moer ou pulverizar 8474.20.90 58.4 Betonei"
84748090;II;reducao;"RICMS/SE — Anexo II, pág. 231 do PDF de anexos";"MÁQUINAS PARA FAZER MOLDES DE AREIA PARA FUNDIÇÃO 58.1 Máquinas e aparelhos para selecionar, peneirar, separar ou lavar 8474.10.00 58.2 Máquinas e aparelhos para esmagar, moer ou pulverizar, de bolas 8474.20.10 58.3 Outras máquinas e aparelhos para esmagar, moer ou pulverizar 8474.20.90 58.4 Betonei"
84751000;II;reducao;"RICMS/SE — Anexo II, pág. 231 do PDF de anexos";"MÁQUINAS PARA FABRICAÇÃO OU TRABALHO A QUENTE DO VIDRO OU DAS SUAS OBRAS 59.1 Máquinas para montagem de lâmpadas, tubos ou válvulas, elétricos ou eletrônicos, ou de lâmpadas de luz relâmpago (‘flash’), que tenham invólucro de vidro 8475.10.00 59.2 Máquinas para fabricação de fibras ópticas e de seus"
84752100;II;reducao;"RICMS/SE — Anexo II, pág. 231 do PDF de anexos";"MÁQUINAS PARA FABRICAÇÃO OU TRABALHO A QUENTE DO VIDRO OU DAS SUAS OBRAS 59.1 Máquinas para montagem de lâmpadas, tubos ou válvulas, elétricos ou eletrônicos, ou de lâmpadas de luz relâmpago (‘flash’), que tenham invólucro de vidro 8475.10.00 59.2 Máquinas para fabricação de fibras ópticas e de seus"
84752910;II;reducao;"RICMS/SE — Anexo II, pág. 231 do PDF de anexos";"MÁQUINAS PARA FABRICAÇÃO OU TRABALHO A QUENTE DO VIDRO OU DAS SUAS OBRAS 59.1 Máquinas para montagem de lâmpadas, tubos ou válvulas, elétricos ou eletrônicos, ou de lâmpadas de luz relâmpago (‘flash’), que tenham invólucro de vidro 8475.10.00 59.2 Máquinas para fabricação de fibras ópticas e de seus"
84752990;II;reducao;"RICMS/SE — Anexo II, pág. 231 do PDF de anexos";"MÁQUINAS PARA FABRICAÇÃO OU TRABALHO A QUENTE DO VIDRO OU DAS SUAS OBRAS 59.1 Máquinas para montagem de lâmpadas, tubos ou válvulas, elétricos ou eletrônicos, ou de lâmpadas de luz relâmpago (‘flash’), que tenham invólucro de vidro 8475.10.00 59.2 Máquinas para fabricação de fibras ópticas e de seus"
84771011;II;reducao;"RICMS/SE — Anexo II, pág. 231 do PDF de anexos";"MÁQUINAS PARA FABRICAÇÃO OU TRABALHO A QUENTE DO VIDRO OU DAS SUAS OBRAS 59.1 Máquinas para montagem de lâmpadas, tubos ou válvulas, elétricos ou eletrônicos, ou de lâmpadas de luz relâmpago (‘flash’), que tenham invólucro de vidro 8475.10.00 59.2 Máquinas para fabricação de fibras ópticas e de seus"
84771019;II;reducao;"RICMS/SE — Anexo II, pág. 231 do PDF de anexos";"MÁQUINAS PARA FABRICAÇÃO OU TRABALHO A QUENTE DO VIDRO OU DAS SUAS OBRAS 59.1 Máquinas para montagem de lâmpadas, tubos ou válvulas, elétricos ou eletrônicos, ou de lâmpadas de luz relâmpago (‘flash’), que tenham invólucro de vidro 8475.10.00 59.2 Máquinas para fabricação de fibras ópticas e de seus"
84771021;II;reducao;"RICMS/SE — Anexo II, pág. 232 do PDF de anexos";"60.3 Monocolor, para materiais termoplásticos, com capacidade de injeção inferior ou igual a 5.000g e força de fechamento inferior ou igual a 12.000kN 8477.10.21 60.4 Outras máquinas de moldar por injeção, horizontais 8477.10.29 60.5 Outras máquinas de moldar por injeção, de comando numérico 8477.10"
84771029;II;reducao;"RICMS/SE — Anexo II, pág. 232 do PDF de anexos";"60.3 Monocolor, para materiais termoplásticos, com capacidade de injeção inferior ou igual a 5.000g e força de fechamento inferior ou igual a 12.000kN 8477.10.21 60.4 Outras máquinas de moldar por injeção, horizontais 8477.10.29 60.5 Outras máquinas de moldar por injeção, de comando numérico 8477.10"
84771091;II;reducao;"RICMS/SE — Anexo II, pág. 232 do PDF de anexos";"60.3 Monocolor, para materiais termoplásticos, com capacidade de injeção inferior ou igual a 5.000g e força de fechamento inferior ou igual a 12.000kN 8477.10.21 60.4 Outras máquinas de moldar por injeção, horizontais 8477.10.29 60.5 Outras máquinas de moldar por injeção, de comando numérico 8477.10"
84771099;II;reducao;"RICMS/SE — Anexo II, pág. 232 do PDF de anexos";"60.3 Monocolor, para materiais termoplásticos, com capacidade de injeção inferior ou igual a 5.000g e força de fechamento inferior ou igual a 12.000kN 8477.10.21 60.4 Outras máquinas de moldar por injeção, horizontais 8477.10.29 60.5 Outras máquinas de moldar por injeção, de comando numérico 8477.10"
84772010;II;reducao;"RICMS/SE — Anexo II, pág. 232 do PDF de anexos";"60.3 Monocolor, para materiais termoplásticos, com capacidade de injeção inferior ou igual a 5.000g e força de fechamento inferior ou igual a 12.000kN 8477.10.21 60.4 Outras máquinas de moldar por injeção, horizontais 8477.10.29 60.5 Outras máquinas de moldar por injeção, de comando numérico 8477.10"
84772090;II;reducao;"RICMS/SE — Anexo II, pág. 232 do PDF de anexos";"60.3 Monocolor, para materiais termoplásticos, com capacidade de injeção inferior ou igual a 5.000g e força de fechamento inferior ou igual a 12.000kN 8477.10.21 60.4 Outras máquinas de moldar por injeção, horizontais 8477.10.29 60.5 Outras máquinas de moldar por injeção, de comando numérico 8477.10"
84773010;II;reducao;"RICMS/SE — Anexo II, pág. 232 do PDF de anexos";"60.3 Monocolor, para materiais termoplásticos, com capacidade de injeção inferior ou igual a 5.000g e força de fechamento inferior ou igual a 12.000kN 8477.10.21 60.4 Outras máquinas de moldar por injeção, horizontais 8477.10.29 60.5 Outras máquinas de moldar por injeção, de comando numérico 8477.10"
84773090;II;reducao;"RICMS/SE — Anexo II, pág. 232 do PDF de anexos";"60.3 Monocolor, para materiais termoplásticos, com capacidade de injeção inferior ou igual a 5.000g e força de fechamento inferior ou igual a 12.000kN 8477.10.21 60.4 Outras máquinas de moldar por injeção, horizontais 8477.10.29 60.5 Outras máquinas de moldar por injeção, de comando numérico 8477.10"
84774010;II;reducao;"RICMS/SE — Anexo II, pág. 232 do PDF de anexos";"60.3 Monocolor, para materiais termoplásticos, com capacidade de injeção inferior ou igual a 5.000g e força de fechamento inferior ou igual a 12.000kN 8477.10.21 60.4 Outras máquinas de moldar por injeção, horizontais 8477.10.29 60.5 Outras máquinas de moldar por injeção, de comando numérico 8477.10"
84774090;II;reducao;"RICMS/SE — Anexo II, pág. 232 do PDF de anexos";"60.3 Monocolor, para materiais termoplásticos, com capacidade de injeção inferior ou igual a 5.000g e força de fechamento inferior ou igual a 12.000kN 8477.10.21 60.4 Outras máquinas de moldar por injeção, horizontais 8477.10.29 60.5 Outras máquinas de moldar por injeção, de comando numérico 8477.10"
84775100;II;reducao;"RICMS/SE — Anexo II, pág. 232 do PDF de anexos";"60.3 Monocolor, para materiais termoplásticos, com capacidade de injeção inferior ou igual a 5.000g e força de fechamento inferior ou igual a 12.000kN 8477.10.21 60.4 Outras máquinas de moldar por injeção, horizontais 8477.10.29 60.5 Outras máquinas de moldar por injeção, de comando numérico 8477.10"
84775911;II;reducao;"RICMS/SE — Anexo II, pág. 232 do PDF de anexos";"60.3 Monocolor, para materiais termoplásticos, com capacidade de injeção inferior ou igual a 5.000g e força de fechamento inferior ou igual a 12.000kN 8477.10.21 60.4 Outras máquinas de moldar por injeção, horizontais 8477.10.29 60.5 Outras máquinas de moldar por injeção, de comando numérico 8477.10"
84775919;II;reducao;"RICMS/SE — Anexo II, pág. 232 do PDF de anexos";"60.3 Monocolor, para materiais termoplásticos, com capacidade de injeção inferior ou igual a 5.000g e força de fechamento inferior ou igual a 12.000kN 8477.10.21 60.4 Outras máquinas de moldar por injeção, horizontais 8477.10.29 60.5 Outras máquinas de moldar por injeção, de comando numérico 8477.10"
84775990;II;reducao;"RICMS/SE — Anexo II, pág. 232 do PDF de anexos";"60.3 Monocolor, para materiais termoplásticos, com capacidade de injeção inferior ou igual a 5.000g e força de fechamento inferior ou igual a 12.000kN 8477.10.21 60.4 Outras máquinas de moldar por injeção, horizontais 8477.10.29 60.5 Outras máquinas de moldar por injeção, de comando numérico 8477.10"
84778010;II;reducao;"RICMS/SE — Anexo II, pág. 232 do PDF de anexos";"60.3 Monocolor, para materiais termoplásticos, com capacidade de injeção inferior ou igual a 5.000g e força de fechamento inferior ou igual a 12.000kN 8477.10.21 60.4 Outras máquinas de moldar por injeção, horizontais 8477.10.29 60.5 Outras máquinas de moldar por injeção, de comando numérico 8477.10"
84778090;II;reducao;"RICMS/SE — Anexo II, pág. 232 do PDF de anexos";"60.3 Monocolor, para materiais termoplásticos, com capacidade de injeção inferior ou igual a 5.000g e força de fechamento inferior ou igual a 12.000kN 8477.10.21 60.4 Outras máquinas de moldar por injeção, horizontais 8477.10.29 60.5 Outras máquinas de moldar por injeção, de comando numérico 8477.10"
84781090;II;reducao;"RICMS/SE — Anexo II, pág. 232 do PDF de anexos";"60.3 Monocolor, para materiais termoplásticos, com capacidade de injeção inferior ou igual a 5.000g e força de fechamento inferior ou igual a 12.000kN 8477.10.21 60.4 Outras máquinas de moldar por injeção, horizontais 8477.10.29 60.5 Outras máquinas de moldar por injeção, de comando numérico 8477.10"
84792000;II;reducao;"RICMS/SE — Anexo II, pág. 232 do PDF de anexos";"60.3 Monocolor, para materiais termoplásticos, com capacidade de injeção inferior ou igual a 5.000g e força de fechamento inferior ou igual a 12.000kN 8477.10.21 60.4 Outras máquinas de moldar por injeção, horizontais 8477.10.29 60.5 Outras máquinas de moldar por injeção, de comando numérico 8477.10"
84793000;II;reducao;"RICMS/SE — Anexo II, pág. 232 do PDF de anexos";"60.3 Monocolor, para materiais termoplásticos, com capacidade de injeção inferior ou igual a 5.000g e força de fechamento inferior ou igual a 12.000kN 8477.10.21 60.4 Outras máquinas de moldar por injeção, horizontais 8477.10.29 60.5 Outras máquinas de moldar por injeção, de comando numérico 8477.10"
84794000;II;reducao;"RICMS/SE — Anexo II, pág. 232 do PDF de anexos";"60.3 Monocolor, para materiais termoplásticos, com capacidade de injeção inferior ou igual a 5.000g e força de fechamento inferior ou igual a 12.000kN 8477.10.21 60.4 Outras máquinas de moldar por injeção, horizontais 8477.10.29 60.5 Outras máquinas de moldar por injeção, de comando numérico 8477.10"
84798110;II;reducao;"RICMS/SE — Anexo II, pág. 232 do PDF de anexos";"60.3 Monocolor, para materiais termoplásticos, com capacidade de injeção inferior ou igual a 5.000g e força de fechamento inferior ou igual a 12.000kN 8477.10.21 60.4 Outras máquinas de moldar por injeção, horizontais 8477.10.29 60.5 Outras máquinas de moldar por injeção, de comando numérico 8477.10"
84798190;II;reducao;"RICMS/SE — Anexo II, pág. 232 do PDF de anexos";"60.3 Monocolor, para materiais termoplásticos, com capacidade de injeção inferior ou igual a 5.000g e força de fechamento inferior ou igual a 12.000kN 8477.10.21 60.4 Outras máquinas de moldar por injeção, horizontais 8477.10.29 60.5 Outras máquinas de moldar por injeção, de comando numérico 8477.10"
84798922;II;reducao;"RICMS/SE — Anexo II, pág. 232 do PDF de anexos";"60.3 Monocolor, para materiais termoplásticos, com capacidade de injeção inferior ou igual a 5.000g e força de fechamento inferior ou igual a 12.000kN 8477.10.21 60.4 Outras máquinas de moldar por injeção, horizontais 8477.10.29 60.5 Outras máquinas de moldar por injeção, de comando numérico 8477.10"
84798999;II;reducao;"RICMS/SE — Anexo II, pág. 232 do PDF de anexos";"60.3 Monocolor, para materiais termoplásticos, com capacidade de injeção inferior ou igual a 5.000g e força de fechamento inferior ou igual a 12.000kN 8477.10.21 60.4 Outras máquinas de moldar por injeção, horizontais 8477.10.29 60.5 Outras máquinas de moldar por injeção, de comando numérico 8477.10"
84801000;II;reducao;"RICMS/SE — Anexo II, pág. 232 do PDF de anexos";"MOLDES PARA METAIS (EXCETO LINGOTEIRAS), CARBONETOS METÁLICOS, VIDRO, MATÉRIAS MINERAIS, BORRACHA OU PLÁSTICOS 63.1 Caixas de fundição 8480.10.00 63.2 Modelos para moldes: de madeira, de alumínio, de ferro, ferro fundido ou aço, de cobre, bronze ou latão, de níquel, de chumbo, de zinco, outros 8480."
84803000;II;reducao;"RICMS/SE — Anexo II, pág. 232 do PDF de anexos";"MOLDES PARA METAIS (EXCETO LINGOTEIRAS), CARBONETOS METÁLICOS, VIDRO, MATÉRIAS MINERAIS, BORRACHA OU PLÁSTICOS 63.1 Caixas de fundição 8480.10.00 63.2 Modelos para moldes: de madeira, de alumínio, de ferro, ferro fundido ou aço, de cobre, bronze ou latão, de níquel, de chumbo, de zinco, outros 8480."
84804100;II;reducao;"RICMS/SE — Anexo II, pág. 232 do PDF de anexos";"MOLDES PARA METAIS (EXCETO LINGOTEIRAS), CARBONETOS METÁLICOS, VIDRO, MATÉRIAS MINERAIS, BORRACHA OU PLÁSTICOS 63.1 Caixas de fundição 8480.10.00 63.2 Modelos para moldes: de madeira, de alumínio, de ferro, ferro fundido ou aço, de cobre, bronze ou latão, de níquel, de chumbo, de zinco, outros 8480."
84804910;II;reducao;"RICMS/SE — Anexo II, pág. 232 do PDF de anexos";"MOLDES PARA METAIS (EXCETO LINGOTEIRAS), CARBONETOS METÁLICOS, VIDRO, MATÉRIAS MINERAIS, BORRACHA OU PLÁSTICOS 63.1 Caixas de fundição 8480.10.00 63.2 Modelos para moldes: de madeira, de alumínio, de ferro, ferro fundido ou aço, de cobre, bronze ou latão, de níquel, de chumbo, de zinco, outros 8480."
84804990;II;reducao;"RICMS/SE — Anexo II, pág. 232 do PDF de anexos";"MOLDES PARA METAIS (EXCETO LINGOTEIRAS), CARBONETOS METÁLICOS, VIDRO, MATÉRIAS MINERAIS, BORRACHA OU PLÁSTICOS 63.1 Caixas de fundição 8480.10.00 63.2 Modelos para moldes: de madeira, de alumínio, de ferro, ferro fundido ou aço, de cobre, bronze ou latão, de níquel, de chumbo, de zinco, outros 8480."
84805000;II;reducao;"RICMS/SE — Anexo II, pág. 233 do PDF de anexos";"63.6 Moldes para vidro 8480.50.00 63.7 Moldes para matérias minerais 8480.60.00 63.8 Moldes para borracha ou plásticos, para moldagem por injeção ou por compressão 8480.71.00 63.9 Outros moldes para borracha ou plásticos 8480.79.00 64 ORNEIRAS, VÁLVULAS (INCLUÍDAS AS REDUTORAS DE PRESSÃO E AS TERMOS"
84806000;II;reducao;"RICMS/SE — Anexo II, pág. 233 do PDF de anexos";"63.6 Moldes para vidro 8480.50.00 63.7 Moldes para matérias minerais 8480.60.00 63.8 Moldes para borracha ou plásticos, para moldagem por injeção ou por compressão 8480.71.00 63.9 Outros moldes para borracha ou plásticos 8480.79.00 64 ORNEIRAS, VÁLVULAS (INCLUÍDAS AS REDUTORAS DE PRESSÃO E AS TERMOS"
84807100;II;reducao;"RICMS/SE — Anexo II, pág. 233 do PDF de anexos";"63.6 Moldes para vidro 8480.50.00 63.7 Moldes para matérias minerais 8480.60.00 63.8 Moldes para borracha ou plásticos, para moldagem por injeção ou por compressão 8480.71.00 63.9 Outros moldes para borracha ou plásticos 8480.79.00 64 ORNEIRAS, VÁLVULAS (INCLUÍDAS AS REDUTORAS DE PRESSÃO E AS TERMOS"
84807900;II;reducao;"RICMS/SE — Anexo II, pág. 233 do PDF de anexos";"63.6 Moldes para vidro 8480.50.00 63.7 Moldes para matérias minerais 8480.60.00 63.8 Moldes para borracha ou plásticos, para moldagem por injeção ou por compressão 8480.71.00 63.9 Outros moldes para borracha ou plásticos 8480.79.00 64 ORNEIRAS, VÁLVULAS (INCLUÍDAS AS REDUTORAS DE PRESSÃO E AS TERMOS"
84818093;II;reducao;"RICMS/SE — Anexo II, pág. 233 do PDF de anexos";"63.6 Moldes para vidro 8480.50.00 63.7 Moldes para matérias minerais 8480.60.00 63.8 Moldes para borracha ou plásticos, para moldagem por injeção ou por compressão 8480.71.00 63.9 Outros moldes para borracha ou plásticos 8480.79.00 64 ORNEIRAS, VÁLVULAS (INCLUÍDAS AS REDUTORAS DE PRESSÃO E AS TERMOS"
84818095;II;reducao;"RICMS/SE — Anexo II, pág. 233 do PDF de anexos";"63.6 Moldes para vidro 8480.50.00 63.7 Moldes para matérias minerais 8480.60.00 63.8 Moldes para borracha ou plásticos, para moldagem por injeção ou por compressão 8480.71.00 63.9 Outros moldes para borracha ou plásticos 8480.79.00 64 ORNEIRAS, VÁLVULAS (INCLUÍDAS AS REDUTORAS DE PRESSÃO E AS TERMOS"
84818097;II;reducao;"RICMS/SE — Anexo II, pág. 233 do PDF de anexos";"63.6 Moldes para vidro 8480.50.00 63.7 Moldes para matérias minerais 8480.60.00 63.8 Moldes para borracha ou plásticos, para moldagem por injeção ou por compressão 8480.71.00 63.9 Outros moldes para borracha ou plásticos 8480.79.00 64 ORNEIRAS, VÁLVULAS (INCLUÍDAS AS REDUTORAS DE PRESSÃO E AS TERMOS"
84818099;II;reducao;"RICMS/SE — Anexo II, pág. 233 do PDF de anexos";"63.6 Moldes para vidro 8480.50.00 63.7 Moldes para matérias minerais 8480.60.00 63.8 Moldes para borracha ou plásticos, para moldagem por injeção ou por compressão 8480.71.00 63.9 Outros moldes para borracha ou plásticos 8480.79.00 64 ORNEIRAS, VÁLVULAS (INCLUÍDAS AS REDUTORAS DE PRESSÃO E AS TERMOS"
84834010;II;reducao;"RICMS/SE — Anexo II, pág. 233 do PDF de anexos";"EMBREAGENS E DISPOSITIVOS DE ACOPLAMENTO, INCLUÍDAS AS JUNTAS DE ARTICULAÇÃO 65.1 Caixas de transmissão, redutores, multiplicadores e variadores de velocidade, incluídos os conversores de torques 8483.40.10 65.2 Outros eixos de esferas ou de roletes; engrenagens e rodas de fricção 8483.40.90 66 TRAN"
84834090;II;reducao;"RICMS/SE — Anexo II, pág. 233 do PDF de anexos";"EMBREAGENS E DISPOSITIVOS DE ACOPLAMENTO, INCLUÍDAS AS JUNTAS DE ARTICULAÇÃO 65.1 Caixas de transmissão, redutores, multiplicadores e variadores de velocidade, incluídos os conversores de torques 8483.40.10 65.2 Outros eixos de esferas ou de roletes; engrenagens e rodas de fricção 8483.40.90 66 TRAN"
85044010;II;reducao;"RICMS/SE — Anexo II, pág. 233 do PDF de anexos";"EMBREAGENS E DISPOSITIVOS DE ACOPLAMENTO, INCLUÍDAS AS JUNTAS DE ARTICULAÇÃO 65.1 Caixas de transmissão, redutores, multiplicadores e variadores de velocidade, incluídos os conversores de torques 8483.40.10 65.2 Outros eixos de esferas ou de roletes; engrenagens e rodas de fricção 8483.40.90 66 TRAN"
85044090;II;reducao;"RICMS/SE — Anexo II, pág. 233 do PDF de anexos";"EMBREAGENS E DISPOSITIVOS DE ACOPLAMENTO, INCLUÍDAS AS JUNTAS DE ARTICULAÇÃO 65.1 Caixas de transmissão, redutores, multiplicadores e variadores de velocidade, incluídos os conversores de torques 8483.40.10 65.2 Outros eixos de esferas ou de roletes; engrenagens e rodas de fricção 8483.40.90 66 TRAN"
85141010;II;reducao;"RICMS/SE — Anexo II, pág. 233 do PDF de anexos";"OUTROS APARELHOS INDUSTRIAIS OU DE LABORATÓRIO PARA TRATAMENTO TÉRMICO DE MATÉRIAS POR INDUÇÃO OU POR PERDAS DIELÉTRICAS 67.1 Fornos de resistência, de aquecimento indireto, industriais 8514.10.10 67.2 Fornos que funcionam por indução, industriais 8514.20.11 67.3 Fornos que funcionam por perdas diel"
85142011;II;reducao;"RICMS/SE — Anexo II, pág. 233 do PDF de anexos";"OUTROS APARELHOS INDUSTRIAIS OU DE LABORATÓRIO PARA TRATAMENTO TÉRMICO DE MATÉRIAS POR INDUÇÃO OU POR PERDAS DIELÉTRICAS 67.1 Fornos de resistência, de aquecimento indireto, industriais 8514.10.10 67.2 Fornos que funcionam por indução, industriais 8514.20.11 67.3 Fornos que funcionam por perdas diel"
85142020;II;reducao;"RICMS/SE — Anexo II, pág. 233 do PDF de anexos";"OUTROS APARELHOS INDUSTRIAIS OU DE LABORATÓRIO PARA TRATAMENTO TÉRMICO DE MATÉRIAS POR INDUÇÃO OU POR PERDAS DIELÉTRICAS 67.1 Fornos de resistência, de aquecimento indireto, industriais 8514.10.10 67.2 Fornos que funcionam por indução, industriais 8514.20.11 67.3 Fornos que funcionam por perdas diel"
85143011;II;reducao;"RICMS/SE — Anexo II, pág. 233 do PDF de anexos";"OUTROS APARELHOS INDUSTRIAIS OU DE LABORATÓRIO PARA TRATAMENTO TÉRMICO DE MATÉRIAS POR INDUÇÃO OU POR PERDAS DIELÉTRICAS 67.1 Fornos de resistência, de aquecimento indireto, industriais 8514.10.10 67.2 Fornos que funcionam por indução, industriais 8514.20.11 67.3 Fornos que funcionam por perdas diel"
85143021;II;reducao;"RICMS/SE — Anexo II, pág. 233 do PDF de anexos";"OUTROS APARELHOS INDUSTRIAIS OU DE LABORATÓRIO PARA TRATAMENTO TÉRMICO DE MATÉRIAS POR INDUÇÃO OU POR PERDAS DIELÉTRICAS 67.1 Fornos de resistência, de aquecimento indireto, industriais 8514.10.10 67.2 Fornos que funcionam por indução, industriais 8514.20.11 67.3 Fornos que funcionam por perdas diel"
85143090;II;reducao;"RICMS/SE — Anexo II, pág. 233 do PDF de anexos";"OUTROS APARELHOS INDUSTRIAIS OU DE LABORATÓRIO PARA TRATAMENTO TÉRMICO DE MATÉRIAS POR INDUÇÃO OU POR PERDAS DIELÉTRICAS 67.1 Fornos de resistência, de aquecimento indireto, industriais 8514.10.10 67.2 Fornos que funcionam por indução, industriais 8514.20.11 67.3 Fornos que funcionam por perdas diel"
85149000;II;reducao;"RICMS/SE — Anexo II, pág. 233 do PDF de anexos";"OUTROS APARELHOS INDUSTRIAIS OU DE LABORATÓRIO PARA TRATAMENTO TÉRMICO DE MATÉRIAS POR INDUÇÃO OU POR PERDAS DIELÉTRICAS 67.1 Fornos de resistência, de aquecimento indireto, industriais 8514.10.10 67.2 Fornos que funcionam por indução, industriais 8514.20.11 67.3 Fornos que funcionam por perdas diel"
85152100;II;reducao;"RICMS/SE — Anexo II, pág. 233 do PDF de anexos";"MÁQUINAS E APARELHOS ELÉTRICOS PARA PROJEÇÃO A QUENTE DE METAIS OU DE CERAMAIS ('CERMETS') 68.1 Máquinas e aparelhos para soldar metais por resistência Inteira ou parcialmente automáticos 8515.21.00 68.2 Robôs para soldar, por arco, em atmosfera inerte (MIG - 'Metal InertGas') ou atmosfera ativa (MA"
85153110;II;reducao;"RICMS/SE — Anexo II, pág. 233 do PDF de anexos";"MÁQUINAS E APARELHOS ELÉTRICOS PARA PROJEÇÃO A QUENTE DE METAIS OU DE CERAMAIS ('CERMETS') 68.1 Máquinas e aparelhos para soldar metais por resistência Inteira ou parcialmente automáticos 8515.21.00 68.2 Robôs para soldar, por arco, em atmosfera inerte (MIG - 'Metal InertGas') ou atmosfera ativa (MA"
85153190;II;reducao;"RICMS/SE — Anexo II, pág. 234 do PDF de anexos";"68.3 Outras máquinas e aparelhos para soldar metais por arco ou jato de plasma, inteira ou parcialmente automáticos 8515.31.90 68.4 Outras máquinas e aparelhos para soldar metais por arco ou jato de plasma 8515.39.00 68.5 Outras máquinas e aparelhos para soldar a “laser” 8515.80.10 68.6 Outros máqui"
85153900;II;reducao;"RICMS/SE — Anexo II, pág. 234 do PDF de anexos";"68.3 Outras máquinas e aparelhos para soldar metais por arco ou jato de plasma, inteira ou parcialmente automáticos 8515.31.90 68.4 Outras máquinas e aparelhos para soldar metais por arco ou jato de plasma 8515.39.00 68.5 Outras máquinas e aparelhos para soldar a “laser” 8515.80.10 68.6 Outros máqui"
85158010;II;reducao;"RICMS/SE — Anexo II, pág. 234 do PDF de anexos";"68.3 Outras máquinas e aparelhos para soldar metais por arco ou jato de plasma, inteira ou parcialmente automáticos 8515.31.90 68.4 Outras máquinas e aparelhos para soldar metais por arco ou jato de plasma 8515.39.00 68.5 Outras máquinas e aparelhos para soldar a “laser” 8515.80.10 68.6 Outros máqui"
85158090;II;reducao;"RICMS/SE — Anexo II, pág. 234 do PDF de anexos";"68.3 Outras máquinas e aparelhos para soldar metais por arco ou jato de plasma, inteira ou parcialmente automáticos 8515.31.90 68.4 Outras máquinas e aparelhos para soldar metais por arco ou jato de plasma 8515.39.00 68.5 Outras máquinas e aparelhos para soldar a “laser” 8515.80.10 68.6 Outros máqui"
85433000;II;reducao;"RICMS/SE — Anexo II, pág. 234 do PDF de anexos";"68.3 Outras máquinas e aparelhos para soldar metais por arco ou jato de plasma, inteira ou parcialmente automáticos 8515.31.90 68.4 Outras máquinas e aparelhos para soldar metais por arco ou jato de plasma 8515.39.00 68.5 Outras máquinas e aparelhos para soldar a “laser” 8515.80.10 68.6 Outros máqui"
86071919;II;reducao;"RICMS/SE — Anexo II, pág. 234 do PDF de anexos";"68.3 Outras máquinas e aparelhos para soldar metais por arco ou jato de plasma, inteira ou parcialmente automáticos 8515.31.90 68.4 Outras máquinas e aparelhos para soldar metais por arco ou jato de plasma 8515.39.00 68.5 Outras máquinas e aparelhos para soldar a “laser” 8515.80.10 68.6 Outros máqui"
90241090;II;reducao;"RICMS/SE — Anexo II, pág. 234 do PDF de anexos";"68.3 Outras máquinas e aparelhos para soldar metais por arco ou jato de plasma, inteira ou parcialmente automáticos 8515.31.90 68.4 Outras máquinas e aparelhos para soldar metais por arco ou jato de plasma 8515.39.00 68.5 Outras máquinas e aparelhos para soldar a “laser” 8515.80.10 68.6 Outros máqui"
85437099;II;reducao;"RICMS/SE — Anexo II, pág. 234 do PDF de anexos";"ICMS 95/2013) 8543.70.99 Acrescentado item 72 pelo Decreto n.º 29.530/2013 , efeitos a partir de 1º/09/2013 Nova Redação dada à Tabela do item 4 pelo Decreto n.° 26.586/10 , efeitos a partir de 15/10/2009."
82075011;II;reducao;"RICMS/SE — Anexo II, pág. 234 do PDF de anexos";"ICMS 112/08) NCM/SH 4.1 – Válvula 8481.80.99 4.2 - Cabeça de poço para perfuração de poços de petróleo 7307.19.20 4.3 – Brocas 8207.50.11 a 8207.50.19 4.4 - Ferramentas de embutir, de estampar ou de puncionar 8207.30.00 4.5 - CALDEIRAS DE VAPOR, SEUS APARELHOS AUXILIARES E GERADORES DE GÁS 4.5.1 - C"
82075019;II;reducao;"RICMS/SE — Anexo II, pág. 234 do PDF de anexos";"ICMS 112/08) NCM/SH 4.1 – Válvula 8481.80.99 4.2 - Cabeça de poço para perfuração de poços de petróleo 7307.19.20 4.3 – Brocas 8207.50.11 a 8207.50.19 4.4 - Ferramentas de embutir, de estampar ou de puncionar 8207.30.00 4.5 - CALDEIRAS DE VAPOR, SEUS APARELHOS AUXILIARES E GERADORES DE GÁS 4.5.1 - C"
84022020;II;reducao;"RICMS/SE — Anexo II, pág. 234 do PDF de anexos";"ICMS 112/08) NCM/SH 4.1 – Válvula 8481.80.99 4.2 - Cabeça de poço para perfuração de poços de petróleo 7307.19.20 4.3 – Brocas 8207.50.11 a 8207.50.19 4.4 - Ferramentas de embutir, de estampar ou de puncionar 8207.30.00 4.5 - CALDEIRAS DE VAPOR, SEUS APARELHOS AUXILIARES E GERADORES DE GÁS 4.5.1 - C"
84186999;II;reducao;"RICMS/SE — Anexo II, pág. 235 do PDF de anexos";"4.11.4 - Descarregadores mecânicos de cinzas 8416.30.00 4.11.5 – Outros 8416.30.00 4.11.6 – Ventaneiras 8416.90.00 4.12 - FORNOS INDUSTRIAIS, NÃO ELÉTRICOS 4.12.1 - Fornos industriais para fusão de metais, tipo 'Cubillot' 8417.10.10 4.12.2 - Fornos industriais para fusão de metais, de outros tipos 8"
84243020;II;reducao;"RICMS/SE — Anexo II, pág. 236 do PDF de anexos";"4.19.1 - Pistolas aerográficas e aparelhos semelhantes 8424.20.00 4.19.2 - Máquinas e aparelhos de jato de areia ou de qualquer outro abrasivo 8424.30.20 e 8424.30.90 4.19.3 - Outros 8424.30.10 8424.30.30 e 8424.30.90 4.19.4 - Pulverizadores ('Sprinklers') para equipamentos automáticos de combate a "
84243090;II;reducao;"RICMS/SE — Anexo II, pág. 236 do PDF de anexos";"4.19.1 - Pistolas aerográficas e aparelhos semelhantes 8424.20.00 4.19.2 - Máquinas e aparelhos de jato de areia ou de qualquer outro abrasivo 8424.30.20 e 8424.30.90 4.19.3 - Outros 8424.30.10 8424.30.30 e 8424.30.90 4.19.4 - Pulverizadores ('Sprinklers') para equipamentos automáticos de combate a "
84243030;II;reducao;"RICMS/SE — Anexo II, pág. 236 do PDF de anexos";"4.19.1 - Pistolas aerográficas e aparelhos semelhantes 8424.20.00 4.19.2 - Máquinas e aparelhos de jato de areia ou de qualquer outro abrasivo 8424.30.20 e 8424.30.90 4.19.3 - Outros 8424.30.10 8424.30.30 e 8424.30.90 4.19.4 - Pulverizadores ('Sprinklers') para equipamentos automáticos de combate a "
84248990;II;reducao;"RICMS/SE — Anexo II, pág. 236 do PDF de anexos";"4.19.1 - Pistolas aerográficas e aparelhos semelhantes 8424.20.00 4.19.2 - Máquinas e aparelhos de jato de areia ou de qualquer outro abrasivo 8424.30.20 e 8424.30.90 4.19.3 - Outros 8424.30.10 8424.30.30 e 8424.30.90 4.19.4 - Pulverizadores ('Sprinklers') para equipamentos automáticos de combate a "
84253990;II;reducao;"RICMS/SE — Anexo II, pág. 236 do PDF de anexos";"4.19.1 - Pistolas aerográficas e aparelhos semelhantes 8424.20.00 4.19.2 - Máquinas e aparelhos de jato de areia ou de qualquer outro abrasivo 8424.30.20 e 8424.30.90 4.19.3 - Outros 8424.30.10 8424.30.30 e 8424.30.90 4.19.4 - Pulverizadores ('Sprinklers') para equipamentos automáticos de combate a "
84383090;II;reducao;"RICMS/SE — Anexo II, pág. 236 do PDF de anexos";"4.19.1 - Pistolas aerográficas e aparelhos semelhantes 8424.20.00 4.19.2 - Máquinas e aparelhos de jato de areia ou de qualquer outro abrasivo 8424.30.20 e 8424.30.90 4.19.3 - Outros 8424.30.10 8424.30.30 e 8424.30.90 4.19.4 - Pulverizadores ('Sprinklers') para equipamentos automáticos de combate a "
84393090;II;reducao;"RICMS/SE — Anexo II, pág. 236 do PDF de anexos";"4.19.1 - Pistolas aerográficas e aparelhos semelhantes 8424.20.00 4.19.2 - Máquinas e aparelhos de jato de areia ou de qualquer outro abrasivo 8424.30.20 e 8424.30.90 4.19.3 - Outros 8424.30.10 8424.30.30 e 8424.30.90 4.19.4 - Pulverizadores ('Sprinklers') para equipamentos automáticos de combate a "
84401011;II;reducao;"RICMS/SE — Anexo II, pág. 236 do PDF de anexos";"4.19.1 - Pistolas aerográficas e aparelhos semelhantes 8424.20.00 4.19.2 - Máquinas e aparelhos de jato de areia ou de qualquer outro abrasivo 8424.30.20 e 8424.30.90 4.19.3 - Outros 8424.30.10 8424.30.30 e 8424.30.90 4.19.4 - Pulverizadores ('Sprinklers') para equipamentos automáticos de combate a "
84401019;II;reducao;"RICMS/SE — Anexo II, pág. 236 do PDF de anexos";"4.19.1 - Pistolas aerográficas e aparelhos semelhantes 8424.20.00 4.19.2 - Máquinas e aparelhos de jato de areia ou de qualquer outro abrasivo 8424.30.20 e 8424.30.90 4.19.3 - Outros 8424.30.10 8424.30.30 e 8424.30.90 4.19.4 - Pulverizadores ('Sprinklers') para equipamentos automáticos de combate a "
84401020;II;reducao;"RICMS/SE — Anexo II, pág. 236 do PDF de anexos";"4.19.1 - Pistolas aerográficas e aparelhos semelhantes 8424.20.00 4.19.2 - Máquinas e aparelhos de jato de areia ou de qualquer outro abrasivo 8424.30.20 e 8424.30.90 4.19.3 - Outros 8424.30.10 8424.30.30 e 8424.30.90 4.19.4 - Pulverizadores ('Sprinklers') para equipamentos automáticos de combate a "
84401090;II;reducao;"RICMS/SE — Anexo II, pág. 236 do PDF de anexos";"4.19.1 - Pistolas aerográficas e aparelhos semelhantes 8424.20.00 4.19.2 - Máquinas e aparelhos de jato de areia ou de qualquer outro abrasivo 8424.30.20 e 8424.30.90 4.19.3 - Outros 8424.30.10 8424.30.30 e 8424.30.90 4.19.4 - Pulverizadores ('Sprinklers') para equipamentos automáticos de combate a "
84411010;II;reducao;"RICMS/SE — Anexo II, pág. 236 do PDF de anexos";"4.19.1 - Pistolas aerográficas e aparelhos semelhantes 8424.20.00 4.19.2 - Máquinas e aparelhos de jato de areia ou de qualquer outro abrasivo 8424.30.20 e 8424.30.90 4.19.3 - Outros 8424.30.10 8424.30.30 e 8424.30.90 4.19.4 - Pulverizadores ('Sprinklers') para equipamentos automáticos de combate a "
84411090;II;reducao;"RICMS/SE — Anexo II, pág. 236 do PDF de anexos";"4.19.1 - Pistolas aerográficas e aparelhos semelhantes 8424.20.00 4.19.2 - Máquinas e aparelhos de jato de areia ou de qualquer outro abrasivo 8424.30.20 e 8424.30.90 4.19.3 - Outros 8424.30.10 8424.30.30 e 8424.30.90 4.19.4 - Pulverizadores ('Sprinklers') para equipamentos automáticos de combate a "
84412000;II;reducao;"RICMS/SE — Anexo II, pág. 236 do PDF de anexos";"4.19.1 - Pistolas aerográficas e aparelhos semelhantes 8424.20.00 4.19.2 - Máquinas e aparelhos de jato de areia ou de qualquer outro abrasivo 8424.30.20 e 8424.30.90 4.19.3 - Outros 8424.30.10 8424.30.30 e 8424.30.90 4.19.4 - Pulverizadores ('Sprinklers') para equipamentos automáticos de combate a "
84490010;II;reducao;"RICMS/SE — Anexo II, pág. 238 do PDF de anexos";"4.28.3 - Teares retilíneos para malhas: a) máquinas motorizadas para tricotar 8447.20.21 e 8447.20.29 b) máquinas tipo 'Cotton' e semelhantes, para fabricação de meias, funcionando com agulha de flape 8447.20.21 e 8447.20.29 c) máquinas para fabricação de 'Jersey' e semelhantes, funcionando com agul"
84490080;II;reducao;"RICMS/SE — Anexo II, pág. 238 do PDF de anexos";"4.28.3 - Teares retilíneos para malhas: a) máquinas motorizadas para tricotar 8447.20.21 e 8447.20.29 b) máquinas tipo 'Cotton' e semelhantes, para fabricação de meias, funcionando com agulha de flape 8447.20.21 e 8447.20.29 c) máquinas para fabricação de 'Jersey' e semelhantes, funcionando com agul"
84501100;II;reducao;"RICMS/SE — Anexo II, pág. 238 do PDF de anexos";"4.28.3 - Teares retilíneos para malhas: a) máquinas motorizadas para tricotar 8447.20.21 e 8447.20.29 b) máquinas tipo 'Cotton' e semelhantes, para fabricação de meias, funcionando com agulha de flape 8447.20.21 e 8447.20.29 c) máquinas para fabricação de 'Jersey' e semelhantes, funcionando com agul"
84501200;II;reducao;"RICMS/SE — Anexo II, pág. 238 do PDF de anexos";"4.28.3 - Teares retilíneos para malhas: a) máquinas motorizadas para tricotar 8447.20.21 e 8447.20.29 b) máquinas tipo 'Cotton' e semelhantes, para fabricação de meias, funcionando com agulha de flape 8447.20.21 e 8447.20.29 c) máquinas para fabricação de 'Jersey' e semelhantes, funcionando com agul"
84501900;II;reducao;"RICMS/SE — Anexo II, pág. 238 do PDF de anexos";"4.28.3 - Teares retilíneos para malhas: a) máquinas motorizadas para tricotar 8447.20.21 e 8447.20.29 b) máquinas tipo 'Cotton' e semelhantes, para fabricação de meias, funcionando com agulha de flape 8447.20.21 e 8447.20.29 c) máquinas para fabricação de 'Jersey' e semelhantes, funcionando com agul"
84502010;II;reducao;"RICMS/SE — Anexo II, pág. 238 do PDF de anexos";"4.28.3 - Teares retilíneos para malhas: a) máquinas motorizadas para tricotar 8447.20.21 e 8447.20.29 b) máquinas tipo 'Cotton' e semelhantes, para fabricação de meias, funcionando com agulha de flape 8447.20.21 e 8447.20.29 c) máquinas para fabricação de 'Jersey' e semelhantes, funcionando com agul"
84502090;II;reducao;"RICMS/SE — Anexo II, pág. 238 do PDF de anexos";"4.28.3 - Teares retilíneos para malhas: a) máquinas motorizadas para tricotar 8447.20.21 e 8447.20.29 b) máquinas tipo 'Cotton' e semelhantes, para fabricação de meias, funcionando com agulha de flape 8447.20.21 e 8447.20.29 c) máquinas para fabricação de 'Jersey' e semelhantes, funcionando com agul"
84511000;II;reducao;"RICMS/SE — Anexo II, pág. 238 do PDF de anexos";"4.28.3 - Teares retilíneos para malhas: a) máquinas motorizadas para tricotar 8447.20.21 e 8447.20.29 b) máquinas tipo 'Cotton' e semelhantes, para fabricação de meias, funcionando com agulha de flape 8447.20.21 e 8447.20.29 c) máquinas para fabricação de 'Jersey' e semelhantes, funcionando com agul"
84512100;II;reducao;"RICMS/SE — Anexo II, pág. 238 do PDF de anexos";"4.28.3 - Teares retilíneos para malhas: a) máquinas motorizadas para tricotar 8447.20.21 e 8447.20.29 b) máquinas tipo 'Cotton' e semelhantes, para fabricação de meias, funcionando com agulha de flape 8447.20.21 e 8447.20.29 c) máquinas para fabricação de 'Jersey' e semelhantes, funcionando com agul"
84512910;II;reducao;"RICMS/SE — Anexo II, pág. 238 do PDF de anexos";"4.28.3 - Teares retilíneos para malhas: a) máquinas motorizadas para tricotar 8447.20.21 e 8447.20.29 b) máquinas tipo 'Cotton' e semelhantes, para fabricação de meias, funcionando com agulha de flape 8447.20.21 e 8447.20.29 c) máquinas para fabricação de 'Jersey' e semelhantes, funcionando com agul"
84512990;II;reducao;"RICMS/SE — Anexo II, pág. 238 do PDF de anexos";"4.28.3 - Teares retilíneos para malhas: a) máquinas motorizadas para tricotar 8447.20.21 e 8447.20.29 b) máquinas tipo 'Cotton' e semelhantes, para fabricação de meias, funcionando com agulha de flape 8447.20.21 e 8447.20.29 c) máquinas para fabricação de 'Jersey' e semelhantes, funcionando com agul"
84513010;II;reducao;"RICMS/SE — Anexo II, pág. 238 do PDF de anexos";"4.28.3 - Teares retilíneos para malhas: a) máquinas motorizadas para tricotar 8447.20.21 e 8447.20.29 b) máquinas tipo 'Cotton' e semelhantes, para fabricação de meias, funcionando com agulha de flape 8447.20.21 e 8447.20.29 c) máquinas para fabricação de 'Jersey' e semelhantes, funcionando com agul"
84513099;II;reducao;"RICMS/SE — Anexo II, pág. 238 do PDF de anexos";"4.28.3 - Teares retilíneos para malhas: a) máquinas motorizadas para tricotar 8447.20.21 e 8447.20.29 b) máquinas tipo 'Cotton' e semelhantes, para fabricação de meias, funcionando com agulha de flape 8447.20.21 e 8447.20.29 c) máquinas para fabricação de 'Jersey' e semelhantes, funcionando com agul"
84514010;II;reducao;"RICMS/SE — Anexo II, pág. 238 do PDF de anexos";"4.28.3 - Teares retilíneos para malhas: a) máquinas motorizadas para tricotar 8447.20.21 e 8447.20.29 b) máquinas tipo 'Cotton' e semelhantes, para fabricação de meias, funcionando com agulha de flape 8447.20.21 e 8447.20.29 c) máquinas para fabricação de 'Jersey' e semelhantes, funcionando com agul"
84514021;II;reducao;"RICMS/SE — Anexo II, pág. 238 do PDF de anexos";"4.28.3 - Teares retilíneos para malhas: a) máquinas motorizadas para tricotar 8447.20.21 e 8447.20.29 b) máquinas tipo 'Cotton' e semelhantes, para fabricação de meias, funcionando com agulha de flape 8447.20.21 e 8447.20.29 c) máquinas para fabricação de 'Jersey' e semelhantes, funcionando com agul"
84514029;II;reducao;"RICMS/SE — Anexo II, pág. 238 do PDF de anexos";"4.28.3 - Teares retilíneos para malhas: a) máquinas motorizadas para tricotar 8447.20.21 e 8447.20.29 b) máquinas tipo 'Cotton' e semelhantes, para fabricação de meias, funcionando com agulha de flape 8447.20.21 e 8447.20.29 c) máquinas para fabricação de 'Jersey' e semelhantes, funcionando com agul"
84514090;II;reducao;"RICMS/SE — Anexo II, pág. 238 do PDF de anexos";"4.28.3 - Teares retilíneos para malhas: a) máquinas motorizadas para tricotar 8447.20.21 e 8447.20.29 b) máquinas tipo 'Cotton' e semelhantes, para fabricação de meias, funcionando com agulha de flape 8447.20.21 e 8447.20.29 c) máquinas para fabricação de 'Jersey' e semelhantes, funcionando com agul"
84515010;II;reducao;"RICMS/SE — Anexo II, pág. 238 do PDF de anexos";"4.28.3 - Teares retilíneos para malhas: a) máquinas motorizadas para tricotar 8447.20.21 e 8447.20.29 b) máquinas tipo 'Cotton' e semelhantes, para fabricação de meias, funcionando com agulha de flape 8447.20.21 e 8447.20.29 c) máquinas para fabricação de 'Jersey' e semelhantes, funcionando com agul"
84515090;II;reducao;"RICMS/SE — Anexo II, pág. 238 do PDF de anexos";"4.28.3 - Teares retilíneos para malhas: a) máquinas motorizadas para tricotar 8447.20.21 e 8447.20.29 b) máquinas tipo 'Cotton' e semelhantes, para fabricação de meias, funcionando com agulha de flape 8447.20.21 e 8447.20.29 c) máquinas para fabricação de 'Jersey' e semelhantes, funcionando com agul"
84518000;II;reducao;"RICMS/SE — Anexo II, pág. 238 do PDF de anexos";"4.28.3 - Teares retilíneos para malhas: a) máquinas motorizadas para tricotar 8447.20.21 e 8447.20.29 b) máquinas tipo 'Cotton' e semelhantes, para fabricação de meias, funcionando com agulha de flape 8447.20.21 e 8447.20.29 c) máquinas para fabricação de 'Jersey' e semelhantes, funcionando com agul"
84631020;II;reducao;"RICMS/SE — Anexo II, pág. 240 do PDF de anexos";"b) outras 8462.29.00 4.35.28 - Máquinas (incluídas as prensas) para cisalhar, exceto as máquinas combinadas de puncionar e cisalhar: a) de comando numérico 8462.31.00 b) outras 8462.39.10 e 8462.39.90 4.35.29 - Máquinas (incluídas as prensas) para puncionar ou para chanfrar, incluídas as máquinas co"
84669200;II;reducao;"RICMS/SE — Anexo II, pág. 241 do PDF de anexos";"b) máquinas para fabricação de lã ou palha de madeira 8465.99.00 c) Torno tipicamente copiador 8465.99.00 d) qualquer outro torno 8465.99.00 e) máquinas para copiar ou reproduzir 8465.99.00 f) moinhos para fabricação de farinha de madeira 8465.99.00 g) máquinas para fabricação de botões de madeira 8"
84669319;II;reducao;"RICMS/SE — Anexo II, pág. 241 do PDF de anexos";"b) máquinas para fabricação de lã ou palha de madeira 8465.99.00 c) Torno tipicamente copiador 8465.99.00 d) qualquer outro torno 8465.99.00 e) máquinas para copiar ou reproduzir 8465.99.00 f) moinhos para fabricação de farinha de madeira 8465.99.00 g) máquinas para fabricação de botões de madeira 8"
84669320;II;reducao;"RICMS/SE — Anexo II, pág. 241 do PDF de anexos";"b) máquinas para fabricação de lã ou palha de madeira 8465.99.00 c) Torno tipicamente copiador 8465.99.00 d) qualquer outro torno 8465.99.00 e) máquinas para copiar ou reproduzir 8465.99.00 f) moinhos para fabricação de farinha de madeira 8465.99.00 g) máquinas para fabricação de botões de madeira 8"
84669340;II;reducao;"RICMS/SE — Anexo II, pág. 241 do PDF de anexos";"b) máquinas para fabricação de lã ou palha de madeira 8465.99.00 c) Torno tipicamente copiador 8465.99.00 d) qualquer outro torno 8465.99.00 e) máquinas para copiar ou reproduzir 8465.99.00 f) moinhos para fabricação de farinha de madeira 8465.99.00 g) máquinas para fabricação de botões de madeira 8"
84669350;II;reducao;"RICMS/SE — Anexo II, pág. 241 do PDF de anexos";"b) máquinas para fabricação de lã ou palha de madeira 8465.99.00 c) Torno tipicamente copiador 8465.99.00 d) qualquer outro torno 8465.99.00 e) máquinas para copiar ou reproduzir 8465.99.00 f) moinhos para fabricação de farinha de madeira 8465.99.00 g) máquinas para fabricação de botões de madeira 8"
84669360;II;reducao;"RICMS/SE — Anexo II, pág. 241 do PDF de anexos";"b) máquinas para fabricação de lã ou palha de madeira 8465.99.00 c) Torno tipicamente copiador 8465.99.00 d) qualquer outro torno 8465.99.00 e) máquinas para copiar ou reproduzir 8465.99.00 f) moinhos para fabricação de farinha de madeira 8465.99.00 g) máquinas para fabricação de botões de madeira 8"
84669410;II;reducao;"RICMS/SE — Anexo II, pág. 241 do PDF de anexos";"b) máquinas para fabricação de lã ou palha de madeira 8465.99.00 c) Torno tipicamente copiador 8465.99.00 d) qualquer outro torno 8465.99.00 e) máquinas para copiar ou reproduzir 8465.99.00 f) moinhos para fabricação de farinha de madeira 8465.99.00 g) máquinas para fabricação de botões de madeira 8"
84669420;II;reducao;"RICMS/SE — Anexo II, pág. 241 do PDF de anexos";"b) máquinas para fabricação de lã ou palha de madeira 8465.99.00 c) Torno tipicamente copiador 8465.99.00 d) qualquer outro torno 8465.99.00 e) máquinas para copiar ou reproduzir 8465.99.00 f) moinhos para fabricação de farinha de madeira 8465.99.00 g) máquinas para fabricação de botões de madeira 8"
84669430;II;reducao;"RICMS/SE — Anexo II, pág. 241 do PDF de anexos";"b) máquinas para fabricação de lã ou palha de madeira 8465.99.00 c) Torno tipicamente copiador 8465.99.00 d) qualquer outro torno 8465.99.00 e) máquinas para copiar ou reproduzir 8465.99.00 f) moinhos para fabricação de farinha de madeira 8465.99.00 g) máquinas para fabricação de botões de madeira 8"
84669490;II;reducao;"RICMS/SE — Anexo II, pág. 241 do PDF de anexos";"b) máquinas para fabricação de lã ou palha de madeira 8465.99.00 c) Torno tipicamente copiador 8465.99.00 d) qualquer outro torno 8465.99.00 e) máquinas para copiar ou reproduzir 8465.99.00 f) moinhos para fabricação de farinha de madeira 8465.99.00 g) máquinas para fabricação de botões de madeira 8"
84671110;II;reducao;"RICMS/SE — Anexo II, pág. 241 do PDF de anexos";"b) máquinas para fabricação de lã ou palha de madeira 8465.99.00 c) Torno tipicamente copiador 8465.99.00 d) qualquer outro torno 8465.99.00 e) máquinas para copiar ou reproduzir 8465.99.00 f) moinhos para fabricação de farinha de madeira 8465.99.00 g) máquinas para fabricação de botões de madeira 8"
84671190;II;reducao;"RICMS/SE — Anexo II, pág. 241 do PDF de anexos";"b) máquinas para fabricação de lã ou palha de madeira 8465.99.00 c) Torno tipicamente copiador 8465.99.00 d) qualquer outro torno 8465.99.00 e) máquinas para copiar ou reproduzir 8465.99.00 f) moinhos para fabricação de farinha de madeira 8465.99.00 g) máquinas para fabricação de botões de madeira 8"
84143011;II;reducao;"RICMS/SE — Anexo II, pág. 243 do PDF de anexos";"a) coquilhas 8480.41.00 e 8480.49.10 b) moldes de tipografia 8480.41.00 e 8480.49.90 c) outros 8480.41.00 e 8480.49.90 4.46.4 - Moldes para vidro 8480.50.00 4.46.5 - Moldes para matérias minerais 8480.60.00 4.46.6 - Moldes para borracha ou plástico: a) para moldagem por injeção ou por compressão 848"
84143021;II;reducao;"RICMS/SE — Anexo II, pág. 243 do PDF de anexos";"a) coquilhas 8480.41.00 e 8480.49.10 b) moldes de tipografia 8480.41.00 e 8480.49.90 c) outros 8480.41.00 e 8480.49.90 4.46.4 - Moldes para vidro 8480.50.00 4.46.5 - Moldes para matérias minerais 8480.60.00 4.46.6 - Moldes para borracha ou plástico: a) para moldagem por injeção ou por compressão 848"
84212990;II;reducao;"RICMS/SE — Anexo II, pág. 243 do PDF de anexos";"a) coquilhas 8480.41.00 e 8480.49.10 b) moldes de tipografia 8480.41.00 e 8480.49.90 c) outros 8480.41.00 e 8480.49.90 4.46.4 - Moldes para vidro 8480.50.00 4.46.5 - Moldes para matérias minerais 8480.60.00 4.46.6 - Moldes para borracha ou plástico: a) para moldagem por injeção ou por compressão 848"
84549000;II;reducao;"RICMS/SE — Anexo II, pág. 243 do PDF de anexos";"a) coquilhas 8480.41.00 e 8480.49.10 b) moldes de tipografia 8480.41.00 e 8480.49.90 c) outros 8480.41.00 e 8480.49.90 4.46.4 - Moldes para vidro 8480.50.00 4.46.5 - Moldes para matérias minerais 8480.60.00 4.46.6 - Moldes para borracha ou plástico: a) para moldagem por injeção ou por compressão 848"
39239000;II;reducao;"RICMS/SE — Anexo II, pág. 257 do PDF de anexos";"ITEM ITEM / SUBITEM / DISCRIMINAÇÃO (Conv ICMS 89/09) DESCRIÇÃO NCM/SH 1 RESERVATÓRIOS, TAMBORES, LATAS E RECIPIENTES SEMELHANTES 1.1 Reservatórios, tambores, latas e recipientes semelhantes, de plástico, de capacidade não superior a 300 litros, para transporte de leite 3923.90.00 1.2 Reservatórios,"
76129090;II;reducao;"RICMS/SE — Anexo II, pág. 257 do PDF de anexos";"ITEM ITEM / SUBITEM / DISCRIMINAÇÃO (Conv ICMS 89/09) DESCRIÇÃO NCM/SH 1 RESERVATÓRIOS, TAMBORES, LATAS E RECIPIENTES SEMELHANTES 1.1 Reservatórios, tambores, latas e recipientes semelhantes, de plástico, de capacidade não superior a 300 litros, para transporte de leite 3923.90.00 1.2 Reservatórios,"
73101090;II;reducao;"RICMS/SE — Anexo II, pág. 257 do PDF de anexos";"ITEM ITEM / SUBITEM / DISCRIMINAÇÃO (Conv ICMS 89/09) DESCRIÇÃO NCM/SH 1 RESERVATÓRIOS, TAMBORES, LATAS E RECIPIENTES SEMELHANTES 1.1 Reservatórios, tambores, latas e recipientes semelhantes, de plástico, de capacidade não superior a 300 litros, para transporte de leite 3923.90.00 1.2 Reservatórios,"
73102910;II;reducao;"RICMS/SE — Anexo II, pág. 257 do PDF de anexos";"ITEM ITEM / SUBITEM / DISCRIMINAÇÃO (Conv ICMS 89/09) DESCRIÇÃO NCM/SH 1 RESERVATÓRIOS, TAMBORES, LATAS E RECIPIENTES SEMELHANTES 1.1 Reservatórios, tambores, latas e recipientes semelhantes, de plástico, de capacidade não superior a 300 litros, para transporte de leite 3923.90.00 1.2 Reservatórios,"
73102990;II;reducao;"RICMS/SE — Anexo II, pág. 257 do PDF de anexos";"ITEM ITEM / SUBITEM / DISCRIMINAÇÃO (Conv ICMS 89/09) DESCRIÇÃO NCM/SH 1 RESERVATÓRIOS, TAMBORES, LATAS E RECIPIENTES SEMELHANTES 1.1 Reservatórios, tambores, latas e recipientes semelhantes, de plástico, de capacidade não superior a 300 litros, para transporte de leite 3923.90.00 1.2 Reservatórios,"
39173290;II;reducao;"RICMS/SE — Anexo II, pág. 258 do PDF de anexos";"cobre e zinco), de capacidade não superior a 300 litros, para transporte de leite 2 SILOS SEM DISPOSITIVOS DE VENTILAÇÃO OU AQUECIMENTO INCORPORADOS, MESMO QUE POSSUAM TUBULAÇÕES QUE PERMITAM A INJEÇÃO DE AR PARA VENTILAÇÃO OU AQUECIMENTO 2.1 Silos de matéria plástica artificial ou de lona plastific"
39251000;II;reducao;"RICMS/SE — Anexo II, pág. 262 do PDF de anexos";"ICMS 112/08) NCM/SH 5.1 - Silos com dispositivos de ventilação ou aquecimento (ventiladores ou aquecedores) incorporados, de qualquer matéria 8419.89.99 5.2 - Silos sem dispositivos de ventilação ou aquecimento incorporados, mesmo que possuam tubulações que permitam a injeção de ar para ventilação o"
82011000;II;reducao;"RICMS/SE — Anexo II, pág. 258 do PDF de anexos";"FOICES E FOICINHAS, FACAS PARA FENO OU PARA PALHA, TESOURAS PARA SEBES, CUNHAS E OUTRAS FERRAMENTAS MANUAIS PARA AGRICULTURA, HORTICULTURA OU SILVICULTURA 5.1 Pás 8201.10.00 5.2 Forcados e forquilhas 8201.20.00 5.3 Alviões, picaretas, enxadas, sachos, ancinhos e raspadeiras 8201.30.00 5.4 Machados, "
82012000;II;reducao;"RICMS/SE — Anexo II, pág. 258 do PDF de anexos";"FOICES E FOICINHAS, FACAS PARA FENO OU PARA PALHA, TESOURAS PARA SEBES, CUNHAS E OUTRAS FERRAMENTAS MANUAIS PARA AGRICULTURA, HORTICULTURA OU SILVICULTURA 5.1 Pás 8201.10.00 5.2 Forcados e forquilhas 8201.20.00 5.3 Alviões, picaretas, enxadas, sachos, ancinhos e raspadeiras 8201.30.00 5.4 Machados, "
82013000;II;reducao;"RICMS/SE — Anexo II, pág. 258 do PDF de anexos";"FOICES E FOICINHAS, FACAS PARA FENO OU PARA PALHA, TESOURAS PARA SEBES, CUNHAS E OUTRAS FERRAMENTAS MANUAIS PARA AGRICULTURA, HORTICULTURA OU SILVICULTURA 5.1 Pás 8201.10.00 5.2 Forcados e forquilhas 8201.20.00 5.3 Alviões, picaretas, enxadas, sachos, ancinhos e raspadeiras 8201.30.00 5.4 Machados, "
82014000;II;reducao;"RICMS/SE — Anexo II, pág. 258 do PDF de anexos";"FOICES E FOICINHAS, FACAS PARA FENO OU PARA PALHA, TESOURAS PARA SEBES, CUNHAS E OUTRAS FERRAMENTAS MANUAIS PARA AGRICULTURA, HORTICULTURA OU SILVICULTURA 5.1 Pás 8201.10.00 5.2 Forcados e forquilhas 8201.20.00 5.3 Alviões, picaretas, enxadas, sachos, ancinhos e raspadeiras 8201.30.00 5.4 Machados, "
82015000;II;reducao;"RICMS/SE — Anexo II, pág. 258 do PDF de anexos";"FOICES E FOICINHAS, FACAS PARA FENO OU PARA PALHA, TESOURAS PARA SEBES, CUNHAS E OUTRAS FERRAMENTAS MANUAIS PARA AGRICULTURA, HORTICULTURA OU SILVICULTURA 5.1 Pás 8201.10.00 5.2 Forcados e forquilhas 8201.20.00 5.3 Alviões, picaretas, enxadas, sachos, ancinhos e raspadeiras 8201.30.00 5.4 Machados, "
82016000;II;reducao;"RICMS/SE — Anexo II, pág. 258 do PDF de anexos";"FOICES E FOICINHAS, FACAS PARA FENO OU PARA PALHA, TESOURAS PARA SEBES, CUNHAS E OUTRAS FERRAMENTAS MANUAIS PARA AGRICULTURA, HORTICULTURA OU SILVICULTURA 5.1 Pás 8201.10.00 5.2 Forcados e forquilhas 8201.20.00 5.3 Alviões, picaretas, enxadas, sachos, ancinhos e raspadeiras 8201.30.00 5.4 Machados, "
82019000;II;reducao;"RICMS/SE — Anexo II, pág. 258 do PDF de anexos";"FOICES E FOICINHAS, FACAS PARA FENO OU PARA PALHA, TESOURAS PARA SEBES, CUNHAS E OUTRAS FERRAMENTAS MANUAIS PARA AGRICULTURA, HORTICULTURA OU SILVICULTURA 5.1 Pás 8201.10.00 5.2 Forcados e forquilhas 8201.20.00 5.3 Alviões, picaretas, enxadas, sachos, ancinhos e raspadeiras 8201.30.00 5.4 Machados, "
84145990;II;reducao;"RICMS/SE — Anexo II, pág. 258 do PDF de anexos";"FOICES E FOICINHAS, FACAS PARA FENO OU PARA PALHA, TESOURAS PARA SEBES, CUNHAS E OUTRAS FERRAMENTAS MANUAIS PARA AGRICULTURA, HORTICULTURA OU SILVICULTURA 5.1 Pás 8201.10.00 5.2 Forcados e forquilhas 8201.20.00 5.3 Alviões, picaretas, enxadas, sachos, ancinhos e raspadeiras 8201.30.00 5.4 Machados, "
84148011;II;reducao;"RICMS/SE — Anexo II, pág. 258 do PDF de anexos";"FOICES E FOICINHAS, FACAS PARA FENO OU PARA PALHA, TESOURAS PARA SEBES, CUNHAS E OUTRAS FERRAMENTAS MANUAIS PARA AGRICULTURA, HORTICULTURA OU SILVICULTURA 5.1 Pás 8201.10.00 5.2 Forcados e forquilhas 8201.20.00 5.3 Alviões, picaretas, enxadas, sachos, ancinhos e raspadeiras 8201.30.00 5.4 Machados, "
84148090;II;reducao;"RICMS/SE — Anexo II, pág. 258 do PDF de anexos";"FOICES E FOICINHAS, FACAS PARA FENO OU PARA PALHA, TESOURAS PARA SEBES, CUNHAS E OUTRAS FERRAMENTAS MANUAIS PARA AGRICULTURA, HORTICULTURA OU SILVICULTURA 5.1 Pás 8201.10.00 5.2 Forcados e forquilhas 8201.20.00 5.3 Alviões, picaretas, enxadas, sachos, ancinhos e raspadeiras 8201.30.00 5.4 Machados, "
84193100;II;reducao;"RICMS/SE — Anexo II, pág. 258 do PDF de anexos";"FOICES E FOICINHAS, FACAS PARA FENO OU PARA PALHA, TESOURAS PARA SEBES, CUNHAS E OUTRAS FERRAMENTAS MANUAIS PARA AGRICULTURA, HORTICULTURA OU SILVICULTURA 5.1 Pás 8201.10.00 5.2 Forcados e forquilhas 8201.20.00 5.3 Alviões, picaretas, enxadas, sachos, ancinhos e raspadeiras 8201.30.00 5.4 Machados, "
84244100;II;reducao;"RICMS/SE — Anexo II, pág. 259 do PDF de anexos";"DISPERSAR OU PULVERIZAR LÍQUIDOS OU PÓS 10.1 Aparelho para projetar, dispersar ou pulverizar fungicidas, inseticidas e outros produtos para combate a pragas, de uso agrícola, manuais (Conv ICMS 146/2020) 8424.41.00 Nova Redação dada ao Item 10.1 pelo Decreto nº 40.781/2021, efeitos a partir de 29.12"
84244900;II;reducao;"RICMS/SE — Anexo II, pág. 259 do PDF de anexos";"ICMS 146/2020) 8424.49.00 Nova Redação dada ao Item 10.2 pelo Decreto nº 40.781/2021, efeitos a partir de 29.12.2020."
84248221;II;reducao;"RICMS/SE — Anexo II, pág. 259 do PDF de anexos";"ICMS 140/2010) 8424.82.21 (Conv ."
84248121;II;reducao;"RICMS/SE — Anexo II, pág. 262 do PDF de anexos";"ICMS 112/08) NCM/SH 5.1 - Silos com dispositivos de ventilação ou aquecimento (ventiladores ou aquecedores) incorporados, de qualquer matéria 8419.89.99 5.2 - Silos sem dispositivos de ventilação ou aquecimento incorporados, mesmo que possuam tubulações que permitam a injeção de ar para ventilação o"
84248229;II;reducao;"RICMS/SE — Anexo II, pág. 259 do PDF de anexos";"ICMS 140/2010) 8424.82.29 Conv."
84248129;II;reducao;"RICMS/SE — Anexo II, pág. 262 do PDF de anexos";"ICMS 112/08) NCM/SH 5.1 - Silos com dispositivos de ventilação ou aquecimento (ventiladores ou aquecedores) incorporados, de qualquer matéria 8419.89.99 5.2 - Silos sem dispositivos de ventilação ou aquecimento incorporados, mesmo que possuam tubulações que permitam a injeção de ar para ventilação o"
84272090;II;reducao;"RICMS/SE — Anexo II, pág. 259 do PDF de anexos";"OUTROS VEÍCULOS PARA MOVIMENTAÇÃO DE CARGA E SEMELHANTES, EQUIPADOS COM DISPOSITIVOS DE ELEVAÇÃO 11.1 Máquina apanhadora e carregadora de cana, autopropulsada 8427.20.90 11.2 Carregadores para serem acoplados a trator agrícola 8427.90.00 12 Plainas niveladoras de levantamento hidráulico; valetadeira"
84306990;II;reducao;"RICMS/SE — Anexo II, pág. 259 do PDF de anexos";"OUTROS VEÍCULOS PARA MOVIMENTAÇÃO DE CARGA E SEMELHANTES, EQUIPADOS COM DISPOSITIVOS DE ELEVAÇÃO 11.1 Máquina apanhadora e carregadora de cana, autopropulsada 8427.20.90 11.2 Carregadores para serem acoplados a trator agrícola 8427.90.00 12 Plainas niveladoras de levantamento hidráulico; valetadeira"
84321000;II;reducao;"RICMS/SE — Anexo II, pág. 259 do PDF de anexos";"OUTROS VEÍCULOS PARA MOVIMENTAÇÃO DE CARGA E SEMELHANTES, EQUIPADOS COM DISPOSITIVOS DE ELEVAÇÃO 11.1 Máquina apanhadora e carregadora de cana, autopropulsada 8427.20.90 11.2 Carregadores para serem acoplados a trator agrícola 8427.90.00 12 Plainas niveladoras de levantamento hidráulico; valetadeira"
84322900;II;reducao;"RICMS/SE — Anexo II, pág. 259 do PDF de anexos";"OUTROS VEÍCULOS PARA MOVIMENTAÇÃO DE CARGA E SEMELHANTES, EQUIPADOS COM DISPOSITIVOS DE ELEVAÇÃO 11.1 Máquina apanhadora e carregadora de cana, autopropulsada 8427.20.90 11.2 Carregadores para serem acoplados a trator agrícola 8427.90.00 12 Plainas niveladoras de levantamento hidráulico; valetadeira"
84323110;II;reducao;"RICMS/SE — Anexo II, pág. 259 do PDF de anexos";"OUTROS VEÍCULOS PARA MOVIMENTAÇÃO DE CARGA E SEMELHANTES, EQUIPADOS COM DISPOSITIVOS DE ELEVAÇÃO 11.1 Máquina apanhadora e carregadora de cana, autopropulsada 8427.20.90 11.2 Carregadores para serem acoplados a trator agrícola 8427.90.00 12 Plainas niveladoras de levantamento hidráulico; valetadeira"
84323910;II;reducao;"RICMS/SE — Anexo II, pág. 259 do PDF de anexos";"ICMS 129/2019) 8432.39.10 (Conv ."
84324100;II;reducao;"RICMS/SE — Anexo II, pág. 260 do PDF de anexos";"ICMS 146/2020) 8432.41.00 8432.42.00 Nova Redação dada ao Item 13.5 pelo Decreto nº 40.781/2021, efeitos a partir de 29.12.2020."
84324200;II;reducao;"RICMS/SE — Anexo II, pág. 260 do PDF de anexos";"ICMS 146/2020) 8432.41.00 8432.42.00 Nova Redação dada ao Item 13.5 pelo Decreto nº 40.781/2021, efeitos a partir de 29.12.2020."
84331100;II;reducao;"RICMS/SE — Anexo II, pág. 260 do PDF de anexos";"MÁQUINAS PARA LIMPAR OU SELECIONAR OVOS, FRUTAS OU OUTROS PRODUTOS AGRÍCOLAS 14.1 Cortadores de grama, motorizados, cujo dispositivo de corte gira num plano horizontal 8433.11.00 14.2 Outros cortadores de grama 8433.19.00 14.3 Ceifeiras, incluídas as barras de corte para montagem em tratores, com di"
84331900;II;reducao;"RICMS/SE — Anexo II, pág. 260 do PDF de anexos";"MÁQUINAS PARA LIMPAR OU SELECIONAR OVOS, FRUTAS OU OUTROS PRODUTOS AGRÍCOLAS 14.1 Cortadores de grama, motorizados, cujo dispositivo de corte gira num plano horizontal 8433.11.00 14.2 Outros cortadores de grama 8433.19.00 14.3 Ceifeiras, incluídas as barras de corte para montagem em tratores, com di"
84332010;II;reducao;"RICMS/SE — Anexo II, pág. 260 do PDF de anexos";"MÁQUINAS PARA LIMPAR OU SELECIONAR OVOS, FRUTAS OU OUTROS PRODUTOS AGRÍCOLAS 14.1 Cortadores de grama, motorizados, cujo dispositivo de corte gira num plano horizontal 8433.11.00 14.2 Outros cortadores de grama 8433.19.00 14.3 Ceifeiras, incluídas as barras de corte para montagem em tratores, com di"
84332090;II;reducao;"RICMS/SE — Anexo II, pág. 260 do PDF de anexos";"MÁQUINAS PARA LIMPAR OU SELECIONAR OVOS, FRUTAS OU OUTROS PRODUTOS AGRÍCOLAS 14.1 Cortadores de grama, motorizados, cujo dispositivo de corte gira num plano horizontal 8433.11.00 14.2 Outros cortadores de grama 8433.19.00 14.3 Ceifeiras, incluídas as barras de corte para montagem em tratores, com di"
84333000;II;reducao;"RICMS/SE — Anexo II, pág. 260 do PDF de anexos";"MÁQUINAS PARA LIMPAR OU SELECIONAR OVOS, FRUTAS OU OUTROS PRODUTOS AGRÍCOLAS 14.1 Cortadores de grama, motorizados, cujo dispositivo de corte gira num plano horizontal 8433.11.00 14.2 Outros cortadores de grama 8433.19.00 14.3 Ceifeiras, incluídas as barras de corte para montagem em tratores, com di"
84334000;II;reducao;"RICMS/SE — Anexo II, pág. 260 do PDF de anexos";"MÁQUINAS PARA LIMPAR OU SELECIONAR OVOS, FRUTAS OU OUTROS PRODUTOS AGRÍCOLAS 14.1 Cortadores de grama, motorizados, cujo dispositivo de corte gira num plano horizontal 8433.11.00 14.2 Outros cortadores de grama 8433.19.00 14.3 Ceifeiras, incluídas as barras de corte para montagem em tratores, com di"
84335100;II;reducao;"RICMS/SE — Anexo II, pág. 260 do PDF de anexos";"MÁQUINAS PARA LIMPAR OU SELECIONAR OVOS, FRUTAS OU OUTROS PRODUTOS AGRÍCOLAS 14.1 Cortadores de grama, motorizados, cujo dispositivo de corte gira num plano horizontal 8433.11.00 14.2 Outros cortadores de grama 8433.19.00 14.3 Ceifeiras, incluídas as barras de corte para montagem em tratores, com di"
84335200;II;reducao;"RICMS/SE — Anexo II, pág. 260 do PDF de anexos";"MÁQUINAS PARA LIMPAR OU SELECIONAR OVOS, FRUTAS OU OUTROS PRODUTOS AGRÍCOLAS 14.1 Cortadores de grama, motorizados, cujo dispositivo de corte gira num plano horizontal 8433.11.00 14.2 Outros cortadores de grama 8433.19.00 14.3 Ceifeiras, incluídas as barras de corte para montagem em tratores, com di"
84335300;II;reducao;"RICMS/SE — Anexo II, pág. 260 do PDF de anexos";"MÁQUINAS PARA LIMPAR OU SELECIONAR OVOS, FRUTAS OU OUTROS PRODUTOS AGRÍCOLAS 14.1 Cortadores de grama, motorizados, cujo dispositivo de corte gira num plano horizontal 8433.11.00 14.2 Outros cortadores de grama 8433.19.00 14.3 Ceifeiras, incluídas as barras de corte para montagem em tratores, com di"
84335911;II;reducao;"RICMS/SE — Anexo II, pág. 260 do PDF de anexos";"MÁQUINAS PARA LIMPAR OU SELECIONAR OVOS, FRUTAS OU OUTROS PRODUTOS AGRÍCOLAS 14.1 Cortadores de grama, motorizados, cujo dispositivo de corte gira num plano horizontal 8433.11.00 14.2 Outros cortadores de grama 8433.19.00 14.3 Ceifeiras, incluídas as barras de corte para montagem em tratores, com di"
84335919;II;reducao;"RICMS/SE — Anexo II, pág. 260 do PDF de anexos";"MÁQUINAS PARA LIMPAR OU SELECIONAR OVOS, FRUTAS OU OUTROS PRODUTOS AGRÍCOLAS 14.1 Cortadores de grama, motorizados, cujo dispositivo de corte gira num plano horizontal 8433.11.00 14.2 Outros cortadores de grama 8433.19.00 14.3 Ceifeiras, incluídas as barras de corte para montagem em tratores, com di"
84335990;II;reducao;"RICMS/SE — Anexo II, pág. 260 do PDF de anexos";"MÁQUINAS PARA LIMPAR OU SELECIONAR OVOS, FRUTAS OU OUTROS PRODUTOS AGRÍCOLAS 14.1 Cortadores de grama, motorizados, cujo dispositivo de corte gira num plano horizontal 8433.11.00 14.2 Outros cortadores de grama 8433.19.00 14.3 Ceifeiras, incluídas as barras de corte para montagem em tratores, com di"
84336010;II;reducao;"RICMS/SE — Anexo II, pág. 260 do PDF de anexos";"MÁQUINAS PARA LIMPAR OU SELECIONAR OVOS, FRUTAS OU OUTROS PRODUTOS AGRÍCOLAS 14.1 Cortadores de grama, motorizados, cujo dispositivo de corte gira num plano horizontal 8433.11.00 14.2 Outros cortadores de grama 8433.19.00 14.3 Ceifeiras, incluídas as barras de corte para montagem em tratores, com di"
84336021;II;reducao;"RICMS/SE — Anexo II, pág. 260 do PDF de anexos";"MÁQUINAS PARA LIMPAR OU SELECIONAR OVOS, FRUTAS OU OUTROS PRODUTOS AGRÍCOLAS 14.1 Cortadores de grama, motorizados, cujo dispositivo de corte gira num plano horizontal 8433.11.00 14.2 Outros cortadores de grama 8433.19.00 14.3 Ceifeiras, incluídas as barras de corte para montagem em tratores, com di"
84336029;II;reducao;"RICMS/SE — Anexo II, pág. 260 do PDF de anexos";"MÁQUINAS PARA LIMPAR OU SELECIONAR OVOS, FRUTAS OU OUTROS PRODUTOS AGRÍCOLAS 14.1 Cortadores de grama, motorizados, cujo dispositivo de corte gira num plano horizontal 8433.11.00 14.2 Outros cortadores de grama 8433.19.00 14.3 Ceifeiras, incluídas as barras de corte para montagem em tratores, com di"
84336090;II;reducao;"RICMS/SE — Anexo II, pág. 260 do PDF de anexos";"MÁQUINAS PARA LIMPAR OU SELECIONAR OVOS, FRUTAS OU OUTROS PRODUTOS AGRÍCOLAS 14.1 Cortadores de grama, motorizados, cujo dispositivo de corte gira num plano horizontal 8433.11.00 14.2 Outros cortadores de grama 8433.19.00 14.3 Ceifeiras, incluídas as barras de corte para montagem em tratores, com di"
84339090;II;reducao;"RICMS/SE — Anexo II, pág. 260 do PDF de anexos";"MÁQUINAS PARA LIMPAR OU SELECIONAR OVOS, FRUTAS OU OUTROS PRODUTOS AGRÍCOLAS 14.1 Cortadores de grama, motorizados, cujo dispositivo de corte gira num plano horizontal 8433.11.00 14.2 Outros cortadores de grama 8433.19.00 14.3 Ceifeiras, incluídas as barras de corte para montagem em tratores, com di"
84672999;II;reducao;"RICMS/SE — Anexo II, pág. 260 do PDF de anexos";"ICMS 158/2023 e 199/2023) 8467.89.00 8467.29.99 (Conv."
84361000;II;reducao;"RICMS/SE — Anexo II, pág. 261 do PDF de anexos";"MECÂNICOS OU TÉRMICOS E AS CHOCADEIRAS E CRIADEIRAS PARA AVICULTURA 16.1 Máquinas e aparelhos para preparação de alimentos ou rações para animais 8436.10.00 16.2 Chocadeiras e criadeiras 8436.21.00 16.3 Outros aparelhos para avicultura 8436.29.00 16.4 Outras máquinas e aparelhos para agricultura, ho"
84362100;II;reducao;"RICMS/SE — Anexo II, pág. 261 do PDF de anexos";"MECÂNICOS OU TÉRMICOS E AS CHOCADEIRAS E CRIADEIRAS PARA AVICULTURA 16.1 Máquinas e aparelhos para preparação de alimentos ou rações para animais 8436.10.00 16.2 Chocadeiras e criadeiras 8436.21.00 16.3 Outros aparelhos para avicultura 8436.29.00 16.4 Outras máquinas e aparelhos para agricultura, ho"
84362900;II;reducao;"RICMS/SE — Anexo II, pág. 261 do PDF de anexos";"MECÂNICOS OU TÉRMICOS E AS CHOCADEIRAS E CRIADEIRAS PARA AVICULTURA 16.1 Máquinas e aparelhos para preparação de alimentos ou rações para animais 8436.10.00 16.2 Chocadeiras e criadeiras 8436.21.00 16.3 Outros aparelhos para avicultura 8436.29.00 16.4 Outras máquinas e aparelhos para agricultura, ho"
84368000;II;reducao;"RICMS/SE — Anexo II, pág. 261 do PDF de anexos";"MECÂNICOS OU TÉRMICOS E AS CHOCADEIRAS E CRIADEIRAS PARA AVICULTURA 16.1 Máquinas e aparelhos para preparação de alimentos ou rações para animais 8436.10.00 16.2 Chocadeiras e criadeiras 8436.21.00 16.3 Outros aparelhos para avicultura 8436.29.00 16.4 Outras máquinas e aparelhos para agricultura, ho"
84369100;II;reducao;"RICMS/SE — Anexo II, pág. 261 do PDF de anexos";"MECÂNICOS OU TÉRMICOS E AS CHOCADEIRAS E CRIADEIRAS PARA AVICULTURA 16.1 Máquinas e aparelhos para preparação de alimentos ou rações para animais 8436.10.00 16.2 Chocadeiras e criadeiras 8436.21.00 16.3 Outros aparelhos para avicultura 8436.29.00 16.4 Outras máquinas e aparelhos para agricultura, ho"
84369900;II;reducao;"RICMS/SE — Anexo II, pág. 261 do PDF de anexos";"MECÂNICOS OU TÉRMICOS E AS CHOCADEIRAS E CRIADEIRAS PARA AVICULTURA 16.1 Máquinas e aparelhos para preparação de alimentos ou rações para animais 8436.10.00 16.2 Chocadeiras e criadeiras 8436.21.00 16.3 Outros aparelhos para avicultura 8436.29.00 16.4 Outras máquinas e aparelhos para agricultura, ho"
87019200;II;reducao;"RICMS/SE — Anexo II, pág. 261 do PDF de anexos";"ICMS 129/2019) 8701.92.00 (Conv ."
87019300;II;reducao;"RICMS/SE — Anexo II, pág. 261 do PDF de anexos";"ICMS 129/2019) 8701.93.00 (Conv ."
87019490;II;reducao;"RICMS/SE — Anexo II, pág. 261 do PDF de anexos";"ICMS 129/2019) 8701.94.90 (Conv ."
87019590;II;reducao;"RICMS/SE — Anexo II, pág. 261 do PDF de anexos";"ICMS 129/2019) 8701.95.90 (Conv ."
87162000;II;reducao;"RICMS/SE — Anexo II, pág. 261 do PDF de anexos";"OUTROS VEÍCULOS NÃO AUTOPROPULSADOS 21.1 Reboques e semi - reboques, autocarregáveis ou autodescarregáveis, para usos agrícolas 8716.20.00 21.2 Veículos de tração animal 8716.80.00 22 AVIÕES AGRÍCOLAS A HÉLICE 22.1 Aviões, à hélice, de peso não superior a 2.000kg, vazios, quando houverem recebido pr"
87168000;II;reducao;"RICMS/SE — Anexo II, pág. 261 do PDF de anexos";"OUTROS VEÍCULOS NÃO AUTOPROPULSADOS 21.1 Reboques e semi - reboques, autocarregáveis ou autodescarregáveis, para usos agrícolas 8716.20.00 21.2 Veículos de tração animal 8716.80.00 22 AVIÕES AGRÍCOLAS A HÉLICE 22.1 Aviões, à hélice, de peso não superior a 2.000kg, vazios, quando houverem recebido pr"
88022010;II;reducao;"RICMS/SE — Anexo II, pág. 261 do PDF de anexos";"OUTROS VEÍCULOS NÃO AUTOPROPULSADOS 21.1 Reboques e semi - reboques, autocarregáveis ou autodescarregáveis, para usos agrícolas 8716.20.00 21.2 Veículos de tração animal 8716.80.00 22 AVIÕES AGRÍCOLAS A HÉLICE 22.1 Aviões, à hélice, de peso não superior a 2.000kg, vazios, quando houverem recebido pr"
88023010;II;reducao;"RICMS/SE — Anexo II, pág. 261 do PDF de anexos";"OUTROS VEÍCULOS NÃO AUTOPROPULSADOS 21.1 Reboques e semi - reboques, autocarregáveis ou autodescarregáveis, para usos agrícolas 8716.20.00 21.2 Veículos de tração animal 8716.80.00 22 AVIÕES AGRÍCOLAS A HÉLICE 22.1 Aviões, à hélice, de peso não superior a 2.000kg, vazios, quando houverem recebido pr"
88031000;II;reducao;"RICMS/SE — Anexo II, pág. 261 do PDF de anexos";"OUTROS VEÍCULOS NÃO AUTOPROPULSADOS 21.1 Reboques e semi - reboques, autocarregáveis ou autodescarregáveis, para usos agrícolas 8716.20.00 21.2 Veículos de tração animal 8716.80.00 22 AVIÕES AGRÍCOLAS A HÉLICE 22.1 Aviões, à hélice, de peso não superior a 2.000kg, vazios, quando houverem recebido pr"
88032000;II;reducao;"RICMS/SE — Anexo II, pág. 261 do PDF de anexos";"OUTROS VEÍCULOS NÃO AUTOPROPULSADOS 21.1 Reboques e semi - reboques, autocarregáveis ou autodescarregáveis, para usos agrícolas 8716.20.00 21.2 Veículos de tração animal 8716.80.00 22 AVIÕES AGRÍCOLAS A HÉLICE 22.1 Aviões, à hélice, de peso não superior a 2.000kg, vazios, quando houverem recebido pr"
88033000;II;reducao;"RICMS/SE — Anexo II, pág. 261 do PDF de anexos";"OUTROS VEÍCULOS NÃO AUTOPROPULSADOS 21.1 Reboques e semi - reboques, autocarregáveis ou autodescarregáveis, para usos agrícolas 8716.20.00 21.2 Veículos de tração animal 8716.80.00 22 AVIÕES AGRÍCOLAS A HÉLICE 22.1 Aviões, à hélice, de peso não superior a 2.000kg, vazios, quando houverem recebido pr"
88039000;II;reducao;"RICMS/SE — Anexo II, pág. 261 do PDF de anexos";"OUTROS VEÍCULOS NÃO AUTOPROPULSADOS 21.1 Reboques e semi - reboques, autocarregáveis ou autodescarregáveis, para usos agrícolas 8716.20.00 21.2 Veículos de tração animal 8716.80.00 22 AVIÕES AGRÍCOLAS A HÉLICE 22.1 Aviões, à hélice, de peso não superior a 2.000kg, vazios, quando houverem recebido pr"
90278014;II;reducao;"RICMS/SE — Anexo II, pág. 261 do PDF de anexos";"OUTROS VEÍCULOS NÃO AUTOPROPULSADOS 21.1 Reboques e semi - reboques, autocarregáveis ou autodescarregáveis, para usos agrícolas 8716.20.00 21.2 Veículos de tração animal 8716.80.00 22 AVIÕES AGRÍCOLAS A HÉLICE 22.1 Aviões, à hélice, de peso não superior a 2.000kg, vazios, quando houverem recebido pr"
94060010;II;reducao;"RICMS/SE — Anexo II, pág. 261 do PDF de anexos";"OUTROS VEÍCULOS NÃO AUTOPROPULSADOS 21.1 Reboques e semi - reboques, autocarregáveis ou autodescarregáveis, para usos agrícolas 8716.20.00 21.2 Veículos de tração animal 8716.80.00 22 AVIÕES AGRÍCOLAS A HÉLICE 22.1 Aviões, à hélice, de peso não superior a 2.000kg, vazios, quando houverem recebido pr"
94060091;II;reducao;"RICMS/SE — Anexo II, pág. 262 do PDF de anexos";"ICMS 112/08) NCM/SH 5.1 - Silos com dispositivos de ventilação ou aquecimento (ventiladores ou aquecedores) incorporados, de qualquer matéria 8419.89.99 5.2 - Silos sem dispositivos de ventilação ou aquecimento incorporados, mesmo que possuam tubulações que permitam a injeção de ar para ventilação o"
73090010;II;reducao;"RICMS/SE — Anexo II, pág. 262 do PDF de anexos";"ICMS 112/08) NCM/SH 5.1 - Silos com dispositivos de ventilação ou aquecimento (ventiladores ou aquecedores) incorporados, de qualquer matéria 8419.89.99 5.2 - Silos sem dispositivos de ventilação ou aquecimento incorporados, mesmo que possuam tubulações que permitam a injeção de ar para ventilação o"
84798940;II;reducao;"RICMS/SE — Anexo II, pág. 262 do PDF de anexos";"ICMS 112/08) NCM/SH 5.1 - Silos com dispositivos de ventilação ou aquecimento (ventiladores ou aquecedores) incorporados, de qualquer matéria 8419.89.99 5.2 - Silos sem dispositivos de ventilação ou aquecimento incorporados, mesmo que possuam tubulações que permitam a injeção de ar para ventilação o"
84248111;II;reducao;"RICMS/SE — Anexo II, pág. 262 do PDF de anexos";"ICMS 112/08) NCM/SH 5.1 - Silos com dispositivos de ventilação ou aquecimento (ventiladores ou aquecedores) incorporados, de qualquer matéria 8419.89.99 5.2 - Silos sem dispositivos de ventilação ou aquecimento incorporados, mesmo que possuam tubulações que permitam a injeção de ar para ventilação o"
84248119;II;reducao;"RICMS/SE — Anexo II, pág. 262 do PDF de anexos";"ICMS 112/08) NCM/SH 5.1 - Silos com dispositivos de ventilação ou aquecimento (ventiladores ou aquecedores) incorporados, de qualquer matéria 8419.89.99 5.2 - Silos sem dispositivos de ventilação ou aquecimento incorporados, mesmo que possuam tubulações que permitam a injeção de ar para ventilação o"
84341000;II;reducao;"RICMS/SE — Anexo II, pág. 262 do PDF de anexos";"ICMS 112/08) NCM/SH 5.1 - Silos com dispositivos de ventilação ou aquecimento (ventiladores ou aquecedores) incorporados, de qualquer matéria 8419.89.99 5.2 - Silos sem dispositivos de ventilação ou aquecimento incorporados, mesmo que possuam tubulações que permitam a injeção de ar para ventilação o"
74199990;II;reducao;"RICMS/SE — Anexo II, pág. 262 do PDF de anexos";"ICMS 112/08) NCM/SH 5.1 - Silos com dispositivos de ventilação ou aquecimento (ventiladores ou aquecedores) incorporados, de qualquer matéria 8419.89.99 5.2 - Silos sem dispositivos de ventilação ou aquecimento incorporados, mesmo que possuam tubulações que permitam a injeção de ar para ventilação o"
76129019;II;reducao;"RICMS/SE — Anexo II, pág. 262 do PDF de anexos";"ICMS 112/08) NCM/SH 5.1 - Silos com dispositivos de ventilação ou aquecimento (ventiladores ou aquecedores) incorporados, de qualquer matéria 8419.89.99 5.2 - Silos sem dispositivos de ventilação ou aquecimento incorporados, mesmo que possuam tubulações que permitam a injeção de ar para ventilação o"
73269090;II;reducao;"RICMS/SE — Anexo II, pág. 262 do PDF de anexos";"ICMS 112/08) NCM/SH 5.1 - Silos com dispositivos de ventilação ou aquecimento (ventiladores ou aquecedores) incorporados, de qualquer matéria 8419.89.99 5.2 - Silos sem dispositivos de ventilação ou aquecimento incorporados, mesmo que possuam tubulações que permitam a injeção de ar para ventilação o"
87011000;II;reducao;"RICMS/SE — Anexo II, pág. 262 do PDF de anexos";"ICMS 112/08) NCM/SH 5.1 - Silos com dispositivos de ventilação ou aquecimento (ventiladores ou aquecedores) incorporados, de qualquer matéria 8419.89.99 5.2 - Silos sem dispositivos de ventilação ou aquecimento incorporados, mesmo que possuam tubulações que permitam a injeção de ar para ventilação o"
87019090;II;reducao;"RICMS/SE — Anexo II, pág. 262 do PDF de anexos";"ICMS 112/08) NCM/SH 5.1 - Silos com dispositivos de ventilação ou aquecimento (ventiladores ou aquecedores) incorporados, de qualquer matéria 8419.89.99 5.2 - Silos sem dispositivos de ventilação ou aquecimento incorporados, mesmo que possuam tubulações que permitam a injeção de ar para ventilação o"
84138100;II;reducao;"RICMS/SE — Anexo II, pág. 262 do PDF de anexos";"ICMS 112/08) NCM/SH 5.1 - Silos com dispositivos de ventilação ou aquecimento (ventiladores ou aquecedores) incorporados, de qualquer matéria 8419.89.99 5.2 - Silos sem dispositivos de ventilação ou aquecimento incorporados, mesmo que possuam tubulações que permitam a injeção de ar para ventilação o"
82019090;II;reducao;"RICMS/SE — Anexo II, pág. 262 do PDF de anexos";"ICMS 112/08) NCM/SH 5.1 - Silos com dispositivos de ventilação ou aquecimento (ventiladores ou aquecedores) incorporados, de qualquer matéria 8419.89.99 5.2 - Silos sem dispositivos de ventilação ou aquecimento incorporados, mesmo que possuam tubulações que permitam a injeção de ar para ventilação o"
84329000;II;reducao;"RICMS/SE — Anexo II, pág. 262 do PDF de anexos";"ICMS 112/08) NCM/SH 5.1 - Silos com dispositivos de ventilação ou aquecimento (ventiladores ou aquecedores) incorporados, de qualquer matéria 8419.89.99 5.2 - Silos sem dispositivos de ventilação ou aquecimento incorporados, mesmo que possuam tubulações que permitam a injeção de ar para ventilação o"
85269100;II;reducao;"RICMS/SE — Anexo II, pág. 262 do PDF de anexos";"ICMS 112/08) NCM/SH 5.1 - Silos com dispositivos de ventilação ou aquecimento (ventiladores ou aquecedores) incorporados, de qualquer matéria 8419.89.99 5.2 - Silos sem dispositivos de ventilação ou aquecimento incorporados, mesmo que possuam tubulações que permitam a injeção de ar para ventilação o"
44219000;II;reducao;"RICMS/SE — Anexo II, pág. 263 do PDF de anexos";"5.36 - Estufa agrícola pré - fabricada em estrutura de aço ou alumínio, com coberturas e fechamentos em filmes, telas ou placas de plástico, opcionalmente com janelas e cortinas de acionamento manual ou motorizado, exaustores, iluminação elétrica, bancadas de cultivo e sistemas de aquecimento. 9406."
84339010;II;reducao;"RICMS/SE — Anexo II, pág. 264 do PDF de anexos";"5.25 - Aviões agrícolas à hélice, suas partes, peças e demais materiais de manutenção e reparo, Quando houverem recebido previamente o Certificado de Homologação de Tipo expedido pelo órgão competente do Ministério da Aeronáutica 8802.20.0100 - 8802.30.0100 - 8803.10.0000 - 8803.20.0000 - 8803.30.00"
87012000;II;reducao;"RICMS/SE — Anexo II, pág. 274 do PDF de anexos";"SUBITEM CÓDIGO NBM/SH DESCRIÇÃO 8.1. 8701.20.00 TRATORES RODOVIÁRIOS PARA SEMI - REBOQUES 8.2. 8702.10.00 VEÍCULOS AUTOMÓVEIS PARA TRANSPORTE DE 10 PESSOAS OU MAIS, INCLUINDO O MOTORISTA, COM MOTOR DE PISTÃO, DE IGNIÇÃO POR COMPRESSÃO (DIESEL OU SEMIDIESEL) , COM VOLUME INTERNO DE HABITÁCULO, DESTIN"
87021000;II;reducao;"RICMS/SE — Anexo II, pág. 274 do PDF de anexos";"SUBITEM CÓDIGO NBM/SH DESCRIÇÃO 8.1. 8701.20.00 TRATORES RODOVIÁRIOS PARA SEMI - REBOQUES 8.2. 8702.10.00 VEÍCULOS AUTOMÓVEIS PARA TRANSPORTE DE 10 PESSOAS OU MAIS, INCLUINDO O MOTORISTA, COM MOTOR DE PISTÃO, DE IGNIÇÃO POR COMPRESSÃO (DIESEL OU SEMIDIESEL) , COM VOLUME INTERNO DE HABITÁCULO, DESTIN"
87060010;II;reducao;"RICMS/SE — Anexo II, pág. 275 do PDF de anexos";"MOTOR DE PISTÃO, DE IGNIÇÃO POR CENTELHA (FAÍSCA), DE PESO EM CARGA MÁXIMA SUPERIOR A 5 TONELADAS 8.8. 8706.00.10 CHASSIS COM MOTOR PARA OS VEÍCULOS AUTOMÓVEIS DA POSIÇÃO 8702 8.9. 8706.00.90 CHASSIS COM MOTOR PARA CAMINHÕES 8.10. 8702.10.00 VEÍCULOS AUTOMÓVEIS PARA TRANSPORTE DE 10 PESSOAS OU MAIS,"
87060090;II;reducao;"RICMS/SE — Anexo II, pág. 275 do PDF de anexos";"MOTOR DE PISTÃO, DE IGNIÇÃO POR CENTELHA (FAÍSCA), DE PESO EM CARGA MÁXIMA SUPERIOR A 5 TONELADAS 8.8. 8706.00.10 CHASSIS COM MOTOR PARA OS VEÍCULOS AUTOMÓVEIS DA POSIÇÃO 8702 8.9. 8706.00.90 CHASSIS COM MOTOR PARA CAMINHÕES 8.10. 8702.10.00 VEÍCULOS AUTOMÓVEIS PARA TRANSPORTE DE 10 PESSOAS OU MAIS,"
87029090;II;reducao;"RICMS/SE — Anexo II, pág. 275 do PDF de anexos";"MOTOR DE PISTÃO, DE IGNIÇÃO POR CENTELHA (FAÍSCA), DE PESO EM CARGA MÁXIMA SUPERIOR A 5 TONELADAS 8.8. 8706.00.10 CHASSIS COM MOTOR PARA OS VEÍCULOS AUTOMÓVEIS DA POSIÇÃO 8702 8.9. 8706.00.90 CHASSIS COM MOTOR PARA CAMINHÕES 8.10. 8702.10.00 VEÍCULOS AUTOMÓVEIS PARA TRANSPORTE DE 10 PESSOAS OU MAIS,"
87032100;II;reducao;"RICMS/SE — Anexo II, pág. 275 do PDF de anexos";"MOTOR DE PISTÃO, DE IGNIÇÃO POR CENTELHA (FAÍSCA), DE PESO EM CARGA MÁXIMA SUPERIOR A 5 TONELADAS 8.8. 8706.00.10 CHASSIS COM MOTOR PARA OS VEÍCULOS AUTOMÓVEIS DA POSIÇÃO 8702 8.9. 8706.00.90 CHASSIS COM MOTOR PARA CAMINHÕES 8.10. 8702.10.00 VEÍCULOS AUTOMÓVEIS PARA TRANSPORTE DE 10 PESSOAS OU MAIS,"
87032210;II;reducao;"RICMS/SE — Anexo II, pág. 275 do PDF de anexos";"MOTOR DE PISTÃO, DE IGNIÇÃO POR CENTELHA (FAÍSCA), DE PESO EM CARGA MÁXIMA SUPERIOR A 5 TONELADAS 8.8. 8706.00.10 CHASSIS COM MOTOR PARA OS VEÍCULOS AUTOMÓVEIS DA POSIÇÃO 8702 8.9. 8706.00.90 CHASSIS COM MOTOR PARA CAMINHÕES 8.10. 8702.10.00 VEÍCULOS AUTOMÓVEIS PARA TRANSPORTE DE 10 PESSOAS OU MAIS,"
87032290;II;reducao;"RICMS/SE — Anexo II, pág. 275 do PDF de anexos";"Exceção: Carro celular 8.14. 8703.22.90 OUTROS AUTOMOVEIS COM MOTOR EXPLOSÃO, DE CILINDRADA SUPERIOR A 1000 CM 3 , MAS NÃO SUPERIOR A 1500 CM 3 Exceção: Carro celular 8.15. 8703.23.10 AUTOMOVEIS COM MOTOR EXPLOSÃO, DE CILINDRADA SUPERIOR A 1500 CM 3 , MAS NÃO SUPERIOR A 3000 CM 3 , COM CAPACIDADE DE"
87032310;II;reducao;"RICMS/SE — Anexo II, pág. 275 do PDF de anexos";"Exceção: Carro celular 8.14. 8703.22.90 OUTROS AUTOMOVEIS COM MOTOR EXPLOSÃO, DE CILINDRADA SUPERIOR A 1000 CM 3 , MAS NÃO SUPERIOR A 1500 CM 3 Exceção: Carro celular 8.15. 8703.23.10 AUTOMOVEIS COM MOTOR EXPLOSÃO, DE CILINDRADA SUPERIOR A 1500 CM 3 , MAS NÃO SUPERIOR A 3000 CM 3 , COM CAPACIDADE DE"
87032390;II;reducao;"RICMS/SE — Anexo II, pág. 275 do PDF de anexos";"Exceções: Carro celular, carro funerário e automóveis de corrida 8.16. 8703.23.90 OUTROS AUTOMOVEIS COM MOTOR EXPLOSÃO, DE CILINDRADA SUPERIOR A 1500 CM 3 , MAS NÃO SUPERIOR A 3000 CM 3 Exceções: Carro celular, carro funerário e automóveis de corrida 8.17. 8703.24.10 AUTOMOVEIS COM MOTOR EXPLOSÃO, D"
87032410;II;reducao;"RICMS/SE — Anexo II, pág. 275 do PDF de anexos";"Exceções: Carro celular, carro funerário e automóveis de corrida 8.16. 8703.23.90 OUTROS AUTOMOVEIS COM MOTOR EXPLOSÃO, DE CILINDRADA SUPERIOR A 1500 CM 3 , MAS NÃO SUPERIOR A 3000 CM 3 Exceções: Carro celular, carro funerário e automóveis de corrida 8.17. 8703.24.10 AUTOMOVEIS COM MOTOR EXPLOSÃO, D"
87032490;II;reducao;"RICMS/SE — Anexo II, pág. 275 do PDF de anexos";"Exceções: Carro celular, carro funerário e automóveis de corrida 8.18. 8703.24.90 OUTROS AUTOMOVEIS COM MOTOR EXPLOSÃO, DE CILINDRADA SUPERIOR A 3000 CM 3 Exceções: Carro celular, carro funerário e automóveis de corrida 8.19. 8703.32.10 AUTOMOVEIS COM MOTOR DIESEL OU SEMIDIESEL, DE CILINDRADA SUPERI"
87033210;II;reducao;"RICMS/SE — Anexo II, pág. 275 do PDF de anexos";"Exceções: Carro celular, carro funerário e automóveis de corrida 8.18. 8703.24.90 OUTROS AUTOMOVEIS COM MOTOR EXPLOSÃO, DE CILINDRADA SUPERIOR A 3000 CM 3 Exceções: Carro celular, carro funerário e automóveis de corrida 8.19. 8703.32.10 AUTOMOVEIS COM MOTOR DIESEL OU SEMIDIESEL, DE CILINDRADA SUPERI"
87033290;II;reducao;"RICMS/SE — Anexo II, pág. 275 do PDF de anexos";"Exceções: Ambulância, carro celular e carro funerário 8.20. 8703.32.90 OUTROS AUTOMOVEIS C/MOTOR DIESEL OU SEMIDIESEL, DE CILINDRADA SUPERIOR A 1500 CM 3 , MAS NÃO SUPERIOR A 2500 CM 3 Exceções: Ambulância, carro celular e carro funerário 8.21 8703.33.10 AUTOMOVEIS C/MOTOR DIESEL OU SEMIDIESEL, DE C"
87033310;II;reducao;"RICMS/SE — Anexo II, pág. 275 do PDF de anexos";"Exceções: Ambulância, carro celular e carro funerário 8.20. 8703.32.90 OUTROS AUTOMOVEIS C/MOTOR DIESEL OU SEMIDIESEL, DE CILINDRADA SUPERIOR A 1500 CM 3 , MAS NÃO SUPERIOR A 2500 CM 3 Exceções: Ambulância, carro celular e carro funerário 8.21 8703.33.10 AUTOMOVEIS C/MOTOR DIESEL OU SEMIDIESEL, DE C"
87033390;II;reducao;"RICMS/SE — Anexo II, pág. 276 do PDF de anexos";"Exceções: Carro celular e carro funerário 8.22. 8703.33.90 OUTROS AUTOMOVEIS C/MOTOR DIESEL OU SEMIDIESEL, DE CILINDRADA SUPERIOR A 2500 CM 3 Exceções: Carro celular e carro funerário 8.23. 8704.21.10 VEÍCULOS AUTOMÓVEIS PARA TRANSPORTE DE MERCADORIAS, DE PESO EM CARGA MÁXIMA NÃO SUPERIOR A 5 TON, C"
87042110;II;reducao;"RICMS/SE — Anexo II, pág. 276 do PDF de anexos";"Exceções: Carro celular e carro funerário 8.22. 8703.33.90 OUTROS AUTOMOVEIS C/MOTOR DIESEL OU SEMIDIESEL, DE CILINDRADA SUPERIOR A 2500 CM 3 Exceções: Carro celular e carro funerário 8.23. 8704.21.10 VEÍCULOS AUTOMÓVEIS PARA TRANSPORTE DE MERCADORIAS, DE PESO EM CARGA MÁXIMA NÃO SUPERIOR A 5 TON, C"
87042120;II;reducao;"RICMS/SE — Anexo II, pág. 276 do PDF de anexos";"Exceções: Carro celular e carro funerário 8.22. 8703.33.90 OUTROS AUTOMOVEIS C/MOTOR DIESEL OU SEMIDIESEL, DE CILINDRADA SUPERIOR A 2500 CM 3 Exceções: Carro celular e carro funerário 8.23. 8704.21.10 VEÍCULOS AUTOMÓVEIS PARA TRANSPORTE DE MERCADORIAS, DE PESO EM CARGA MÁXIMA NÃO SUPERIOR A 5 TON, C"
87042130;II;reducao;"RICMS/SE — Anexo II, pág. 276 do PDF de anexos";"Exceção: Caminhão de peso em carga máxima superior a 3,9 TON 8.25. 8704.21.30 VEÍCULOS AUTOMÓVEIS PARA TRANSPORTE DE MERCADORIAS, DE PESO EM CARGA MÁXIMA NÃO SUPERIOR A 5 TON, FRIGORÍFICOS OU ISOTÉRMICOS C/MOTOR DIESEL OU SEMIDIESEL Exceção: Caminhão de peso em carga máxima superior a 3,9 TON 8.26. "
87042190;II;reducao;"RICMS/SE — Anexo II, pág. 276 do PDF de anexos";"Exceção: Caminhão de peso em carga máxima superior a 3,9 TON 8.25. 8704.21.30 VEÍCULOS AUTOMÓVEIS PARA TRANSPORTE DE MERCADORIAS, DE PESO EM CARGA MÁXIMA NÃO SUPERIOR A 5 TON, FRIGORÍFICOS OU ISOTÉRMICOS C/MOTOR DIESEL OU SEMIDIESEL Exceção: Caminhão de peso em carga máxima superior a 3,9 TON 8.26. "
87043110;II;reducao;"RICMS/SE — Anexo II, pág. 276 do PDF de anexos";"Exceção: Caminhão de peso em carga máxima superior a 3,9 TON 8.25. 8704.21.30 VEÍCULOS AUTOMÓVEIS PARA TRANSPORTE DE MERCADORIAS, DE PESO EM CARGA MÁXIMA NÃO SUPERIOR A 5 TON, FRIGORÍFICOS OU ISOTÉRMICOS C/MOTOR DIESEL OU SEMIDIESEL Exceção: Caminhão de peso em carga máxima superior a 3,9 TON 8.26. "
87043120;II;reducao;"RICMS/SE — Anexo II, pág. 276 do PDF de anexos";"Exceção: Caminhão de peso em carga máxima superior a 3,9 TON 8.25. 8704.21.30 VEÍCULOS AUTOMÓVEIS PARA TRANSPORTE DE MERCADORIAS, DE PESO EM CARGA MÁXIMA NÃO SUPERIOR A 5 TON, FRIGORÍFICOS OU ISOTÉRMICOS C/MOTOR DIESEL OU SEMIDIESEL Exceção: Caminhão de peso em carga máxima superior a 3,9 TON 8.26. "
87043130;II;reducao;"RICMS/SE — Anexo II, pág. 276 do PDF de anexos";"Exceção: Caminhão de peso em carga máxima superior a 3,9 TON 8.25. 8704.21.30 VEÍCULOS AUTOMÓVEIS PARA TRANSPORTE DE MERCADORIAS, DE PESO EM CARGA MÁXIMA NÃO SUPERIOR A 5 TON, FRIGORÍFICOS OU ISOTÉRMICOS C/MOTOR DIESEL OU SEMIDIESEL Exceção: Caminhão de peso em carga máxima superior a 3,9 TON 8.26. "
87043190;II;reducao;"RICMS/SE — Anexo II, pág. 276 do PDF de anexos";"Exceção: Caminhão de peso em carga máxima superior a 3,9 TON 8.25. 8704.21.30 VEÍCULOS AUTOMÓVEIS PARA TRANSPORTE DE MERCADORIAS, DE PESO EM CARGA MÁXIMA NÃO SUPERIOR A 5 TON, FRIGORÍFICOS OU ISOTÉRMICOS C/MOTOR DIESEL OU SEMIDIESEL Exceção: Caminhão de peso em carga máxima superior a 3,9 TON 8.26. "
87041000;II;reducao;"RICMS/SE — Anexo II, pág. 281 do PDF de anexos";"SUBITEM 10.1 MERCADORIAS COM INCIDÊNCIA MONOFÁSICA DAS CONTRIBUIÇÕES PARA OS PROGRAMAS DE INTEGRAÇÃO SOCIAL E DE FORMAÇÃO DO PATRIMÔNIO DO SERVIDOR PÚBLICO (PIS/PASEP) E DA CONTRIBUIÇÃO PARA O FINANCIAMENTO DA SEGURIDADE SOCIAL (COFINS) SEM REDUÇÃO DE BASE DE CÁLCULO DAS CONTRIBUIÇÕES NBM/SH DESCRIÇ"
84324000;II;reducao;"RICMS/SE — Anexo II, pág. 281 do PDF de anexos";"SUBITEM 10.3 MERCADORIAS COM INCIDÊNCIA MONOFÁSICA DAS CONTRIBUIÇÕES PARA OS PROGRAMAS DE INTEGRAÇÃO SOCIAL E DE FORMAÇÃO DO PATRIMÔNIO DO SERVIDOR PÚBLICO (PIS/PASEP) E DA CONTRIBUIÇÃO PARA O FINANCIAMENTO DA SEGURIDADE SOCIAL (COFINS) COM REDUÇÃO DE 48,1% NA BASE DE CÁLCULO DAS CONTRIBUIÇÕES NBM/S"
84328000;II;reducao;"RICMS/SE — Anexo II, pág. 281 do PDF de anexos";"SUBITEM 10.3 MERCADORIAS COM INCIDÊNCIA MONOFÁSICA DAS CONTRIBUIÇÕES PARA OS PROGRAMAS DE INTEGRAÇÃO SOCIAL E DE FORMAÇÃO DO PATRIMÔNIO DO SERVIDOR PÚBLICO (PIS/PASEP) E DA CONTRIBUIÇÃO PARA O FINANCIAMENTO DA SEGURIDADE SOCIAL (COFINS) COM REDUÇÃO DE 48,1% NA BASE DE CÁLCULO DAS CONTRIBUIÇÕES NBM/S"
85352900;II;reducao;"RICMS/SE — Anexo II, pág. 294 do PDF de anexos";"Nas aquisições interestaduais e na importação do exterior de máquinas, aparelhos, equipamentos, suas partes, peças e outros materiais, relacionados nos subitens abaixo indicados, quando destinados à construção, operação e manutenção das instalações das linhas de transmissão de energia elétrica local"
85043111;II;reducao;"RICMS/SE — Anexo II, pág. 294 do PDF de anexos";"Nas aquisições interestaduais e na importação do exterior de máquinas, aparelhos, equipamentos, suas partes, peças e outros materiais, relacionados nos subitens abaixo indicados, quando destinados à construção, operação e manutenção das instalações das linhas de transmissão de energia elétrica local"
85043119;II;reducao;"RICMS/SE — Anexo II, pág. 294 do PDF de anexos";"Nas aquisições interestaduais e na importação do exterior de máquinas, aparelhos, equipamentos, suas partes, peças e outros materiais, relacionados nos subitens abaixo indicados, quando destinados à construção, operação e manutenção das instalações das linhas de transmissão de energia elétrica local"
85354090;II;reducao;"RICMS/SE — Anexo II, pág. 294 do PDF de anexos";"Nas aquisições interestaduais e na importação do exterior de máquinas, aparelhos, equipamentos, suas partes, peças e outros materiais, relacionados nos subitens abaixo indicados, quando destinados à construção, operação e manutenção das instalações das linhas de transmissão de energia elétrica local"
85405000;II;reducao;"RICMS/SE — Anexo II, pág. 294 do PDF de anexos";"Nas aquisições interestaduais e na importação do exterior de máquinas, aparelhos, equipamentos, suas partes, peças e outros materiais, relacionados nos subitens abaixo indicados, quando destinados à construção, operação e manutenção das instalações das linhas de transmissão de energia elétrica local"
85281219;II;reducao;"RICMS/SE — Anexo II, pág. 294 do PDF de anexos";"Nas aquisições interestaduais e na importação do exterior de máquinas, aparelhos, equipamentos, suas partes, peças e outros materiais, relacionados nos subitens abaixo indicados, quando destinados à construção, operação e manutenção das instalações das linhas de transmissão de energia elétrica local"
85462000;II;reducao;"RICMS/SE — Anexo II, pág. 294 do PDF de anexos";"Nas aquisições interestaduais e na importação do exterior de máquinas, aparelhos, equipamentos, suas partes, peças e outros materiais, relacionados nos subitens abaixo indicados, quando destinados à construção, operação e manutenção das instalações das linhas de transmissão de energia elétrica local"
85371019;II;reducao;"RICMS/SE — Anexo II, pág. 294 do PDF de anexos";"Nas aquisições interestaduais e na importação do exterior de máquinas, aparelhos, equipamentos, suas partes, peças e outros materiais, relacionados nos subitens abaixo indicados, quando destinados à construção, operação e manutenção das instalações das linhas de transmissão de energia elétrica local"
73082000;II;reducao;"RICMS/SE — Anexo II, pág. 295 do PDF de anexos";"22.14 Painel de Interface com o sistema existente 1 Um 8528.12.19 22.15 Painel de Telecomunicaciones com Transmissor de ondas portadoras, para teleprotección voz y datos. 4 Um 8528.12.19 22.16 Painel de RDP 1 Um 8528.12.19 22.17 Painel de ECE 1 Um 8528.12.19 22.18 Painel de ECS 1 Um 8528.12.19 22.19"
85446000;II;reducao;"RICMS/SE — Anexo II, pág. 295 do PDF de anexos";"22.14 Painel de Interface com o sistema existente 1 Um 8528.12.19 22.15 Painel de Telecomunicaciones com Transmissor de ondas portadoras, para teleprotección voz y datos. 4 Um 8528.12.19 22.16 Painel de RDP 1 Um 8528.12.19 22.17 Painel de ECE 1 Um 8528.12.19 22.18 Painel de ECS 1 Um 8528.12.19 22.19"
85441100;II;reducao;"RICMS/SE — Anexo II, pág. 295 do PDF de anexos";"22.14 Painel de Interface com o sistema existente 1 Um 8528.12.19 22.15 Painel de Telecomunicaciones com Transmissor de ondas portadoras, para teleprotección voz y datos. 4 Um 8528.12.19 22.16 Painel de RDP 1 Um 8528.12.19 22.17 Painel de ECE 1 Um 8528.12.19 22.18 Painel de ECS 1 Um 8528.12.19 22.19"
85122019;II;reducao;"RICMS/SE — Anexo II, pág. 295 do PDF de anexos";"22.14 Painel de Interface com o sistema existente 1 Um 8528.12.19 22.15 Painel de Telecomunicaciones com Transmissor de ondas portadoras, para teleprotección voz y datos. 4 Um 8528.12.19 22.16 Painel de RDP 1 Um 8528.12.19 22.17 Painel de ECE 1 Um 8528.12.19 22.18 Painel de ECS 1 Um 8528.12.19 22.19"
85073090;II;reducao;"RICMS/SE — Anexo II, pág. 295 do PDF de anexos";"22.14 Painel de Interface com o sistema existente 1 Um 8528.12.19 22.15 Painel de Telecomunicaciones com Transmissor de ondas portadoras, para teleprotección voz y datos. 4 Um 8528.12.19 22.16 Painel de RDP 1 Um 8528.12.19 22.17 Painel de ECE 1 Um 8528.12.19 22.18 Painel de ECS 1 Um 8528.12.19 22.19"
84241000;II;reducao;"RICMS/SE — Anexo II, pág. 295 do PDF de anexos";"22.14 Painel de Interface com o sistema existente 1 Um 8528.12.19 22.15 Painel de Telecomunicaciones com Transmissor de ondas portadoras, para teleprotección voz y datos. 4 Um 8528.12.19 22.16 Painel de RDP 1 Um 8528.12.19 22.17 Painel de ECE 1 Um 8528.12.19 22.18 Painel de ECS 1 Um 8528.12.19 22.19"
76141010;II;reducao;"RICMS/SE — Anexo II, pág. 295 do PDF de anexos";"22.14 Painel de Interface com o sistema existente 1 Um 8528.12.19 22.15 Painel de Telecomunicaciones com Transmissor de ondas portadoras, para teleprotección voz y datos. 4 Um 8528.12.19 22.16 Painel de RDP 1 Um 8528.12.19 22.17 Painel de ECE 1 Um 8528.12.19 22.18 Painel de ECS 1 Um 8528.12.19 22.19"
73181500;II;reducao;"RICMS/SE — Anexo II, pág. 295 do PDF de anexos";"22.14 Painel de Interface com o sistema existente 1 Um 8528.12.19 22.15 Painel de Telecomunicaciones com Transmissor de ondas portadoras, para teleprotección voz y datos. 4 Um 8528.12.19 22.16 Painel de RDP 1 Um 8528.12.19 22.17 Painel de ECE 1 Um 8528.12.19 22.18 Painel de ECS 1 Um 8528.12.19 22.19"
85461000;II;reducao;"RICMS/SE — Anexo II, pág. 295 do PDF de anexos";"22.14 Painel de Interface com o sistema existente 1 Um 8528.12.19 22.15 Painel de Telecomunicaciones com Transmissor de ondas portadoras, para teleprotección voz y datos. 4 Um 8528.12.19 22.16 Painel de RDP 1 Um 8528.12.19 22.17 Painel de ECE 1 Um 8528.12.19 22.18 Painel de ECS 1 Um 8528.12.19 22.19"
70199000;II;reducao;"RICMS/SE — Anexo II, pág. 295 do PDF de anexos";"22.14 Painel de Interface com o sistema existente 1 Um 8528.12.19 22.15 Painel de Telecomunicaciones com Transmissor de ondas portadoras, para teleprotección voz y datos. 4 Um 8528.12.19 22.16 Painel de RDP 1 Um 8528.12.19 22.17 Painel de ECE 1 Um 8528.12.19 22.18 Painel de ECS 1 Um 8528.12.19 22.19"
76061190;II;reducao;"RICMS/SE — Anexo II, pág. 295 do PDF de anexos";"22.14 Painel de Interface com o sistema existente 1 Um 8528.12.19 22.15 Painel de Telecomunicaciones com Transmissor de ondas portadoras, para teleprotección voz y datos. 4 Um 8528.12.19 22.16 Painel de RDP 1 Um 8528.12.19 22.17 Painel de ECE 1 Um 8528.12.19 22.18 Painel de ECS 1 Um 8528.12.19 22.19"
74081900;II;reducao;"RICMS/SE — Anexo II, pág. 295 do PDF de anexos";"22.14 Painel de Interface com o sistema existente 1 Um 8528.12.19 22.15 Painel de Telecomunicaciones com Transmissor de ondas portadoras, para teleprotección voz y datos. 4 Um 8528.12.19 22.16 Painel de RDP 1 Um 8528.12.19 22.17 Painel de ECE 1 Um 8528.12.19 22.18 Painel de ECS 1 Um 8528.12.19 22.19"
76161000;II;reducao;"RICMS/SE — Anexo II, pág. 295 do PDF de anexos";"22.14 Painel de Interface com o sistema existente 1 Um 8528.12.19 22.15 Painel de Telecomunicaciones com Transmissor de ondas portadoras, para teleprotección voz y datos. 4 Um 8528.12.19 22.16 Painel de RDP 1 Um 8528.12.19 22.17 Painel de ECE 1 Um 8528.12.19 22.18 Painel de ECS 1 Um 8528.12.19 22.19"
73023000;II;reducao;"RICMS/SE — Anexo II, pág. 296 do PDF de anexos";"22.59 Emendas de reparação 124 Um 7616.10.00 22.60 Amortecedores Ac 3/8 702 Um 7616.10.00 22.61 Amortecedores ACSR DOTTOREL 0 Um 7616.10.00 22.62 Amortecedores ACSR COCHIN 176 Um 7616.10.00 22.63 Emendas Ac 3/8' 164 Um 7318.15.00 22.64 Emendas ACSR 'DOTTOREL' 0 Um 7616.10.00 22.65 Emendas ACSR 'COCH"
30039056;II;reducao;"RICMS/SE — Anexo II, pág. 300 do PDF de anexos";"Não se aplica o disposto neste Item: I - nas operações realizadas com os produtos classificados na posição 30.03, exceto no código 3003.90.56, nos itens 3002.10.1, 3002.10.2, 3002.10.3, 3002.20.1, 3002.20.2, 3006.30.1 e 3006.30.2 e nos códigos 3001.20.90, 3001.90.10, 3001.90.90, 3002.90.20, 3002.90."
30049046;II;reducao;"RICMS/SE — Anexo II, pág. 300 do PDF de anexos";"Não se aplica o disposto neste Item: I - nas operações realizadas com os produtos classificados na posição 30.03, exceto no código 3003.90.56, nos itens 3002.10.1, 3002.10.2, 3002.10.3, 3002.20.1, 3002.20.2, 3006.30.1 e 3006.30.2 e nos códigos 3001.20.90, 3001.90.10, 3001.90.90, 3002.90.20, 3002.90."
30029020;II;reducao;"RICMS/SE — Anexo II, pág. 300 do PDF de anexos";"Não se aplica o disposto neste Item: I - nas operações realizadas com os produtos classificados na posição 30.03, exceto no código 3003.90.56, nos itens 3002.10.1, 3002.10.2, 3002.10.3, 3002.20.1, 3002.20.2, 3006.30.1 e 3006.30.2 e nos códigos 3001.20.90, 3001.90.10, 3001.90.90, 3002.90.20, 3002.90."
30029092;II;reducao;"RICMS/SE — Anexo II, pág. 300 do PDF de anexos";"Não se aplica o disposto neste Item: I - nas operações realizadas com os produtos classificados na posição 30.03, exceto no código 3003.90.56, nos itens 3002.10.1, 3002.10.2, 3002.10.3, 3002.20.1, 3002.20.2, 3006.30.1 e 3006.30.2 e nos códigos 3001.20.90, 3001.90.10, 3001.90.90, 3002.90.20, 3002.90."
30029099;II;reducao;"RICMS/SE — Anexo II, pág. 300 do PDF de anexos";"Não se aplica o disposto neste Item: I - nas operações realizadas com os produtos classificados na posição 30.03, exceto no código 3003.90.56, nos itens 3002.10.1, 3002.10.2, 3002.10.3, 3002.20.1, 3002.20.2, 3006.30.1 e 3006.30.2 e nos códigos 3001.20.90, 3001.90.10, 3001.90.90, 3002.90.20, 3002.90."
30051010;II;reducao;"RICMS/SE — Anexo II, pág. 300 do PDF de anexos";"Não se aplica o disposto neste Item: I - nas operações realizadas com os produtos classificados na posição 30.03, exceto no código 3003.90.56, nos itens 3002.10.1, 3002.10.2, 3002.10.3, 3002.20.1, 3002.20.2, 3006.30.1 e 3006.30.2 e nos códigos 3001.20.90, 3001.90.10, 3001.90.90, 3002.90.20, 3002.90."
30066000;II;reducao;"RICMS/SE — Anexo II, pág. 300 do PDF de anexos";"Não se aplica o disposto neste Item: I - nas operações realizadas com os produtos classificados na posição 30.03, exceto no código 3003.90.56, nos itens 3002.10.1, 3002.10.2, 3002.10.3, 3002.20.1, 3002.20.2, 3006.30.1 e 3006.30.2 e nos códigos 3001.20.90, 3001.90.10, 3001.90.90, 3002.90.20, 3002.90."
34011190;II;reducao;"RICMS/SE — Anexo II, pág. 300 do PDF de anexos";"II - produtos de perfumaria, de toucador ou de higiene pessoal, classificados nas posições 33.03 a 33.07 e nos códigos 3401.11.90, 3401.20.10 e 96.03.21.00;"
34012010;II;reducao;"RICMS/SE — Anexo II, pág. 300 do PDF de anexos";"II - produtos de perfumaria, de toucador ou de higiene pessoal, classificados nas posições 33.03 a 33.07 e nos códigos 3401.11.90, 3401.20.10 e 96.03.21.00;"
30012090;II;reducao;"RICMS/SE — Anexo II, pág. 300 do PDF de anexos";"Não se aplica o disposto neste Item: I - nas operações realizadas com os produtos classificados na posição 30.03, exceto no código 3003.90.56, nos itens 3002.10.1, 3002.10.2, 3002.10.3, 3002.20.1, 3002.20.2, 3006.30.1 e 3006.30.2 e nos códigos 3001.20.90, 3001.90.10, 3001.90.90, 3002.90.20, 3002.90."
30019010;II;reducao;"RICMS/SE — Anexo II, pág. 300 do PDF de anexos";"Não se aplica o disposto neste Item: I - nas operações realizadas com os produtos classificados na posição 30.03, exceto no código 3003.90.56, nos itens 3002.10.1, 3002.10.2, 3002.10.3, 3002.20.1, 3002.20.2, 3006.30.1 e 3006.30.2 e nos códigos 3001.20.90, 3001.90.10, 3001.90.90, 3002.90.20, 3002.90."
30019090;II;reducao;"RICMS/SE — Anexo II, pág. 300 do PDF de anexos";"Não se aplica o disposto neste Item: I - nas operações realizadas com os produtos classificados na posição 30.03, exceto no código 3003.90.56, nos itens 3002.10.1, 3002.10.2, 3002.10.3, 3002.20.1, 3002.20.2, 3006.30.1 e 3006.30.2 e nos códigos 3001.20.90, 3001.90.10, 3001.90.90, 3002.90.20, 3002.90."
84294000;II;reducao;"RICMS/SE — Anexo II, pág. 301 do PDF de anexos";"III - compactadores e rolos ou cilindros compressores: NCM 8429.40.00;"
84292090;II;reducao;"RICMS/SE — Anexo II, pág. 301 do PDF de anexos";"V - motoniveladora: NCM 8429.20.90 e 8429.20.10;"
84292010;II;reducao;"RICMS/SE — Anexo II, pág. 301 do PDF de anexos";"V - motoniveladora: NCM 8429.20.90 e 8429.20.10;"
84291190;II;reducao;"RICMS/SE — Anexo II, pág. 301 do PDF de anexos";"VI - trator de esteira: NCM 8429.11.90."
85232929;IX;st;"RICMS/SE — Anexo IX, pág. 339 do PDF de anexos";"9.1.2 - outras (8523.29.29 da NCM/SH);"
85232922;IX;st;"RICMS/SE — Anexo IX, pág. 339 do PDF de anexos";"9.2 - fitas magnéticas de largura superior a 4 mm, mas não superior a 6,5 mm (8523.29.22 da NCM/SH);"
85232923;IX;st;"RICMS/SE — Anexo IX, pág. 339 do PDF de anexos";"9.3 - fitas magnéticas de largura superior a 6,5 mm: 9.3.1 - em rolos ou carretéis, de largura inferior ou igual a 50,8 mm (2”) (8523.29.23 da NCM/SH);"
85232924;IX;st;"RICMS/SE — Anexo IX, pág. 339 do PDF de anexos";"9.3.2 - em cassetes para gravação de vídeo (8523.29.24 da NCM/SH);"
85238000;IX;st;"RICMS/SE — Anexo IX, pág. 339 do PDF de anexos";"9.4 - discos fonográficos (8523.80.00 da NCM/SH);"
85232932;IX;st;"RICMS/SE — Anexo IX, pág. 339 do PDF de anexos";"9.7 - outras fitas magnéticas de largura não superior a 4 mm: 9.7.1 - em cartuchos ou cassetes (8523.29.32 da NCM/2007);"
85232939;IX;st;"RICMS/SE — Anexo IX, pág. 339 do PDF de anexos";"9.8 - outras fitas magnéticas de largura superior a 4 mm, mas não superior a 6,5 mm (8523.29.39 da NCM/SH);"
85232933;IX;st;"RICMS/SE — Anexo IX, pág. 339 do PDF de anexos";"9.9 - outras fitas magnéticas de largura superior a 6,5 mm (8523.29.33 da NCM/SH);"
85234920;IX;st;"RICMS/SE — Anexo IX, pág. 339 do PDF de anexos";"9.11 - discos para sistemas de leitura por raio 'laser' para reprodução de fenômenos diferentes do som ou da imagem (8523.49.20 da NCM/SH) (Prot."
85232931;IX;st;"RICMS/SE — Anexo IX, pág. 339 do PDF de anexos";"9.12 - fitas magnéticas para reprodução de fenômenos diferentes do som ou da imagem (8523.29.31 da NCM/SH) (Prot."
82121020;IX;st;"RICMS/SE — Anexo IX, pág. 340 do PDF de anexos";"35% 13 – aparelhos de barbear, lâminas de barbear, classificados, respectivamente, nos códigos 8212.10.20;"
82122010;IX;st;"RICMS/SE — Anexo IX, pág. 340 do PDF de anexos";"13.2 – lâminas de barbear de segurança, incluídos os esboços em tiras: 13.2.1 – lâminas (8212.20.10 da NBM/SH);"
96131000;IX;st;"RICMS/SE — Anexo IX, pág. 340 do PDF de anexos";"8212.20.10 e 9613.10.00 da Nomenclatura Comum do Mercosul – NCM/SH, cujo remetente esteja localizado (Prot."
85041000;IX;st;"RICMS/SE — Anexo IX, pág. 341 do PDF de anexos";"ICMS 26/01, 07/09 e 79/2016): (NR) 14.1 - Lâmpadas elétricas, CEST 09.001.00, NCM 8539, cuja alíquota de origem seja: a)4%................................................................................... b)7%................................................................................... c)12%."
85437099;IX;st;"RICMS/SE — Anexo IX, pág. 341 do PDF de anexos";"ICMS 26/01, 07/09 e 79/2016): (NR) 14.1 - Lâmpadas elétricas, CEST 09.001.00, NCM 8539, cuja alíquota de origem seja: a)4%................................................................................... b)7%................................................................................... c)12%."
85078000;IX;st;"RICMS/SE — Anexo IX, pág. 342 do PDF de anexos";"19 – pilhas e baterias de pilha, elétricas, acumuladores elétricos, classificado na posição 8507.80.00, da Nomenclatura Comum do Mercosul – NCM/SH, cuja alíquota de origem seja (Prot."
85073011;IX;st;"RICMS/SE — Anexo IX, pág. 342 do PDF de anexos";"Nota: Os produtos classificados na posição 8506 e 8507.30.11 estiveram submetidos ao regime de substituição tributária até 31.12.2015."
85171231;IX;st;"RICMS/SE — Anexo IX, pág. 350 do PDF de anexos";"ICMS 135/06 e 93/09): (NR) 45.1 - terminais portáteis de telefonia celular, classificados na posição 8517.12.31 da NCM;"
85171213;IX;st;"RICMS/SE — Anexo IX, pág. 376 do PDF de anexos";"limpadores de pára - brisas, degeladores e desembaçadores (desembaciadores) elétricos 55 Telefones móveis 8517.12.13 33,08% 59,60% 49,11% 78,83% 41,10% 69,21% 56 Alto - falantes, amplificadores elétricos de audiofreqüência e partes 85.18 33,08% 59,60% 49,11% 78,83% 41,10% 69,21% 57 Aparelhos de repr"
85171219;IX;st;"RICMS/SE — Anexo IX, pág. 350 do PDF de anexos";"45.3 - outros aparelhos transmissores, com aparelho receptor incorporado, de telefonia celular, classificados na posição 8517.12.19 da NCM. a) se das Regiões Sul e Sudeste, exceto do Espírito Santo.............................; b) se das Regiões Norte, Nordeste, Centro - Oeste e do Espírito Santo..."
40141000;IX;st;"RICMS/SE — Anexo IX, pág. 359 do PDF de anexos";"VII Preservativos 4014.10.00 VIII Seringas 9018.31 IX Agulhas para seringas 9018.32.1 X Pastas dentifrícias 3306.10.00 XI Escovas dentifrícias 9603.21.00 XII Provitaminas e vitaminas 2936 XIII Nova Redação dada ao Item XIII pelo Decreto n.º 24.018/06 , efeitos a partir de 05/10/2006."
33061000;IX;st;"RICMS/SE — Anexo IX, pág. 359 do PDF de anexos";"VII Preservativos 4014.10.00 VIII Seringas 9018.31 IX Agulhas para seringas 9018.32.1 X Pastas dentifrícias 3306.10.00 XI Escovas dentifrícias 9603.21.00 XII Provitaminas e vitaminas 2936 XIII Nova Redação dada ao Item XIII pelo Decreto n.º 24.018/06 , efeitos a partir de 05/10/2006."
96032100;IX;st;"RICMS/SE — Anexo IX, pág. 359 do PDF de anexos";"VII Preservativos 4014.10.00 VIII Seringas 9018.31 IX Agulhas para seringas 9018.32.1 X Pastas dentifrícias 3306.10.00 XI Escovas dentifrícias 9603.21.00 XII Provitaminas e vitaminas 2936 XIII Nova Redação dada ao Item XIII pelo Decreto n.º 24.018/06 , efeitos a partir de 05/10/2006."
56011000;IX;st;"RICMS/SE — Anexo IX, pág. 361 do PDF de anexos";"5601.10.00 6111 6209 XVII Preparações químicas contraceptivas à base de hormônios ou de espermicidas 3006.60 XVIII Preparações opacificantes (contrastantes) para exames radiográficos e reagentes de diagnóstico concebidos para serem administrados ao paciente (Conv."
30051010;IX;st;"RICMS/SE — Anexo IX, pág. 361 do PDF de anexos";"41,16% 49,86% 51,73% III - produtos relacionados na posição 3005 da NBM/SH, exceto no código 3005.10.10 (ataduras, esparadrapos, gazes, sinapismos, pensos, etc.): a) provenientes das regiões Sul e Sudeste, exceto Espírito Santo: 1.quando a carga tributária da UF de origem for 12%;"
40149090;IX;st;"RICMS/SE — Anexo IX, pág. 430 do PDF de anexos";"R E G U L A M E N T O D O I C M S / S E 430 4014.90.90 7010.20.00 (*) Margem de Valor Agregado Acrescentado o item 12 PRODUTOS DE PERFUMARIA E DE HIGIENE PESSOAL E COSMÉTICOS ao anexo X pelo Decreto nº 40.039/2018, efeitos a partir de 22.03.2018."
48184010;IX;st;"RICMS/SE — Anexo IX, pág. 362 do PDF de anexos";"41,16% 49,86% 51,73% VI - fraldas descartáveis ou não (4818.40.10, 5601.10.00, 6111 e 6209 da NBM/SH): a) provenientes das regiões Sul e Sudeste, exceto Espírito Santo: 1.quando a carga tributária da UF de origem for 12%;"
39241000;IX;st;"RICMS/SE — Anexo IX, pág. 401 do PDF de anexos";"Tabela IX ARTEFATOS DE USO DOMÉSTICO (PROTOCOLO ICMS 38/2012) Observar o disposto o § 4ºD - A do art. 684 Item CÓDIGO NCM/SH DESCRIÇÃO MVA original ou interna MVA Interestadu al 12% MVA Interestadu al 7% MVA Interestadu al 4% 1 3924.10.00 Serviços de mesa e outros utensílios de mesa ou de cozinha, d"
87032290;IX;st;"RICMS/SE — Anexo IX, pág. 364 do PDF de anexos";"Exceção: Carro celular 05 25.005.00 8703.22.90 OUTROS AUTOMOVEIS COM MOTOR EXPLOSÃO, DE CILINDRADA SUPERIOR A 1000 CM3, MAS NÃO SUPERIOR A 1500 CM3 Exceção: Carro celular 06 25.006.00 8703.23.10 AUTOMOVEIS COM MOTOR EXPLOSÃO, DE CILINDRADA SUPERIOR A 1500 CM3, MAS NÃO SUPERIOR A 3000 CM3, COM CAPACI"
87032310;IX;st;"RICMS/SE — Anexo IX, pág. 364 do PDF de anexos";"Exceção: Carro celular 05 25.005.00 8703.22.90 OUTROS AUTOMOVEIS COM MOTOR EXPLOSÃO, DE CILINDRADA SUPERIOR A 1000 CM3, MAS NÃO SUPERIOR A 1500 CM3 Exceção: Carro celular 06 25.006.00 8703.23.10 AUTOMOVEIS COM MOTOR EXPLOSÃO, DE CILINDRADA SUPERIOR A 1500 CM3, MAS NÃO SUPERIOR A 3000 CM3, COM CAPACI"
87032390;IX;st;"RICMS/SE — Anexo IX, pág. 364 do PDF de anexos";"Exceções: Carro celular, carro funerário e automóveis de corrida 07 25.007.00 8703.23.90 OUTROS AUTOMOVEIS COM MOTOR EXPLOSÃO, DE CILINDRADA SUPERIOR A 1500 CM3, MAS NÃO SUPERIOR A 3000 CM3 Exceções: Carro celular, carro funerário e automóveis de corrida AUTOMOVEIS COM MOTOR EXPLOSÃO, DE CILINDRADA "
87032410;IX;st;"RICMS/SE — Anexo IX, pág. 367 do PDF de anexos";"Exceções: Carro celular, carro funerário e automóveis de corrida 8703.23.90 OUTROS AUTOMOVEIS COM MOTOR EXPLOSÃO, DE CILINDRADA SUPERIOR A 1500 CM3, MAS NÃO SUPERIOR A 3000 CM3 Exceções: Carro celular, carro funerário e automóveis de corrida 8703.24.10 AUTOMOVEIS COM MOTOR EXPLOSÃO, DE CILINDRADA SU"
87032490;IX;st;"RICMS/SE — Anexo IX, pág. 365 do PDF de anexos";"Exceções: Carro celular, carro funerário e automóveis de corrida 09 25.009.00 8703.24.90 OUTROS AUTOMOVEIS COM MOTOR EXPLOSÃO, DE CILINDRADA SUPERIOR A 3000 CM3 Exceções: Carro celular, carro funerário e automóveis de corrida 10 25.010.00 8703.32.10 AUTOMOVEIS COM MOTOR DIESEL OU SEMIDIESEL, DE CILI"
87033210;IX;st;"RICMS/SE — Anexo IX, pág. 365 do PDF de anexos";"Exceções: Carro celular, carro funerário e automóveis de corrida 09 25.009.00 8703.24.90 OUTROS AUTOMOVEIS COM MOTOR EXPLOSÃO, DE CILINDRADA SUPERIOR A 3000 CM3 Exceções: Carro celular, carro funerário e automóveis de corrida 10 25.010.00 8703.32.10 AUTOMOVEIS COM MOTOR DIESEL OU SEMIDIESEL, DE CILI"
87033290;IX;st;"RICMS/SE — Anexo IX, pág. 365 do PDF de anexos";"Exceções: Ambulância, carro celular e carro funerário 11 25.011.00 8703.32.90 OUTROS AUTOMOVEIS C/MOTOR DIESEL OU SEMIDIESEL, DE CILINDRADA SUPERIOR A 1500 CM3, MAS NÃO SUPERIOR A 2500 CM3 Exceções: Ambulância, carro celular e carro funerário 12 25.012.00 8703.33.10 AUTOMOVEIS C/MOTOR DIESEL OU SEMI"
87033310;IX;st;"RICMS/SE — Anexo IX, pág. 365 do PDF de anexos";"Exceções: Ambulância, carro celular e carro funerário 11 25.011.00 8703.32.90 OUTROS AUTOMOVEIS C/MOTOR DIESEL OU SEMIDIESEL, DE CILINDRADA SUPERIOR A 1500 CM3, MAS NÃO SUPERIOR A 2500 CM3 Exceções: Ambulância, carro celular e carro funerário 12 25.012.00 8703.33.10 AUTOMOVEIS C/MOTOR DIESEL OU SEMI"
87033390;IX;st;"RICMS/SE — Anexo IX, pág. 365 do PDF de anexos";"Exceções: Ambulância, carro celular e carro funerário 11 25.011.00 8703.32.90 OUTROS AUTOMOVEIS C/MOTOR DIESEL OU SEMIDIESEL, DE CILINDRADA SUPERIOR A 1500 CM3, MAS NÃO SUPERIOR A 2500 CM3 Exceções: Ambulância, carro celular e carro funerário 12 25.012.00 8703.33.10 AUTOMOVEIS C/MOTOR DIESEL OU SEMI"
87042110;IX;st;"RICMS/SE — Anexo IX, pág. 365 do PDF de anexos";"Exceções: Ambulância, carro celular e carro funerário 11 25.011.00 8703.32.90 OUTROS AUTOMOVEIS C/MOTOR DIESEL OU SEMIDIESEL, DE CILINDRADA SUPERIOR A 1500 CM3, MAS NÃO SUPERIOR A 2500 CM3 Exceções: Ambulância, carro celular e carro funerário 12 25.012.00 8703.33.10 AUTOMOVEIS C/MOTOR DIESEL OU SEMI"
87042120;IX;st;"RICMS/SE — Anexo IX, pág. 365 do PDF de anexos";"Exceções: Ambulância, carro celular e carro funerário 11 25.011.00 8703.32.90 OUTROS AUTOMOVEIS C/MOTOR DIESEL OU SEMIDIESEL, DE CILINDRADA SUPERIOR A 1500 CM3, MAS NÃO SUPERIOR A 2500 CM3 Exceções: Ambulância, carro celular e carro funerário 12 25.012.00 8703.33.10 AUTOMOVEIS C/MOTOR DIESEL OU SEMI"
87042130;IX;st;"RICMS/SE — Anexo IX, pág. 365 do PDF de anexos";"Exceção: Caminhão de peso em carga máxima superior a 3,9 TON 16 25.016.00 8704.21.30 VEÍCULOS AUTOMÓVEIS PARA TRANSPORTE DE MERCADORIAS, DE PESO EM CARGA MÁXIMA NÃO SUPERIOR A 5 TON, FRIGORÍFICOS OU ISOTÉRMICOS C/MOTOR DIESEL OU SEMIDIESEL Exceção: Caminhão de peso em carga máxima superior a 3,9 TON"
87042190;IX;st;"RICMS/SE — Anexo IX, pág. 366 do PDF de anexos";"17 25.017.00 8704.21.90 PARA TRANSPORTE DE MERCADORIAS, DE PESO EM CARGA MÁXIMA NÃO SUPERIOR A 5 TON C/MOTOR DIESEL OU SEMIDIESEL Exceções: Carro – forte p/ transporte de valores e caminhão de peso em carga máxima superior a 3,9 TON 18 25.018.00 8704.31.10 VEÍCULOS AUTOMÓVEIS PARA TRANSPORTE DE MERC"
87043110;IX;st;"RICMS/SE — Anexo IX, pág. 366 do PDF de anexos";"17 25.017.00 8704.21.90 PARA TRANSPORTE DE MERCADORIAS, DE PESO EM CARGA MÁXIMA NÃO SUPERIOR A 5 TON C/MOTOR DIESEL OU SEMIDIESEL Exceções: Carro – forte p/ transporte de valores e caminhão de peso em carga máxima superior a 3,9 TON 18 25.018.00 8704.31.10 VEÍCULOS AUTOMÓVEIS PARA TRANSPORTE DE MERC"
87043120;IX;st;"RICMS/SE — Anexo IX, pág. 366 do PDF de anexos";"17 25.017.00 8704.21.90 PARA TRANSPORTE DE MERCADORIAS, DE PESO EM CARGA MÁXIMA NÃO SUPERIOR A 5 TON C/MOTOR DIESEL OU SEMIDIESEL Exceções: Carro – forte p/ transporte de valores e caminhão de peso em carga máxima superior a 3,9 TON 18 25.018.00 8704.31.10 VEÍCULOS AUTOMÓVEIS PARA TRANSPORTE DE MERC"
87043130;IX;st;"RICMS/SE — Anexo IX, pág. 366 do PDF de anexos";"17 25.017.00 8704.21.90 PARA TRANSPORTE DE MERCADORIAS, DE PESO EM CARGA MÁXIMA NÃO SUPERIOR A 5 TON C/MOTOR DIESEL OU SEMIDIESEL Exceções: Carro – forte p/ transporte de valores e caminhão de peso em carga máxima superior a 3,9 TON 18 25.018.00 8704.31.10 VEÍCULOS AUTOMÓVEIS PARA TRANSPORTE DE MERC"
87043190;IX;st;"RICMS/SE — Anexo IX, pág. 366 do PDF de anexos";"17 25.017.00 8704.21.90 PARA TRANSPORTE DE MERCADORIAS, DE PESO EM CARGA MÁXIMA NÃO SUPERIOR A 5 TON C/MOTOR DIESEL OU SEMIDIESEL Exceções: Carro – forte p/ transporte de valores e caminhão de peso em carga máxima superior a 3,9 TON 18 25.018.00 8704.31.10 VEÍCULOS AUTOMÓVEIS PARA TRANSPORTE DE MERC"
87021000;IX;st;"RICMS/SE — Anexo IX, pág. 366 do PDF de anexos";"ICMS 81/01 e 61/2013) CÓDIGO NBM/SH DESCRIÇÃO ALIQUOTAS (OU CARGA EFETIVA) DE ORIGEM MVA* 8702.10.00 VEÍCULOS AUTOMÓVEIS PARA TRANSPORTE DE 10 PESSOAS OU MAIS, INCLUINDO O MOTO - RISTA, COM MOTOR DE PISTÃO, DE IGNIÇÃO POR COMPRESSÃO (DIESEL OU SEMIDIESEL), COM VO - LUME INTERNO DE HABI - TÁCULO, DES"
87029090;IX;st;"RICMS/SE — Anexo IX, pág. 366 do PDF de anexos";"ICMS 81/01 e 61/2013) CÓDIGO NBM/SH DESCRIÇÃO ALIQUOTAS (OU CARGA EFETIVA) DE ORIGEM MVA* 8702.10.00 VEÍCULOS AUTOMÓVEIS PARA TRANSPORTE DE 10 PESSOAS OU MAIS, INCLUINDO O MOTO - RISTA, COM MOTOR DE PISTÃO, DE IGNIÇÃO POR COMPRESSÃO (DIESEL OU SEMIDIESEL), COM VO - LUME INTERNO DE HABI - TÁCULO, DES"
87032100;IX;st;"RICMS/SE — Anexo IX, pág. 367 do PDF de anexos";"Internas;.............................., 41,82% 37,39% 30% 30% 8703.21.00 AUTOMOVEIS COM MOTOR EXPLOSÃO, DE CILINDRADA NÃO SUPE - RIOR A 1000 CM3 8703.22.10 AUTOMOVEIS COM MOTOR EXPLOSÃO, DE CILINDRADA SUPERIOR A 1000 CM3, MAS NÃO SUPERIOR A 1500 CM3, COM CAPACIDADE DE TRANSPORTE DE PESSOAS SENTADAS"
87032210;IX;st;"RICMS/SE — Anexo IX, pág. 367 do PDF de anexos";"Internas;.............................., 41,82% 37,39% 30% 30% 8703.21.00 AUTOMOVEIS COM MOTOR EXPLOSÃO, DE CILINDRADA NÃO SUPE - RIOR A 1000 CM3 8703.22.10 AUTOMOVEIS COM MOTOR EXPLOSÃO, DE CILINDRADA SUPERIOR A 1000 CM3, MAS NÃO SUPERIOR A 1500 CM3, COM CAPACIDADE DE TRANSPORTE DE PESSOAS SENTADAS"
38151210;IX;st;"RICMS/SE — Anexo IX, pág. 372 do PDF de anexos";"Interestaduais (origem a 12%) Índice fidelidade Demais Índice fidelid ade Demais Índice fidelid ade Demais 1 Catalizadores em colméia cerâmica ou metálica para conversão catalítica de gases de escape de veículos 3815.12.10 3815.12.90 33,08% 59,60% 49,11% 78,83% 41,10% 69,21% 2 Tubos e seus acessório"
38151290;IX;st;"RICMS/SE — Anexo IX, pág. 372 do PDF de anexos";"Interestaduais (origem a 12%) Índice fidelidade Demais Índice fidelid ade Demais Índice fidelid ade Demais 1 Catalizadores em colméia cerâmica ou metálica para conversão catalítica de gases de escape de veículos 3815.12.10 3815.12.90 33,08% 59,60% 49,11% 78,83% 41,10% 69,21% 2 Tubos e seus acessório"
39181000;IX;st;"RICMS/SE — Anexo IX, pág. 372 do PDF de anexos";"Interestaduais (origem a 12%) Índice fidelidade Demais Índice fidelid ade Demais Índice fidelid ade Demais 1 Catalizadores em colméia cerâmica ou metálica para conversão catalítica de gases de escape de veículos 3815.12.10 3815.12.90 33,08% 59,60% 49,11% 78,83% 41,10% 69,21% 2 Tubos e seus acessório"
39233000;IX;st;"RICMS/SE — Anexo IX, pág. 372 do PDF de anexos";"Interestaduais (origem a 12%) Índice fidelidade Demais Índice fidelid ade Demais Índice fidelid ade Demais 1 Catalizadores em colméia cerâmica ou metálica para conversão catalítica de gases de escape de veículos 3815.12.10 3815.12.90 33,08% 59,60% 49,11% 78,83% 41,10% 69,21% 2 Tubos e seus acessório"
39263000;IX;st;"RICMS/SE — Anexo IX, pág. 372 do PDF de anexos";"Interestaduais (origem a 12%) Índice fidelidade Demais Índice fidelid ade Demais Índice fidelid ade Demais 1 Catalizadores em colméia cerâmica ou metálica para conversão catalítica de gases de escape de veículos 3815.12.10 3815.12.90 33,08% 59,60% 49,11% 78,83% 41,10% 69,21% 2 Tubos e seus acessório"
40169300;IX;st;"RICMS/SE — Anexo IX, pág. 372 do PDF de anexos";"Interestaduais (origem a 12%) Índice fidelidade Demais Índice fidelid ade Demais Índice fidelid ade Demais 1 Catalizadores em colméia cerâmica ou metálica para conversão catalítica de gases de escape de veículos 3815.12.10 3815.12.90 33,08% 59,60% 49,11% 78,83% 41,10% 69,21% 2 Tubos e seus acessório"
40161010;IX;st;"RICMS/SE — Anexo IX, pág. 372 do PDF de anexos";"Interestaduais (origem a 12%) Índice fidelidade Demais Índice fidelid ade Demais Índice fidelid ade Demais 1 Catalizadores em colméia cerâmica ou metálica para conversão catalítica de gases de escape de veículos 3815.12.10 3815.12.90 33,08% 59,60% 49,11% 78,83% 41,10% 69,21% 2 Tubos e seus acessório"
40169990;IX;st;"RICMS/SE — Anexo IX, pág. 380 do PDF de anexos";"Interestaduais (origem a 12%) Índice fidelidade Demais Índice fidelidad e Demais Índic e fidel idade Demais 1 Catalizadores em colméia cerâmica ou metálica para conversão catalítica de gases de escape de veículos 3815.12.10 3815.12.90 26,5% 40% 41,7% 56,9% 34,1% 48,4% 2 Tubos e seus acessórios (por "
57050000;IX;st;"RICMS/SE — Anexo IX, pág. 380 do PDF de anexos";"Interestaduais (origem a 12%) Índice fidelidade Demais Índice fidelidad e Demais Índic e fidel idade Demais 1 Catalizadores em colméia cerâmica ou metálica para conversão catalítica de gases de escape de veículos 3815.12.10 3815.12.90 26,5% 40% 41,7% 56,9% 34,1% 48,4% 2 Tubos e seus acessórios (por "
65061000;IX;st;"RICMS/SE — Anexo IX, pág. 373 do PDF de anexos";"mesmo com reforço ou acessórios de outras matérias 12 Encerados e toldos 6306.1 33,08% 59,60% 49,11% 78,83% 41,10% 69,21% 13 Capacetes e artefatos de uso semelhante, de proteção, para uso em motocicletas, incluídos ciclomotores 6506.10.00 33,08% 59,60% 49,11% 78,83% 41,10% 69,21% 14 Guarnições de fr"
70071100;IX;st;"RICMS/SE — Anexo IX, pág. 373 do PDF de anexos";"mesmo com reforço ou acessórios de outras matérias 12 Encerados e toldos 6306.1 33,08% 59,60% 49,11% 78,83% 41,10% 69,21% 13 Capacetes e artefatos de uso semelhante, de proteção, para uso em motocicletas, incluídos ciclomotores 6506.10.00 33,08% 59,60% 49,11% 78,83% 41,10% 69,21% 14 Guarnições de fr"
70072100;IX;st;"RICMS/SE — Anexo IX, pág. 373 do PDF de anexos";"mesmo com reforço ou acessórios de outras matérias 12 Encerados e toldos 6306.1 33,08% 59,60% 49,11% 78,83% 41,10% 69,21% 13 Capacetes e artefatos de uso semelhante, de proteção, para uso em motocicletas, incluídos ciclomotores 6506.10.00 33,08% 59,60% 49,11% 78,83% 41,10% 69,21% 14 Guarnições de fr"
70091000;IX;st;"RICMS/SE — Anexo IX, pág. 373 do PDF de anexos";"mesmo com reforço ou acessórios de outras matérias 12 Encerados e toldos 6306.1 33,08% 59,60% 49,11% 78,83% 41,10% 69,21% 13 Capacetes e artefatos de uso semelhante, de proteção, para uso em motocicletas, incluídos ciclomotores 6506.10.00 33,08% 59,60% 49,11% 78,83% 41,10% 69,21% 14 Guarnições de fr"
70140000;IX;st;"RICMS/SE — Anexo IX, pág. 373 do PDF de anexos";"mesmo com reforço ou acessórios de outras matérias 12 Encerados e toldos 6306.1 33,08% 59,60% 49,11% 78,83% 41,10% 69,21% 13 Capacetes e artefatos de uso semelhante, de proteção, para uso em motocicletas, incluídos ciclomotores 6506.10.00 33,08% 59,60% 49,11% 78,83% 41,10% 69,21% 14 Guarnições de fr"
73110000;IX;st;"RICMS/SE — Anexo IX, pág. 373 do PDF de anexos";"mesmo com reforço ou acessórios de outras matérias 12 Encerados e toldos 6306.1 33,08% 59,60% 49,11% 78,83% 41,10% 69,21% 13 Capacetes e artefatos de uso semelhante, de proteção, para uso em motocicletas, incluídos ciclomotores 6506.10.00 33,08% 59,60% 49,11% 78,83% 41,10% 69,21% 14 Guarnições de fr"
73259100;IX;st;"RICMS/SE — Anexo IX, pág. 373 do PDF de anexos";"mesmo com reforço ou acessórios de outras matérias 12 Encerados e toldos 6306.1 33,08% 59,60% 49,11% 78,83% 41,10% 69,21% 13 Capacetes e artefatos de uso semelhante, de proteção, para uso em motocicletas, incluídos ciclomotores 6506.10.00 33,08% 59,60% 49,11% 78,83% 41,10% 69,21% 14 Guarnições de fr"
80070090;IX;st;"RICMS/SE — Anexo IX, pág. 373 do PDF de anexos";"mesmo com reforço ou acessórios de outras matérias 12 Encerados e toldos 6306.1 33,08% 59,60% 49,11% 78,83% 41,10% 69,21% 13 Capacetes e artefatos de uso semelhante, de proteção, para uso em motocicletas, incluídos ciclomotores 6506.10.00 33,08% 59,60% 49,11% 78,83% 41,10% 69,21% 14 Guarnições de fr"
83021000;IX;st;"RICMS/SE — Anexo IX, pág. 373 do PDF de anexos";"mesmo com reforço ou acessórios de outras matérias 12 Encerados e toldos 6306.1 33,08% 59,60% 49,11% 78,83% 41,10% 69,21% 13 Capacetes e artefatos de uso semelhante, de proteção, para uso em motocicletas, incluídos ciclomotores 6506.10.00 33,08% 59,60% 49,11% 78,83% 41,10% 69,21% 14 Guarnições de fr"
83023000;IX;st;"RICMS/SE — Anexo IX, pág. 373 do PDF de anexos";"mesmo com reforço ou acessórios de outras matérias 12 Encerados e toldos 6306.1 33,08% 59,60% 49,11% 78,83% 41,10% 69,21% 13 Capacetes e artefatos de uso semelhante, de proteção, para uso em motocicletas, incluídos ciclomotores 6506.10.00 33,08% 59,60% 49,11% 78,83% 41,10% 69,21% 14 Guarnições de fr"
84812090;IX;st;"RICMS/SE — Anexo IX, pág. 375 do PDF de anexos";"46 Válvulas para transmissão óleo - hidráulicas ou pneumáticas 8481.20.90 33,08% 59,60% 49,11% 78,83% 41,10% 69,21% 47 Válvulas solenóides 8481.80.92 33,08% 59,60% 49,11% 78,83% 41,10% 69,21% 48 Rolamentos 84.82 33,08% 59,60% 49,11% 78,83% 41,10% 69,21% 49 Árvores de transmissão (incluídas as árvore"
84818092;IX;st;"RICMS/SE — Anexo IX, pág. 375 do PDF de anexos";"46 Válvulas para transmissão óleo - hidráulicas ou pneumáticas 8481.20.90 33,08% 59,60% 49,11% 78,83% 41,10% 69,21% 47 Válvulas solenóides 8481.80.92 33,08% 59,60% 49,11% 78,83% 41,10% 69,21% 48 Rolamentos 84.82 33,08% 59,60% 49,11% 78,83% 41,10% 69,21% 49 Árvores de transmissão (incluídas as árvore"
85071000;IX;st;"RICMS/SE — Anexo IX, pág. 375 do PDF de anexos";"46 Válvulas para transmissão óleo - hidráulicas ou pneumáticas 8481.20.90 33,08% 59,60% 49,11% 78,83% 41,10% 69,21% 47 Válvulas solenóides 8481.80.92 33,08% 59,60% 49,11% 78,83% 41,10% 69,21% 48 Rolamentos 84.82 33,08% 59,60% 49,11% 78,83% 41,10% 69,21% 49 Árvores de transmissão (incluídas as árvore"
85291090;IX;st;"RICMS/SE — Anexo IX, pág. 376 do PDF de anexos";"limpadores de pára - brisas, degeladores e desembaçadores (desembaciadores) elétricos 55 Telefones móveis 8517.12.13 33,08% 59,60% 49,11% 78,83% 41,10% 69,21% 56 Alto - falantes, amplificadores elétricos de audiofreqüência e partes 85.18 33,08% 59,60% 49,11% 78,83% 41,10% 69,21% 57 Aparelhos de repr"
85340000;IX;st;"RICMS/SE — Anexo IX, pág. 376 do PDF de anexos";"limpadores de pára - brisas, degeladores e desembaçadores (desembaciadores) elétricos 55 Telefones móveis 8517.12.13 33,08% 59,60% 49,11% 78,83% 41,10% 69,21% 56 Alto - falantes, amplificadores elétricos de audiofreqüência e partes 85.18 33,08% 59,60% 49,11% 78,83% 41,10% 69,21% 57 Aparelhos de repr"
87169090;IX;st;"RICMS/SE — Anexo IX, pág. 377 do PDF de anexos";"cabinas. 73 Partes e acessórios dos veículos automóveis das posições 87.01 a 87.05. 87.08 33,08% 59,60% 49,11% 78,83% 41,10% 69,21% 74 Parte e acessórios de motocicletas (incluídos os ciclomotores) 8714.1 33,08% 59,60% 49,11% 78,83% 41,10% 69,21% 75 Engates para reboques e semi - reboques 8716.90.90"
84123110;IX;st;"RICMS/SE — Anexo IX, pág. 378 do PDF de anexos";"próprias para colocação em carrocerias, pára - choques de veículos de carga, motocicletas, ciclomotores, capacetes, bonés de agentes de trânsito e de condutores de veículos, atuando como dispositivos refletivos de segurança rodoviários. 89 Cilindros pneumáticos. 8412.31.10 33,08% 59,60% 49,11% 78,83"
84131900;IX;st;"RICMS/SE — Anexo IX, pág. 378 do PDF de anexos";"próprias para colocação em carrocerias, pára - choques de veículos de carga, motocicletas, ciclomotores, capacetes, bonés de agentes de trânsito e de condutores de veículos, atuando como dispositivos refletivos de segurança rodoviários. 89 Cilindros pneumáticos. 8412.31.10 33,08% 59,60% 49,11% 78,83"
84135090;IX;st;"RICMS/SE — Anexo IX, pág. 378 do PDF de anexos";"próprias para colocação em carrocerias, pára - choques de veículos de carga, motocicletas, ciclomotores, capacetes, bonés de agentes de trânsito e de condutores de veículos, atuando como dispositivos refletivos de segurança rodoviários. 89 Cilindros pneumáticos. 8412.31.10 33,08% 59,60% 49,11% 78,83"
84138100;IX;st;"RICMS/SE — Anexo IX, pág. 378 do PDF de anexos";"próprias para colocação em carrocerias, pára - choques de veículos de carga, motocicletas, ciclomotores, capacetes, bonés de agentes de trânsito e de condutores de veículos, atuando como dispositivos refletivos de segurança rodoviários. 89 Cilindros pneumáticos. 8412.31.10 33,08% 59,60% 49,11% 78,83"
84136019;IX;st;"RICMS/SE — Anexo IX, pág. 378 do PDF de anexos";"próprias para colocação em carrocerias, pára - choques de veículos de carga, motocicletas, ciclomotores, capacetes, bonés de agentes de trânsito e de condutores de veículos, atuando como dispositivos refletivos de segurança rodoviários. 89 Cilindros pneumáticos. 8412.31.10 33,08% 59,60% 49,11% 78,83"
84137010;IX;st;"RICMS/SE — Anexo IX, pág. 378 do PDF de anexos";"próprias para colocação em carrocerias, pára - choques de veículos de carga, motocicletas, ciclomotores, capacetes, bonés de agentes de trânsito e de condutores de veículos, atuando como dispositivos refletivos de segurança rodoviários. 89 Cilindros pneumáticos. 8412.31.10 33,08% 59,60% 49,11% 78,83"
84145910;IX;st;"RICMS/SE — Anexo IX, pág. 378 do PDF de anexos";"próprias para colocação em carrocerias, pára - choques de veículos de carga, motocicletas, ciclomotores, capacetes, bonés de agentes de trânsito e de condutores de veículos, atuando como dispositivos refletivos de segurança rodoviários. 89 Cilindros pneumáticos. 8412.31.10 33,08% 59,60% 49,11% 78,83"
84145990;IX;st;"RICMS/SE — Anexo IX, pág. 378 do PDF de anexos";"próprias para colocação em carrocerias, pára - choques de veículos de carga, motocicletas, ciclomotores, capacetes, bonés de agentes de trânsito e de condutores de veículos, atuando como dispositivos refletivos de segurança rodoviários. 89 Cilindros pneumáticos. 8412.31.10 33,08% 59,60% 49,11% 78,83"
84213990;IX;st;"RICMS/SE — Anexo IX, pág. 378 do PDF de anexos";"próprias para colocação em carrocerias, pára - choques de veículos de carga, motocicletas, ciclomotores, capacetes, bonés de agentes de trânsito e de condutores de veículos, atuando como dispositivos refletivos de segurança rodoviários. 89 Cilindros pneumáticos. 8412.31.10 33,08% 59,60% 49,11% 78,83"
85011019;IX;st;"RICMS/SE — Anexo IX, pág. 378 do PDF de anexos";"próprias para colocação em carrocerias, pára - choques de veículos de carga, motocicletas, ciclomotores, capacetes, bonés de agentes de trânsito e de condutores de veículos, atuando como dispositivos refletivos de segurança rodoviários. 89 Cilindros pneumáticos. 8412.31.10 33,08% 59,60% 49,11% 78,83"
85013110;IX;st;"RICMS/SE — Anexo IX, pág. 378 do PDF de anexos";"próprias para colocação em carrocerias, pára - choques de veículos de carga, motocicletas, ciclomotores, capacetes, bonés de agentes de trânsito e de condutores de veículos, atuando como dispositivos refletivos de segurança rodoviários. 89 Cilindros pneumáticos. 8412.31.10 33,08% 59,60% 49,11% 78,83"
85045000;IX;st;"RICMS/SE — Anexo IX, pág. 378 do PDF de anexos";"próprias para colocação em carrocerias, pára - choques de veículos de carga, motocicletas, ciclomotores, capacetes, bonés de agentes de trânsito e de condutores de veículos, atuando como dispositivos refletivos de segurança rodoviários. 89 Cilindros pneumáticos. 8412.31.10 33,08% 59,60% 49,11% 78,83"
85123000;IX;st;"RICMS/SE — Anexo IX, pág. 378 do PDF de anexos";"próprias para colocação em carrocerias, pára - choques de veículos de carga, motocicletas, ciclomotores, capacetes, bonés de agentes de trânsito e de condutores de veículos, atuando como dispositivos refletivos de segurança rodoviários. 89 Cilindros pneumáticos. 8412.31.10 33,08% 59,60% 49,11% 78,83"
40081100;IX;st;"RICMS/SE — Anexo IX, pág. 378 do PDF de anexos";"ICMS 41/2014) (NR) 4008.11.00 33,08% 59,60% 49,11% 78,83% 41,10% 69,21% Nova Redação dada ao item 101 pelo Decreto n.º 29.906/2014 , aplicação a partir de 1°/11/2014."
57032000;IX;st;"RICMS/SE — Anexo IX, pág. 379 do PDF de anexos";"naylon (Protocolo ICMS 41/2014) 5703.20.00 33,08% 59,60% 49,11% 78,83% 41,10% 69,21% 105 Tapetes mat. têxteis sintéticas (Protocolo ICMS 41/2014) 5703.30.00 33,08% 59,60% 49,11% 78,83% 41,10% 69,21% 106 Forração interior capacete (Protocolo ICMS 41/2014) 5911.90.00 33,08% 59,60% 49,11% 78,83% 41,10%"
57033000;IX;st;"RICMS/SE — Anexo IX, pág. 379 do PDF de anexos";"naylon (Protocolo ICMS 41/2014) 5703.20.00 33,08% 59,60% 49,11% 78,83% 41,10% 69,21% 105 Tapetes mat. têxteis sintéticas (Protocolo ICMS 41/2014) 5703.30.00 33,08% 59,60% 49,11% 78,83% 41,10% 69,21% 106 Forração interior capacete (Protocolo ICMS 41/2014) 5911.90.00 33,08% 59,60% 49,11% 78,83% 41,10%"
59119000;IX;st;"RICMS/SE — Anexo IX, pág. 379 do PDF de anexos";"naylon (Protocolo ICMS 41/2014) 5703.20.00 33,08% 59,60% 49,11% 78,83% 41,10% 69,21% 105 Tapetes mat. têxteis sintéticas (Protocolo ICMS 41/2014) 5703.30.00 33,08% 59,60% 49,11% 78,83% 41,10% 69,21% 106 Forração interior capacete (Protocolo ICMS 41/2014) 5911.90.00 33,08% 59,60% 49,11% 78,83% 41,10%"
69039099;IX;st;"RICMS/SE — Anexo IX, pág. 379 do PDF de anexos";"naylon (Protocolo ICMS 41/2014) 5703.20.00 33,08% 59,60% 49,11% 78,83% 41,10% 69,21% 105 Tapetes mat. têxteis sintéticas (Protocolo ICMS 41/2014) 5703.30.00 33,08% 59,60% 49,11% 78,83% 41,10% 69,21% 106 Forração interior capacete (Protocolo ICMS 41/2014) 5911.90.00 33,08% 59,60% 49,11% 78,83% 41,10%"
70072900;IX;st;"RICMS/SE — Anexo IX, pág. 379 do PDF de anexos";"naylon (Protocolo ICMS 41/2014) 5703.20.00 33,08% 59,60% 49,11% 78,83% 41,10% 69,21% 105 Tapetes mat. têxteis sintéticas (Protocolo ICMS 41/2014) 5703.30.00 33,08% 59,60% 49,11% 78,83% 41,10% 69,21% 106 Forração interior capacete (Protocolo ICMS 41/2014) 5911.90.00 33,08% 59,60% 49,11% 78,83% 41,10%"
73145000;IX;st;"RICMS/SE — Anexo IX, pág. 379 do PDF de anexos";"naylon (Protocolo ICMS 41/2014) 5703.20.00 33,08% 59,60% 49,11% 78,83% 41,10% 69,21% 105 Tapetes mat. têxteis sintéticas (Protocolo ICMS 41/2014) 5703.30.00 33,08% 59,60% 49,11% 78,83% 41,10% 69,21% 106 Forração interior capacete (Protocolo ICMS 41/2014) 5911.90.00 33,08% 59,60% 49,11% 78,83% 41,10%"
73151100;IX;st;"RICMS/SE — Anexo IX, pág. 379 do PDF de anexos";"naylon (Protocolo ICMS 41/2014) 5703.20.00 33,08% 59,60% 49,11% 78,83% 41,10% 69,21% 105 Tapetes mat. têxteis sintéticas (Protocolo ICMS 41/2014) 5703.30.00 33,08% 59,60% 49,11% 78,83% 41,10% 69,21% 106 Forração interior capacete (Protocolo ICMS 41/2014) 5911.90.00 33,08% 59,60% 49,11% 78,83% 41,10%"
84189900;IX;st;"RICMS/SE — Anexo IX, pág. 379 do PDF de anexos";"naylon (Protocolo ICMS 41/2014) 5703.20.00 33,08% 59,60% 49,11% 78,83% 41,10% 69,21% 105 Tapetes mat. têxteis sintéticas (Protocolo ICMS 41/2014) 5703.30.00 33,08% 59,60% 49,11% 78,83% 41,10% 69,21% 106 Forração interior capacete (Protocolo ICMS 41/2014) 5911.90.00 33,08% 59,60% 49,11% 78,83% 41,10%"
84249090;IX;st;"RICMS/SE — Anexo IX, pág. 379 do PDF de anexos";"naylon (Protocolo ICMS 41/2014) 5703.20.00 33,08% 59,60% 49,11% 78,83% 41,10% 69,21% 105 Tapetes mat. têxteis sintéticas (Protocolo ICMS 41/2014) 5703.30.00 33,08% 59,60% 49,11% 78,83% 41,10% 69,21% 106 Forração interior capacete (Protocolo ICMS 41/2014) 5911.90.00 33,08% 59,60% 49,11% 78,83% 41,10%"
84254910;IX;st;"RICMS/SE — Anexo IX, pág. 379 do PDF de anexos";"naylon (Protocolo ICMS 41/2014) 5703.20.00 33,08% 59,60% 49,11% 78,83% 41,10% 69,21% 105 Tapetes mat. têxteis sintéticas (Protocolo ICMS 41/2014) 5703.30.00 33,08% 59,60% 49,11% 78,83% 41,10% 69,21% 106 Forração interior capacete (Protocolo ICMS 41/2014) 5911.90.00 33,08% 59,60% 49,11% 78,83% 41,10%"
84314100;IX;st;"RICMS/SE — Anexo IX, pág. 379 do PDF de anexos";"naylon (Protocolo ICMS 41/2014) 5703.20.00 33,08% 59,60% 49,11% 78,83% 41,10% 69,21% 105 Tapetes mat. têxteis sintéticas (Protocolo ICMS 41/2014) 5703.30.00 33,08% 59,60% 49,11% 78,83% 41,10% 69,21% 106 Forração interior capacete (Protocolo ICMS 41/2014) 5911.90.00 33,08% 59,60% 49,11% 78,83% 41,10%"
85016100;IX;st;"RICMS/SE — Anexo IX, pág. 379 do PDF de anexos";"Alternada potencia não superior a 75 kva (Protocolo ICMS 41/2014) 8501.61.00 33,08% 59,60% 49,11% 78,83% 41,10% 69,21% 117 Aparelhos elétricos para alarme de uso automotivo (Protocolo ICMS 41/2014) 8531.10.90 33,08% 59,60% 49,11% 78,83% 41,10% 69,21% 118 Bússolas 9014.10.00 33,08% 59,60% 49,11% 78,8"
85311090;IX;st;"RICMS/SE — Anexo IX, pág. 379 do PDF de anexos";"Alternada potencia não superior a 75 kva (Protocolo ICMS 41/2014) 8501.61.00 33,08% 59,60% 49,11% 78,83% 41,10% 69,21% 117 Aparelhos elétricos para alarme de uso automotivo (Protocolo ICMS 41/2014) 8531.10.90 33,08% 59,60% 49,11% 78,83% 41,10% 69,21% 118 Bússolas 9014.10.00 33,08% 59,60% 49,11% 78,8"
90141000;IX;st;"RICMS/SE — Anexo IX, pág. 379 do PDF de anexos";"Alternada potencia não superior a 75 kva (Protocolo ICMS 41/2014) 8501.61.00 33,08% 59,60% 49,11% 78,83% 41,10% 69,21% 117 Aparelhos elétricos para alarme de uso automotivo (Protocolo ICMS 41/2014) 8531.10.90 33,08% 59,60% 49,11% 78,83% 41,10% 69,21% 118 Bússolas 9014.10.00 33,08% 59,60% 49,11% 78,8"
90251990;IX;st;"RICMS/SE — Anexo IX, pág. 379 do PDF de anexos";"Alternada potencia não superior a 75 kva (Protocolo ICMS 41/2014) 8501.61.00 33,08% 59,60% 49,11% 78,83% 41,10% 69,21% 117 Aparelhos elétricos para alarme de uso automotivo (Protocolo ICMS 41/2014) 8531.10.90 33,08% 59,60% 49,11% 78,83% 41,10% 69,21% 118 Bússolas 9014.10.00 33,08% 59,60% 49,11% 78,8"
90259010;IX;st;"RICMS/SE — Anexo IX, pág. 379 do PDF de anexos";"Alternada potencia não superior a 75 kva (Protocolo ICMS 41/2014) 8501.61.00 33,08% 59,60% 49,11% 78,83% 41,10% 69,21% 117 Aparelhos elétricos para alarme de uso automotivo (Protocolo ICMS 41/2014) 8531.10.90 33,08% 59,60% 49,11% 78,83% 41,10% 69,21% 118 Bússolas 9014.10.00 33,08% 59,60% 49,11% 78,8"
90321010;IX;st;"RICMS/SE — Anexo IX, pág. 379 do PDF de anexos";"Alternada potencia não superior a 75 kva (Protocolo ICMS 41/2014) 8501.61.00 33,08% 59,60% 49,11% 78,83% 41,10% 69,21% 117 Aparelhos elétricos para alarme de uso automotivo (Protocolo ICMS 41/2014) 8531.10.90 33,08% 59,60% 49,11% 78,83% 41,10% 69,21% 118 Bússolas 9014.10.00 33,08% 59,60% 49,11% 78,8"
90321090;IX;st;"RICMS/SE — Anexo IX, pág. 379 do PDF de anexos";"Alternada potencia não superior a 75 kva (Protocolo ICMS 41/2014) 8501.61.00 33,08% 59,60% 49,11% 78,83% 41,10% 69,21% 117 Aparelhos elétricos para alarme de uso automotivo (Protocolo ICMS 41/2014) 8531.10.90 33,08% 59,60% 49,11% 78,83% 41,10% 69,21% 118 Bússolas 9014.10.00 33,08% 59,60% 49,11% 78,8"
90322000;IX;st;"RICMS/SE — Anexo IX, pág. 380 do PDF de anexos";"124 Pressostatos (Protocolo ICMS 41/2014) 9032.20.00 33,08% 59,60% 49,11% 78,83% 41,10% 69,21% 125 Outras peças, partes e acessórios para veículos automotores não relacionados nos itens anteriores. (Protocolo ICMS 41/2014) 33,08% 59,60% 49,11% 78,83% 41,10% 69,21% Acrescentados os itens 102 a 125 pe"
59039000;IX;st;"RICMS/SE — Anexo IX, pág. 380 do PDF de anexos";"Interestaduais (origem a 12%) Índice fidelidade Demais Índice fidelidad e Demais Índic e fidel idade Demais 1 Catalizadores em colméia cerâmica ou metálica para conversão catalítica de gases de escape de veículos 3815.12.10 3815.12.90 26,5% 40% 41,7% 56,9% 34,1% 48,4% 2 Tubos e seus acessórios (por "
59090000;IX;st;"RICMS/SE — Anexo IX, pág. 380 do PDF de anexos";"Interestaduais (origem a 12%) Índice fidelidade Demais Índice fidelidad e Demais Índic e fidel idade Demais 1 Catalizadores em colméia cerâmica ou metálica para conversão catalítica de gases de escape de veículos 3815.12.10 3815.12.90 26,5% 40% 41,7% 56,9% 34,1% 48,4% 2 Tubos e seus acessórios (por "
84122110;IX;st;"RICMS/SE — Anexo IX, pág. 381 do PDF de anexos";"13 Capacetes e artefatos de uso semelhante, de proteção, para uso em motocicletas, incluídos ciclomotores 6506.10.00 26,5% 40% 41,7% 56,9% 34,1% 48,4% 14 Guarnições de fricção (por exemplo, placas, rolos, tiras, segmentos, discos, anéis, pastilhas), não montadas, para freios, embreagens ou qualquer "
84141000;IX;st;"RICMS/SE — Anexo IX, pág. 381 do PDF de anexos";"13 Capacetes e artefatos de uso semelhante, de proteção, para uso em motocicletas, incluídos ciclomotores 6506.10.00 26,5% 40% 41,7% 56,9% 34,1% 48,4% 14 Guarnições de fricção (por exemplo, placas, rolos, tiras, segmentos, discos, anéis, pastilhas), não montadas, para freios, embreagens ou qualquer "
84149039;IX;st;"RICMS/SE — Anexo IX, pág. 382 do PDF de anexos";"33 Compressores e turbocompressores de ar 8414.80.1 8414.80.2 26,5% 40% 41,7% 56,9% 34,1% 48,4% 34 Partes das bombas, compressores e turbocompressores dos itens 31, 32 e 33 84.13.91.9 0 84.14.90.1 0 84.14.90.3 8414.90.39 26,5% 40% 41,7% 56,9% 34,1% 48,4% 35 Máquinas e aparelhos de ar condicionado 84"
84212300;IX;st;"RICMS/SE — Anexo IX, pág. 382 do PDF de anexos";"33 Compressores e turbocompressores de ar 8414.80.1 8414.80.2 26,5% 40% 41,7% 56,9% 34,1% 48,4% 34 Partes das bombas, compressores e turbocompressores dos itens 31, 32 e 33 84.13.91.9 0 84.14.90.1 0 84.14.90.3 8414.90.39 26,5% 40% 41,7% 56,9% 34,1% 48,4% 35 Máquinas e aparelhos de ar condicionado 84"
84212990;IX;st;"RICMS/SE — Anexo IX, pág. 382 do PDF de anexos";"33 Compressores e turbocompressores de ar 8414.80.1 8414.80.2 26,5% 40% 41,7% 56,9% 34,1% 48,4% 34 Partes das bombas, compressores e turbocompressores dos itens 31, 32 e 33 84.13.91.9 0 84.14.90.1 0 84.14.90.3 8414.90.39 26,5% 40% 41,7% 56,9% 34,1% 48,4% 35 Máquinas e aparelhos de ar condicionado 84"
84241000;IX;st;"RICMS/SE — Anexo IX, pág. 382 do PDF de anexos";"33 Compressores e turbocompressores de ar 8414.80.1 8414.80.2 26,5% 40% 41,7% 56,9% 34,1% 48,4% 34 Partes das bombas, compressores e turbocompressores dos itens 31, 32 e 33 84.13.91.9 0 84.14.90.1 0 84.14.90.3 8414.90.39 26,5% 40% 41,7% 56,9% 34,1% 48,4% 35 Máquinas e aparelhos de ar condicionado 84"
84213100;IX;st;"RICMS/SE — Anexo IX, pág. 382 do PDF de anexos";"33 Compressores e turbocompressores de ar 8414.80.1 8414.80.2 26,5% 40% 41,7% 56,9% 34,1% 48,4% 34 Partes das bombas, compressores e turbocompressores dos itens 31, 32 e 33 84.13.91.9 0 84.14.90.1 0 84.14.90.3 8414.90.39 26,5% 40% 41,7% 56,9% 34,1% 48,4% 35 Máquinas e aparelhos de ar condicionado 84"
84213920;IX;st;"RICMS/SE — Anexo IX, pág. 382 do PDF de anexos";"33 Compressores e turbocompressores de ar 8414.80.1 8414.80.2 26,5% 40% 41,7% 56,9% 34,1% 48,4% 34 Partes das bombas, compressores e turbocompressores dos itens 31, 32 e 33 84.13.91.9 0 84.14.90.1 0 84.14.90.3 8414.90.39 26,5% 40% 41,7% 56,9% 34,1% 48,4% 35 Máquinas e aparelhos de ar condicionado 84"
84254200;IX;st;"RICMS/SE — Anexo IX, pág. 382 do PDF de anexos";"33 Compressores e turbocompressores de ar 8414.80.1 8414.80.2 26,5% 40% 41,7% 56,9% 34,1% 48,4% 34 Partes das bombas, compressores e turbocompressores dos itens 31, 32 e 33 84.13.91.9 0 84.14.90.1 0 84.14.90.3 8414.90.39 26,5% 40% 41,7% 56,9% 34,1% 48,4% 35 Máquinas e aparelhos de ar condicionado 84"
84811000;IX;st;"RICMS/SE — Anexo IX, pág. 382 do PDF de anexos";"33 Compressores e turbocompressores de ar 8414.80.1 8414.80.2 26,5% 40% 41,7% 56,9% 34,1% 48,4% 34 Partes das bombas, compressores e turbocompressores dos itens 31, 32 e 33 84.13.91.9 0 84.14.90.1 0 84.14.90.3 8414.90.39 26,5% 40% 41,7% 56,9% 34,1% 48,4% 35 Máquinas e aparelhos de ar condicionado 84"
85353011;IX;st;"RICMS/SE — Anexo IX, pág. 383 do PDF de anexos";"bolsas, envelopes ou embalagens semelhantes; juntas de vedação mecânicas (selos mecânicos) 51 Acoplamentos, embreagens, variadores de velocidade e freios, eletromagnéticos 8505.20 26,5% 40% 41,7% 56,9% 34,1% 48,4% 52 Acumuladores elétricos de chumbo, do tipo utilizado para o arranque dos motores de "
85361000;IX;st;"RICMS/SE — Anexo IX, pág. 383 do PDF de anexos";"bolsas, envelopes ou embalagens semelhantes; juntas de vedação mecânicas (selos mecânicos) 51 Acoplamentos, embreagens, variadores de velocidade e freios, eletromagnéticos 8505.20 26,5% 40% 41,7% 56,9% 34,1% 48,4% 52 Acumuladores elétricos de chumbo, do tipo utilizado para o arranque dos motores de "
85362000;IX;st;"RICMS/SE — Anexo IX, pág. 383 do PDF de anexos";"bolsas, envelopes ou embalagens semelhantes; juntas de vedação mecânicas (selos mecânicos) 51 Acoplamentos, embreagens, variadores de velocidade e freios, eletromagnéticos 8505.20 26,5% 40% 41,7% 56,9% 34,1% 48,4% 52 Acumuladores elétricos de chumbo, do tipo utilizado para o arranque dos motores de "
85365090;IX;st;"RICMS/SE — Anexo IX, pág. 384 do PDF de anexos";"62, 63, 64 e 65 67 Interruptores, seccionadores e comutadores 8536.50.90 26,5% 40% 41,7% 56,9% 34,1% 48,4% 68 Faróis e projetores, em unidades seladas 8539.10 26,5% 40% 41,7% 56,9% 34,1% 48,4% 69 Lâmpadas e tubos de incandescência, exceto de raios ultravioleta ou infravermelhos 8539.2 26,5% 40% 41,7"
85442000;IX;st;"RICMS/SE — Anexo IX, pág. 384 do PDF de anexos";"62, 63, 64 e 65 67 Interruptores, seccionadores e comutadores 8536.50.90 26,5% 40% 41,7% 56,9% 34,1% 48,4% 68 Faróis e projetores, em unidades seladas 8539.10 26,5% 40% 41,7% 56,9% 34,1% 48,4% 69 Lâmpadas e tubos de incandescência, exceto de raios ultravioleta ou infravermelhos 8539.2 26,5% 40% 41,7"
85443000;IX;st;"RICMS/SE — Anexo IX, pág. 384 do PDF de anexos";"62, 63, 64 e 65 67 Interruptores, seccionadores e comutadores 8536.50.90 26,5% 40% 41,7% 56,9% 34,1% 48,4% 68 Faróis e projetores, em unidades seladas 8539.10 26,5% 40% 41,7% 56,9% 34,1% 48,4% 69 Lâmpadas e tubos de incandescência, exceto de raios ultravioleta ou infravermelhos 8539.2 26,5% 40% 41,7"
90261019;IX;st;"RICMS/SE — Anexo IX, pág. 384 do PDF de anexos";"62, 63, 64 e 65 67 Interruptores, seccionadores e comutadores 8536.50.90 26,5% 40% 41,7% 56,9% 34,1% 48,4% 68 Faróis e projetores, em unidades seladas 8539.10 26,5% 40% 41,7% 56,9% 34,1% 48,4% 69 Lâmpadas e tubos de incandescência, exceto de raios ultravioleta ou infravermelhos 8539.2 26,5% 40% 41,7"
90262010;IX;st;"RICMS/SE — Anexo IX, pág. 384 do PDF de anexos";"62, 63, 64 e 65 67 Interruptores, seccionadores e comutadores 8536.50.90 26,5% 40% 41,7% 56,9% 34,1% 48,4% 68 Faróis e projetores, em unidades seladas 8539.10 26,5% 40% 41,7% 56,9% 34,1% 48,4% 69 Lâmpadas e tubos de incandescência, exceto de raios ultravioleta ou infravermelhos 8539.2 26,5% 40% 41,7"
90303321;IX;st;"RICMS/SE — Anexo IX, pág. 384 do PDF de anexos";"62, 63, 64 e 65 67 Interruptores, seccionadores e comutadores 8536.50.90 26,5% 40% 41,7% 56,9% 34,1% 48,4% 68 Faróis e projetores, em unidades seladas 8539.10 26,5% 40% 41,7% 56,9% 34,1% 48,4% 69 Lâmpadas e tubos de incandescência, exceto de raios ultravioleta ou infravermelhos 8539.2 26,5% 40% 41,7"
90318040;IX;st;"RICMS/SE — Anexo IX, pág. 384 do PDF de anexos";"62, 63, 64 e 65 67 Interruptores, seccionadores e comutadores 8536.50.90 26,5% 40% 41,7% 56,9% 34,1% 48,4% 68 Faróis e projetores, em unidades seladas 8539.10 26,5% 40% 41,7% 56,9% 34,1% 48,4% 69 Lâmpadas e tubos de incandescência, exceto de raios ultravioleta ou infravermelhos 8539.2 26,5% 40% 41,7"
91040000;IX;st;"RICMS/SE — Anexo IX, pág. 384 do PDF de anexos";"62, 63, 64 e 65 67 Interruptores, seccionadores e comutadores 8536.50.90 26,5% 40% 41,7% 56,9% 34,1% 48,4% 68 Faróis e projetores, em unidades seladas 8539.10 26,5% 40% 41,7% 56,9% 34,1% 48,4% 69 Lâmpadas e tubos de incandescência, exceto de raios ultravioleta ou infravermelhos 8539.2 26,5% 40% 41,7"
94012000;IX;st;"RICMS/SE — Anexo IX, pág. 384 do PDF de anexos";"62, 63, 64 e 65 67 Interruptores, seccionadores e comutadores 8536.50.90 26,5% 40% 41,7% 56,9% 34,1% 48,4% 68 Faróis e projetores, em unidades seladas 8539.10 26,5% 40% 41,7% 56,9% 34,1% 48,4% 69 Lâmpadas e tubos de incandescência, exceto de raios ultravioleta ou infravermelhos 8539.2 26,5% 40% 41,7"
94019090;IX;st;"RICMS/SE — Anexo IX, pág. 384 do PDF de anexos";"62, 63, 64 e 65 67 Interruptores, seccionadores e comutadores 8536.50.90 26,5% 40% 41,7% 56,9% 34,1% 48,4% 68 Faróis e projetores, em unidades seladas 8539.10 26,5% 40% 41,7% 56,9% 34,1% 48,4% 69 Lâmpadas e tubos de incandescência, exceto de raios ultravioleta ou infravermelhos 8539.2 26,5% 40% 41,7"
96138000;IX;st;"RICMS/SE — Anexo IX, pág. 384 do PDF de anexos";"62, 63, 64 e 65 67 Interruptores, seccionadores e comutadores 8536.50.90 26,5% 40% 41,7% 56,9% 34,1% 48,4% 68 Faróis e projetores, em unidades seladas 8539.10 26,5% 40% 41,7% 56,9% 34,1% 48,4% 69 Lâmpadas e tubos de incandescência, exceto de raios ultravioleta ou infravermelhos 8539.2 26,5% 40% 41,7"
45049000;IX;st;"RICMS/SE — Anexo IX, pág. 384 do PDF de anexos";"62, 63, 64 e 65 67 Interruptores, seccionadores e comutadores 8536.50.90 26,5% 40% 41,7% 56,9% 34,1% 48,4% 68 Faróis e projetores, em unidades seladas 8539.10 26,5% 40% 41,7% 56,9% 34,1% 48,4% 69 Lâmpadas e tubos de incandescência, exceto de raios ultravioleta ou infravermelhos 8539.2 26,5% 40% 41,7"
68129910;IX;st;"RICMS/SE — Anexo IX, pág. 384 do PDF de anexos";"62, 63, 64 e 65 67 Interruptores, seccionadores e comutadores 8536.50.90 26,5% 40% 41,7% 56,9% 34,1% 48,4% 68 Faróis e projetores, em unidades seladas 8539.10 26,5% 40% 41,7% 56,9% 34,1% 48,4% 69 Lâmpadas e tubos de incandescência, exceto de raios ultravioleta ou infravermelhos 8539.2 26,5% 40% 41,7"
48234000;IX;st;"RICMS/SE — Anexo IX, pág. 384 do PDF de anexos";"62, 63, 64 e 65 67 Interruptores, seccionadores e comutadores 8536.50.90 26,5% 40% 41,7% 56,9% 34,1% 48,4% 68 Faróis e projetores, em unidades seladas 8539.10 26,5% 40% 41,7% 56,9% 34,1% 48,4% 69 Lâmpadas e tubos de incandescência, exceto de raios ultravioleta ou infravermelhos 8539.2 26,5% 40% 41,7"
39191000;IX;st;"RICMS/SE — Anexo IX, pág. 384 do PDF de anexos";"62, 63, 64 e 65 67 Interruptores, seccionadores e comutadores 8536.50.90 26,5% 40% 41,7% 56,9% 34,1% 48,4% 68 Faróis e projetores, em unidades seladas 8539.10 26,5% 40% 41,7% 56,9% 34,1% 48,4% 69 Lâmpadas e tubos de incandescência, exceto de raios ultravioleta ou infravermelhos 8539.2 26,5% 40% 41,7"
39199000;IX;st;"RICMS/SE — Anexo IX, pág. 384 do PDF de anexos";"62, 63, 64 e 65 67 Interruptores, seccionadores e comutadores 8536.50.90 26,5% 40% 41,7% 56,9% 34,1% 48,4% 68 Faróis e projetores, em unidades seladas 8539.10 26,5% 40% 41,7% 56,9% 34,1% 48,4% 69 Lâmpadas e tubos de incandescência, exceto de raios ultravioleta ou infravermelhos 8539.2 26,5% 40% 41,7"
87082999;IX;st;"RICMS/SE — Anexo IX, pág. 384 do PDF de anexos";"62, 63, 64 e 65 67 Interruptores, seccionadores e comutadores 8536.50.90 26,5% 40% 41,7% 56,9% 34,1% 48,4% 68 Faróis e projetores, em unidades seladas 8539.10 26,5% 40% 41,7% 56,9% 34,1% 48,4% 69 Lâmpadas e tubos de incandescência, exceto de raios ultravioleta ou infravermelhos 8539.2 26,5% 40% 41,7"
68129010;IX;st;"RICMS/SE — Anexo IX, pág. 386 do PDF de anexos";"11 Capacetes e artefatos de uso semelhante, de proteção (para uso em motocicletas, incluídos ciclomotores) 6506.10.00 40% 26,50% 12 Juntas e Outros elementos (de amianto) com função semelhante de vedação, para veículos automotores 6812.90.10 40% 26,50% 13 Guarnições de fricção (por exemplo: placas, "
80070000;IX;st;"RICMS/SE — Anexo IX, pág. 386 do PDF de anexos";"11 Capacetes e artefatos de uso semelhante, de proteção (para uso em motocicletas, incluídos ciclomotores) 6506.10.00 40% 26,50% 12 Juntas e Outros elementos (de amianto) com função semelhante de vedação, para veículos automotores 6812.90.10 40% 26,50% 13 Guarnições de fricção (por exemplo: placas, "
83012000;IX;st;"RICMS/SE — Anexo IX, pág. 386 do PDF de anexos";"11 Capacetes e artefatos de uso semelhante, de proteção (para uso em motocicletas, incluídos ciclomotores) 6506.10.00 40% 26,50% 12 Juntas e Outros elementos (de amianto) com função semelhante de vedação, para veículos automotores 6812.90.10 40% 26,50% 13 Guarnições de fricção (por exemplo: placas, "
84091000;IX;st;"RICMS/SE — Anexo IX, pág. 386 do PDF de anexos";"11 Capacetes e artefatos de uso semelhante, de proteção (para uso em motocicletas, incluídos ciclomotores) 6506.10.00 40% 26,50% 12 Juntas e Outros elementos (de amianto) com função semelhante de vedação, para veículos automotores 6812.90.10 40% 26,50% 13 Guarnições de fricção (por exemplo: placas, "
84139100;IX;st;"RICMS/SE — Anexo IX, pág. 386 do PDF de anexos";"11 Capacetes e artefatos de uso semelhante, de proteção (para uso em motocicletas, incluídos ciclomotores) 6506.10.00 40% 26,50% 12 Juntas e Outros elementos (de amianto) com função semelhante de vedação, para veículos automotores 6812.90.10 40% 26,50% 13 Guarnições de fricção (por exemplo: placas, "
85251010;IX;st;"RICMS/SE — Anexo IX, pág. 387 do PDF de anexos";"43 Aparelhos e dispositivos elétricos de ignição ou de arranque para motores de ignição por centelha (faísca) ou por compressão (por exemplo: magnetos, dínamos - magnetos, bobinas de ignição, velas de ignição ou de aquecimento, motores de arranque); geradores (dínamos e alternadores, por exemplo) e "
32061119;IX;st;"RICMS/SE — Anexo IX, pág. 389 do PDF de anexos";"3404, 3405.20, 3405.30, 3405.90, 3905, 3907, 3910. 2710 3404, 3405.20, 3405.30, 3405.90, 3905, 3907 e 3910 Nova Redação dada ao item 4pelo Decreton.° 26.351/09 , efeitos a partir de 1°/07/2009. 4 - Xadrez e pós assemelhados, exceto pigmentos à base de dióxido de titânio classificados no código NCM/S"
32041700;IX;st;"RICMS/SE — Anexo IX, pág. 388 do PDF de anexos";"Cuja alíquota de origem seja: a) 4% b) 7% c) 12% d)18% 58,05 % 53,11 % 44,88 % 35,00% 75,61 % 70,12 % 60,98 % 50,00% 24.001.00 24.002.00 24.003.00 3208 e 3209 e 3210.00 2821, 3204.17.00 e 3206. 3204, 3205.00.00, 3206 e 32.12 ( * ) Margem de Valor Agregado Ajustada (**) Código Especificador da Substi"
32050000;IX;st;"RICMS/SE — Anexo IX, pág. 388 do PDF de anexos";"Cuja alíquota de origem seja: a) 4% b) 7% c) 12% d)18% 58,05 % 53,11 % 44,88 % 35,00% 75,61 % 70,12 % 60,98 % 50,00% 24.001.00 24.002.00 24.003.00 3208 e 3209 e 3210.00 2821, 3204.17.00 e 3206. 3204, 3205.00.00, 3206 e 32.12 ( * ) Margem de Valor Agregado Ajustada (**) Código Especificador da Substi"
27101130;IX;st;"RICMS/SE — Anexo IX, pág. 389 do PDF de anexos";"2707, 2710 (exceto posição 2710.11.30), 2901, 2902, 3805, 3807, 3810 e 3814 Nova Redação dada ao item 3 pelo DECRETO N.º 28.535/2012 , efeitos a partir de 1°/07/2012. 3 - Massas, pastas, ceras, encáusticas, líquidos, preparações e outros para dar brilho, limpeza, polimento ou conservação (Conv."
27060000;IX;st;"RICMS/SE — Anexo IX, pág. 389 do PDF de anexos";"2706.00.00 e 2714 (NR) 2706.00.00, 2713, 2714 e 2715.00.00 2706.00.00 e 2715.00.00"
27150000;IX;st;"RICMS/SE — Anexo IX, pág. 390 do PDF de anexos";"2707, 2713, 2714, 2715.00.00, 3214, 3506, 3808, 3824, 3907, 3910, 6807 (NR) 2707, 2713, 2714, 2715.00.00, 3214, 3506, 3808, 3824, 3907, 3910, 6807 7 - Secantes preparados;"
32110000;IX;st;"RICMS/SE — Anexo IX, pág. 390 do PDF de anexos";"3211.00.00 Nova Redação dada ao item 8 pelo DECRETO N.º 28.535/2012 , efeitos a partir de 1°/07/2012. 8 - Preparações iniciadoras ou aceleradoras de reação, preparações catalísticas, aglutinantes, aditivos, agentes de cura para aplicação em tintas, vernizes, bases, cimentos, concretos, rebocos e arg"
73211100;IX;st;"RICMS/SE — Anexo IX, pág. 391 do PDF de anexos";"Item NCM/SH DESCRIÇÃO MVA Original ou interna MVA Interestadual 12% MVA Interestadual 7% MVA interestadual 4% 1. 7321.11.00 7321.81.00 7321.90.00 Fogões de cozinha de uso doméstico e suas partes 36,98 47 55,36 60,37 2. 8418.10.00 Combinações de refrigeradores e congeladores ('freezers'), munidos de "
73218100;IX;st;"RICMS/SE — Anexo IX, pág. 391 do PDF de anexos";"Item NCM/SH DESCRIÇÃO MVA Original ou interna MVA Interestadual 12% MVA Interestadual 7% MVA interestadual 4% 1. 7321.11.00 7321.81.00 7321.90.00 Fogões de cozinha de uso doméstico e suas partes 36,98 47 55,36 60,37 2. 8418.10.00 Combinações de refrigeradores e congeladores ('freezers'), munidos de "
73219000;IX;st;"RICMS/SE — Anexo IX, pág. 391 do PDF de anexos";"Item NCM/SH DESCRIÇÃO MVA Original ou interna MVA Interestadual 12% MVA Interestadual 7% MVA interestadual 4% 1. 7321.11.00 7321.81.00 7321.90.00 Fogões de cozinha de uso doméstico e suas partes 36,98 47 55,36 60,37 2. 8418.10.00 Combinações de refrigeradores e congeladores ('freezers'), munidos de "
84181000;IX;st;"RICMS/SE — Anexo IX, pág. 391 do PDF de anexos";"Item NCM/SH DESCRIÇÃO MVA Original ou interna MVA Interestadual 12% MVA Interestadual 7% MVA interestadual 4% 1. 7321.11.00 7321.81.00 7321.90.00 Fogões de cozinha de uso doméstico e suas partes 36,98 47 55,36 60,37 2. 8418.10.00 Combinações de refrigeradores e congeladores ('freezers'), munidos de "
84182100;IX;st;"RICMS/SE — Anexo IX, pág. 391 do PDF de anexos";"Item NCM/SH DESCRIÇÃO MVA Original ou interna MVA Interestadual 12% MVA Interestadual 7% MVA interestadual 4% 1. 7321.11.00 7321.81.00 7321.90.00 Fogões de cozinha de uso doméstico e suas partes 36,98 47 55,36 60,37 2. 8418.10.00 Combinações de refrigeradores e congeladores ('freezers'), munidos de "
84182900;IX;st;"RICMS/SE — Anexo IX, pág. 391 do PDF de anexos";"Item NCM/SH DESCRIÇÃO MVA Original ou interna MVA Interestadual 12% MVA Interestadual 7% MVA interestadual 4% 1. 7321.11.00 7321.81.00 7321.90.00 Fogões de cozinha de uso doméstico e suas partes 36,98 47 55,36 60,37 2. 8418.10.00 Combinações de refrigeradores e congeladores ('freezers'), munidos de "
84183000;IX;st;"RICMS/SE — Anexo IX, pág. 391 do PDF de anexos";"Item NCM/SH DESCRIÇÃO MVA Original ou interna MVA Interestadual 12% MVA Interestadual 7% MVA interestadual 4% 1. 7321.11.00 7321.81.00 7321.90.00 Fogões de cozinha de uso doméstico e suas partes 36,98 47 55,36 60,37 2. 8418.10.00 Combinações de refrigeradores e congeladores ('freezers'), munidos de "
84184000;IX;st;"RICMS/SE — Anexo IX, pág. 391 do PDF de anexos";"Item NCM/SH DESCRIÇÃO MVA Original ou interna MVA Interestadual 12% MVA Interestadual 7% MVA interestadual 4% 1. 7321.11.00 7321.81.00 7321.90.00 Fogões de cozinha de uso doméstico e suas partes 36,98 47 55,36 60,37 2. 8418.10.00 Combinações de refrigeradores e congeladores ('freezers'), munidos de "
84185010;IX;st;"RICMS/SE — Anexo IX, pág. 391 do PDF de anexos";"Item NCM/SH DESCRIÇÃO MVA Original ou interna MVA Interestadual 12% MVA Interestadual 7% MVA interestadual 4% 1. 7321.11.00 7321.81.00 7321.90.00 Fogões de cozinha de uso doméstico e suas partes 36,98 47 55,36 60,37 2. 8418.10.00 Combinações de refrigeradores e congeladores ('freezers'), munidos de "
84185090;IX;st;"RICMS/SE — Anexo IX, pág. 391 do PDF de anexos";"Item NCM/SH DESCRIÇÃO MVA Original ou interna MVA Interestadual 12% MVA Interestadual 7% MVA interestadual 4% 1. 7321.11.00 7321.81.00 7321.90.00 Fogões de cozinha de uso doméstico e suas partes 36,98 47 55,36 60,37 2. 8418.10.00 Combinações de refrigeradores e congeladores ('freezers'), munidos de "
84186931;IX;st;"RICMS/SE — Anexo IX, pág. 391 do PDF de anexos";"Item NCM/SH DESCRIÇÃO MVA Original ou interna MVA Interestadual 12% MVA Interestadual 7% MVA interestadual 4% 1. 7321.11.00 7321.81.00 7321.90.00 Fogões de cozinha de uso doméstico e suas partes 36,98 47 55,36 60,37 2. 8418.10.00 Combinações de refrigeradores e congeladores ('freezers'), munidos de "
84186999;IX;st;"RICMS/SE — Anexo IX, pág. 391 do PDF de anexos";"Item NCM/SH DESCRIÇÃO MVA Original ou interna MVA Interestadual 12% MVA Interestadual 7% MVA interestadual 4% 1. 7321.11.00 7321.81.00 7321.90.00 Fogões de cozinha de uso doméstico e suas partes 36,98 47 55,36 60,37 2. 8418.10.00 Combinações de refrigeradores e congeladores ('freezers'), munidos de "
84211990;IX;st;"RICMS/SE — Anexo IX, pág. 391 do PDF de anexos";"Item NCM/SH DESCRIÇÃO MVA Original ou interna MVA Interestadual 12% MVA Interestadual 7% MVA interestadual 4% 1. 7321.11.00 7321.81.00 7321.90.00 Fogões de cozinha de uso doméstico e suas partes 36,98 47 55,36 60,37 2. 8418.10.00 Combinações de refrigeradores e congeladores ('freezers'), munidos de "
84221100;IX;st;"RICMS/SE — Anexo IX, pág. 391 do PDF de anexos";"Item NCM/SH DESCRIÇÃO MVA Original ou interna MVA Interestadual 12% MVA Interestadual 7% MVA interestadual 4% 1. 7321.11.00 7321.81.00 7321.90.00 Fogões de cozinha de uso doméstico e suas partes 36,98 47 55,36 60,37 2. 8418.10.00 Combinações de refrigeradores e congeladores ('freezers'), munidos de "
84229010;IX;st;"RICMS/SE — Anexo IX, pág. 391 do PDF de anexos";"Item NCM/SH DESCRIÇÃO MVA Original ou interna MVA Interestadual 12% MVA Interestadual 7% MVA interestadual 4% 1. 7321.11.00 7321.81.00 7321.90.00 Fogões de cozinha de uso doméstico e suas partes 36,98 47 55,36 60,37 2. 8418.10.00 Combinações de refrigeradores e congeladores ('freezers'), munidos de "
84512100;IX;st;"RICMS/SE — Anexo IX, pág. 392 do PDF de anexos";"18. 8443.99 Outras máquinas e aparelhos de impressão por meio de blocos, cilindros e outros elementos de impressão da posição 84.42; e de outras impressoras, máquinas copiadoras e telecopiadores (fax), mesmo combinados entre si, suas partes e acessórios 26,51 35,77 43,48 48,11 19. 8450.11 Máquinas d"
84512990;IX;st;"RICMS/SE — Anexo IX, pág. 392 do PDF de anexos";"18. 8443.99 Outras máquinas e aparelhos de impressão por meio de blocos, cilindros e outros elementos de impressão da posição 84.42; e de outras impressoras, máquinas copiadoras e telecopiadores (fax), mesmo combinados entre si, suas partes e acessórios 26,51 35,77 43,48 48,11 19. 8450.11 Máquinas d"
84521000;IX;st;"RICMS/SE — Anexo IX, pág. 392 do PDF de anexos";"18. 8443.99 Outras máquinas e aparelhos de impressão por meio de blocos, cilindros e outros elementos de impressão da posição 84.42; e de outras impressoras, máquinas copiadoras e telecopiadores (fax), mesmo combinados entre si, suas partes e acessórios 26,51 35,77 43,48 48,11 19. 8450.11 Máquinas d"
84715010;IX;st;"RICMS/SE — Anexo IX, pág. 392 do PDF de anexos";"18. 8443.99 Outras máquinas e aparelhos de impressão por meio de blocos, cilindros e outros elementos de impressão da posição 84.42; e de outras impressoras, máquinas copiadoras e telecopiadores (fax), mesmo combinados entre si, suas partes e acessórios 26,51 35,77 43,48 48,11 19. 8450.11 Máquinas d"
84714900;IX;st;"RICMS/SE — Anexo IX, pág. 392 do PDF de anexos";"18. 8443.99 Outras máquinas e aparelhos de impressão por meio de blocos, cilindros e outros elementos de impressão da posição 84.42; e de outras impressoras, máquinas copiadoras e telecopiadores (fax), mesmo combinados entre si, suas partes e acessórios 26,51 35,77 43,48 48,11 19. 8450.11 Máquinas d"
84716054;IX;st;"RICMS/SE — Anexo IX, pág. 392 do PDF de anexos";"18. 8443.99 Outras máquinas e aparelhos de impressão por meio de blocos, cilindros e outros elementos de impressão da posição 84.42; e de outras impressoras, máquinas copiadoras e telecopiadores (fax), mesmo combinados entre si, suas partes e acessórios 26,51 35,77 43,48 48,11 19. 8450.11 Máquinas d"
84716090;IX;st;"RICMS/SE — Anexo IX, pág. 392 do PDF de anexos";"18. 8443.99 Outras máquinas e aparelhos de impressão por meio de blocos, cilindros e outros elementos de impressão da posição 84.42; e de outras impressoras, máquinas copiadoras e telecopiadores (fax), mesmo combinados entre si, suas partes e acessórios 26,51 35,77 43,48 48,11 19. 8450.11 Máquinas d"
85043300;IX;st;"RICMS/SE — Anexo IX, pág. 393 do PDF de anexos";"36. 8504.3 Outros transformadores, exceto os produtos classificados nas posições 8504.33.00 e 8504.34.00 30,00 39,51 47,44 52,20 37. 8504.40.10 Carregadores de acumuladores 30,00 39,51 47,44 52,20 38. 8504.40.40 Equipamentos de alimentação ininterrupta de energia (UPS ou 'no break') 26,51 35,77 43,4"
85043400;IX;st;"RICMS/SE — Anexo IX, pág. 393 do PDF de anexos";"36. 8504.3 Outros transformadores, exceto os produtos classificados nas posições 8504.33.00 e 8504.34.00 30,00 39,51 47,44 52,20 37. 8504.40.10 Carregadores de acumuladores 30,00 39,51 47,44 52,20 38. 8504.40.40 Equipamentos de alimentação ininterrupta de energia (UPS ou 'no break') 26,51 35,77 43,4"
85044010;IX;st;"RICMS/SE — Anexo IX, pág. 393 do PDF de anexos";"36. 8504.3 Outros transformadores, exceto os produtos classificados nas posições 8504.33.00 e 8504.34.00 30,00 39,51 47,44 52,20 37. 8504.40.10 Carregadores de acumuladores 30,00 39,51 47,44 52,20 38. 8504.40.40 Equipamentos de alimentação ininterrupta de energia (UPS ou 'no break') 26,51 35,77 43,4"
85044040;IX;st;"RICMS/SE — Anexo IX, pág. 393 do PDF de anexos";"36. 8504.3 Outros transformadores, exceto os produtos classificados nas posições 8504.33.00 e 8504.34.00 30,00 39,51 47,44 52,20 37. 8504.40.10 Carregadores de acumuladores 30,00 39,51 47,44 52,20 38. 8504.40.40 Equipamentos de alimentação ininterrupta de energia (UPS ou 'no break') 26,51 35,77 43,4"
85098010;IX;st;"RICMS/SE — Anexo IX, pág. 393 do PDF de anexos";"36. 8504.3 Outros transformadores, exceto os produtos classificados nas posições 8504.33.00 e 8504.34.00 30,00 39,51 47,44 52,20 37. 8504.40.10 Carregadores de acumuladores 30,00 39,51 47,44 52,20 38. 8504.40.40 Equipamentos de alimentação ininterrupta de energia (UPS ou 'no break') 26,51 35,77 43,4"
85161000;IX;st;"RICMS/SE — Anexo IX, pág. 393 do PDF de anexos";"36. 8504.3 Outros transformadores, exceto os produtos classificados nas posições 8504.33.00 e 8504.34.00 30,00 39,51 47,44 52,20 37. 8504.40.10 Carregadores de acumuladores 30,00 39,51 47,44 52,20 38. 8504.40.40 Equipamentos de alimentação ininterrupta de energia (UPS ou 'no break') 26,51 35,77 43,4"
85164000;IX;st;"RICMS/SE — Anexo IX, pág. 393 do PDF de anexos";"36. 8504.3 Outros transformadores, exceto os produtos classificados nas posições 8504.33.00 e 8504.34.00 30,00 39,51 47,44 52,20 37. 8504.40.10 Carregadores de acumuladores 30,00 39,51 47,44 52,20 38. 8504.40.40 Equipamentos de alimentação ininterrupta de energia (UPS ou 'no break') 26,51 35,77 43,4"
85165000;IX;st;"RICMS/SE — Anexo IX, pág. 393 do PDF de anexos";"36. 8504.3 Outros transformadores, exceto os produtos classificados nas posições 8504.33.00 e 8504.34.00 30,00 39,51 47,44 52,20 37. 8504.40.10 Carregadores de acumuladores 30,00 39,51 47,44 52,20 38. 8504.40.40 Equipamentos de alimentação ininterrupta de energia (UPS ou 'no break') 26,51 35,77 43,4"
85166000;IX;st;"RICMS/SE — Anexo IX, pág. 393 do PDF de anexos";"36. 8504.3 Outros transformadores, exceto os produtos classificados nas posições 8504.33.00 e 8504.34.00 30,00 39,51 47,44 52,20 37. 8504.40.10 Carregadores de acumuladores 30,00 39,51 47,44 52,20 38. 8504.40.40 Equipamentos de alimentação ininterrupta de energia (UPS ou 'no break') 26,51 35,77 43,4"
85167100;IX;st;"RICMS/SE — Anexo IX, pág. 393 do PDF de anexos";"36. 8504.3 Outros transformadores, exceto os produtos classificados nas posições 8504.33.00 e 8504.34.00 30,00 39,51 47,44 52,20 37. 8504.40.10 Carregadores de acumuladores 30,00 39,51 47,44 52,20 38. 8504.40.40 Equipamentos de alimentação ininterrupta de energia (UPS ou 'no break') 26,51 35,77 43,4"
85167200;IX;st;"RICMS/SE — Anexo IX, pág. 393 do PDF de anexos";"36. 8504.3 Outros transformadores, exceto os produtos classificados nas posições 8504.33.00 e 8504.34.00 30,00 39,51 47,44 52,20 37. 8504.40.10 Carregadores de acumuladores 30,00 39,51 47,44 52,20 38. 8504.40.40 Equipamentos de alimentação ininterrupta de energia (UPS ou 'no break') 26,51 35,77 43,4"
85169000;IX;st;"RICMS/SE — Anexo IX, pág. 393 do PDF de anexos";"36. 8504.3 Outros transformadores, exceto os produtos classificados nas posições 8504.33.00 e 8504.34.00 30,00 39,51 47,44 52,20 37. 8504.40.10 Carregadores de acumuladores 30,00 39,51 47,44 52,20 38. 8504.40.40 Equipamentos de alimentação ininterrupta de energia (UPS ou 'no break') 26,51 35,77 43,4"
85176251;IX;st;"RICMS/SE — Anexo IX, pág. 393 do PDF de anexos";"36. 8504.3 Outros transformadores, exceto os produtos classificados nas posições 8504.33.00 e 8504.34.00 30,00 39,51 47,44 52,20 37. 8504.40.10 Carregadores de acumuladores 30,00 39,51 47,44 52,20 38. 8504.40.40 Equipamentos de alimentação ininterrupta de energia (UPS ou 'no break') 26,51 35,77 43,4"
85176252;IX;st;"RICMS/SE — Anexo IX, pág. 393 do PDF de anexos";"36. 8504.3 Outros transformadores, exceto os produtos classificados nas posições 8504.33.00 e 8504.34.00 30,00 39,51 47,44 52,20 37. 8504.40.10 Carregadores de acumuladores 30,00 39,51 47,44 52,20 38. 8504.40.40 Equipamentos de alimentação ininterrupta de energia (UPS ou 'no break') 26,51 35,77 43,4"
85176253;IX;st;"RICMS/SE — Anexo IX, pág. 393 do PDF de anexos";"36. 8504.3 Outros transformadores, exceto os produtos classificados nas posições 8504.33.00 e 8504.34.00 30,00 39,51 47,44 52,20 37. 8504.40.10 Carregadores de acumuladores 30,00 39,51 47,44 52,20 38. 8504.40.40 Equipamentos de alimentação ininterrupta de energia (UPS ou 'no break') 26,51 35,77 43,4"
85198190;IX;st;"RICMS/SE — Anexo IX, pág. 399 do PDF de anexos";"Exceto os de uso automotivo 30,00 37,83 45,66 50,36 56. 8519.81.90 Outros aparelhos de gravação de som; aparelhos de reprodução de som; aparelhos de gravação e de reprodução de som; partes e acessórios."
85219090;IX;st;"RICMS/SE — Anexo IX, pág. 400 do PDF de anexos";"57. 8521.90.90 Outros aparelhos videofônicos de gravação ou de reprodução, mesmo incorporando um receptor de sinais videofônicos 26,51 34,13 41,75 46,32 58. 8523.51.10 Cartões de memória ('memorycards') 36,98 45,23 53,48 58,43 59. 8525.80.29 Câmeras fotográficas digitais e câmeras de vídeo e suas pa"
85235110;IX;st;"RICMS/SE — Anexo IX, pág. 394 do PDF de anexos";"ou de reprodução, mesmo incorporando um receptor de sinais videofônicos 58. 8523.51.10 Cartões de memória ('memorycards') 36,98 47 55,36 60,37 59. 8525.80.29 Câmeras fotográficas digitais e câmeras de vídeo e suas partes 19,53 28,28 35,56 39,94 60. 85.27 Aparelhos receptores para radiodifusão, mesmo"
85258029;IX;st;"RICMS/SE — Anexo IX, pág. 394 do PDF de anexos";"ou de reprodução, mesmo incorporando um receptor de sinais videofônicos 58. 8523.51.10 Cartões de memória ('memorycards') 36,98 47 55,36 60,37 59. 8525.80.29 Câmeras fotográficas digitais e câmeras de vídeo e suas partes 19,53 28,28 35,56 39,94 60. 85.27 Aparelhos receptores para radiodifusão, mesmo"
85285120;IX;st;"RICMS/SE — Anexo IX, pág. 394 do PDF de anexos";"ou de reprodução, mesmo incorporando um receptor de sinais videofônicos 58. 8523.51.10 Cartões de memória ('memorycards') 36,98 47 55,36 60,37 59. 8525.80.29 Câmeras fotográficas digitais e câmeras de vídeo e suas partes 19,53 28,28 35,56 39,94 60. 85.27 Aparelhos receptores para radiodifusão, mesmo"
85284929;IX;st;"RICMS/SE — Anexo IX, pág. 394 do PDF de anexos";"ou de reprodução, mesmo incorporando um receptor de sinais videofônicos 58. 8523.51.10 Cartões de memória ('memorycards') 36,98 47 55,36 60,37 59. 8525.80.29 Câmeras fotográficas digitais e câmeras de vídeo e suas partes 19,53 28,28 35,56 39,94 60. 85.27 Aparelhos receptores para radiodifusão, mesmo"
85285920;IX;st;"RICMS/SE — Anexo IX, pág. 394 do PDF de anexos";"ou de reprodução, mesmo incorporando um receptor de sinais videofônicos 58. 8523.51.10 Cartões de memória ('memorycards') 36,98 47 55,36 60,37 59. 8525.80.29 Câmeras fotográficas digitais e câmeras de vídeo e suas partes 19,53 28,28 35,56 39,94 60. 85.27 Aparelhos receptores para radiodifusão, mesmo"
85286100;IX;st;"RICMS/SE — Anexo IX, pág. 394 do PDF de anexos";"ou de reprodução, mesmo incorporando um receptor de sinais videofônicos 58. 8523.51.10 Cartões de memória ('memorycards') 36,98 47 55,36 60,37 59. 8525.80.29 Câmeras fotográficas digitais e câmeras de vídeo e suas partes 19,53 28,28 35,56 39,94 60. 85.27 Aparelhos receptores para radiodifusão, mesmo"
85286900;IX;st;"RICMS/SE — Anexo IX, pág. 394 do PDF de anexos";"ou de reprodução, mesmo incorporando um receptor de sinais videofônicos 58. 8523.51.10 Cartões de memória ('memorycards') 36,98 47 55,36 60,37 59. 8525.80.29 Câmeras fotográficas digitais e câmeras de vídeo e suas partes 19,53 28,28 35,56 39,94 60. 85.27 Aparelhos receptores para radiodifusão, mesmo"
90061000;IX;st;"RICMS/SE — Anexo IX, pág. 400 do PDF de anexos";"57. 8521.90.90 Outros aparelhos videofônicos de gravação ou de reprodução, mesmo incorporando um receptor de sinais videofônicos 26,51 34,13 41,75 46,32 58. 8523.51.10 Cartões de memória ('memorycards') 36,98 45,23 53,48 58,43 59. 8525.80.29 Câmeras fotográficas digitais e câmeras de vídeo e suas pa"
90064000;IX;st;"RICMS/SE — Anexo IX, pág. 400 do PDF de anexos";"57. 8521.90.90 Outros aparelhos videofônicos de gravação ou de reprodução, mesmo incorporando um receptor de sinais videofônicos 26,51 34,13 41,75 46,32 58. 8523.51.10 Cartões de memória ('memorycards') 36,98 45,23 53,48 58,43 59. 8525.80.29 Câmeras fotográficas digitais e câmeras de vídeo e suas pa"
44190000;IX;st;"RICMS/SE — Anexo IX, pág. 405 do PDF de anexos";"TABELA IX ARTEFATOS DE USO DOMÉSTICO (PROTOCOLO ICMS 38/2012) Observar o disposto o § 4ºD - A do art. 684 Item CÓDIGO NCM/SH DESCRIÇÃO MVA origina l ou interna MVA interest a - dual 12% MVA Intersta - dual 7% MVA interestad ual 4% 1 3924.10.00 Serviços de mesa e outros utensílios de mesa ou de cozin"
70133700;IX;st;"RICMS/SE — Anexo IX, pág. 406 do PDF de anexos";"10 7013.37.00 Outros copos exceto de vitrocerâmica 45,00 53,74 62,47 67,71 11 7013.42.90 Objetos para serviço de mesa (exceto copos) ou de cozinha, exceto de vitrocerâmica - outros - pratos 45,00 53,74 62,47 67,71 12 7323.93.00 Artefatos de uso doméstico, e suas partes, de ferro fundido, ferro ou aç"
74181900;IX;st;"RICMS/SE — Anexo IX, pág. 406 do PDF de anexos";"10 7013.37.00 Outros copos exceto de vitrocerâmica 45,00 53,74 62,47 67,71 11 7013.42.90 Objetos para serviço de mesa (exceto copos) ou de cozinha, exceto de vitrocerâmica - outros - pratos 45,00 53,74 62,47 67,71 12 7323.93.00 Artefatos de uso doméstico, e suas partes, de ferro fundido, ferro ou aç"
76151900;IX;st;"RICMS/SE — Anexo IX, pág. 406 do PDF de anexos";"10 7013.37.00 Outros copos exceto de vitrocerâmica 45,00 53,74 62,47 67,71 11 7013.42.90 Objetos para serviço de mesa (exceto copos) ou de cozinha, exceto de vitrocerâmica - outros - pratos 45,00 53,74 62,47 67,71 12 7323.93.00 Artefatos de uso doméstico, e suas partes, de ferro fundido, ferro ou aç"
69111010;IX;st;"RICMS/SE — Anexo IX, pág. 405 do PDF de anexos";"TABELA IX ARTEFATOS DE USO DOMÉSTICO (PROTOCOLO ICMS 38/2012) Observar o disposto o § 4ºD - A do art. 684 Item CÓDIGO NCM/SH DESCRIÇÃO MVA origina l ou interna MVA interest a - dual 12% MVA Intersta - dual 7% MVA interestad ual 4% 1 3924.10.00 Serviços de mesa e outros utensílios de mesa ou de cozin"
69111090;IX;st;"RICMS/SE — Anexo IX, pág. 405 do PDF de anexos";"TABELA IX ARTEFATOS DE USO DOMÉSTICO (PROTOCOLO ICMS 38/2012) Observar o disposto o § 4ºD - A do art. 684 Item CÓDIGO NCM/SH DESCRIÇÃO MVA origina l ou interna MVA interest a - dual 12% MVA Intersta - dual 7% MVA interestad ual 4% 1 3924.10.00 Serviços de mesa e outros utensílios de mesa ou de cozin"
69120000;IX;st;"RICMS/SE — Anexo IX, pág. 405 do PDF de anexos";"TABELA IX ARTEFATOS DE USO DOMÉSTICO (PROTOCOLO ICMS 38/2012) Observar o disposto o § 4ºD - A do art. 684 Item CÓDIGO NCM/SH DESCRIÇÃO MVA origina l ou interna MVA interest a - dual 12% MVA Intersta - dual 7% MVA interestad ual 4% 1 3924.10.00 Serviços de mesa e outros utensílios de mesa ou de cozin"
70134290;IX;st;"RICMS/SE — Anexo IX, pág. 406 do PDF de anexos";"10 7013.37.00 Outros copos exceto de vitrocerâmica 45,00 53,74 62,47 67,71 11 7013.42.90 Objetos para serviço de mesa (exceto copos) ou de cozinha, exceto de vitrocerâmica - outros - pratos 45,00 53,74 62,47 67,71 12 7323.93.00 Artefatos de uso doméstico, e suas partes, de ferro fundido, ferro ou aç"
73239300;IX;st;"RICMS/SE — Anexo IX, pág. 406 do PDF de anexos";"10 7013.37.00 Outros copos exceto de vitrocerâmica 45,00 53,74 62,47 67,71 11 7013.42.90 Objetos para serviço de mesa (exceto copos) ou de cozinha, exceto de vitrocerâmica - outros - pratos 45,00 53,74 62,47 67,71 12 7323.93.00 Artefatos de uso doméstico, e suas partes, de ferro fundido, ferro ou aç"
82119100;IX;st;"RICMS/SE — Anexo IX, pág. 406 do PDF de anexos";"10 7013.37.00 Outros copos exceto de vitrocerâmica 45,00 53,74 62,47 67,71 11 7013.42.90 Objetos para serviço de mesa (exceto copos) ou de cozinha, exceto de vitrocerâmica - outros - pratos 45,00 53,74 62,47 67,71 12 7323.93.00 Artefatos de uso doméstico, e suas partes, de ferro fundido, ferro ou aç"
82119210;IX;st;"RICMS/SE — Anexo IX, pág. 406 do PDF de anexos";"10 7013.37.00 Outros copos exceto de vitrocerâmica 45,00 53,74 62,47 67,71 11 7013.42.90 Objetos para serviço de mesa (exceto copos) ou de cozinha, exceto de vitrocerâmica - outros - pratos 45,00 53,74 62,47 67,71 12 7323.93.00 Artefatos de uso doméstico, e suas partes, de ferro fundido, ferro ou aç"
82032090;IX;st;"RICMS/SE — Anexo IX, pág. 407 do PDF de anexos";"TABELA X FERRAMENTAS (PROTOCOLO ICMS 39/2012) Observar o disposto o § 4º D - A do art. 684 Item NCM/SH DESCRIÇÃO MVA Original ou interna % MVA Interestadu al 12% MVA interestadu al 7% MVA interestadu al 4% 1. 4016.99. 90 Ferramentas de borracha vulcanizada não endurecida 35 44,88 53,11 58,05 2. 4417"
22060010;IX;st;"RICMS/SE — Anexo IX, pág. 413 do PDF de anexos";"X X 29,04% Sidras e outras bebidas fermentadas classificadas na subposição 2206.00.10 da Nomenclatura Comum do Mercosul - NCM: X X X adquirido com alíquota interestadual de 7%. 44,59% X X adquirido alíquota interestadual de 12%. 36,81% X X adquirido alíquota interestadual de 4%: 65,17% X X nas opera"
22060090;IX;st;"RICMS/SE — Anexo IX, pág. 414 do PDF de anexos";"PRODUTO Alíquota interna 25% Margem de Valor agregado Vinhos, Sidras e outras bebidas fermentadas classificada na posição 2204 e subposições 2206.00.10 e 2206.00.90 da Nomenclatura Comum do Mercosul - NCM, da Nomencla - tura Comum do Mercosul – NCM, cuja operação tenha sido realizada (Prot."
85276253;IX;st;"RICMS/SE — Anexo IX, pág. 415 do PDF de anexos";"R E G U L A M E N T O D O I C M S / S E 415 cocção), grelhas e assadeiras, 8516.60.00 3 85.17 Aparelhos elétricos para telefonia; outros aparelhos para transmissão ou recepção de voz, imagens ou outros dados, incluídos os aparelhos para comunicação em redes por fio ou redes sem fio (tal como uma red"
85171899;IX;st;"RICMS/SE — Anexo IX, pág. 415 do PDF de anexos";"R E G U L A M E N T O D O I C M S / S E 415 cocção), grelhas e assadeiras, 8516.60.00 3 85.17 Aparelhos elétricos para telefonia; outros aparelhos para transmissão ou recepção de voz, imagens ou outros dados, incluídos os aparelhos para comunicação em redes por fio ou redes sem fio (tal como uma red"
85291011;IX;st;"RICMS/SE — Anexo IX, pág. 415 do PDF de anexos";"R E G U L A M E N T O D O I C M S / S E 415 cocção), grelhas e assadeiras, 8516.60.00 3 85.17 Aparelhos elétricos para telefonia; outros aparelhos para transmissão ou recepção de voz, imagens ou outros dados, incluídos os aparelhos para comunicação em redes por fio ou redes sem fio (tal como uma red"
85291019;IX;st;"RICMS/SE — Anexo IX, pág. 415 do PDF de anexos";"R E G U L A M E N T O D O I C M S / S E 415 cocção), grelhas e assadeiras, 8516.60.00 3 85.17 Aparelhos elétricos para telefonia; outros aparelhos para transmissão ou recepção de voz, imagens ou outros dados, incluídos os aparelhos para comunicação em redes por fio ou redes sem fio (tal como uma red"
85318000;IX;st;"RICMS/SE — Anexo IX, pág. 415 do PDF de anexos";"R E G U L A M E N T O D O I C M S / S E 415 cocção), grelhas e assadeiras, 8516.60.00 3 85.17 Aparelhos elétricos para telefonia; outros aparelhos para transmissão ou recepção de voz, imagens ou outros dados, incluídos os aparelhos para comunicação em redes por fio ou redes sem fio (tal como uma red"
85414011;IX;st;"RICMS/SE — Anexo IX, pág. 416 do PDF de anexos";"R E G U L A M E N T O D O I C M S / S E 416 15 85.38 Partes reconhecíveis como exclusiva ou principalmente destinadas aos aparelhos das posições 85.35 ou 85.36. 41 51,32 59,91 65,07 16 8541.40.11 8541.40.21 8541.40.22 Diodos emissores de luz (LED),exceto diodos “laser” 30 39,51 47,44 52,20 17 8543.7"
85414021;IX;st;"RICMS/SE — Anexo IX, pág. 416 do PDF de anexos";"R E G U L A M E N T O D O I C M S / S E 416 15 85.38 Partes reconhecíveis como exclusiva ou principalmente destinadas aos aparelhos das posições 85.35 ou 85.36. 41 51,32 59,91 65,07 16 8541.40.11 8541.40.21 8541.40.22 Diodos emissores de luz (LED),exceto diodos “laser” 30 39,51 47,44 52,20 17 8543.7"
85414022;IX;st;"RICMS/SE — Anexo IX, pág. 416 do PDF de anexos";"R E G U L A M E N T O D O I C M S / S E 416 15 85.38 Partes reconhecíveis como exclusiva ou principalmente destinadas aos aparelhos das posições 85.35 ou 85.36. 41 51,32 59,91 65,07 16 8541.40.11 8541.40.21 8541.40.22 Diodos emissores de luz (LED),exceto diodos “laser” 30 39,51 47,44 52,20 17 8543.7"
85437092;IX;st;"RICMS/SE — Anexo IX, pág. 416 do PDF de anexos";"R E G U L A M E N T O D O I C M S / S E 416 15 85.38 Partes reconhecíveis como exclusiva ou principalmente destinadas aos aparelhos das posições 85.35 ou 85.36. 41 51,32 59,91 65,07 16 8541.40.11 8541.40.21 8541.40.22 Diodos emissores de luz (LED),exceto diodos “laser” 30 39,51 47,44 52,20 17 8543.7"
74130000;IX;st;"RICMS/SE — Anexo IX, pág. 416 do PDF de anexos";"R E G U L A M E N T O D O I C M S / S E 416 15 85.38 Partes reconhecíveis como exclusiva ou principalmente destinadas aos aparelhos das posições 85.35 ou 85.36. 41 51,32 59,91 65,07 16 8541.40.11 8541.40.21 8541.40.22 Diodos emissores de luz (LED),exceto diodos “laser” 30 39,51 47,44 52,20 17 8543.7"
85444900;IX;st;"RICMS/SE — Anexo IX, pág. 416 do PDF de anexos";"R E G U L A M E N T O D O I C M S / S E 416 15 85.38 Partes reconhecíveis como exclusiva ou principalmente destinadas aos aparelhos das posições 85.35 ou 85.36. 41 51,32 59,91 65,07 16 8541.40.11 8541.40.21 8541.40.22 Diodos emissores de luz (LED),exceto diodos “laser” 30 39,51 47,44 52,20 17 8543.7"
73231000;IX;st;"RICMS/SE — Anexo IX, pág. 420 do PDF de anexos";"R E G U L A M E N T O D O I C M S / S E 420 34 73.14 Telas metálicas, grades e redes, de fios de ferro ou aço 33 46,30 54,61 59,60 35 7315.11. 00 Correntes de rolos, de ferro fundido, ferro ou aço 69,43 86,37 96,96 103,32 36 7315.12. 90 Outras correntes de elos articulados, de ferro fundido, ferro o"
38245000;IX;st;"RICMS/SE — Anexo IX, pág. 422 do PDF de anexos";"TABELA XIII REGIME DE SUBSTITUIÇÃO TRIBUTÁRIA (MARGENS DE VALOR AGREGADO A SEREM APLICADAS NAS OPERAÇÕES COM OS PRODUTOS INDICADOS NO INCISO XXVI DO ART. 681 DO RICMS)MATERIAL DE CONSTRUÇÃO, ACABAMENTO, BRICOLAGEM OU ADORNO(Protocolo ICMS 85/2011) It em NCM/SH DESCRIÇÃO DO PRODUTO Operaçã o Interna "
32149000;IX;st;"RICMS/SE — Anexo IX, pág. 422 do PDF de anexos";"TABELA XIII REGIME DE SUBSTITUIÇÃO TRIBUTÁRIA (MARGENS DE VALOR AGREGADO A SEREM APLICADAS NAS OPERAÇÕES COM OS PRODUTOS INDICADOS NO INCISO XXVI DO ART. 681 DO RICMS)MATERIAL DE CONSTRUÇÃO, ACABAMENTO, BRICOLAGEM OU ADORNO(Protocolo ICMS 85/2011) It em NCM/SH DESCRIÇÃO DO PRODUTO Operaçã o Interna "
39252000;IX;st;"RICMS/SE — Anexo IX, pág. 423 do PDF de anexos";"R E G U L A M E N T O D O I C M S / S E 423 3 39.17 Tubos, e seus acessórios (por exemplo, juntas, cotovelos, flanges, uniões), de plásticos 33 42,73 50,84 55,71 4 39.18 Revestimento de pavimento de PVC e outros plásticos 38 48,10 56,51 61,56 5 39.19 Chapas, folhas, tiras, fitas, películas e outras "
39253000;IX;st;"RICMS/SE — Anexo IX, pág. 423 do PDF de anexos";"R E G U L A M E N T O D O I C M S / S E 423 3 39.17 Tubos, e seus acessórios (por exemplo, juntas, cotovelos, flanges, uniões), de plásticos 33 42,73 50,84 55,71 4 39.18 Revestimento de pavimento de PVC e outros plásticos 38 48,10 56,51 61,56 5 39.19 Chapas, folhas, tiras, fitas, películas e outras "
70071900;IX;st;"RICMS/SE — Anexo IX, pág. 423 do PDF de anexos";"R E G U L A M E N T O D O I C M S / S E 423 3 39.17 Tubos, e seus acessórios (por exemplo, juntas, cotovelos, flanges, uniões), de plásticos 33 42,73 50,84 55,71 4 39.18 Revestimento de pavimento de PVC e outros plásticos 38 48,10 56,51 61,56 5 39.19 Chapas, folhas, tiras, fitas, películas e outras "
70080000;IX;st;"RICMS/SE — Anexo IX, pág. 424 do PDF de anexos";"R E G U L A M E N T O D O I C M S / S E 424 21 7007.29.00 Vidros laminados 39 49,17 57,65 62,73 22 7008.00.00 Vidros isolantes de paredes múltiplas 50 60,98 70,12 75,61 23 70.09 Espelhos de vidro, mesmo emoldurados, excluídos os de uso automotivo 37 47,02 55,38 60,39 24 70.16 Blocos, placas, tijolos"
72142000;IX;st;"RICMS/SE — Anexo IX, pág. 424 do PDF de anexos";"R E G U L A M E N T O D O I C M S / S E 424 21 7007.29.00 Vidros laminados 39 49,17 57,65 62,73 22 7008.00.00 Vidros isolantes de paredes múltiplas 50 60,98 70,12 75,61 23 70.09 Espelhos de vidro, mesmo emoldurados, excluídos os de uso automotivo 37 47,02 55,38 60,39 24 70.16 Blocos, placas, tijolos"
73089010;IX;st;"RICMS/SE — Anexo IX, pág. 424 do PDF de anexos";"R E G U L A M E N T O D O I C M S / S E 424 21 7007.29.00 Vidros laminados 39 49,17 57,65 62,73 22 7008.00.00 Vidros isolantes de paredes múltiplas 50 60,98 70,12 75,61 23 70.09 Espelhos de vidro, mesmo emoldurados, excluídos os de uso automotivo 37 47,02 55,38 60,39 24 70.16 Blocos, placas, tijolos"
72171090;IX;st;"RICMS/SE — Anexo IX, pág. 424 do PDF de anexos";"R E G U L A M E N T O D O I C M S / S E 424 21 7007.29.00 Vidros laminados 39 49,17 57,65 62,73 22 7008.00.00 Vidros isolantes de paredes múltiplas 50 60,98 70,12 75,61 23 70.09 Espelhos de vidro, mesmo emoldurados, excluídos os de uso automotivo 37 47,02 55,38 60,39 24 70.16 Blocos, placas, tijolos"
72172090;IX;st;"RICMS/SE — Anexo IX, pág. 424 do PDF de anexos";"R E G U L A M E N T O D O I C M S / S E 424 21 7007.29.00 Vidros laminados 39 49,17 57,65 62,73 22 7008.00.00 Vidros isolantes de paredes múltiplas 50 60,98 70,12 75,61 23 70.09 Espelhos de vidro, mesmo emoldurados, excluídos os de uso automotivo 37 47,02 55,38 60,39 24 70.16 Blocos, placas, tijolos"
73083000;IX;st;"RICMS/SE — Anexo IX, pág. 424 do PDF de anexos";"R E G U L A M E N T O D O I C M S / S E 424 21 7007.29.00 Vidros laminados 39 49,17 57,65 62,73 22 7008.00.00 Vidros isolantes de paredes múltiplas 50 60,98 70,12 75,61 23 70.09 Espelhos de vidro, mesmo emoldurados, excluídos os de uso automotivo 37 47,02 55,38 60,39 24 70.16 Blocos, placas, tijolos"
73084000;IX;st;"RICMS/SE — Anexo IX, pág. 424 do PDF de anexos";"R E G U L A M E N T O D O I C M S / S E 424 21 7007.29.00 Vidros laminados 39 49,17 57,65 62,73 22 7008.00.00 Vidros isolantes de paredes múltiplas 50 60,98 70,12 75,61 23 70.09 Espelhos de vidro, mesmo emoldurados, excluídos os de uso automotivo 37 47,02 55,38 60,39 24 70.16 Blocos, placas, tijolos"
73130000;IX;st;"RICMS/SE — Anexo IX, pág. 424 do PDF de anexos";"R E G U L A M E N T O D O I C M S / S E 424 21 7007.29.00 Vidros laminados 39 49,17 57,65 62,73 22 7008.00.00 Vidros isolantes de paredes múltiplas 50 60,98 70,12 75,61 23 70.09 Espelhos de vidro, mesmo emoldurados, excluídos os de uso automotivo 37 47,02 55,38 60,39 24 70.16 Blocos, placas, tijolos"
73151290;IX;st;"RICMS/SE — Anexo IX, pág. 424 do PDF de anexos";"R E G U L A M E N T O D O I C M S / S E 424 21 7007.29.00 Vidros laminados 39 49,17 57,65 62,73 22 7008.00.00 Vidros isolantes de paredes múltiplas 50 60,98 70,12 75,61 23 70.09 Espelhos de vidro, mesmo emoldurados, excluídos os de uso automotivo 37 47,02 55,38 60,39 24 70.16 Blocos, placas, tijolos"
73158200;IX;st;"RICMS/SE — Anexo IX, pág. 424 do PDF de anexos";"R E G U L A M E N T O D O I C M S / S E 424 21 7007.29.00 Vidros laminados 39 49,17 57,65 62,73 22 7008.00.00 Vidros isolantes de paredes múltiplas 50 60,98 70,12 75,61 23 70.09 Espelhos de vidro, mesmo emoldurados, excluídos os de uso automotivo 37 47,02 55,38 60,39 24 70.16 Blocos, placas, tijolos"
74111010;IX;st;"RICMS/SE — Anexo IX, pág. 425 do PDF de anexos";"ICMS 98/14) (NR) 69,13 81,51 91,82 98,01 41 73.24 Artefatos de higiene ou de toucador, e suas partes; pias, banheiras, lavatórios, cubas, mictórios, tanques e afins de ferro fundido, ferro ou aço 57 68,49 78,06 83,80 42 73.25 Outras obras moldadas, de ferro fundido, ferro ou aço 57 68,49 78,06 83,80"
74182000;IX;st;"RICMS/SE — Anexo IX, pág. 425 do PDF de anexos";"ICMS 98/14) (NR) 69,13 81,51 91,82 98,01 41 73.24 Artefatos de higiene ou de toucador, e suas partes; pias, banheiras, lavatórios, cubas, mictórios, tanques e afins de ferro fundido, ferro ou aço 57 68,49 78,06 83,80 42 73.25 Outras obras moldadas, de ferro fundido, ferro ou aço 57 68,49 78,06 83,80"
76071990;IX;st;"RICMS/SE — Anexo IX, pág. 425 do PDF de anexos";"ICMS 98/14) (NR) 69,13 81,51 91,82 98,01 41 73.24 Artefatos de higiene ou de toucador, e suas partes; pias, banheiras, lavatórios, cubas, mictórios, tanques e afins de ferro fundido, ferro ou aço 57 68,49 78,06 83,80 42 73.25 Outras obras moldadas, de ferro fundido, ferro ou aço 57 68,49 78,06 83,80"
76090000;IX;st;"RICMS/SE — Anexo IX, pág. 425 do PDF de anexos";"ICMS 98/14) (NR) 69,13 81,51 91,82 98,01 41 73.24 Artefatos de higiene ou de toucador, e suas partes; pias, banheiras, lavatórios, cubas, mictórios, tanques e afins de ferro fundido, ferro ou aço 57 68,49 78,06 83,80 42 73.25 Outras obras moldadas, de ferro fundido, ferro ou aço 57 68,49 78,06 83,80"
76152000;IX;st;"RICMS/SE — Anexo IX, pág. 425 do PDF de anexos";"ICMS 98/14) (NR) 69,13 81,51 91,82 98,01 41 73.24 Artefatos de higiene ou de toucador, e suas partes; pias, banheiras, lavatórios, cubas, mictórios, tanques e afins de ferro fundido, ferro ou aço 57 68,49 78,06 83,80 42 73.25 Outras obras moldadas, de ferro fundido, ferro ou aço 57 68,49 78,06 83,80"
02102000;IX;st;"RICMS/SE — Anexo IX, pág. 428 do PDF de anexos";"R E G U L A M E N T O D O I C M S / S E 428 5 17.083.00 0210.20.00 0210.99.00 1502 Carne de gado bovino, ovino e bufalino e produtos comestíveis resultantes da matança desse gado submetidos à salga, secagem ou desidratação 28,78% (Alíq. 4%) 24,76% (Alíq. 7%) 18,05% (Alíq. 12%) 10% 6 17.084.00 0201 0"
02109900;IX;st;"RICMS/SE — Anexo IX, pág. 428 do PDF de anexos";"R E G U L A M E N T O D O I C M S / S E 428 5 17.083.00 0210.20.00 0210.99.00 1502 Carne de gado bovino, ovino e bufalino e produtos comestíveis resultantes da matança desse gado submetidos à salga, secagem ou desidratação 28,78% (Alíq. 4%) 24,76% (Alíq. 7%) 18,05% (Alíq. 12%) 10% 6 17.084.00 0201 0"
70102000;IX;st;"RICMS/SE — Anexo IX, pág. 430 do PDF de anexos";"R E G U L A M E N T O D O I C M S / S E 430 4014.90.90 7010.20.00 (*) Margem de Valor Agregado Acrescentado o item 12 PRODUTOS DE PERFUMARIA E DE HIGIENE PESSOAL E COSMÉTICOS ao anexo X pelo Decreto nº 40.039/2018, efeitos a partir de 22.03.2018."