ncm;tratamento;reducao;norma;dispositivo;trecho
100630;zero;0;"Lei Complementar 214/2025";"Anexo I, item 1";"Arroz das subposições 1006.20 e 1006.30 e do código 1006.40.00 da NCM/SH"
100620;zero;0;"Lei Complementar 214/2025";"Anexo I, item 1";"Arroz das subposições 1006.20 e 1006.30 e do código 1006.40.00 da NCM/SH"
10064000;zero;0;"Lei Complementar 214/2025";"Anexo I, item 1";"Arroz das subposições 1006.20 e 1006.30 e do código 1006.40.00 da NCM/SH"
04012090;zero;0;"Lei Complementar 214/2025";"Anexo I, item 2";"Leite, em conformidade com os requisitos da legislação específica relativos ao consumo direto pela população, classificado nos códigos 0401.10.10, 0401.10.90, 0401.20.10, 0401.20.90, 0401.40.10 e 0401.50.10 da NCM/SH"
04012010;zero;0;"Lei Complementar 214/2025";"Anexo I, item 2";"Leite, em conformidade com os requisitos da legislação específica relativos ao consumo direto pela população, classificado nos códigos 0401.10.10, 0401.10.90, 0401.20.10, 0401.20.90, 0401.40.10 e 0401.50.10 da NCM/SH"
04011010;zero;0;"Lei Complementar 214/2025";"Anexo I, item 2";"Leite, em conformidade com os requisitos da legislação específica relativos ao consumo direto pela população, classificado nos códigos 0401.10.10, 0401.10.90, 0401.20.10, 0401.20.90, 0401.40.10 e 0401.50.10 da NCM/SH"
04014010;zero;0;"Lei Complementar 214/2025";"Anexo I, item 2";"Leite, em conformidade com os requisitos da legislação específica relativos ao consumo direto pela população, classificado nos códigos 0401.10.10, 0401.10.90, 0401.20.10, 0401.20.90, 0401.40.10 e 0401.50.10 da NCM/SH"
04015010;zero;0;"Lei Complementar 214/2025";"Anexo I, item 2";"Leite, em conformidade com os requisitos da legislação específica relativos ao consumo direto pela população, classificado nos códigos 0401.10.10, 0401.10.90, 0401.20.10, 0401.20.90, 0401.40.10 e 0401.50.10 da NCM/SH"
04011090;zero;0;"Lei Complementar 214/2025";"Anexo I, item 2";"Leite, em conformidade com os requisitos da legislação específica relativos ao consumo direto pela população, classificado nos códigos 0401.10.10, 0401.10.90, 0401.20.10, 0401.20.90, 0401.40.10 e 0401.50.10 da NCM/SH"
04022920;zero;0;"Lei Complementar 214/2025";"Anexo I, item 3";"Leite em pó, em conformidade com os requisitos da legislação específica, classificado nos códigos 0402.10.10, 0402.10.90, 0402.21.10, 0402.21.20, 0402.29.10 e 0402.29.20 da NCM/SH"
04022110;zero;0;"Lei Complementar 214/2025";"Anexo I, item 3";"Leite em pó, em conformidade com os requisitos da legislação específica, classificado nos códigos 0402.10.10, 0402.10.90, 0402.21.10, 0402.21.20, 0402.29.10 e 0402.29.20 da NCM/SH"
04021010;zero;0;"Lei Complementar 214/2025";"Anexo I, item 3";"Leite em pó, em conformidade com os requisitos da legislação específica, classificado nos códigos 0402.10.10, 0402.10.90, 0402.21.10, 0402.21.20, 0402.29.10 e 0402.29.20 da NCM/SH"
04021090;zero;0;"Lei Complementar 214/2025";"Anexo I, item 3";"Leite em pó, em conformidade com os requisitos da legislação específica, classificado nos códigos 0402.10.10, 0402.10.90, 0402.21.10, 0402.21.20, 0402.29.10 e 0402.29.20 da NCM/SH"
04022120;zero;0;"Lei Complementar 214/2025";"Anexo I, item 3";"Leite em pó, em conformidade com os requisitos da legislação específica, classificado nos códigos 0402.10.10, 0402.10.90, 0402.21.10, 0402.21.20, 0402.29.10 e 0402.29.20 da NCM/SH"
04022910;zero;0;"Lei Complementar 214/2025";"Anexo I, item 3";"Leite em pó, em conformidade com os requisitos da legislação específica, classificado nos códigos 0402.10.10, 0402.10.90, 0402.21.10, 0402.21.20, 0402.29.10 e 0402.29.20 da NCM/SH"
21069090;zero;0;"Lei Complementar 214/2025";"Anexo I, item 4";"Fórmulas infantis, em conformidade com os requisitos da legislação específica, classificadas nos códigos 1901.10.10, 1901.10.90 e 2106.90.90 da NCM/SH"
19011010;zero;0;"Lei Complementar 214/2025";"Anexo I, item 4";"Fórmulas infantis, em conformidade com os requisitos da legislação específica, classificadas nos códigos 1901.10.10, 1901.10.90 e 2106.90.90 da NCM/SH"
19011090;zero;0;"Lei Complementar 214/2025";"Anexo I, item 4";"Fórmulas infantis, em conformidade com os requisitos da legislação específica, classificadas nos códigos 1901.10.10, 1901.10.90 e 2106.90.90 da NCM/SH"
04051000;zero;0;"Lei Complementar 214/2025";"Anexo I, item 5";"Manteiga do código 0405.10.00 da NCM/SH"
15171000;zero;0;"Lei Complementar 214/2025";"Anexo I, item 6";"Margarina do código 1517.10.00 da NCM/SH"
07133399;zero;0;"Lei Complementar 214/2025";"Anexo I, item 7";"Feijões dos códigos 0713.33.19, 0713.33.29, 0713.33.99 e 0713.35.90 da NCM/SH"
07133329;zero;0;"Lei Complementar 214/2025";"Anexo I, item 7";"Feijões dos códigos 0713.33.19, 0713.33.29, 0713.33.99 e 0713.35.90 da NCM/SH"
07133590;zero;0;"Lei Complementar 214/2025";"Anexo I, item 7";"Feijões dos códigos 0713.33.19, 0713.33.29, 0713.33.99 e 0713.35.90 da NCM/SH"
07133319;zero;0;"Lei Complementar 214/2025";"Anexo I, item 7";"Feijões dos códigos 0713.33.19, 0713.33.29, 0713.33.99 e 0713.35.90 da NCM/SH"
21011;zero;0;"Lei Complementar 214/2025";"Anexo I, item 8";"Café da posição 09.01 e da subposição 2101.1, ambos da NCM/SH"
15132120;zero;0;"Lei Complementar 214/2025";"Anexo I, item 9";"Óleo de babaçu do código 1513.21.20 da NCM/SH, em conformidade com os requisitos da legislação específica relativos ao consumo como alimento"
11062000;zero;0;"Lei Complementar 214/2025";"Anexo I, item 10";"Farinha de mandioca classificada no código 1106.20.00 da NCM/SH e tapioca e seus sucedâneos do código 1903.00.00 da NCM/SH"
19030000;zero;0;"Lei Complementar 214/2025";"Anexo I, item 10";"Farinha de mandioca classificada no código 1106.20.00 da NCM/SH e tapioca e seus sucedâneos do código 1903.00.00 da NCM/SH"
11022000;zero;0;"Lei Complementar 214/2025";"Anexo I, item 11";"Farinha, grumos e sêmolas, de milho, dos códigos 1102.20.00 e 1103.13.00 da NCM"
11031300;zero;0;"Lei Complementar 214/2025";"Anexo I, item 11";"Farinha, grumos e sêmolas, de milho, dos códigos 1102.20.00 e 1103.13.00 da NCM"
11042300;zero;0;"Lei Complementar 214/2025";"Anexo I, item 12";"Grãos de milho classificados no código 1104.19.00 e do código 1104.23.00 da NCM/SH"
11041900;zero;0;"Lei Complementar 214/2025";"Anexo I, item 12";"Grãos de milho classificados no código 1104.19.00 e do código 1104.23.00 da NCM/SH"
11010010;zero;0;"Lei Complementar 214/2025";"Anexo I, item 13";"Farinha de trigo do código 1101.00.10 da NCM/SH"
17019900;zero;0;"Lei Complementar 214/2025";"Anexo I, item 14";"Açúcar classificado nos códigos 1701.14.00 e 1701.99.00 da NCM/SH"
17011400;zero;0;"Lei Complementar 214/2025";"Anexo I, item 14";"Açúcar classificado nos códigos 1701.14.00 e 1701.99.00 da NCM/SH"
19021;zero;0;"Lei Complementar 214/2025";"Anexo I, item 15";"Massas alimentícias da subposição 1902.1 da NCM/SH"
19012010;zero;0;"Lei Complementar 214/2025";"Anexo I, item 16";"Pão comumente denominado pão francês, de formato cilíndrico e alongado, com miolo branco creme e macio, e casca dourada e crocante, elaborado a partir da mistura ou pré-mistura de farinha de trigo, fermento biológico, água, sal, açúcar, aditivos alimentares e produtos de fortificação de farinhas, em conformidade com a legislação vigente, classificado no código 1905.90.90 da NCM/SH e a pré-mistura ou massa, para preparação do pão comumente denominado pão francês, dos códigos 1901.20.10 e 1901.20.90 da NCM/SH"
19059090;zero;0;"Lei Complementar 214/2025";"Anexo I, item 16";"Pão comumente denominado pão francês, de formato cilíndrico e alongado, com miolo branco creme e macio, e casca dourada e crocante, elaborado a partir da mistura ou pré-mistura de farinha de trigo, fermento biológico, água, sal, açúcar, aditivos alimentares e produtos de fortificação de farinhas, em conformidade com a legislação vigente, classificado no código 1905.90.90 da NCM/SH e a pré-mistura ou massa, para preparação do pão comumente denominado pão francês, dos códigos 1901.20.10 e 1901.20.90 da NCM/SH"
19012090;zero;0;"Lei Complementar 214/2025";"Anexo I, item 16";"Pão comumente denominado pão francês, de formato cilíndrico e alongado, com miolo branco creme e macio, e casca dourada e crocante, elaborado a partir da mistura ou pré-mistura de farinha de trigo, fermento biológico, água, sal, açúcar, aditivos alimentares e produtos de fortificação de farinhas, em conformidade com a legislação vigente, classificado no código 1905.90.90 da NCM/SH e a pré-mistura ou massa, para preparação do pão comumente denominado pão francês, dos códigos 1901.20.10 e 1901.20.90 da NCM/SH"
11041200;zero;0;"Lei Complementar 214/2025";"Anexo I, item 17";"Grãos de aveia dos códigos 1104.12.00 e 1104.22.00 da NCM/SH"
11042200;zero;0;"Lei Complementar 214/2025";"Anexo I, item 17";"Grãos de aveia dos códigos 1104.12.00 e 1104.22.00 da NCM/SH"
11029000;zero;0;"Lei Complementar 214/2025";"Anexo I, item 18";"Farinha de aveia classificada no código 1102.90.00 da NCM/SH"
02109990;zero;0;"Lei Complementar 214/2025";"Anexo I, item 19";"Carnes bovina, suína, ovina, caprina e de aves e produtos de origem animal (exceto foies gras ) dos seguintes códigos, subposições e posições da NCM/SH: a) 02.01, 02.02, 0206.10.00, 0206.2 e 0210.20.00; b) 02.03, 0206.30.00, 0206.4, 0209.10 e 0210.1; c) 02.04 e 0210.99.20, carne caprina classificada no código 0210.99.90 e miudezas comestíveis de ovinos e caprinos classificadas nos códigos 0206.80.00 e 0206.90.00; d) 02.07, 0209.90.00 e 0210.99.1, exceto os produtos dos códigos 0207.43.00 e 0207.53.00"
02069000;zero;0;"Lei Complementar 214/2025";"Anexo I, item 19";"Carnes bovina, suína, ovina, caprina e de aves e produtos de origem animal (exceto foies gras ) dos seguintes códigos, subposições e posições da NCM/SH: a) 02.01, 02.02, 0206.10.00, 0206.2 e 0210.20.00; b) 02.03, 0206.30.00, 0206.4, 0209.10 e 0210.1; c) 02.04 e 0210.99.20, carne caprina classificada no código 0210.99.90 e miudezas comestíveis de ovinos e caprinos classificadas nos códigos 0206.80.00 e 0206.90.00; d) 02.07, 0209.90.00 e 0210.99.1, exceto os produtos dos códigos 0207.43.00 e 0207.53.00"
02101;zero;0;"Lei Complementar 214/2025";"Anexo I, item 19";"Carnes bovina, suína, ovina, caprina e de aves e produtos de origem animal (exceto foies gras ) dos seguintes códigos, subposições e posições da NCM/SH: a) 02.01, 02.02, 0206.10.00, 0206.2 e 0210.20.00; b) 02.03, 0206.30.00, 0206.4, 0209.10 e 0210.1; c) 02.04 e 0210.99.20, carne caprina classificada no código 0210.99.90 e miudezas comestíveis de ovinos e caprinos classificadas nos códigos 0206.80.00 e 0206.90.00; d) 02.07, 0209.90.00 e 0210.99.1, exceto os produtos dos códigos 0207.43.00 e 0207.53.00"
02064;zero;0;"Lei Complementar 214/2025";"Anexo I, item 19";"Carnes bovina, suína, ovina, caprina e de aves e produtos de origem animal (exceto foies gras ) dos seguintes códigos, subposições e posições da NCM/SH: a) 02.01, 02.02, 0206.10.00, 0206.2 e 0210.20.00; b) 02.03, 0206.30.00, 0206.4, 0209.10 e 0210.1; c) 02.04 e 0210.99.20, carne caprina classificada no código 0210.99.90 e miudezas comestíveis de ovinos e caprinos classificadas nos códigos 0206.80.00 e 0206.90.00; d) 02.07, 0209.90.00 e 0210.99.1, exceto os produtos dos códigos 0207.43.00 e 0207.53.00"
02102000;zero;0;"Lei Complementar 214/2025";"Anexo I, item 19";"Carnes bovina, suína, ovina, caprina e de aves e produtos de origem animal (exceto foies gras ) dos seguintes códigos, subposições e posições da NCM/SH: a) 02.01, 02.02, 0206.10.00, 0206.2 e 0210.20.00; b) 02.03, 0206.30.00, 0206.4, 0209.10 e 0210.1; c) 02.04 e 0210.99.20, carne caprina classificada no código 0210.99.90 e miudezas comestíveis de ovinos e caprinos classificadas nos códigos 0206.80.00 e 0206.90.00; d) 02.07, 0209.90.00 e 0210.99.1, exceto os produtos dos códigos 0207.43.00 e 0207.53.00"
021099;zero;0;"Lei Complementar 214/2025";"Anexo I, item 19";"Carnes bovina, suína, ovina, caprina e de aves e produtos de origem animal (exceto foies gras ) dos seguintes códigos, subposições e posições da NCM/SH: a) 02.01, 02.02, 0206.10.00, 0206.2 e 0210.20.00; b) 02.03, 0206.30.00, 0206.4, 0209.10 e 0210.1; c) 02.04 e 0210.99.20, carne caprina classificada no código 0210.99.90 e miudezas comestíveis de ovinos e caprinos classificadas nos códigos 0206.80.00 e 0206.90.00; d) 02.07, 0209.90.00 e 0210.99.1, exceto os produtos dos códigos 0207.43.00 e 0207.53.00"
02075300;zero;0;"Lei Complementar 214/2025";"Anexo I, item 19";"Carnes bovina, suína, ovina, caprina e de aves e produtos de origem animal (exceto foies gras ) dos seguintes códigos, subposições e posições da NCM/SH: a) 02.01, 02.02, 0206.10.00, 0206.2 e 0210.20.00; b) 02.03, 0206.30.00, 0206.4, 0209.10 e 0210.1; c) 02.04 e 0210.99.20, carne caprina classificada no código 0210.99.90 e miudezas comestíveis de ovinos e caprinos classificadas nos códigos 0206.80.00 e 0206.90.00; d) 02.07, 0209.90.00 e 0210.99.1, exceto os produtos dos códigos 0207.43.00 e 0207.53.00"
02062;zero;0;"Lei Complementar 214/2025";"Anexo I, item 19";"Carnes bovina, suína, ovina, caprina e de aves e produtos de origem animal (exceto foies gras ) dos seguintes códigos, subposições e posições da NCM/SH: a) 02.01, 02.02, 0206.10.00, 0206.2 e 0210.20.00; b) 02.03, 0206.30.00, 0206.4, 0209.10 e 0210.1; c) 02.04 e 0210.99.20, carne caprina classificada no código 0210.99.90 e miudezas comestíveis de ovinos e caprinos classificadas nos códigos 0206.80.00 e 0206.90.00; d) 02.07, 0209.90.00 e 0210.99.1, exceto os produtos dos códigos 0207.43.00 e 0207.53.00"
02109920;zero;0;"Lei Complementar 214/2025";"Anexo I, item 19";"Carnes bovina, suína, ovina, caprina e de aves e produtos de origem animal (exceto foies gras ) dos seguintes códigos, subposições e posições da NCM/SH: a) 02.01, 02.02, 0206.10.00, 0206.2 e 0210.20.00; b) 02.03, 0206.30.00, 0206.4, 0209.10 e 0210.1; c) 02.04 e 0210.99.20, carne caprina classificada no código 0210.99.90 e miudezas comestíveis de ovinos e caprinos classificadas nos códigos 0206.80.00 e 0206.90.00; d) 02.07, 0209.90.00 e 0210.99.1, exceto os produtos dos códigos 0207.43.00 e 0207.53.00"
020910;zero;0;"Lei Complementar 214/2025";"Anexo I, item 19";"Carnes bovina, suína, ovina, caprina e de aves e produtos de origem animal (exceto foies gras ) dos seguintes códigos, subposições e posições da NCM/SH: a) 02.01, 02.02, 0206.10.00, 0206.2 e 0210.20.00; b) 02.03, 0206.30.00, 0206.4, 0209.10 e 0210.1; c) 02.04 e 0210.99.20, carne caprina classificada no código 0210.99.90 e miudezas comestíveis de ovinos e caprinos classificadas nos códigos 0206.80.00 e 0206.90.00; d) 02.07, 0209.90.00 e 0210.99.1, exceto os produtos dos códigos 0207.43.00 e 0207.53.00"
02061000;zero;0;"Lei Complementar 214/2025";"Anexo I, item 19";"Carnes bovina, suína, ovina, caprina e de aves e produtos de origem animal (exceto foies gras ) dos seguintes códigos, subposições e posições da NCM/SH: a) 02.01, 02.02, 0206.10.00, 0206.2 e 0210.20.00; b) 02.03, 0206.30.00, 0206.4, 0209.10 e 0210.1; c) 02.04 e 0210.99.20, carne caprina classificada no código 0210.99.90 e miudezas comestíveis de ovinos e caprinos classificadas nos códigos 0206.80.00 e 0206.90.00; d) 02.07, 0209.90.00 e 0210.99.1, exceto os produtos dos códigos 0207.43.00 e 0207.53.00"
02099000;zero;0;"Lei Complementar 214/2025";"Anexo I, item 19";"Carnes bovina, suína, ovina, caprina e de aves e produtos de origem animal (exceto foies gras ) dos seguintes códigos, subposições e posições da NCM/SH: a) 02.01, 02.02, 0206.10.00, 0206.2 e 0210.20.00; b) 02.03, 0206.30.00, 0206.4, 0209.10 e 0210.1; c) 02.04 e 0210.99.20, carne caprina classificada no código 0210.99.90 e miudezas comestíveis de ovinos e caprinos classificadas nos códigos 0206.80.00 e 0206.90.00; d) 02.07, 0209.90.00 e 0210.99.1, exceto os produtos dos códigos 0207.43.00 e 0207.53.00"
02068000;zero;0;"Lei Complementar 214/2025";"Anexo I, item 19";"Carnes bovina, suína, ovina, caprina e de aves e produtos de origem animal (exceto foies gras ) dos seguintes códigos, subposições e posições da NCM/SH: a) 02.01, 02.02, 0206.10.00, 0206.2 e 0210.20.00; b) 02.03, 0206.30.00, 0206.4, 0209.10 e 0210.1; c) 02.04 e 0210.99.20, carne caprina classificada no código 0210.99.90 e miudezas comestíveis de ovinos e caprinos classificadas nos códigos 0206.80.00 e 0206.90.00; d) 02.07, 0209.90.00 e 0210.99.1, exceto os produtos dos códigos 0207.43.00 e 0207.53.00"
02074300;zero;0;"Lei Complementar 214/2025";"Anexo I, item 19";"Carnes bovina, suína, ovina, caprina e de aves e produtos de origem animal (exceto foies gras ) dos seguintes códigos, subposições e posições da NCM/SH: a) 02.01, 02.02, 0206.10.00, 0206.2 e 0210.20.00; b) 02.03, 0206.30.00, 0206.4, 0209.10 e 0210.1; c) 02.04 e 0210.99.20, carne caprina classificada no código 0210.99.90 e miudezas comestíveis de ovinos e caprinos classificadas nos códigos 0206.80.00 e 0206.90.00; d) 02.07, 0209.90.00 e 0210.99.1, exceto os produtos dos códigos 0207.43.00 e 0207.53.00"
02063000;zero;0;"Lei Complementar 214/2025";"Anexo I, item 19";"Carnes bovina, suína, ovina, caprina e de aves e produtos de origem animal (exceto foies gras ) dos seguintes códigos, subposições e posições da NCM/SH: a) 02.01, 02.02, 0206.10.00, 0206.2 e 0210.20.00; b) 02.03, 0206.30.00, 0206.4, 0209.10 e 0210.1; c) 02.04 e 0210.99.20, carne caprina classificada no código 0210.99.90 e miudezas comestíveis de ovinos e caprinos classificadas nos códigos 0206.80.00 e 0206.90.00; d) 02.07, 0209.90.00 e 0210.99.1, exceto os produtos dos códigos 0207.43.00 e 0207.53.00"
03049;zero;0;"Lei Complementar 214/2025";"Anexo I, item 20";"Peixes e carnes de peixes (exceto salmonídeos, atuns, bacalhaus, hadoque, saithe e ovas e outros subprodutos) dos seguintes códigos, subposições e posições da NCM/SH: a) 03.02; exceto os produtos das subposições e dos códigos 0302.1, 0302.3, 0302.51.00, 0302.52.00, 0302.53.00 e 0302.9 da NCM/SH; b) 03.03; exceto os produtos das subposições e dos códigos 0303.1, 0303.4, 0303.63.00, 0303.64.00, 0303.65.00 e 0303.9 da NCM/SH; c) 03.04; exceto os salmonídeos, atuns, bacalhaus, hadoque e saithe classificados nas subposições 0304.4, 0304.5, 0304.7, 0304.8 e 0304.9 da NCM/SH"
03025300;zero;0;"Lei Complementar 214/2025";"Anexo I, item 20";"Peixes e carnes de peixes (exceto salmonídeos, atuns, bacalhaus, hadoque, saithe e ovas e outros subprodutos) dos seguintes códigos, subposições e posições da NCM/SH: a) 03.02; exceto os produtos das subposições e dos códigos 0302.1, 0302.3, 0302.51.00, 0302.52.00, 0302.53.00 e 0302.9 da NCM/SH; b) 03.03; exceto os produtos das subposições e dos códigos 0303.1, 0303.4, 0303.63.00, 0303.64.00, 0303.65.00 e 0303.9 da NCM/SH; c) 03.04; exceto os salmonídeos, atuns, bacalhaus, hadoque e saithe classificados nas subposições 0304.4, 0304.5, 0304.7, 0304.8 e 0304.9 da NCM/SH"
03048;zero;0;"Lei Complementar 214/2025";"Anexo I, item 20";"Peixes e carnes de peixes (exceto salmonídeos, atuns, bacalhaus, hadoque, saithe e ovas e outros subprodutos) dos seguintes códigos, subposições e posições da NCM/SH: a) 03.02; exceto os produtos das subposições e dos códigos 0302.1, 0302.3, 0302.51.00, 0302.52.00, 0302.53.00 e 0302.9 da NCM/SH; b) 03.03; exceto os produtos das subposições e dos códigos 0303.1, 0303.4, 0303.63.00, 0303.64.00, 0303.65.00 e 0303.9 da NCM/SH; c) 03.04; exceto os salmonídeos, atuns, bacalhaus, hadoque e saithe classificados nas subposições 0304.4, 0304.5, 0304.7, 0304.8 e 0304.9 da NCM/SH"
03025200;zero;0;"Lei Complementar 214/2025";"Anexo I, item 20";"Peixes e carnes de peixes (exceto salmonídeos, atuns, bacalhaus, hadoque, saithe e ovas e outros subprodutos) dos seguintes códigos, subposições e posições da NCM/SH: a) 03.02; exceto os produtos das subposições e dos códigos 0302.1, 0302.3, 0302.51.00, 0302.52.00, 0302.53.00 e 0302.9 da NCM/SH; b) 03.03; exceto os produtos das subposições e dos códigos 0303.1, 0303.4, 0303.63.00, 0303.64.00, 0303.65.00 e 0303.9 da NCM/SH; c) 03.04; exceto os salmonídeos, atuns, bacalhaus, hadoque e saithe classificados nas subposições 0304.4, 0304.5, 0304.7, 0304.8 e 0304.9 da NCM/SH"
03039;zero;0;"Lei Complementar 214/2025";"Anexo I, item 20";"Peixes e carnes de peixes (exceto salmonídeos, atuns, bacalhaus, hadoque, saithe e ovas e outros subprodutos) dos seguintes códigos, subposições e posições da NCM/SH: a) 03.02; exceto os produtos das subposições e dos códigos 0302.1, 0302.3, 0302.51.00, 0302.52.00, 0302.53.00 e 0302.9 da NCM/SH; b) 03.03; exceto os produtos das subposições e dos códigos 0303.1, 0303.4, 0303.63.00, 0303.64.00, 0303.65.00 e 0303.9 da NCM/SH; c) 03.04; exceto os salmonídeos, atuns, bacalhaus, hadoque e saithe classificados nas subposições 0304.4, 0304.5, 0304.7, 0304.8 e 0304.9 da NCM/SH"
03025100;zero;0;"Lei Complementar 214/2025";"Anexo I, item 20";"Peixes e carnes de peixes (exceto salmonídeos, atuns, bacalhaus, hadoque, saithe e ovas e outros subprodutos) dos seguintes códigos, subposições e posições da NCM/SH: a) 03.02; exceto os produtos das subposições e dos códigos 0302.1, 0302.3, 0302.51.00, 0302.52.00, 0302.53.00 e 0302.9 da NCM/SH; b) 03.03; exceto os produtos das subposições e dos códigos 0303.1, 0303.4, 0303.63.00, 0303.64.00, 0303.65.00 e 0303.9 da NCM/SH; c) 03.04; exceto os salmonídeos, atuns, bacalhaus, hadoque e saithe classificados nas subposições 0304.4, 0304.5, 0304.7, 0304.8 e 0304.9 da NCM/SH"
03036300;zero;0;"Lei Complementar 214/2025";"Anexo I, item 20";"Peixes e carnes de peixes (exceto salmonídeos, atuns, bacalhaus, hadoque, saithe e ovas e outros subprodutos) dos seguintes códigos, subposições e posições da NCM/SH: a) 03.02; exceto os produtos das subposições e dos códigos 0302.1, 0302.3, 0302.51.00, 0302.52.00, 0302.53.00 e 0302.9 da NCM/SH; b) 03.03; exceto os produtos das subposições e dos códigos 0303.1, 0303.4, 0303.63.00, 0303.64.00, 0303.65.00 e 0303.9 da NCM/SH; c) 03.04; exceto os salmonídeos, atuns, bacalhaus, hadoque e saithe classificados nas subposições 0304.4, 0304.5, 0304.7, 0304.8 e 0304.9 da NCM/SH"
03023;zero;0;"Lei Complementar 214/2025";"Anexo I, item 20";"Peixes e carnes de peixes (exceto salmonídeos, atuns, bacalhaus, hadoque, saithe e ovas e outros subprodutos) dos seguintes códigos, subposições e posições da NCM/SH: a) 03.02; exceto os produtos das subposições e dos códigos 0302.1, 0302.3, 0302.51.00, 0302.52.00, 0302.53.00 e 0302.9 da NCM/SH; b) 03.03; exceto os produtos das subposições e dos códigos 0303.1, 0303.4, 0303.63.00, 0303.64.00, 0303.65.00 e 0303.9 da NCM/SH; c) 03.04; exceto os salmonídeos, atuns, bacalhaus, hadoque e saithe classificados nas subposições 0304.4, 0304.5, 0304.7, 0304.8 e 0304.9 da NCM/SH"
03021;zero;0;"Lei Complementar 214/2025";"Anexo I, item 20";"Peixes e carnes de peixes (exceto salmonídeos, atuns, bacalhaus, hadoque, saithe e ovas e outros subprodutos) dos seguintes códigos, subposições e posições da NCM/SH: a) 03.02; exceto os produtos das subposições e dos códigos 0302.1, 0302.3, 0302.51.00, 0302.52.00, 0302.53.00 e 0302.9 da NCM/SH; b) 03.03; exceto os produtos das subposições e dos códigos 0303.1, 0303.4, 0303.63.00, 0303.64.00, 0303.65.00 e 0303.9 da NCM/SH; c) 03.04; exceto os salmonídeos, atuns, bacalhaus, hadoque e saithe classificados nas subposições 0304.4, 0304.5, 0304.7, 0304.8 e 0304.9 da NCM/SH"
03029;zero;0;"Lei Complementar 214/2025";"Anexo I, item 20";"Peixes e carnes de peixes (exceto salmonídeos, atuns, bacalhaus, hadoque, saithe e ovas e outros subprodutos) dos seguintes códigos, subposições e posições da NCM/SH: a) 03.02; exceto os produtos das subposições e dos códigos 0302.1, 0302.3, 0302.51.00, 0302.52.00, 0302.53.00 e 0302.9 da NCM/SH; b) 03.03; exceto os produtos das subposições e dos códigos 0303.1, 0303.4, 0303.63.00, 0303.64.00, 0303.65.00 e 0303.9 da NCM/SH; c) 03.04; exceto os salmonídeos, atuns, bacalhaus, hadoque e saithe classificados nas subposições 0304.4, 0304.5, 0304.7, 0304.8 e 0304.9 da NCM/SH"
03036400;zero;0;"Lei Complementar 214/2025";"Anexo I, item 20";"Peixes e carnes de peixes (exceto salmonídeos, atuns, bacalhaus, hadoque, saithe e ovas e outros subprodutos) dos seguintes códigos, subposições e posições da NCM/SH: a) 03.02; exceto os produtos das subposições e dos códigos 0302.1, 0302.3, 0302.51.00, 0302.52.00, 0302.53.00 e 0302.9 da NCM/SH; b) 03.03; exceto os produtos das subposições e dos códigos 0303.1, 0303.4, 0303.63.00, 0303.64.00, 0303.65.00 e 0303.9 da NCM/SH; c) 03.04; exceto os salmonídeos, atuns, bacalhaus, hadoque e saithe classificados nas subposições 0304.4, 0304.5, 0304.7, 0304.8 e 0304.9 da NCM/SH"
03034;zero;0;"Lei Complementar 214/2025";"Anexo I, item 20";"Peixes e carnes de peixes (exceto salmonídeos, atuns, bacalhaus, hadoque, saithe e ovas e outros subprodutos) dos seguintes códigos, subposições e posições da NCM/SH: a) 03.02; exceto os produtos das subposições e dos códigos 0302.1, 0302.3, 0302.51.00, 0302.52.00, 0302.53.00 e 0302.9 da NCM/SH; b) 03.03; exceto os produtos das subposições e dos códigos 0303.1, 0303.4, 0303.63.00, 0303.64.00, 0303.65.00 e 0303.9 da NCM/SH; c) 03.04; exceto os salmonídeos, atuns, bacalhaus, hadoque e saithe classificados nas subposições 0304.4, 0304.5, 0304.7, 0304.8 e 0304.9 da NCM/SH"
03036500;zero;0;"Lei Complementar 214/2025";"Anexo I, item 20";"Peixes e carnes de peixes (exceto salmonídeos, atuns, bacalhaus, hadoque, saithe e ovas e outros subprodutos) dos seguintes códigos, subposições e posições da NCM/SH: a) 03.02; exceto os produtos das subposições e dos códigos 0302.1, 0302.3, 0302.51.00, 0302.52.00, 0302.53.00 e 0302.9 da NCM/SH; b) 03.03; exceto os produtos das subposições e dos códigos 0303.1, 0303.4, 0303.63.00, 0303.64.00, 0303.65.00 e 0303.9 da NCM/SH; c) 03.04; exceto os salmonídeos, atuns, bacalhaus, hadoque e saithe classificados nas subposições 0304.4, 0304.5, 0304.7, 0304.8 e 0304.9 da NCM/SH"
03044;zero;0;"Lei Complementar 214/2025";"Anexo I, item 20";"Peixes e carnes de peixes (exceto salmonídeos, atuns, bacalhaus, hadoque, saithe e ovas e outros subprodutos) dos seguintes códigos, subposições e posições da NCM/SH: a) 03.02; exceto os produtos das subposições e dos códigos 0302.1, 0302.3, 0302.51.00, 0302.52.00, 0302.53.00 e 0302.9 da NCM/SH; b) 03.03; exceto os produtos das subposições e dos códigos 0303.1, 0303.4, 0303.63.00, 0303.64.00, 0303.65.00 e 0303.9 da NCM/SH; c) 03.04; exceto os salmonídeos, atuns, bacalhaus, hadoque e saithe classificados nas subposições 0304.4, 0304.5, 0304.7, 0304.8 e 0304.9 da NCM/SH"
03045;zero;0;"Lei Complementar 214/2025";"Anexo I, item 20";"Peixes e carnes de peixes (exceto salmonídeos, atuns, bacalhaus, hadoque, saithe e ovas e outros subprodutos) dos seguintes códigos, subposições e posições da NCM/SH: a) 03.02; exceto os produtos das subposições e dos códigos 0302.1, 0302.3, 0302.51.00, 0302.52.00, 0302.53.00 e 0302.9 da NCM/SH; b) 03.03; exceto os produtos das subposições e dos códigos 0303.1, 0303.4, 0303.63.00, 0303.64.00, 0303.65.00 e 0303.9 da NCM/SH; c) 03.04; exceto os salmonídeos, atuns, bacalhaus, hadoque e saithe classificados nas subposições 0304.4, 0304.5, 0304.7, 0304.8 e 0304.9 da NCM/SH"
03031;zero;0;"Lei Complementar 214/2025";"Anexo I, item 20";"Peixes e carnes de peixes (exceto salmonídeos, atuns, bacalhaus, hadoque, saithe e ovas e outros subprodutos) dos seguintes códigos, subposições e posições da NCM/SH: a) 03.02; exceto os produtos das subposições e dos códigos 0302.1, 0302.3, 0302.51.00, 0302.52.00, 0302.53.00 e 0302.9 da NCM/SH; b) 03.03; exceto os produtos das subposições e dos códigos 0303.1, 0303.4, 0303.63.00, 0303.64.00, 0303.65.00 e 0303.9 da NCM/SH; c) 03.04; exceto os salmonídeos, atuns, bacalhaus, hadoque e saithe classificados nas subposições 0304.4, 0304.5, 0304.7, 0304.8 e 0304.9 da NCM/SH"
03047;zero;0;"Lei Complementar 214/2025";"Anexo I, item 20";"Peixes e carnes de peixes (exceto salmonídeos, atuns, bacalhaus, hadoque, saithe e ovas e outros subprodutos) dos seguintes códigos, subposições e posições da NCM/SH: a) 03.02; exceto os produtos das subposições e dos códigos 0302.1, 0302.3, 0302.51.00, 0302.52.00, 0302.53.00 e 0302.9 da NCM/SH; b) 03.03; exceto os produtos das subposições e dos códigos 0303.1, 0303.4, 0303.63.00, 0303.64.00, 0303.65.00 e 0303.9 da NCM/SH; c) 03.04; exceto os salmonídeos, atuns, bacalhaus, hadoque e saithe classificados nas subposições 0304.4, 0304.5, 0304.7, 0304.8 e 0304.9 da NCM/SH"
04069020;zero;0;"Lei Complementar 214/2025";"Anexo I, item 21";"Queijos tipo mozarela, minas, prato, queijo de coalho, ricota, requeijão, queijo provolone, queijo parmesão, queijo fresco não maturado e queijo do reino classificados nos códigos 0406.10.10, 0406.10.90, 0406.20.00, 0406.90.10, 0406.90.20 e 0406.90.30 da NCM/SH"
04061010;zero;0;"Lei Complementar 214/2025";"Anexo I, item 21";"Queijos tipo mozarela, minas, prato, queijo de coalho, ricota, requeijão, queijo provolone, queijo parmesão, queijo fresco não maturado e queijo do reino classificados nos códigos 0406.10.10, 0406.10.90, 0406.20.00, 0406.90.10, 0406.90.20 e 0406.90.30 da NCM/SH"
04062000;zero;0;"Lei Complementar 214/2025";"Anexo I, item 21";"Queijos tipo mozarela, minas, prato, queijo de coalho, ricota, requeijão, queijo provolone, queijo parmesão, queijo fresco não maturado e queijo do reino classificados nos códigos 0406.10.10, 0406.10.90, 0406.20.00, 0406.90.10, 0406.90.20 e 0406.90.30 da NCM/SH"
04069010;zero;0;"Lei Complementar 214/2025";"Anexo I, item 21";"Queijos tipo mozarela, minas, prato, queijo de coalho, ricota, requeijão, queijo provolone, queijo parmesão, queijo fresco não maturado e queijo do reino classificados nos códigos 0406.10.10, 0406.10.90, 0406.20.00, 0406.90.10, 0406.90.20 e 0406.90.30 da NCM/SH"
04061090;zero;0;"Lei Complementar 214/2025";"Anexo I, item 21";"Queijos tipo mozarela, minas, prato, queijo de coalho, ricota, requeijão, queijo provolone, queijo parmesão, queijo fresco não maturado e queijo do reino classificados nos códigos 0406.10.10, 0406.10.90, 0406.20.00, 0406.90.10, 0406.90.20 e 0406.90.30 da NCM/SH"
04069030;zero;0;"Lei Complementar 214/2025";"Anexo I, item 21";"Queijos tipo mozarela, minas, prato, queijo de coalho, ricota, requeijão, queijo provolone, queijo parmesão, queijo fresco não maturado e queijo do reino classificados nos códigos 0406.10.10, 0406.10.90, 0406.20.00, 0406.90.10, 0406.90.20 e 0406.90.30 da NCM/SH"
25010020;zero;0;"Lei Complementar 214/2025";"Anexo I, item 22";"Sal em conformidade com os requisitos da legislação específica relativos ao teor de iodo enquadrado nos limites próprios para consumo humano classificado nos códigos 2501.00.20 e 2501.00.90 da NCM/SH"
25010090;zero;0;"Lei Complementar 214/2025";"Anexo I, item 22";"Sal em conformidade com os requisitos da legislação específica relativos ao teor de iodo enquadrado nos limites próprios para consumo humano classificado nos códigos 2501.00.20 e 2501.00.90 da NCM/SH"
19019090;zero;0;"Lei Complementar 214/2025";"Anexo I, item 24";"Farinha com baixo teor de proteína para pessoas com aminoacidopatias, acidemias e defeitos do ciclo da uréia da NCM 1901.90.90"
19021900;zero;0;"Lei Complementar 214/2025";"Anexo I, item 25";"Massas com baixo teor de proteína para pessoas com aminoacidopatias, acidemias e defeitos do ciclo da uréia da NCM 1902.19.00"
22011;reducao;60;"Lei Complementar 214/2025";"Anexo II, item 1";"Ensino Infantil, inclusive creche e pré-escola 1.2201.1"
22012000;reducao;60;"Lei Complementar 214/2025";"Anexo II, item 2";"Ensino Fundamental 1.2201.20.00"
22013000;reducao;60;"Lei Complementar 214/2025";"Anexo II, item 3";"Ensino Médio 1.2201.30.00"
22020000;reducao;60;"Lei Complementar 214/2025";"Anexo II, item 4";"Ensino Técnico de Nível Médio 1.2202.00.00"
22051300;reducao;60;"Lei Complementar 214/2025";"Anexo II, item 7";"Ensino de sistemas linguísticos de natureza visomotora e de escrita tátil 1.2205.13.00"
22051300;reducao;60;"Lei Complementar 214/2025";"Anexo II, item 8";"Ensino de línguas nativas de povos originários 1.2205.13.00"
23011100;reducao;60;"Lei Complementar 214/2025";"Anexo III, item 1";"Serviços cirúrgicos 1.2301.11.00"
23011200;reducao;60;"Lei Complementar 214/2025";"Anexo III, item 2";"Serviços ginecológicos e obstétricos 1.2301.12.00"
23011300;reducao;60;"Lei Complementar 214/2025";"Anexo III, item 3";"Serviços psiquiátricos 1.2301.13.00"
23011400;reducao;60;"Lei Complementar 214/2025";"Anexo III, item 4";"Serviços prestados em Unidades de Terapia Intensiva 1.2301.14.00"
23011500;reducao;60;"Lei Complementar 214/2025";"Anexo III, item 5";"Serviços de atendimento de urgência 1.2301.15.00"
23011900;reducao;60;"Lei Complementar 214/2025";"Anexo III, item 6";"Serviços hospitalares não classificados em subposições anteriores 1.2301.19.00"
23012100;reducao;60;"Lei Complementar 214/2025";"Anexo III, item 7";"Serviços de clínica médica 1.2301.21.00"
23012200;reducao;60;"Lei Complementar 214/2025";"Anexo III, item 8";"Serviços médicos especializados 1.2301.22.00"
23012300;reducao;60;"Lei Complementar 214/2025";"Anexo III, item 9";"Serviços odontológicos 1.2301.23.00"
23019100;reducao;60;"Lei Complementar 214/2025";"Anexo III, item 10";"Serviços de enfermagem 1.2301.91.00"
23019200;reducao;60;"Lei Complementar 214/2025";"Anexo III, item 11";"Serviços de fisioterapia 1.2301.92.00"
23019300;reducao;60;"Lei Complementar 214/2025";"Anexo III, item 12";"Serviços laboratoriais 1.2301.93.00"
23019400;reducao;60;"Lei Complementar 214/2025";"Anexo III, item 13";"Serviços de diagnóstico por imagem 1.2301.94.00"
23019500;reducao;60;"Lei Complementar 214/2025";"Anexo III, item 14";"Serviços de bancos de material biológico humano 1.2301.95.00"
23019600;reducao;60;"Lei Complementar 214/2025";"Anexo III, item 15";"Serviços de ambulância 1.2301.96.00"
23019700;reducao;60;"Lei Complementar 214/2025";"Anexo III, item 16";"Serviços de assistência ao parto e pós-parto 1.2301.97.00"
23019800;reducao;60;"Lei Complementar 214/2025";"Anexo III, item 17";"Serviços de psicologia 1.2301.98.00"
23019900;reducao;60;"Lei Complementar 214/2025";"Anexo III, item 18";"Serviços de vigilância sanitária 1.2301.99.00"
23019900;reducao;60;"Lei Complementar 214/2025";"Anexo III, item 19";"Serviços de epidemiologia 1.2301.99.00"
23019900;reducao;60;"Lei Complementar 214/2025";"Anexo III, item 20";"Serviços de vacinação 1.2301.99.00"
23019900;reducao;60;"Lei Complementar 214/2025";"Anexo III, item 21";"Serviços de fonoaudiologia 1.2301.99.00"
23019900;reducao;60;"Lei Complementar 214/2025";"Anexo III, item 22";"Serviços de nutrição 1.2301.99.00"
23019900;reducao;60;"Lei Complementar 214/2025";"Anexo III, item 23";"Serviços de optometria 1.2301.99.00"
23019900;reducao;60;"Lei Complementar 214/2025";"Anexo III, item 24";"Serviços de instrumentação cirúrgica 1.2301.99.00"
23019900;reducao;60;"Lei Complementar 214/2025";"Anexo III, item 25";"Serviços de biomedicina 1.2301.99.00"
23019900;reducao;60;"Lei Complementar 214/2025";"Anexo III, item 26";"Serviços farmacêuticos 1.2301.99.00"
23019900;reducao;60;"Lei Complementar 214/2025";"Anexo III, item 28";"Serviços domiciliares de apoio a pessoas adultas, idosas, crianças, adolescentes, pessoas com transtornos mentais e com deficiências 1.2301.99.00"
230199;reducao;60;"Lei Complementar 214/2025";"Anexo III, item 29";"Serviços de esterilização 1.2301.99.0"
26030000;reducao;60;"Lei Complementar 214/2025";"Anexo III, item 30";"Serviços funerários, de cremação e de embalsamamento 1.2603.00.00"
39269030;reducao;60;"Lei Complementar 214/2025";"Anexo IV, item 1";"Bolsa para drenagem 3926.90.30"
90189099;reducao;60;"Lei Complementar 214/2025";"Anexo IV, item 2";"Sistema para drenagem com conjunto intermediário para medição contínua da diurese 9018.90.99"
37011010;reducao;60;"Lei Complementar 214/2025";"Anexo IV, item 3";"Chapas e filmes para raios-X, sensibilizados em uma face 3701.10.10"
30064020;reducao;60;"Lei Complementar 214/2025";"Anexo IV, item 4";"Cimentos para reconstituição óssea 3006.40.20"
30049099;reducao;60;"Lei Complementar 214/2025";"Anexo IV, item 5";"Substitutos de enxerto ósseo 3004.90.99"
39269040;reducao;60;"Lei Complementar 214/2025";"Anexo IV, item 6";"Coletor para unidade de drenagem externa 3926.90.40"
391740;reducao;60;"Lei Complementar 214/2025";"Anexo IV, item 7";"Conector completo com tampa 3917.40"
391740;reducao;60;"Lei Complementar 214/2025";"Anexo IV, item 8";"Conector em Y 3917.40"
30049099;reducao;60;"Lei Complementar 214/2025";"Anexo IV, item 9";"Conjuntos de troca e concentrados polieletrolíticos para diálise 3004.90.99"
90189010;reducao;60;"Lei Complementar 214/2025";"Anexo IV, item 10";"Conjunto para autotransfusão 9018.90.10"
90219019;reducao;60;"Lei Complementar 214/2025";"Anexo IV, item 11";"Conjunto para hidrocefalia de baixo perfil 9021.90.19"
90219019;reducao;60;"Lei Complementar 214/2025";"Anexo IV, item 12";"Conjunto para hidrocefalia standard 9021.90.19"
90219091;reducao;60;"Lei Complementar 214/2025";"Anexo IV, item 13";"Eletrodo endocárdico definitivo 9021.90.91"
90219091;reducao;60;"Lei Complementar 214/2025";"Anexo IV, item 14";"Eletrodo epicárdico definitivo 9021.90.91"
90219091;reducao;60;"Lei Complementar 214/2025";"Anexo IV, item 15";"Eletrodo para marcapasso temporário endocárdico 9021.90.91"
90219091;reducao;60;"Lei Complementar 214/2025";"Anexo IV, item 16";"Eletrodo para marcapasso temporário epicárdico 9021.90.91"
90219019;reducao;60;"Lei Complementar 214/2025";"Anexo IV, item 17";"Espaçador de tendão 9021.90.19"
37021020;reducao;60;"Lei Complementar 214/2025";"Anexo IV, item 18";"Filmes especiais para raios-X sensibilizados em ambas as faces 3702.10.20"
37021010;reducao;60;"Lei Complementar 214/2025";"Anexo IV, item 19";"Filmes especiais para raios-X sensibilizados em uma face 3702.10.10"
84212990;reducao;60;"Lei Complementar 214/2025";"Anexo IV, item 20";"Filtro de linha arterial e venoso 8421.29.90"
84212990;reducao;60;"Lei Complementar 214/2025";"Anexo IV, item 21";"Filtro de sangue arterial e venoso para recirculação 8421.29.90"
84212990;reducao;60;"Lei Complementar 214/2025";"Anexo IV, item 22";"Filtro para cardioplegia 8421.29.90"
300610;reducao;60;"Lei Complementar 214/2025";"Anexo IV, item 23";"Categutes esterilizados, materiais esterilizados semelhantes para suturas cirúrgicas (incluídos os fios absorvíveis esterilizados para cirurgia ou odontologia) e adesivos esterilizados para tecidos orgânicos, utilizados em cirurgia para fechar ferimentos; laminárias esterilizadas; hemostáticos absorvíveis esterilizados para cirurgia ou odontologia; barreiras antiaderentes esterilizadas para cirurgia ou odontologia, absorvíveis ou não 3006.10"
90189040;reducao;60;"Lei Complementar 214/2025";"Anexo IV, item 24";"Hemoconcentrador para circulação extracorpórea 9018.90.40"
84212911;reducao;60;"Lei Complementar 214/2025";"Anexo IV, item 25";"Hemodialisador capilar 8421.29.11"
90215000;reducao;60;"Lei Complementar 214/2025";"Anexo IV, item 26";"Marcapasso cardíaco câmara dupla 9021.50.00"
90215000;reducao;60;"Lei Complementar 214/2025";"Anexo IV, item 27";"Marcapasso cardíaco multiprogramável com telemetria 9021.50.00"
37011029;reducao;60;"Lei Complementar 214/2025";"Anexo IV, item 28";"Outras chapas e filmes para raios-X 3701.10.29"
90189099;reducao;60;"Lei Complementar 214/2025";"Anexo IV, item 29";"Oxigenador de bolha com tubos para circulação extracorpórea 9018.90.99"
90189099;reducao;60;"Lei Complementar 214/2025";"Anexo IV, item 30";"Oxigenador de membrana com tubos para circulação extracorpórea 9018.90.99"
90189099;reducao;60;"Lei Complementar 214/2025";"Anexo IV, item 31";"Reservatório de cardiotomia 9018.90.99"
90189099;reducao;60;"Lei Complementar 214/2025";"Anexo IV, item 32";"Reservatório para cardioplegia com tubo sem filtro 9018.90.99"
90189040;reducao;60;"Lei Complementar 214/2025";"Anexo IV, item 33";"Rins artificiais 9018.90.40"
90219019;reducao;60;"Lei Complementar 214/2025";"Anexo IV, item 34";"Shunt lombo-peritonal 9021.90.19"
30059090;reducao;60;"Lei Complementar 214/2025";"Anexo IV, item 35";"Substituto temporário de pele (biológica/sintética) (por cm2) 3005.90.90"
30061090;reducao;60;"Lei Complementar 214/2025";"Anexo IV, item 36";"Tela inorgânica 3006.10.90"
90219019;reducao;60;"Lei Complementar 214/2025";"Anexo IV, item 37";"Válvula para hidrocefalia 9021.90.19"
90219019;reducao;60;"Lei Complementar 214/2025";"Anexo IV, item 38";"Válvula para tratamento de ascite 9021.90.19"
28444390;reducao;60;"Lei Complementar 214/2025";"Anexo IV, item 39";"Fonte de irídio 192 2844.43.90"
90219012;reducao;60;"Lei Complementar 214/2025";"Anexo IV, item 40";"Stent vascular 9021.90.12"
84798999;reducao;60;"Lei Complementar 214/2025";"Anexo IV, item 41";"Reprocessador de filtros utilizados em hemodiálise 8479.89.99"
90212900;reducao;60;"Lei Complementar 214/2025";"Anexo IV, item 42";"Implantes osseointegráveis, na forma de parafuso, e seus componentes manufaturados, tais como tampas de proteção, montadores, conjuntos, pilares (cicatrizador, conector, de transferência ou temporário), cilindros, seus acessórios, destinados a sustentar, amparar, acoplar ou fixar próteses dentárias 9021.29.00"
90219011;reducao;60;"Lei Complementar 214/2025";"Anexo IV, item 43";"Cardiodesfibrilador implantável 9021.90.11"
90219012;reducao;60;"Lei Complementar 214/2025";"Anexo IV, item 44";"Espiral para embolização 9021.90.12"
30021221;reducao;60;"Lei Complementar 214/2025";"Anexo IV, item 45";"Imunoglobulina anti-Rh 3002.12.21"
30021222;reducao;60;"Lei Complementar 214/2025";"Anexo IV, item 46";"Outras imunoglobulinas séricas 3002.12.22"
30021223;reducao;60;"Lei Complementar 214/2025";"Anexo IV, item 47";"Concentrado de fator VIII 3002.12.23"
30021229;reducao;60;"Lei Complementar 214/2025";"Anexo IV, item 48";"Outras frações do sangue, exceto as preparadas como medicamentos, as imunoglobulinas séricas, o concentrado de fator VIII e a soroalbumina sob a forma de gel para preparação de reagentes de diagnóstico 3002.12.21 3002.12.29"
30021221;reducao;60;"Lei Complementar 214/2025";"Anexo IV, item 48";"Outras frações do sangue, exceto as preparadas como medicamentos, as imunoglobulinas séricas, o concentrado de fator VIII e a soroalbumina sob a forma de gel para preparação de reagentes de diagnóstico 3002.12.21 3002.12.29"
38221;reducao;60;"Lei Complementar 214/2025";"Anexo IV, item 49";"Reagentes de diagnóstico ou de laboratório em qualquer suporte e reagentes de diagnóstico ou de laboratório preparados, mesmo em um suporte, mesmo apresentados sob a forma de estojos, exceto os da posição 30.06; materiais de referência certificados 3822.1"
30063021;reducao;60;"Lei Complementar 214/2025";"Anexo IV, item 50";"Reagentes de diagnóstico concebidos para serem administrados ao paciente, à base de somatoliberina 3006.30.21"
30064012;reducao;60;"Lei Complementar 214/2025";"Anexo IV, item 51";"Produtos para obturação dentária, exceto cimentos 3006.40.12"
30067000;reducao;60;"Lei Complementar 214/2025";"Anexo IV, item 52";"Preparações em gel, concebidas para uso em medicina humana ou veterinária como lubrificante para certas partes do corpo em intervenções cirúrgicas ou exames médicos ou como agente de ligação entre o corpo e os instrumentos médicos 3006.70.00"
30069110;reducao;60;"Lei Complementar 214/2025";"Anexo IV, item 53";"Bolsas para uso em colostomia, ileostomia e urostomia 3006.91.10"
30069190;reducao;60;"Lei Complementar 214/2025";"Anexo IV, item 54";"Equipamentos identificáveis para ostomia, exceto bolsas para uso em colostomia, ileostomia e urostomia 3006.91.90"
39269030;reducao;60;"Lei Complementar 214/2025";"Anexo IV, item 55";"Bolsas para uso em medicina (hemodiálise e usos semelhantes) 3926.90.30"
39269040;reducao;60;"Lei Complementar 214/2025";"Anexo IV, item 56";"Artigos exclusivamente de laboratório de análises clínicas 3926.90.40"
39269050;reducao;60;"Lei Complementar 214/2025";"Anexo IV, item 57";"Acessórios de plástico do tipo utilizado em linhas de sangue para hemodiálise, tais como: obturadores, incluídos os reguláveis ( clamps ) , clipes e similares 3926.90.50"
40151;reducao;60;"Lei Complementar 214/2025";"Anexo IV, item 58";"Luvas cirúrgicas e luvas de procedimento 4015.1"
901831;reducao;60;"Lei Complementar 214/2025";"Anexo IV, item 59";"Seringas, mesmo com agulhas 9018.31"
901832;reducao;60;"Lei Complementar 214/2025";"Anexo IV, item 60";"Agulhas tubulares de metal e agulhas para suturas 9018.32"
90183910;reducao;60;"Lei Complementar 214/2025";"Anexo IV, item 61";"Agulhas, exceto as de metal e as para suturas 9018.39.10"
901839;reducao;60;"Lei Complementar 214/2025";"Anexo IV, item 62";"Sondas, cateteres e cânulas, individualmente ou em conjunto 9018.39.2"
90183930;reducao;60;"Lei Complementar 214/2025";"Anexo IV, item 63";"Lancetas para vacinação e cautérios 9018.39.30"
901839;reducao;60;"Lei Complementar 214/2025";"Anexo IV, item 64";"Instrumentos semelhantes a seringas, a agulhas, a cateteres e a cânulas 9018.39.9"
901849;reducao;60;"Lei Complementar 214/2025";"Anexo IV, item 65";"Brocas para odontologia 9018.49.1"
90184920;reducao;60;"Lei Complementar 214/2025";"Anexo IV, item 66";"Limas 9018.49.20"
90189095;reducao;60;"Lei Complementar 214/2025";"Anexo IV, item 67";"Grampos e clipes, seus aplicadores e extratores 9018.90.95"
90183999;reducao;60;"Lei Complementar 214/2025";"Anexo IV, item 68";"Outros instrumentos e aparelhos para medicina, cirurgia e odontologia, excluídas seringas e agulhas, das posições 9018.31 e 9018.32 9018.39.99"
901831;reducao;60;"Lei Complementar 214/2025";"Anexo IV, item 68";"Outros instrumentos e aparelhos para medicina, cirurgia e odontologia, excluídas seringas e agulhas, das posições 9018.31 e 9018.32 9018.39.99"
901832;reducao;60;"Lei Complementar 214/2025";"Anexo IV, item 68";"Outros instrumentos e aparelhos para medicina, cirurgia e odontologia, excluídas seringas e agulhas, das posições 9018.31 e 9018.32 9018.39.99"
940290;reducao;60;"Lei Complementar 214/2025";"Anexo IV, item 69";"Mesas de operação e para exames, camas hospitalares e de uso clínico 9402.90"
90182010;reducao;60;"Lei Complementar 214/2025";"Anexo IV, item 70";"Fotocoagulador a laser 9018.20.10"
90189021;reducao;60;"Lei Complementar 214/2025";"Anexo IV, item 71";"Bisturi elétrico 9018.90.21"
90189099;reducao;60;"Lei Complementar 214/2025";"Anexo IV, item 72";"Aparelho de anestesia com monitor multiparâmetros 9018.90.99"
84198110;reducao;60;"Lei Complementar 214/2025";"Anexo IV, item 73";"Autoclave 8419.81.10"
90185090;reducao;60;"Lei Complementar 214/2025";"Anexo IV, item 74";"Retinógrafo 9018.50.90"
38210000;reducao;60;"Lei Complementar 214/2025";"Anexo IV, item 75";"Meios de cultura 3821.00.00"
84198999;reducao;60;"Lei Complementar 214/2025";"Anexo IV, item 76";"Termocicladores utilizados em diagnóstico e na pesquisa científica 8419.89.99"
84199040;reducao;60;"Lei Complementar 214/2025";"Anexo IV, item 77";"Partes e peças de termocicladores 8419.90.40"
84798912;reducao;60;"Lei Complementar 214/2025";"Anexo IV, item 78";"Pipetadores laboratoriais para diagnóstico e pesquisa científica 8479.89.12"
90272012;reducao;60;"Lei Complementar 214/2025";"Anexo IV, item 79";"Cromatógrafo de fase líquida 9027.20.12"
90272021;reducao;60;"Lei Complementar 214/2025";"Anexo IV, item 80";"Sequenciadores automáticos de ADN mediante eletroforese capilar 9027.20.21"
90272029;reducao;60;"Lei Complementar 214/2025";"Anexo IV, item 81";"Aparelhos de eletroforese para diagnóstico e pesquisa científica 9027.20.29"
902730;reducao;60;"Lei Complementar 214/2025";"Anexo IV, item 82";"Analisadores por espectrofotometria para diagnóstico e pesquisa científica 9027.30"
90275020;reducao;60;"Lei Complementar 214/2025";"Anexo IV, item 83";"Analisadores por fotometria para diagnóstico e pesquisa científica 9027.50.20"
90275050;reducao;60;"Lei Complementar 214/2025";"Anexo IV, item 84";"Citômetro de fluxo 9027.50.50"
90275090;reducao;60;"Lei Complementar 214/2025";"Anexo IV, item 85";"Analisadores por radiações ópticas para diagnóstico e pesquisa científica 9027.50.90"
90278999;reducao;60;"Lei Complementar 214/2025";"Anexo IV, item 86";"Outros analisadores para diagnóstico e pesquisa científica 9027.89.99"
90278100;reducao;60;"Lei Complementar 214/2025";"Anexo IV, item 87";"Espectrômetro de massa 9027.81.00"
90278999;reducao;60;"Lei Complementar 214/2025";"Anexo IV, item 88";"Outros analisadores para diagnóstico 9027.89.99"
90279010;reducao;60;"Lei Complementar 214/2025";"Anexo IV, item 89";"Micrótomo 9027.90.10"
902790;reducao;60;"Lei Complementar 214/2025";"Anexo IV, item 90";"Partes e peças de equipamentos analisadores laboratoriais 9027.90.9"
40141000;reducao;60;"Lei Complementar 214/2025";"Anexo IV, item 91";"Preservativo 4014.10.00"
90189099;reducao;60;"Lei Complementar 214/2025";"Anexo IV, item 92";"Dispositivo intrauterino (DIU) 9018.90.99"
38249989;reducao;60;"Lei Complementar 214/2025";"Anexo IV, item 93";"Substância para conservação de órgãos e tecidos 3824.99.89"
90219091;reducao;60;"Lei Complementar 214/2025";"Anexo IV, item 94";"Introdutor de punção para implante de eletrodo endocárdico 9021.90.91"
90219099;reducao;60;"Lei Complementar 214/2025";"Anexo IV, item 95";"Enxerto tubular de politetrafluoretileno - PTFE (por cm2) 9021.90.99"
90219099;reducao;60;"Lei Complementar 214/2025";"Anexo IV, item 96";"Enxerto arterial e venoso tubular inorgânico 9021.90.99"
90219099;reducao;60;"Lei Complementar 214/2025";"Anexo IV, item 97";"Botão para crânio 9021.90.99"
90183929;reducao;60;"Lei Complementar 214/2025";"Anexo IV, item 98";"Guia metálico para introdução de cateter duplo lumen 9018.39.29"
90183929;reducao;60;"Lei Complementar 214/2025";"Anexo IV, item 99";"Dilatador para implante de cateter duplo lumen 9018.39.29"
90183929;reducao;60;"Lei Complementar 214/2025";"Anexo IV, item 100";"Guia de troca para angioplastia 9018.39.29"
90183929;reducao;60;"Lei Complementar 214/2025";"Anexo IV, item 101";"Introdutor para cateter com e sem válvula 9018.39.29"
90183999;reducao;60;"Lei Complementar 214/2025";"Anexo IV, item 102";"Kit cânula 9018.39.99"
90183929;reducao;60;"Lei Complementar 214/2025";"Anexo IV, item 103";"Dreno para sucção 9018.39.29"
90183929;reducao;60;"Lei Complementar 214/2025";"Anexo IV, item 104";"Sistema de drenagem mediastinal 9018.39.29"
90189099;reducao;60;"Lei Complementar 214/2025";"Anexo IV, item 105";"Conjunto descartável de balão intra-aórtico 9018.90.99"
87089910;reducao;60;"Lei Complementar 214/2025";"Anexo V, item 1.1";"Comando de embreagem manual, suas partes e acessórios 8708.99.10"
87089910;reducao;60;"Lei Complementar 214/2025";"Anexo V, item 1.2";"Comando de freio manual, suas partes e acessórios 8708.99.10"
87089910;reducao;60;"Lei Complementar 214/2025";"Anexo V, item 1.3";"Comando de acelerador manual, suas partes e acessórios 8708.99.10"
87089910;reducao;60;"Lei Complementar 214/2025";"Anexo V, item 1.4";"Inversão do pedal do acelerador, suas partes e acessórios 8708.99.10"
87089910;reducao;60;"Lei Complementar 214/2025";"Anexo V, item 1.5";"Prolongamento de pedais, suas partes e acessórios 8708.99.10"
87082999;reducao;60;"Lei Complementar 214/2025";"Anexo V, item 1.6";"Empunhadura, suas partes e acessórios 8708.29.99"
87089910;reducao;60;"Lei Complementar 214/2025";"Anexo V, item 1.7";"Servo acionadores de volante, suas partes e acessórios 8708.99.10"
87082999;reducao;60;"Lei Complementar 214/2025";"Anexo V, item 1.8";"Deslocamento de comandos do painel, suas partes e acessórios 8708.29.99"
87082999;reducao;60;"Lei Complementar 214/2025";"Anexo V, item 1.9";"Plataforma giratória para deslocamento giratório do assento de veículo, suas partes e acessórios 8708.29.99"
87082999;reducao;60;"Lei Complementar 214/2025";"Anexo V, item 1.10";"Trilho elétrico para deslocamento do assento dianteiro para outra parte do interior do veículo, suas partes e acessórios 8708.29.99"
84289090;reducao;60;"Lei Complementar 214/2025";"Anexo V, item 1.11";"Plataforma de elevação para cadeira de rodas, manual, eletro-hidráulica ou eletromecânica 8428.90.90"
87082999;reducao;60;"Lei Complementar 214/2025";"Anexo V, item 1.12";"Rampa para cadeira de rodas, suas partes e acessórios 8708.29.99"
84253110;reducao;60;"Lei Complementar 214/2025";"Anexo V, item 1.13";"Guincho para transportar cadeira de rodas 8425.31.10"
66020000;reducao;60;"Lei Complementar 214/2025";"Anexo V, item 2.1";"Bengala inteiriça, dobrável ou telescópica, com ponteira de náilon 6602.00.00"
91021110;reducao;60;"Lei Complementar 214/2025";"Anexo V, item 2.2";"Relógio em braille, com sintetizador de voz e mostrador ampliado 9102.11.10 9102.11.90 9102.91.00"
91029100;reducao;60;"Lei Complementar 214/2025";"Anexo V, item 2.2";"Relógio em braille, com sintetizador de voz e mostrador ampliado 9102.11.10 9102.11.90 9102.91.00"
91021190;reducao;60;"Lei Complementar 214/2025";"Anexo V, item 2.2";"Relógio em braille, com sintetizador de voz e mostrador ampliado 9102.11.10 9102.11.90 9102.91.00"
90251990;reducao;60;"Lei Complementar 214/2025";"Anexo V, item 2.3";"Termômetro digital com sistema de voz 9025.19.90"
84701000;reducao;60;"Lei Complementar 214/2025";"Anexo V, item 2.4";"Calculadora digital com sistema de voz, com verbalização dos ajustes de minutos e horas, tanto no modo horário, como no modo alarme, e comunicação por voz dos dígitos de cálculo e resultados 8470.10.00 8470.29.00"
84702900;reducao;60;"Lei Complementar 214/2025";"Anexo V, item 2.4";"Calculadora digital com sistema de voz, com verbalização dos ajustes de minutos e horas, tanto no modo horário, como no modo alarme, e comunicação por voz dos dígitos de cálculo e resultados 8470.10.00 8470.29.00"
85437099;reducao;60;"Lei Complementar 214/2025";"Anexo V, item 2.5";"Agenda eletrônica com teclado em braille , com ou sem sintetizador de voz 8543.70.99"
90172000;reducao;60;"Lei Complementar 214/2025";"Anexo V, item 2.6";"Reglete para escrita em braille 9017.20.00"
84716090;reducao;60;"Lei Complementar 214/2025";"Anexo V, item 2.7";"Display braille e teclado em Braille para uso em microcomputador, com sistema interativo para introdução e leitura de dados por meio de tabelas de caracteres Braille 8471.60.90"
84729099;reducao;60;"Lei Complementar 214/2025";"Anexo V, item 2.8";"Máquina de escrever para escrita em braille , manual ou elétrica, com teclado de datilografia comum ou na formação Braille 8472.90.99"
84433222;reducao;60;"Lei Complementar 214/2025";"Anexo V, item 2.9";"Impressora de caracteres em braille para uso com microcomputadores, com sistema de folha solta ou dois lados da folha, com ou sem sistema de comando de voz ou sistema acústico 8443.32.22"
84718000;reducao;60;"Lei Complementar 214/2025";"Anexo V, item 2.10";"Equipamento sintetizador para reprodução em voz de sinais gerados por microcomputadores, permitida a leitura de dados de arquivos, de uso interno ou externo, com padrão de protocolo SSIL de interface com softwares leitores de tela 8471.80.00"
85171;reducao;60;"Lei Complementar 214/2025";"Anexo V, item 3.1";"Aparelho telefônico com teclado alfanumérico e visor luminoso, com ou sem impressora embutida, que permite converter sinais transmitidos por sistema telefônico em caracteres e símbolos 8517.1"
91051100;reducao;60;"Lei Complementar 214/2025";"Anexo V, item 3.2";"Relógio despertador vibratório e/ou luminoso 9103.10.00 9105.11.00"
91031000;reducao;60;"Lei Complementar 214/2025";"Anexo V, item 3.2";"Relógio despertador vibratório e/ou luminoso 9103.10.00 9105.11.00"
84716053;reducao;60;"Lei Complementar 214/2025";"Anexo V, item 3.3";"Unidades de entrada de dados tipo mouse controláveis pelo movimento dos olhos para deficientes 8471.60.53"
29362812;reducao;60;"Lei Complementar 214/2025";"Anexo VI, item 1";"Acetato de dextroalfatocoferol 2936.28.12"
29224190;reducao;60;"Lei Complementar 214/2025";"Anexo VI, item 2";"Acetato de lisina 2922.41.90"
29152990;reducao;60;"Lei Complementar 214/2025";"Anexo VI, item 3";"Acetato de potássio 2915.29.90"
29152910;reducao;60;"Lei Complementar 214/2025";"Anexo VI, item 4";"Acetato de sódio 2915.29.10"
29152990;reducao;60;"Lei Complementar 214/2025";"Anexo VI, item 5";"Acetato de zinco 2915.29.90"
29225039;reducao;60;"Lei Complementar 214/2025";"Anexo VI, item 6";"Acetiltirosina 2922.50.39"
29152100;reducao;60;"Lei Complementar 214/2025";"Anexo VI, item 7";"Ácido acético 2915.21.00"
29362710;reducao;60;"Lei Complementar 214/2025";"Anexo VI, item 8";"Ácido ascórbico 2936.27.10"
29224990;reducao;60;"Lei Complementar 214/2025";"Anexo VI, item 9";"Ácido aspártico 2922.49.90"
29181400;reducao;60;"Lei Complementar 214/2025";"Anexo VI, item 10";"Ácido cítrico 2918.14.00"
29362911;reducao;60;"Lei Complementar 214/2025";"Anexo VI, item 11";"Ácido fólico 2936.29.11"
29224210;reducao;60;"Lei Complementar 214/2025";"Anexo VI, item 12";"Ácido glutâmico 2922.42.10"
29181990;reducao;60;"Lei Complementar 214/2025";"Anexo VI, item 13";"Ácido málico 2918.19.90"
28111990;reducao;60;"Lei Complementar 214/2025";"Anexo VI, item 14";"Ácido selenioso 2811.19.90"
20021000;reducao;60;"Lei Complementar 214/2025";"Anexo VI, item 15";"Água para injeção 2002.10.00"
29224990;reducao;60;"Lei Complementar 214/2025";"Anexo VI, item 16";"Alanilglutamina 2922.49.90"
29224990;reducao;60;"Lei Complementar 214/2025";"Anexo VI, item 17";"Alanina 2922.49.90"
30021236;reducao;60;"Lei Complementar 214/2025";"Anexo VI, item 18";"Albumina humana 3002.12.36"
29252919;reducao;60;"Lei Complementar 214/2025";"Anexo VI, item 19";"Arginina 2925.29.19"
29224990;reducao;60;"Lei Complementar 214/2025";"Anexo VI, item 20";"Asparagina 2922.49.90"
28363000;reducao;60;"Lei Complementar 214/2025";"Anexo VI, item 21";"Bicarbonato de sódio 2836.30.00"
29362931;reducao;60;"Lei Complementar 214/2025";"Anexo VI, item 22";"Biotina 2936.29.31"
29362610;reducao;60;"Lei Complementar 214/2025";"Anexo VI, item 23";"Cianocobalamina 2936.26.10"
29309039;reducao;60;"Lei Complementar 214/2025";"Anexo VI, item 24";"Cistina 2930.90.39"
28273993;reducao;60;"Lei Complementar 214/2025";"Anexo VI, item 25";"Cloreto crômico 2827.39.93"
28272090;reducao;60;"Lei Complementar 214/2025";"Anexo VI, item 26";"Cloreto de cálcio 2827.20.10 2827.20.90"
28272010;reducao;60;"Lei Complementar 214/2025";"Anexo VI, item 26";"Cloreto de cálcio 2827.20.10 2827.20.90"
28273110;reducao;60;"Lei Complementar 214/2025";"Anexo VI, item 27";"Cloreto de magnésio 2827.31.10 2827.31.90"
28273190;reducao;60;"Lei Complementar 214/2025";"Anexo VI, item 27";"Cloreto de magnésio 2827.31.10 2827.31.90"
28273995;reducao;60;"Lei Complementar 214/2025";"Anexo VI, item 28";"Cloreto de manganês 2827.39.95"
31042090;reducao;60;"Lei Complementar 214/2025";"Anexo VI, item 29";"Cloreto de potássio 3104.20.10 3104.20.90"
31042010;reducao;60;"Lei Complementar 214/2025";"Anexo VI, item 29";"Cloreto de potássio 3104.20.10 3104.20.90"
25010090;reducao;60;"Lei Complementar 214/2025";"Anexo VI, item 30";"Cloreto de sódio 2501.00.90"
28273998;reducao;60;"Lei Complementar 214/2025";"Anexo VI, item 31";"Cloreto de zinco 2827.39.98"
29362520;reducao;60;"Lei Complementar 214/2025";"Anexo VI, item 32";"Cloridrato de piridoxina 2936.25.20"
29362210;reducao;60;"Lei Complementar 214/2025";"Anexo VI, item 33";"Cloridrato de tiamina 2936.22.10"
29362290;reducao;60;"Lei Complementar 214/2025";"Anexo VI, item 34";"Cocarboxilase 2936.22.90"
29362921;reducao;60;"Lei Complementar 214/2025";"Anexo VI, item 35";"Colecalciferol 2936.29.21"
29362929;reducao;60;"Lei Complementar 214/2025";"Anexo VI, item 36";"Ergocalciferol 2936.29.29"
29224990;reducao;60;"Lei Complementar 214/2025";"Anexo VI, item 37";"Fenilalanina 2922.49.90"
29362940;reducao;60;"Lei Complementar 214/2025";"Anexo VI, item 38";"Fitomenadiona 2936.29.40"
21069090;reducao;60;"Lei Complementar 214/2025";"Anexo VI, item 39";"Fórmula para dieta isenta de fenilalanina 2106.90.90"
21069090;reducao;60;"Lei Complementar 214/2025";"Anexo VI, item 40";"Fórmula para dieta isenta demetionina 2106.90.90"
21069090;reducao;60;"Lei Complementar 214/2025";"Anexo VI, item 41";"Fórmula para dieta isenta de lisina e pobre de triptofano 2106.90.90"
21069090;reducao;60;"Lei Complementar 214/2025";"Anexo VI, item 42";"Fórmula para dieta isenta de leucina, de isoleucina ou de valina 2106.90.90"
21069090;reducao;60;"Lei Complementar 214/2025";"Anexo VI, item 43";"Fórmula para dieta isenta de fenilalanina e de metionina 2106.90.90"
21069090;reducao;60;"Lei Complementar 214/2025";"Anexo VI, item 44";"Fórmula para dieta isenta de aminoácidos não essenciais 2106.90.90"
21069090;reducao;60;"Lei Complementar 214/2025";"Anexo VI, item 45";"Fórmula para dieta isenta de metionina, de treonina, de valina e restrita de isoleucina 2106.90.90"
21069090;reducao;60;"Lei Complementar 214/2025";"Anexo VI, item 46";"Fórmula para dieta cetogênica, na proporção de 4 g de gordura para cada 1 g de carboidratos e proteínas 2106.90.90"
22029900;reducao;60;"Lei Complementar 214/2025";"Anexo VI, item 47";"Fórmula hiperlipídica, para suplementação de triglicerídios de cadeia média ou triheptanoína 2202.99.00"
22029900;reducao;60;"Lei Complementar 214/2025";"Anexo VI, item 48";"Preparação líquida, de quatro partes de trioleato de glicerol de ácido para uma parte de trierucato de glicerol 2202.99.00"
28352400;reducao;60;"Lei Complementar 214/2025";"Anexo VI, item 49";"Fosfato de potássio dibásico 2835.24.00"
28352400;reducao;60;"Lei Complementar 214/2025";"Anexo VI, item 50";"Fosfato de potássio monobásico 2835.24.00"
28352200;reducao;60;"Lei Complementar 214/2025";"Anexo VI, item 51";"Fosfato de sódio monobásico 2835.22.00"
29362290;reducao;60;"Lei Complementar 214/2025";"Anexo VI, item 52";"Fosfato de tiamina 2936.22.90"
29362320;reducao;60;"Lei Complementar 214/2025";"Anexo VI, item 53";"Fosfato sódico de riboflavina 2936.23.20"
17025000;reducao;60;"Lei Complementar 214/2025";"Anexo VI, item 54";"Frutose 1702.50.00"
29199090;reducao;60;"Lei Complementar 214/2025";"Anexo VI, item 55";"Glicerofosfato de sódio 2919.90.90"
29224910;reducao;60;"Lei Complementar 214/2025";"Anexo VI, item 56";"Glicina 2922.49.10"
29181610;reducao;60;"Lei Complementar 214/2025";"Anexo VI, item 57";"Gliconato de cálcio 2918.16.10"
17023011;reducao;60;"Lei Complementar 214/2025";"Anexo VI, item 58";"Glicose 1702.30.11"
29332992;reducao;60;"Lei Complementar 214/2025";"Anexo VI, item 59";"Histidina 2933.29.92"
35051000;reducao;60;"Lei Complementar 214/2025";"Anexo VI, item 60";"Icodextrina 3505.10.00"
28276012;reducao;60;"Lei Complementar 214/2025";"Anexo VI, item 61";"Iodeto de potássio 2827.60.12"
29224990;reducao;60;"Lei Complementar 214/2025";"Anexo VI, item 62";"Isoleucina 2922.49.90"
29232000;reducao;60;"Lei Complementar 214/2025";"Anexo VI, item 63";"Lecitina de ovo 2923.20.00"
29224990;reducao;60;"Lei Complementar 214/2025";"Anexo VI, item 64";"Leucina 2922.49.90"
29224990;reducao;60;"Lei Complementar 214/2025";"Anexo VI, item 65";"Levovalina 2922.49.90"
29224110;reducao;60;"Lei Complementar 214/2025";"Anexo VI, item 66";"Lisina 2922.41.10"
29304090;reducao;60;"Lei Complementar 214/2025";"Anexo VI, item 67";"Metionina 2930.40.10 2930.40.90"
29304010;reducao;60;"Lei Complementar 214/2025";"Anexo VI, item 67";"Metionina 2930.40.10 2930.40.90"
29362952;reducao;60;"Lei Complementar 214/2025";"Anexo VI, item 68";"Nicotinamida 2936.29.52"
29362113;reducao;60;"Lei Complementar 214/2025";"Anexo VI, item 69";"Palmitato de retinol 2936.21.13"
29224990;reducao;60;"Lei Complementar 214/2025";"Anexo VI, item 70";"Prolina 2922.49.90"
29362310;reducao;60;"Lei Complementar 214/2025";"Anexo VI, item 71";"Riboflavina 2936.23.10"
28429000;reducao;60;"Lei Complementar 214/2025";"Anexo VI, item 72";"Selenito de sódio 2842.90.00"
29225099;reducao;60;"Lei Complementar 214/2025";"Anexo VI, item 73";"Serina 2922.50.99"
29054400;reducao;60;"Lei Complementar 214/2025";"Anexo VI, item 74";"Sorbitol 2905.44.00"
28332100;reducao;60;"Lei Complementar 214/2025";"Anexo VI, item 75";"Sulfato de magnésio 2833.21.00"
28332970;reducao;60;"Lei Complementar 214/2025";"Anexo VI, item 76";"Sulfato de zinco 2833.29.70"
29224990;reducao;60;"Lei Complementar 214/2025";"Anexo VI, item 77";"Taurina 2922.49.90"
29225039;reducao;60;"Lei Complementar 214/2025";"Anexo VI, item 78";"Tirosina 2922.50.39"
29362811;reducao;60;"Lei Complementar 214/2025";"Anexo VI, item 79";"Tocoferol 2936.28.11"
29225099;reducao;60;"Lei Complementar 214/2025";"Anexo VI, item 80";"Treonina 2922.50.99"
15131900;reducao;60;"Lei Complementar 214/2025";"Anexo VI, item 81";"Triglicerídeos de cadeia média 1513.19.00 1513.29.11"
15132911;reducao;60;"Lei Complementar 214/2025";"Anexo VI, item 81";"Triglicerídeos de cadeia média 1513.19.00 1513.29.11"
03075200;reducao;60;"Lei Complementar 214/2025";"Anexo VII, item 1";"Crustáceos (exceto lagostas e lagostim) e moluscos dos seguintes códigos e subposições da NCM/SH: a) 0306.1 e 0306.3, exceto os produtos da subposição 0306.11 e dos códigos 0306.15.00, 0306.31.00, 0306.34.00, 0306.39.10; e b) 0307.31.00, 0307.32.00, 0307.42.00, 0307.43, 0307.51.00, 0307.52.00, 0307.91.00 e 0307.92.00"
03073100;reducao;60;"Lei Complementar 214/2025";"Anexo VII, item 1";"Crustáceos (exceto lagostas e lagostim) e moluscos dos seguintes códigos e subposições da NCM/SH: a) 0306.1 e 0306.3, exceto os produtos da subposição 0306.11 e dos códigos 0306.15.00, 0306.31.00, 0306.34.00, 0306.39.10; e b) 0307.31.00, 0307.32.00, 0307.42.00, 0307.43, 0307.51.00, 0307.52.00, 0307.91.00 e 0307.92.00"
03061500;reducao;60;"Lei Complementar 214/2025";"Anexo VII, item 1";"Crustáceos (exceto lagostas e lagostim) e moluscos dos seguintes códigos e subposições da NCM/SH: a) 0306.1 e 0306.3, exceto os produtos da subposição 0306.11 e dos códigos 0306.15.00, 0306.31.00, 0306.34.00, 0306.39.10; e b) 0307.31.00, 0307.32.00, 0307.42.00, 0307.43, 0307.51.00, 0307.52.00, 0307.91.00 e 0307.92.00"
030611;reducao;60;"Lei Complementar 214/2025";"Anexo VII, item 1";"Crustáceos (exceto lagostas e lagostim) e moluscos dos seguintes códigos e subposições da NCM/SH: a) 0306.1 e 0306.3, exceto os produtos da subposição 0306.11 e dos códigos 0306.15.00, 0306.31.00, 0306.34.00, 0306.39.10; e b) 0307.31.00, 0307.32.00, 0307.42.00, 0307.43, 0307.51.00, 0307.52.00, 0307.91.00 e 0307.92.00"
03073200;reducao;60;"Lei Complementar 214/2025";"Anexo VII, item 1";"Crustáceos (exceto lagostas e lagostim) e moluscos dos seguintes códigos e subposições da NCM/SH: a) 0306.1 e 0306.3, exceto os produtos da subposição 0306.11 e dos códigos 0306.15.00, 0306.31.00, 0306.34.00, 0306.39.10; e b) 0307.31.00, 0307.32.00, 0307.42.00, 0307.43, 0307.51.00, 0307.52.00, 0307.91.00 e 0307.92.00"
03063;reducao;60;"Lei Complementar 214/2025";"Anexo VII, item 1";"Crustáceos (exceto lagostas e lagostim) e moluscos dos seguintes códigos e subposições da NCM/SH: a) 0306.1 e 0306.3, exceto os produtos da subposição 0306.11 e dos códigos 0306.15.00, 0306.31.00, 0306.34.00, 0306.39.10; e b) 0307.31.00, 0307.32.00, 0307.42.00, 0307.43, 0307.51.00, 0307.52.00, 0307.91.00 e 0307.92.00"
03061;reducao;60;"Lei Complementar 214/2025";"Anexo VII, item 1";"Crustáceos (exceto lagostas e lagostim) e moluscos dos seguintes códigos e subposições da NCM/SH: a) 0306.1 e 0306.3, exceto os produtos da subposição 0306.11 e dos códigos 0306.15.00, 0306.31.00, 0306.34.00, 0306.39.10; e b) 0307.31.00, 0307.32.00, 0307.42.00, 0307.43, 0307.51.00, 0307.52.00, 0307.91.00 e 0307.92.00"
03063910;reducao;60;"Lei Complementar 214/2025";"Anexo VII, item 1";"Crustáceos (exceto lagostas e lagostim) e moluscos dos seguintes códigos e subposições da NCM/SH: a) 0306.1 e 0306.3, exceto os produtos da subposição 0306.11 e dos códigos 0306.15.00, 0306.31.00, 0306.34.00, 0306.39.10; e b) 0307.31.00, 0307.32.00, 0307.42.00, 0307.43, 0307.51.00, 0307.52.00, 0307.91.00 e 0307.92.00"
03079100;reducao;60;"Lei Complementar 214/2025";"Anexo VII, item 1";"Crustáceos (exceto lagostas e lagostim) e moluscos dos seguintes códigos e subposições da NCM/SH: a) 0306.1 e 0306.3, exceto os produtos da subposição 0306.11 e dos códigos 0306.15.00, 0306.31.00, 0306.34.00, 0306.39.10; e b) 0307.31.00, 0307.32.00, 0307.42.00, 0307.43, 0307.51.00, 0307.52.00, 0307.91.00 e 0307.92.00"
03074200;reducao;60;"Lei Complementar 214/2025";"Anexo VII, item 1";"Crustáceos (exceto lagostas e lagostim) e moluscos dos seguintes códigos e subposições da NCM/SH: a) 0306.1 e 0306.3, exceto os produtos da subposição 0306.11 e dos códigos 0306.15.00, 0306.31.00, 0306.34.00, 0306.39.10; e b) 0307.31.00, 0307.32.00, 0307.42.00, 0307.43, 0307.51.00, 0307.52.00, 0307.91.00 e 0307.92.00"
03063400;reducao;60;"Lei Complementar 214/2025";"Anexo VII, item 1";"Crustáceos (exceto lagostas e lagostim) e moluscos dos seguintes códigos e subposições da NCM/SH: a) 0306.1 e 0306.3, exceto os produtos da subposição 0306.11 e dos códigos 0306.15.00, 0306.31.00, 0306.34.00, 0306.39.10; e b) 0307.31.00, 0307.32.00, 0307.42.00, 0307.43, 0307.51.00, 0307.52.00, 0307.91.00 e 0307.92.00"
03063100;reducao;60;"Lei Complementar 214/2025";"Anexo VII, item 1";"Crustáceos (exceto lagostas e lagostim) e moluscos dos seguintes códigos e subposições da NCM/SH: a) 0306.1 e 0306.3, exceto os produtos da subposição 0306.11 e dos códigos 0306.15.00, 0306.31.00, 0306.34.00, 0306.39.10; e b) 0307.31.00, 0307.32.00, 0307.42.00, 0307.43, 0307.51.00, 0307.52.00, 0307.91.00 e 0307.92.00"
03079200;reducao;60;"Lei Complementar 214/2025";"Anexo VII, item 1";"Crustáceos (exceto lagostas e lagostim) e moluscos dos seguintes códigos e subposições da NCM/SH: a) 0306.1 e 0306.3, exceto os produtos da subposição 0306.11 e dos códigos 0306.15.00, 0306.31.00, 0306.34.00, 0306.39.10; e b) 0307.31.00, 0307.32.00, 0307.42.00, 0307.43, 0307.51.00, 0307.52.00, 0307.91.00 e 0307.92.00"
030743;reducao;60;"Lei Complementar 214/2025";"Anexo VII, item 1";"Crustáceos (exceto lagostas e lagostim) e moluscos dos seguintes códigos e subposições da NCM/SH: a) 0306.1 e 0306.3, exceto os produtos da subposição 0306.11 e dos códigos 0306.15.00, 0306.31.00, 0306.34.00, 0306.39.10; e b) 0307.31.00, 0307.32.00, 0307.42.00, 0307.43, 0307.51.00, 0307.52.00, 0307.91.00 e 0307.92.00"
03075100;reducao;60;"Lei Complementar 214/2025";"Anexo VII, item 1";"Crustáceos (exceto lagostas e lagostim) e moluscos dos seguintes códigos e subposições da NCM/SH: a) 0306.1 e 0306.3, exceto os produtos da subposição 0306.11 e dos códigos 0306.15.00, 0306.31.00, 0306.34.00, 0306.39.10; e b) 0307.31.00, 0307.32.00, 0307.42.00, 0307.43, 0307.51.00, 0307.52.00, 0307.91.00 e 0307.92.00"
22029900;reducao;60;"Lei Complementar 214/2025";"Anexo VII, item 2";"Leite fermentado, bebidas e compostos lácteos, em conformidade com os requisitos da legislação específica, classificados nos códigos 0403.20.00, 0403.90.00 e 2202.99.00 da NCM/SH"
04032000;reducao;60;"Lei Complementar 214/2025";"Anexo VII, item 2";"Leite fermentado, bebidas e compostos lácteos, em conformidade com os requisitos da legislação específica, classificados nos códigos 0403.20.00, 0403.90.00 e 2202.99.00 da NCM/SH"
04039000;reducao;60;"Lei Complementar 214/2025";"Anexo VII, item 2";"Leite fermentado, bebidas e compostos lácteos, em conformidade com os requisitos da legislação específica, classificados nos códigos 0403.20.00, 0403.90.00 e 2202.99.00 da NCM/SH"
04090000;reducao;60;"Lei Complementar 214/2025";"Anexo VII, item 3";"Mel natural do código 0409.00.00 da NCM/SH"
110100;reducao;60;"Lei Complementar 214/2025";"Anexo VII, item 4";"Farinha das posições 1101.00, 11.02, 11.05, 11.06 e 12.08 da NCM/SH; ressalvados os produtos relacionados no Anexo I"
11031900;reducao;60;"Lei Complementar 214/2025";"Anexo VII, item 5";"Grumos e sêmolas de cereais dos códigos 1103.11.00 e 1103.19.00 da NCM/SH; ressalvados os produtos relacionados no Anexo I"
11031100;reducao;60;"Lei Complementar 214/2025";"Anexo VII, item 5";"Grumos e sêmolas de cereais dos códigos 1103.11.00 e 1103.19.00 da NCM/SH; ressalvados os produtos relacionados no Anexo I"
11041;reducao;60;"Lei Complementar 214/2025";"Anexo VII, item 6";"Grãos de cereais das subposições 1104.1 e 1104.2 da NCM/SH; ressalvados os produtos relacionados no Anexo I"
11042;reducao;60;"Lei Complementar 214/2025";"Anexo VII, item 6";"Grãos de cereais das subposições 1104.1 e 1104.2 da NCM/SH; ressalvados os produtos relacionados no Anexo I"
11081200;reducao;60;"Lei Complementar 214/2025";"Anexo VII, item 7";"Amido de milho do código 1108.12.00 da NCM/SH"
1514;reducao;60;"Lei Complementar 214/2025";"Anexo VII, item 8";"Óleos de soja, de milho, canola e demais óleos vegetais, em conformidade com os requisitos da legislação específica relativos ao consumo como alimento, classificados na subposição 1507.90 e nas posições 15.08, 15.11, 15.12, 15.13, 15.14 e 15.15 da NCM/SH"
1513;reducao;60;"Lei Complementar 214/2025";"Anexo VII, item 8";"Óleos de soja, de milho, canola e demais óleos vegetais, em conformidade com os requisitos da legislação específica relativos ao consumo como alimento, classificados na subposição 1507.90 e nas posições 15.08, 15.11, 15.12, 15.13, 15.14 e 15.15 da NCM/SH"
150790;reducao;60;"Lei Complementar 214/2025";"Anexo VII, item 8";"Óleos de soja, de milho, canola e demais óleos vegetais, em conformidade com os requisitos da legislação específica relativos ao consumo como alimento, classificados na subposição 1507.90 e nas posições 15.08, 15.11, 15.12, 15.13, 15.14 e 15.15 da NCM/SH"
1512;reducao;60;"Lei Complementar 214/2025";"Anexo VII, item 8";"Óleos de soja, de milho, canola e demais óleos vegetais, em conformidade com os requisitos da legislação específica relativos ao consumo como alimento, classificados na subposição 1507.90 e nas posições 15.08, 15.11, 15.12, 15.13, 15.14 e 15.15 da NCM/SH"
1508;reducao;60;"Lei Complementar 214/2025";"Anexo VII, item 8";"Óleos de soja, de milho, canola e demais óleos vegetais, em conformidade com os requisitos da legislação específica relativos ao consumo como alimento, classificados na subposição 1507.90 e nas posições 15.08, 15.11, 15.12, 15.13, 15.14 e 15.15 da NCM/SH"
1511;reducao;60;"Lei Complementar 214/2025";"Anexo VII, item 8";"Óleos de soja, de milho, canola e demais óleos vegetais, em conformidade com os requisitos da legislação específica relativos ao consumo como alimento, classificados na subposição 1507.90 e nas posições 15.08, 15.11, 15.12, 15.13, 15.14 e 15.15 da NCM/SH"
1515;reducao;60;"Lei Complementar 214/2025";"Anexo VII, item 8";"Óleos de soja, de milho, canola e demais óleos vegetais, em conformidade com os requisitos da legislação específica relativos ao consumo como alimento, classificados na subposição 1507.90 e nas posições 15.08, 15.11, 15.12, 15.13, 15.14 e 15.15 da NCM/SH"
19022000;reducao;60;"Lei Complementar 214/2025";"Anexo VII, item 9";"Massas alimentícias dos códigos 1902.20.00 e 1902.30.00 da NCM/SH"
19023000;reducao;60;"Lei Complementar 214/2025";"Anexo VII, item 9";"Massas alimentícias dos códigos 1902.20.00 e 1902.30.00 da NCM/SH"
19059010;reducao;60;"Lei Complementar 214/2025";"Anexo VII, item 12";"Pão de Forma do código 1905.90.10 da NCM/SH"
20029000;reducao;60;"Lei Complementar 214/2025";"Anexo VII, item 13";"Extrato de tomate classificado no código 2002.90.00 da NCM/SH"
0812;reducao;60;"Lei Complementar 214/2025";"Anexo VII, item 14";"Frutas, produtos hortícolas e demais produtos vegetais, sem adição de açúcar ou de outros edulcorantes, classificados nos capítulos 7 e 8 da NCM/SH, ressalvados as frutas de casca rija não regionais e os produtos relacionados nos Anexos I e XV e excetuadas as posições 07.11, 08.12 e 0814.00.00"
08;reducao;60;"Lei Complementar 214/2025";"Anexo VII, item 14";"Frutas, produtos hortícolas e demais produtos vegetais, sem adição de açúcar ou de outros edulcorantes, classificados nos capítulos 7 e 8 da NCM/SH, ressalvados as frutas de casca rija não regionais e os produtos relacionados nos Anexos I e XV e excetuadas as posições 07.11, 08.12 e 0814.00.00"
07;reducao;60;"Lei Complementar 214/2025";"Anexo VII, item 14";"Frutas, produtos hortícolas e demais produtos vegetais, sem adição de açúcar ou de outros edulcorantes, classificados nos capítulos 7 e 8 da NCM/SH, ressalvados as frutas de casca rija não regionais e os produtos relacionados nos Anexos I e XV e excetuadas as posições 07.11, 08.12 e 0814.00.00"
0711;reducao;60;"Lei Complementar 214/2025";"Anexo VII, item 14";"Frutas, produtos hortícolas e demais produtos vegetais, sem adição de açúcar ou de outros edulcorantes, classificados nos capítulos 7 e 8 da NCM/SH, ressalvados as frutas de casca rija não regionais e os produtos relacionados nos Anexos I e XV e excetuadas as posições 07.11, 08.12 e 0814.00.00"
08140000;reducao;60;"Lei Complementar 214/2025";"Anexo VII, item 14";"Frutas, produtos hortícolas e demais produtos vegetais, sem adição de açúcar ou de outros edulcorantes, classificados nos capítulos 7 e 8 da NCM/SH, ressalvados as frutas de casca rija não regionais e os produtos relacionados nos Anexos I e XV e excetuadas as posições 07.11, 08.12 e 0814.00.00"
12;reducao;60;"Lei Complementar 214/2025";"Anexo VII, item 15";"Cereais do capítulo 10 e sementes e frutos oleaginosos classificados no capítulo 12, ambos da NCM/SH, ressalvados os produtos relacionados no Anexo I"
10;reducao;60;"Lei Complementar 214/2025";"Anexo VII, item 15";"Cereais do capítulo 10 e sementes e frutos oleaginosos classificados no capítulo 12, ambos da NCM/SH, ressalvados os produtos relacionados no Anexo I"
20021000;reducao;60;"Lei Complementar 214/2025";"Anexo VII, item 16";"Produtos hortícolas, mesmo misturados entre si, apenas pré-cozidos ou cozidos em água ou vapor, sem adição de sal ou de quaisquer outros produtos e substâncias, classificados nas posições 20.04 e 20.05 e no código 2002.10.00 da NCM/SH"
2005;reducao;60;"Lei Complementar 214/2025";"Anexo VII, item 16";"Produtos hortícolas, mesmo misturados entre si, apenas pré-cozidos ou cozidos em água ou vapor, sem adição de sal ou de quaisquer outros produtos e substâncias, classificados nas posições 20.04 e 20.05 e no código 2002.10.00 da NCM/SH"
2004;reducao;60;"Lei Complementar 214/2025";"Anexo VII, item 16";"Produtos hortícolas, mesmo misturados entre si, apenas pré-cozidos ou cozidos em água ou vapor, sem adição de sal ou de quaisquer outros produtos e substâncias, classificados nas posições 20.04 e 20.05 e no código 2002.10.00 da NCM/SH"
20081;reducao;60;"Lei Complementar 214/2025";"Anexo VII, item 17";"Fruta de casca rija regional, amendoins e outras sementes, mesmo misturados entre si, apenas torrados ou cozidos, sem adição de sal ou de quaisquer outros produtos e substâncias, classificados na subposição 2008.1 da NCM/SH"
34011190;reducao;60;"Lei Complementar 214/2025";"Anexo VIII, item 1";"Sabões de toucador classificados no código 3401.11.90 da NCM/SH"
33061000;reducao;60;"Lei Complementar 214/2025";"Anexo VIII, item 2";"Dentifrícios do código 3306.10.00 da NCM/SH"
96032100;reducao;60;"Lei Complementar 214/2025";"Anexo VIII, item 3";"Escovas de dentes do código 9603.21.00 da NCM/SH"
48181000;reducao;60;"Lei Complementar 214/2025";"Anexo VIII, item 4";"Papel higiênico do código 4818.10.00 da NCM/SH"
38089419;reducao;60;"Lei Complementar 214/2025";"Anexo VIII, item 5";"Água sanitária classificada no código 3808.94.19 da NCM/SH"
34011900;reducao;60;"Lei Complementar 214/2025";"Anexo VIII, item 6";"Sabões em barra classificados no código 3401.19.00 da NCM/SH"
96190000;reducao;60;"Lei Complementar 214/2025";"Anexo VIII, item 7";"Fraldas e artigos higiênicos semelhantes, de qualquer matéria classificadas no código 9619.00.00 da NCM/SH"
31010000;reducao;60;"Lei Complementar 214/2025";"Anexo IX, item 1";"Biofertilizantes, em conformidade com as definições e demais requisitos da legislação específica 3101.00.00"
31;reducao;60;"Lei Complementar 214/2025";"Anexo IX, item 2";"Fertilizantes (adubos), em conformidade com as definições e demais requisitos da legislação específica Capítulo 31 3824.99.77 3824.99.79 3824.99.89"
38249989;reducao;60;"Lei Complementar 214/2025";"Anexo IX, item 2";"Fertilizantes (adubos), em conformidade com as definições e demais requisitos da legislação específica Capítulo 31 3824.99.77 3824.99.79 3824.99.89"
38;reducao;60;"Lei Complementar 214/2025";"Anexo IX, item 2";"Fertilizantes (adubos), em conformidade com as definições e demais requisitos da legislação específica Capítulo 31 3824.99.77 3824.99.79 3824.99.89"
24;reducao;60;"Lei Complementar 214/2025";"Anexo IX, item 2";"Fertilizantes (adubos), em conformidade com as definições e demais requisitos da legislação específica Capítulo 31 3824.99.77 3824.99.79 3824.99.89"
38249979;reducao;60;"Lei Complementar 214/2025";"Anexo IX, item 2";"Fertilizantes (adubos), em conformidade com as definições e demais requisitos da legislação específica Capítulo 31 3824.99.77 3824.99.79 3824.99.89"
38249977;reducao;60;"Lei Complementar 214/2025";"Anexo IX, item 2";"Fertilizantes (adubos), em conformidade com as definições e demais requisitos da legislação específica Capítulo 31 3824.99.77 3824.99.79 3824.99.89"
25;reducao;60;"Lei Complementar 214/2025";"Anexo IX, item 3";"Corretivos de solo (inclusive condicionadores), remineralizadores e substratos para plantas; em conformidade com as definições e demais requisitos da legislação específica Capítulo 25"
30029000;reducao;60;"Lei Complementar 214/2025";"Anexo IX, item 4";"Inoculantes, meios de cultura e outros microorganismos para uso agrícola; em conformidade com as definições e demais requisitos da legislação específica 3002.49 3002.90.00 3821.00.00"
300249;reducao;60;"Lei Complementar 214/2025";"Anexo IX, item 4";"Inoculantes, meios de cultura e outros microorganismos para uso agrícola; em conformidade com as definições e demais requisitos da legislação específica 3002.49 3002.90.00 3821.00.00"
38210000;reducao;60;"Lei Complementar 214/2025";"Anexo IX, item 4";"Inoculantes, meios de cultura e outros microorganismos para uso agrícola; em conformidade com as definições e demais requisitos da legislação específica 3002.49 3002.90.00 3821.00.00"
38070000;reducao;60;"Lei Complementar 214/2025";"Anexo IX, item 5";"Bioestimulantes e bioinsumos para controle fitossanitário, em conformidade com as definições e demais requisitos da legislação específica 38.24 3807.00.00 12.11 38.08"
38249989;reducao;60;"Lei Complementar 214/2025";"Anexo IX, item 6";"Inseticidas, fungicidas, formicidas, herbicidas, parasiticidas, germicidas, acaricidas, nematicidas, raticidas, desfolhantes, dessecantes, espalhantes adesivos, estimuladores e inibidores de crescimento (reguladores); todos destinados diretamente ao uso agropecuário ou destinados diretamente à fabricação de defensivo agropecuário; em conformidade com as definições e demais requisitos da legislação específica 38.08 3824.99.89"
68062000;reducao;60;"Lei Complementar 214/2025";"Anexo IX, item 7";"Calcário, casca de coco triturada, turfa; tortas, bagaços e demais resíduos e desperdícios vegetais das indústrias alimentares; cascas, serragens e demais resíduos e desperdícios de madeira; resíduos da indústria de celulose (dregs e grits), ossos, borra de carnaúba, cinzas, resíduos agroindustriais orgânicos, DL-Metionina e seus análogos, vermiculita e argilas expandidas, palhas e cascas de produtos vegetais, fibra de coco e outras fibras vegetais, silicatos de potássio ou de magnésio, resinas e oleorresinas naturais, sucos e extratos vegetais, aminoácidos e microrganismos mortos, óleos essenciais, argilas e terras, carvão vegetal e pastas mecânicas de madeira; todos destinados diretamente à fabricação de biofertilizantes, fertilizantes, corretivos de solo (inclusive condicionadores), remineralizadores, substratos para plantas, bioestimulantes ou biodefensivos para controle fitossanitário ou utilizados diretamente como biofertilizantes, fertilizantes, corretivos de solo (inclusive condicionadores), remineralizadores, substratos para plantas, bioestimulantes ou biodefensivos para controle fitossanitário; em conformidade com as definições e demais requisitos da legislação específica 05.06 1201.10.00 1213.00.00 1301.90.90 1302.19.9 1401.90.00 1404.90.90 2102.20.00 23.02 23.03 2304.00 2305.00.00 23.06 2308.00.00 2703.00.00 2839.90.10 2839.90.50 2922.4 2930.40 33.01 3802.90.40 3804.00 3824.99.71 4401.39.00 4401.4 4402.90.00 4701.00.00 5305.00.90 6806.20.00"
47010000;reducao;60;"Lei Complementar 214/2025";"Anexo IX, item 7";"Calcário, casca de coco triturada, turfa; tortas, bagaços e demais resíduos e desperdícios vegetais das indústrias alimentares; cascas, serragens e demais resíduos e desperdícios de madeira; resíduos da indústria de celulose (dregs e grits), ossos, borra de carnaúba, cinzas, resíduos agroindustriais orgânicos, DL-Metionina e seus análogos, vermiculita e argilas expandidas, palhas e cascas de produtos vegetais, fibra de coco e outras fibras vegetais, silicatos de potássio ou de magnésio, resinas e oleorresinas naturais, sucos e extratos vegetais, aminoácidos e microrganismos mortos, óleos essenciais, argilas e terras, carvão vegetal e pastas mecânicas de madeira; todos destinados diretamente à fabricação de biofertilizantes, fertilizantes, corretivos de solo (inclusive condicionadores), remineralizadores, substratos para plantas, bioestimulantes ou biodefensivos para controle fitossanitário ou utilizados diretamente como biofertilizantes, fertilizantes, corretivos de solo (inclusive condicionadores), remineralizadores, substratos para plantas, bioestimulantes ou biodefensivos para controle fitossanitário; em conformidade com as definições e demais requisitos da legislação específica 05.06 1201.10.00 1213.00.00 1301.90.90 1302.19.9 1401.90.00 1404.90.90 2102.20.00 23.02 23.03 2304.00 2305.00.00 23.06 2308.00.00 2703.00.00 2839.90.10 2839.90.50 2922.4 2930.40 33.01 3802.90.40 3804.00 3824.99.71 4401.39.00 4401.4 4402.90.00 4701.00.00 5305.00.90 6806.20.00"
230400;reducao;60;"Lei Complementar 214/2025";"Anexo IX, item 7";"Calcário, casca de coco triturada, turfa; tortas, bagaços e demais resíduos e desperdícios vegetais das indústrias alimentares; cascas, serragens e demais resíduos e desperdícios de madeira; resíduos da indústria de celulose (dregs e grits), ossos, borra de carnaúba, cinzas, resíduos agroindustriais orgânicos, DL-Metionina e seus análogos, vermiculita e argilas expandidas, palhas e cascas de produtos vegetais, fibra de coco e outras fibras vegetais, silicatos de potássio ou de magnésio, resinas e oleorresinas naturais, sucos e extratos vegetais, aminoácidos e microrganismos mortos, óleos essenciais, argilas e terras, carvão vegetal e pastas mecânicas de madeira; todos destinados diretamente à fabricação de biofertilizantes, fertilizantes, corretivos de solo (inclusive condicionadores), remineralizadores, substratos para plantas, bioestimulantes ou biodefensivos para controle fitossanitário ou utilizados diretamente como biofertilizantes, fertilizantes, corretivos de solo (inclusive condicionadores), remineralizadores, substratos para plantas, bioestimulantes ou biodefensivos para controle fitossanitário; em conformidade com as definições e demais requisitos da legislação específica 05.06 1201.10.00 1213.00.00 1301.90.90 1302.19.9 1401.90.00 1404.90.90 2102.20.00 23.02 23.03 2304.00 2305.00.00 23.06 2308.00.00 2703.00.00 2839.90.10 2839.90.50 2922.4 2930.40 33.01 3802.90.40 3804.00 3824.99.71 4401.39.00 4401.4 4402.90.00 4701.00.00 5305.00.90 6806.20.00"
13019090;reducao;60;"Lei Complementar 214/2025";"Anexo IX, item 7";"Calcário, casca de coco triturada, turfa; tortas, bagaços e demais resíduos e desperdícios vegetais das indústrias alimentares; cascas, serragens e demais resíduos e desperdícios de madeira; resíduos da indústria de celulose (dregs e grits), ossos, borra de carnaúba, cinzas, resíduos agroindustriais orgânicos, DL-Metionina e seus análogos, vermiculita e argilas expandidas, palhas e cascas de produtos vegetais, fibra de coco e outras fibras vegetais, silicatos de potássio ou de magnésio, resinas e oleorresinas naturais, sucos e extratos vegetais, aminoácidos e microrganismos mortos, óleos essenciais, argilas e terras, carvão vegetal e pastas mecânicas de madeira; todos destinados diretamente à fabricação de biofertilizantes, fertilizantes, corretivos de solo (inclusive condicionadores), remineralizadores, substratos para plantas, bioestimulantes ou biodefensivos para controle fitossanitário ou utilizados diretamente como biofertilizantes, fertilizantes, corretivos de solo (inclusive condicionadores), remineralizadores, substratos para plantas, bioestimulantes ou biodefensivos para controle fitossanitário; em conformidade com as definições e demais requisitos da legislação específica 05.06 1201.10.00 1213.00.00 1301.90.90 1302.19.9 1401.90.00 1404.90.90 2102.20.00 23.02 23.03 2304.00 2305.00.00 23.06 2308.00.00 2703.00.00 2839.90.10 2839.90.50 2922.4 2930.40 33.01 3802.90.40 3804.00 3824.99.71 4401.39.00 4401.4 4402.90.00 4701.00.00 5305.00.90 6806.20.00"
380400;reducao;60;"Lei Complementar 214/2025";"Anexo IX, item 7";"Calcário, casca de coco triturada, turfa; tortas, bagaços e demais resíduos e desperdícios vegetais das indústrias alimentares; cascas, serragens e demais resíduos e desperdícios de madeira; resíduos da indústria de celulose (dregs e grits), ossos, borra de carnaúba, cinzas, resíduos agroindustriais orgânicos, DL-Metionina e seus análogos, vermiculita e argilas expandidas, palhas e cascas de produtos vegetais, fibra de coco e outras fibras vegetais, silicatos de potássio ou de magnésio, resinas e oleorresinas naturais, sucos e extratos vegetais, aminoácidos e microrganismos mortos, óleos essenciais, argilas e terras, carvão vegetal e pastas mecânicas de madeira; todos destinados diretamente à fabricação de biofertilizantes, fertilizantes, corretivos de solo (inclusive condicionadores), remineralizadores, substratos para plantas, bioestimulantes ou biodefensivos para controle fitossanitário ou utilizados diretamente como biofertilizantes, fertilizantes, corretivos de solo (inclusive condicionadores), remineralizadores, substratos para plantas, bioestimulantes ou biodefensivos para controle fitossanitário; em conformidade com as definições e demais requisitos da legislação específica 05.06 1201.10.00 1213.00.00 1301.90.90 1302.19.9 1401.90.00 1404.90.90 2102.20.00 23.02 23.03 2304.00 2305.00.00 23.06 2308.00.00 2703.00.00 2839.90.10 2839.90.50 2922.4 2930.40 33.01 3802.90.40 3804.00 3824.99.71 4401.39.00 4401.4 4402.90.00 4701.00.00 5305.00.90 6806.20.00"
12011000;reducao;60;"Lei Complementar 214/2025";"Anexo IX, item 7";"Calcário, casca de coco triturada, turfa; tortas, bagaços e demais resíduos e desperdícios vegetais das indústrias alimentares; cascas, serragens e demais resíduos e desperdícios de madeira; resíduos da indústria de celulose (dregs e grits), ossos, borra de carnaúba, cinzas, resíduos agroindustriais orgânicos, DL-Metionina e seus análogos, vermiculita e argilas expandidas, palhas e cascas de produtos vegetais, fibra de coco e outras fibras vegetais, silicatos de potássio ou de magnésio, resinas e oleorresinas naturais, sucos e extratos vegetais, aminoácidos e microrganismos mortos, óleos essenciais, argilas e terras, carvão vegetal e pastas mecânicas de madeira; todos destinados diretamente à fabricação de biofertilizantes, fertilizantes, corretivos de solo (inclusive condicionadores), remineralizadores, substratos para plantas, bioestimulantes ou biodefensivos para controle fitossanitário ou utilizados diretamente como biofertilizantes, fertilizantes, corretivos de solo (inclusive condicionadores), remineralizadores, substratos para plantas, bioestimulantes ou biodefensivos para controle fitossanitário; em conformidade com as definições e demais requisitos da legislação específica 05.06 1201.10.00 1213.00.00 1301.90.90 1302.19.9 1401.90.00 1404.90.90 2102.20.00 23.02 23.03 2304.00 2305.00.00 23.06 2308.00.00 2703.00.00 2839.90.10 2839.90.50 2922.4 2930.40 33.01 3802.90.40 3804.00 3824.99.71 4401.39.00 4401.4 4402.90.00 4701.00.00 5305.00.90 6806.20.00"
14049090;reducao;60;"Lei Complementar 214/2025";"Anexo IX, item 7";"Calcário, casca de coco triturada, turfa; tortas, bagaços e demais resíduos e desperdícios vegetais das indústrias alimentares; cascas, serragens e demais resíduos e desperdícios de madeira; resíduos da indústria de celulose (dregs e grits), ossos, borra de carnaúba, cinzas, resíduos agroindustriais orgânicos, DL-Metionina e seus análogos, vermiculita e argilas expandidas, palhas e cascas de produtos vegetais, fibra de coco e outras fibras vegetais, silicatos de potássio ou de magnésio, resinas e oleorresinas naturais, sucos e extratos vegetais, aminoácidos e microrganismos mortos, óleos essenciais, argilas e terras, carvão vegetal e pastas mecânicas de madeira; todos destinados diretamente à fabricação de biofertilizantes, fertilizantes, corretivos de solo (inclusive condicionadores), remineralizadores, substratos para plantas, bioestimulantes ou biodefensivos para controle fitossanitário ou utilizados diretamente como biofertilizantes, fertilizantes, corretivos de solo (inclusive condicionadores), remineralizadores, substratos para plantas, bioestimulantes ou biodefensivos para controle fitossanitário; em conformidade com as definições e demais requisitos da legislação específica 05.06 1201.10.00 1213.00.00 1301.90.90 1302.19.9 1401.90.00 1404.90.90 2102.20.00 23.02 23.03 2304.00 2305.00.00 23.06 2308.00.00 2703.00.00 2839.90.10 2839.90.50 2922.4 2930.40 33.01 3802.90.40 3804.00 3824.99.71 4401.39.00 4401.4 4402.90.00 4701.00.00 5305.00.90 6806.20.00"
12130000;reducao;60;"Lei Complementar 214/2025";"Anexo IX, item 7";"Calcário, casca de coco triturada, turfa; tortas, bagaços e demais resíduos e desperdícios vegetais das indústrias alimentares; cascas, serragens e demais resíduos e desperdícios de madeira; resíduos da indústria de celulose (dregs e grits), ossos, borra de carnaúba, cinzas, resíduos agroindustriais orgânicos, DL-Metionina e seus análogos, vermiculita e argilas expandidas, palhas e cascas de produtos vegetais, fibra de coco e outras fibras vegetais, silicatos de potássio ou de magnésio, resinas e oleorresinas naturais, sucos e extratos vegetais, aminoácidos e microrganismos mortos, óleos essenciais, argilas e terras, carvão vegetal e pastas mecânicas de madeira; todos destinados diretamente à fabricação de biofertilizantes, fertilizantes, corretivos de solo (inclusive condicionadores), remineralizadores, substratos para plantas, bioestimulantes ou biodefensivos para controle fitossanitário ou utilizados diretamente como biofertilizantes, fertilizantes, corretivos de solo (inclusive condicionadores), remineralizadores, substratos para plantas, bioestimulantes ou biodefensivos para controle fitossanitário; em conformidade com as definições e demais requisitos da legislação específica 05.06 1201.10.00 1213.00.00 1301.90.90 1302.19.9 1401.90.00 1404.90.90 2102.20.00 23.02 23.03 2304.00 2305.00.00 23.06 2308.00.00 2703.00.00 2839.90.10 2839.90.50 2922.4 2930.40 33.01 3802.90.40 3804.00 3824.99.71 4401.39.00 4401.4 4402.90.00 4701.00.00 5305.00.90 6806.20.00"
29224;reducao;60;"Lei Complementar 214/2025";"Anexo IX, item 7";"Calcário, casca de coco triturada, turfa; tortas, bagaços e demais resíduos e desperdícios vegetais das indústrias alimentares; cascas, serragens e demais resíduos e desperdícios de madeira; resíduos da indústria de celulose (dregs e grits), ossos, borra de carnaúba, cinzas, resíduos agroindustriais orgânicos, DL-Metionina e seus análogos, vermiculita e argilas expandidas, palhas e cascas de produtos vegetais, fibra de coco e outras fibras vegetais, silicatos de potássio ou de magnésio, resinas e oleorresinas naturais, sucos e extratos vegetais, aminoácidos e microrganismos mortos, óleos essenciais, argilas e terras, carvão vegetal e pastas mecânicas de madeira; todos destinados diretamente à fabricação de biofertilizantes, fertilizantes, corretivos de solo (inclusive condicionadores), remineralizadores, substratos para plantas, bioestimulantes ou biodefensivos para controle fitossanitário ou utilizados diretamente como biofertilizantes, fertilizantes, corretivos de solo (inclusive condicionadores), remineralizadores, substratos para plantas, bioestimulantes ou biodefensivos para controle fitossanitário; em conformidade com as definições e demais requisitos da legislação específica 05.06 1201.10.00 1213.00.00 1301.90.90 1302.19.9 1401.90.00 1404.90.90 2102.20.00 23.02 23.03 2304.00 2305.00.00 23.06 2308.00.00 2703.00.00 2839.90.10 2839.90.50 2922.4 2930.40 33.01 3802.90.40 3804.00 3824.99.71 4401.39.00 4401.4 4402.90.00 4701.00.00 5305.00.90 6806.20.00"
44014;reducao;60;"Lei Complementar 214/2025";"Anexo IX, item 7";"Calcário, casca de coco triturada, turfa; tortas, bagaços e demais resíduos e desperdícios vegetais das indústrias alimentares; cascas, serragens e demais resíduos e desperdícios de madeira; resíduos da indústria de celulose (dregs e grits), ossos, borra de carnaúba, cinzas, resíduos agroindustriais orgânicos, DL-Metionina e seus análogos, vermiculita e argilas expandidas, palhas e cascas de produtos vegetais, fibra de coco e outras fibras vegetais, silicatos de potássio ou de magnésio, resinas e oleorresinas naturais, sucos e extratos vegetais, aminoácidos e microrganismos mortos, óleos essenciais, argilas e terras, carvão vegetal e pastas mecânicas de madeira; todos destinados diretamente à fabricação de biofertilizantes, fertilizantes, corretivos de solo (inclusive condicionadores), remineralizadores, substratos para plantas, bioestimulantes ou biodefensivos para controle fitossanitário ou utilizados diretamente como biofertilizantes, fertilizantes, corretivos de solo (inclusive condicionadores), remineralizadores, substratos para plantas, bioestimulantes ou biodefensivos para controle fitossanitário; em conformidade com as definições e demais requisitos da legislação específica 05.06 1201.10.00 1213.00.00 1301.90.90 1302.19.9 1401.90.00 1404.90.90 2102.20.00 23.02 23.03 2304.00 2305.00.00 23.06 2308.00.00 2703.00.00 2839.90.10 2839.90.50 2922.4 2930.40 33.01 3802.90.40 3804.00 3824.99.71 4401.39.00 4401.4 4402.90.00 4701.00.00 5305.00.90 6806.20.00"
130219;reducao;60;"Lei Complementar 214/2025";"Anexo IX, item 7";"Calcário, casca de coco triturada, turfa; tortas, bagaços e demais resíduos e desperdícios vegetais das indústrias alimentares; cascas, serragens e demais resíduos e desperdícios de madeira; resíduos da indústria de celulose (dregs e grits), ossos, borra de carnaúba, cinzas, resíduos agroindustriais orgânicos, DL-Metionina e seus análogos, vermiculita e argilas expandidas, palhas e cascas de produtos vegetais, fibra de coco e outras fibras vegetais, silicatos de potássio ou de magnésio, resinas e oleorresinas naturais, sucos e extratos vegetais, aminoácidos e microrganismos mortos, óleos essenciais, argilas e terras, carvão vegetal e pastas mecânicas de madeira; todos destinados diretamente à fabricação de biofertilizantes, fertilizantes, corretivos de solo (inclusive condicionadores), remineralizadores, substratos para plantas, bioestimulantes ou biodefensivos para controle fitossanitário ou utilizados diretamente como biofertilizantes, fertilizantes, corretivos de solo (inclusive condicionadores), remineralizadores, substratos para plantas, bioestimulantes ou biodefensivos para controle fitossanitário; em conformidade com as definições e demais requisitos da legislação específica 05.06 1201.10.00 1213.00.00 1301.90.90 1302.19.9 1401.90.00 1404.90.90 2102.20.00 23.02 23.03 2304.00 2305.00.00 23.06 2308.00.00 2703.00.00 2839.90.10 2839.90.50 2922.4 2930.40 33.01 3802.90.40 3804.00 3824.99.71 4401.39.00 4401.4 4402.90.00 4701.00.00 5305.00.90 6806.20.00"
21022000;reducao;60;"Lei Complementar 214/2025";"Anexo IX, item 7";"Calcário, casca de coco triturada, turfa; tortas, bagaços e demais resíduos e desperdícios vegetais das indústrias alimentares; cascas, serragens e demais resíduos e desperdícios de madeira; resíduos da indústria de celulose (dregs e grits), ossos, borra de carnaúba, cinzas, resíduos agroindustriais orgânicos, DL-Metionina e seus análogos, vermiculita e argilas expandidas, palhas e cascas de produtos vegetais, fibra de coco e outras fibras vegetais, silicatos de potássio ou de magnésio, resinas e oleorresinas naturais, sucos e extratos vegetais, aminoácidos e microrganismos mortos, óleos essenciais, argilas e terras, carvão vegetal e pastas mecânicas de madeira; todos destinados diretamente à fabricação de biofertilizantes, fertilizantes, corretivos de solo (inclusive condicionadores), remineralizadores, substratos para plantas, bioestimulantes ou biodefensivos para controle fitossanitário ou utilizados diretamente como biofertilizantes, fertilizantes, corretivos de solo (inclusive condicionadores), remineralizadores, substratos para plantas, bioestimulantes ou biodefensivos para controle fitossanitário; em conformidade com as definições e demais requisitos da legislação específica 05.06 1201.10.00 1213.00.00 1301.90.90 1302.19.9 1401.90.00 1404.90.90 2102.20.00 23.02 23.03 2304.00 2305.00.00 23.06 2308.00.00 2703.00.00 2839.90.10 2839.90.50 2922.4 2930.40 33.01 3802.90.40 3804.00 3824.99.71 4401.39.00 4401.4 4402.90.00 4701.00.00 5305.00.90 6806.20.00"
44013900;reducao;60;"Lei Complementar 214/2025";"Anexo IX, item 7";"Calcário, casca de coco triturada, turfa; tortas, bagaços e demais resíduos e desperdícios vegetais das indústrias alimentares; cascas, serragens e demais resíduos e desperdícios de madeira; resíduos da indústria de celulose (dregs e grits), ossos, borra de carnaúba, cinzas, resíduos agroindustriais orgânicos, DL-Metionina e seus análogos, vermiculita e argilas expandidas, palhas e cascas de produtos vegetais, fibra de coco e outras fibras vegetais, silicatos de potássio ou de magnésio, resinas e oleorresinas naturais, sucos e extratos vegetais, aminoácidos e microrganismos mortos, óleos essenciais, argilas e terras, carvão vegetal e pastas mecânicas de madeira; todos destinados diretamente à fabricação de biofertilizantes, fertilizantes, corretivos de solo (inclusive condicionadores), remineralizadores, substratos para plantas, bioestimulantes ou biodefensivos para controle fitossanitário ou utilizados diretamente como biofertilizantes, fertilizantes, corretivos de solo (inclusive condicionadores), remineralizadores, substratos para plantas, bioestimulantes ou biodefensivos para controle fitossanitário; em conformidade com as definições e demais requisitos da legislação específica 05.06 1201.10.00 1213.00.00 1301.90.90 1302.19.9 1401.90.00 1404.90.90 2102.20.00 23.02 23.03 2304.00 2305.00.00 23.06 2308.00.00 2703.00.00 2839.90.10 2839.90.50 2922.4 2930.40 33.01 3802.90.40 3804.00 3824.99.71 4401.39.00 4401.4 4402.90.00 4701.00.00 5305.00.90 6806.20.00"
53050090;reducao;60;"Lei Complementar 214/2025";"Anexo IX, item 7";"Calcário, casca de coco triturada, turfa; tortas, bagaços e demais resíduos e desperdícios vegetais das indústrias alimentares; cascas, serragens e demais resíduos e desperdícios de madeira; resíduos da indústria de celulose (dregs e grits), ossos, borra de carnaúba, cinzas, resíduos agroindustriais orgânicos, DL-Metionina e seus análogos, vermiculita e argilas expandidas, palhas e cascas de produtos vegetais, fibra de coco e outras fibras vegetais, silicatos de potássio ou de magnésio, resinas e oleorresinas naturais, sucos e extratos vegetais, aminoácidos e microrganismos mortos, óleos essenciais, argilas e terras, carvão vegetal e pastas mecânicas de madeira; todos destinados diretamente à fabricação de biofertilizantes, fertilizantes, corretivos de solo (inclusive condicionadores), remineralizadores, substratos para plantas, bioestimulantes ou biodefensivos para controle fitossanitário ou utilizados diretamente como biofertilizantes, fertilizantes, corretivos de solo (inclusive condicionadores), remineralizadores, substratos para plantas, bioestimulantes ou biodefensivos para controle fitossanitário; em conformidade com as definições e demais requisitos da legislação específica 05.06 1201.10.00 1213.00.00 1301.90.90 1302.19.9 1401.90.00 1404.90.90 2102.20.00 23.02 23.03 2304.00 2305.00.00 23.06 2308.00.00 2703.00.00 2839.90.10 2839.90.50 2922.4 2930.40 33.01 3802.90.40 3804.00 3824.99.71 4401.39.00 4401.4 4402.90.00 4701.00.00 5305.00.90 6806.20.00"
38029040;reducao;60;"Lei Complementar 214/2025";"Anexo IX, item 7";"Calcário, casca de coco triturada, turfa; tortas, bagaços e demais resíduos e desperdícios vegetais das indústrias alimentares; cascas, serragens e demais resíduos e desperdícios de madeira; resíduos da indústria de celulose (dregs e grits), ossos, borra de carnaúba, cinzas, resíduos agroindustriais orgânicos, DL-Metionina e seus análogos, vermiculita e argilas expandidas, palhas e cascas de produtos vegetais, fibra de coco e outras fibras vegetais, silicatos de potássio ou de magnésio, resinas e oleorresinas naturais, sucos e extratos vegetais, aminoácidos e microrganismos mortos, óleos essenciais, argilas e terras, carvão vegetal e pastas mecânicas de madeira; todos destinados diretamente à fabricação de biofertilizantes, fertilizantes, corretivos de solo (inclusive condicionadores), remineralizadores, substratos para plantas, bioestimulantes ou biodefensivos para controle fitossanitário ou utilizados diretamente como biofertilizantes, fertilizantes, corretivos de solo (inclusive condicionadores), remineralizadores, substratos para plantas, bioestimulantes ou biodefensivos para controle fitossanitário; em conformidade com as definições e demais requisitos da legislação específica 05.06 1201.10.00 1213.00.00 1301.90.90 1302.19.9 1401.90.00 1404.90.90 2102.20.00 23.02 23.03 2304.00 2305.00.00 23.06 2308.00.00 2703.00.00 2839.90.10 2839.90.50 2922.4 2930.40 33.01 3802.90.40 3804.00 3824.99.71 4401.39.00 4401.4 4402.90.00 4701.00.00 5305.00.90 6806.20.00"
28399050;reducao;60;"Lei Complementar 214/2025";"Anexo IX, item 7";"Calcário, casca de coco triturada, turfa; tortas, bagaços e demais resíduos e desperdícios vegetais das indústrias alimentares; cascas, serragens e demais resíduos e desperdícios de madeira; resíduos da indústria de celulose (dregs e grits), ossos, borra de carnaúba, cinzas, resíduos agroindustriais orgânicos, DL-Metionina e seus análogos, vermiculita e argilas expandidas, palhas e cascas de produtos vegetais, fibra de coco e outras fibras vegetais, silicatos de potássio ou de magnésio, resinas e oleorresinas naturais, sucos e extratos vegetais, aminoácidos e microrganismos mortos, óleos essenciais, argilas e terras, carvão vegetal e pastas mecânicas de madeira; todos destinados diretamente à fabricação de biofertilizantes, fertilizantes, corretivos de solo (inclusive condicionadores), remineralizadores, substratos para plantas, bioestimulantes ou biodefensivos para controle fitossanitário ou utilizados diretamente como biofertilizantes, fertilizantes, corretivos de solo (inclusive condicionadores), remineralizadores, substratos para plantas, bioestimulantes ou biodefensivos para controle fitossanitário; em conformidade com as definições e demais requisitos da legislação específica 05.06 1201.10.00 1213.00.00 1301.90.90 1302.19.9 1401.90.00 1404.90.90 2102.20.00 23.02 23.03 2304.00 2305.00.00 23.06 2308.00.00 2703.00.00 2839.90.10 2839.90.50 2922.4 2930.40 33.01 3802.90.40 3804.00 3824.99.71 4401.39.00 4401.4 4402.90.00 4701.00.00 5305.00.90 6806.20.00"
28399010;reducao;60;"Lei Complementar 214/2025";"Anexo IX, item 7";"Calcário, casca de coco triturada, turfa; tortas, bagaços e demais resíduos e desperdícios vegetais das indústrias alimentares; cascas, serragens e demais resíduos e desperdícios de madeira; resíduos da indústria de celulose (dregs e grits), ossos, borra de carnaúba, cinzas, resíduos agroindustriais orgânicos, DL-Metionina e seus análogos, vermiculita e argilas expandidas, palhas e cascas de produtos vegetais, fibra de coco e outras fibras vegetais, silicatos de potássio ou de magnésio, resinas e oleorresinas naturais, sucos e extratos vegetais, aminoácidos e microrganismos mortos, óleos essenciais, argilas e terras, carvão vegetal e pastas mecânicas de madeira; todos destinados diretamente à fabricação de biofertilizantes, fertilizantes, corretivos de solo (inclusive condicionadores), remineralizadores, substratos para plantas, bioestimulantes ou biodefensivos para controle fitossanitário ou utilizados diretamente como biofertilizantes, fertilizantes, corretivos de solo (inclusive condicionadores), remineralizadores, substratos para plantas, bioestimulantes ou biodefensivos para controle fitossanitário; em conformidade com as definições e demais requisitos da legislação específica 05.06 1201.10.00 1213.00.00 1301.90.90 1302.19.9 1401.90.00 1404.90.90 2102.20.00 23.02 23.03 2304.00 2305.00.00 23.06 2308.00.00 2703.00.00 2839.90.10 2839.90.50 2922.4 2930.40 33.01 3802.90.40 3804.00 3824.99.71 4401.39.00 4401.4 4402.90.00 4701.00.00 5305.00.90 6806.20.00"
14019000;reducao;60;"Lei Complementar 214/2025";"Anexo IX, item 7";"Calcário, casca de coco triturada, turfa; tortas, bagaços e demais resíduos e desperdícios vegetais das indústrias alimentares; cascas, serragens e demais resíduos e desperdícios de madeira; resíduos da indústria de celulose (dregs e grits), ossos, borra de carnaúba, cinzas, resíduos agroindustriais orgânicos, DL-Metionina e seus análogos, vermiculita e argilas expandidas, palhas e cascas de produtos vegetais, fibra de coco e outras fibras vegetais, silicatos de potássio ou de magnésio, resinas e oleorresinas naturais, sucos e extratos vegetais, aminoácidos e microrganismos mortos, óleos essenciais, argilas e terras, carvão vegetal e pastas mecânicas de madeira; todos destinados diretamente à fabricação de biofertilizantes, fertilizantes, corretivos de solo (inclusive condicionadores), remineralizadores, substratos para plantas, bioestimulantes ou biodefensivos para controle fitossanitário ou utilizados diretamente como biofertilizantes, fertilizantes, corretivos de solo (inclusive condicionadores), remineralizadores, substratos para plantas, bioestimulantes ou biodefensivos para controle fitossanitário; em conformidade com as definições e demais requisitos da legislação específica 05.06 1201.10.00 1213.00.00 1301.90.90 1302.19.9 1401.90.00 1404.90.90 2102.20.00 23.02 23.03 2304.00 2305.00.00 23.06 2308.00.00 2703.00.00 2839.90.10 2839.90.50 2922.4 2930.40 33.01 3802.90.40 3804.00 3824.99.71 4401.39.00 4401.4 4402.90.00 4701.00.00 5305.00.90 6806.20.00"
38249971;reducao;60;"Lei Complementar 214/2025";"Anexo IX, item 7";"Calcário, casca de coco triturada, turfa; tortas, bagaços e demais resíduos e desperdícios vegetais das indústrias alimentares; cascas, serragens e demais resíduos e desperdícios de madeira; resíduos da indústria de celulose (dregs e grits), ossos, borra de carnaúba, cinzas, resíduos agroindustriais orgânicos, DL-Metionina e seus análogos, vermiculita e argilas expandidas, palhas e cascas de produtos vegetais, fibra de coco e outras fibras vegetais, silicatos de potássio ou de magnésio, resinas e oleorresinas naturais, sucos e extratos vegetais, aminoácidos e microrganismos mortos, óleos essenciais, argilas e terras, carvão vegetal e pastas mecânicas de madeira; todos destinados diretamente à fabricação de biofertilizantes, fertilizantes, corretivos de solo (inclusive condicionadores), remineralizadores, substratos para plantas, bioestimulantes ou biodefensivos para controle fitossanitário ou utilizados diretamente como biofertilizantes, fertilizantes, corretivos de solo (inclusive condicionadores), remineralizadores, substratos para plantas, bioestimulantes ou biodefensivos para controle fitossanitário; em conformidade com as definições e demais requisitos da legislação específica 05.06 1201.10.00 1213.00.00 1301.90.90 1302.19.9 1401.90.00 1404.90.90 2102.20.00 23.02 23.03 2304.00 2305.00.00 23.06 2308.00.00 2703.00.00 2839.90.10 2839.90.50 2922.4 2930.40 33.01 3802.90.40 3804.00 3824.99.71 4401.39.00 4401.4 4402.90.00 4701.00.00 5305.00.90 6806.20.00"
23080000;reducao;60;"Lei Complementar 214/2025";"Anexo IX, item 7";"Calcário, casca de coco triturada, turfa; tortas, bagaços e demais resíduos e desperdícios vegetais das indústrias alimentares; cascas, serragens e demais resíduos e desperdícios de madeira; resíduos da indústria de celulose (dregs e grits), ossos, borra de carnaúba, cinzas, resíduos agroindustriais orgânicos, DL-Metionina e seus análogos, vermiculita e argilas expandidas, palhas e cascas de produtos vegetais, fibra de coco e outras fibras vegetais, silicatos de potássio ou de magnésio, resinas e oleorresinas naturais, sucos e extratos vegetais, aminoácidos e microrganismos mortos, óleos essenciais, argilas e terras, carvão vegetal e pastas mecânicas de madeira; todos destinados diretamente à fabricação de biofertilizantes, fertilizantes, corretivos de solo (inclusive condicionadores), remineralizadores, substratos para plantas, bioestimulantes ou biodefensivos para controle fitossanitário ou utilizados diretamente como biofertilizantes, fertilizantes, corretivos de solo (inclusive condicionadores), remineralizadores, substratos para plantas, bioestimulantes ou biodefensivos para controle fitossanitário; em conformidade com as definições e demais requisitos da legislação específica 05.06 1201.10.00 1213.00.00 1301.90.90 1302.19.9 1401.90.00 1404.90.90 2102.20.00 23.02 23.03 2304.00 2305.00.00 23.06 2308.00.00 2703.00.00 2839.90.10 2839.90.50 2922.4 2930.40 33.01 3802.90.40 3804.00 3824.99.71 4401.39.00 4401.4 4402.90.00 4701.00.00 5305.00.90 6806.20.00"
27030000;reducao;60;"Lei Complementar 214/2025";"Anexo IX, item 7";"Calcário, casca de coco triturada, turfa; tortas, bagaços e demais resíduos e desperdícios vegetais das indústrias alimentares; cascas, serragens e demais resíduos e desperdícios de madeira; resíduos da indústria de celulose (dregs e grits), ossos, borra de carnaúba, cinzas, resíduos agroindustriais orgânicos, DL-Metionina e seus análogos, vermiculita e argilas expandidas, palhas e cascas de produtos vegetais, fibra de coco e outras fibras vegetais, silicatos de potássio ou de magnésio, resinas e oleorresinas naturais, sucos e extratos vegetais, aminoácidos e microrganismos mortos, óleos essenciais, argilas e terras, carvão vegetal e pastas mecânicas de madeira; todos destinados diretamente à fabricação de biofertilizantes, fertilizantes, corretivos de solo (inclusive condicionadores), remineralizadores, substratos para plantas, bioestimulantes ou biodefensivos para controle fitossanitário ou utilizados diretamente como biofertilizantes, fertilizantes, corretivos de solo (inclusive condicionadores), remineralizadores, substratos para plantas, bioestimulantes ou biodefensivos para controle fitossanitário; em conformidade com as definições e demais requisitos da legislação específica 05.06 1201.10.00 1213.00.00 1301.90.90 1302.19.9 1401.90.00 1404.90.90 2102.20.00 23.02 23.03 2304.00 2305.00.00 23.06 2308.00.00 2703.00.00 2839.90.10 2839.90.50 2922.4 2930.40 33.01 3802.90.40 3804.00 3824.99.71 4401.39.00 4401.4 4402.90.00 4701.00.00 5305.00.90 6806.20.00"
23050000;reducao;60;"Lei Complementar 214/2025";"Anexo IX, item 7";"Calcário, casca de coco triturada, turfa; tortas, bagaços e demais resíduos e desperdícios vegetais das indústrias alimentares; cascas, serragens e demais resíduos e desperdícios de madeira; resíduos da indústria de celulose (dregs e grits), ossos, borra de carnaúba, cinzas, resíduos agroindustriais orgânicos, DL-Metionina e seus análogos, vermiculita e argilas expandidas, palhas e cascas de produtos vegetais, fibra de coco e outras fibras vegetais, silicatos de potássio ou de magnésio, resinas e oleorresinas naturais, sucos e extratos vegetais, aminoácidos e microrganismos mortos, óleos essenciais, argilas e terras, carvão vegetal e pastas mecânicas de madeira; todos destinados diretamente à fabricação de biofertilizantes, fertilizantes, corretivos de solo (inclusive condicionadores), remineralizadores, substratos para plantas, bioestimulantes ou biodefensivos para controle fitossanitário ou utilizados diretamente como biofertilizantes, fertilizantes, corretivos de solo (inclusive condicionadores), remineralizadores, substratos para plantas, bioestimulantes ou biodefensivos para controle fitossanitário; em conformidade com as definições e demais requisitos da legislação específica 05.06 1201.10.00 1213.00.00 1301.90.90 1302.19.9 1401.90.00 1404.90.90 2102.20.00 23.02 23.03 2304.00 2305.00.00 23.06 2308.00.00 2703.00.00 2839.90.10 2839.90.50 2922.4 2930.40 33.01 3802.90.40 3804.00 3824.99.71 4401.39.00 4401.4 4402.90.00 4701.00.00 5305.00.90 6806.20.00"
293040;reducao;60;"Lei Complementar 214/2025";"Anexo IX, item 7";"Calcário, casca de coco triturada, turfa; tortas, bagaços e demais resíduos e desperdícios vegetais das indústrias alimentares; cascas, serragens e demais resíduos e desperdícios de madeira; resíduos da indústria de celulose (dregs e grits), ossos, borra de carnaúba, cinzas, resíduos agroindustriais orgânicos, DL-Metionina e seus análogos, vermiculita e argilas expandidas, palhas e cascas de produtos vegetais, fibra de coco e outras fibras vegetais, silicatos de potássio ou de magnésio, resinas e oleorresinas naturais, sucos e extratos vegetais, aminoácidos e microrganismos mortos, óleos essenciais, argilas e terras, carvão vegetal e pastas mecânicas de madeira; todos destinados diretamente à fabricação de biofertilizantes, fertilizantes, corretivos de solo (inclusive condicionadores), remineralizadores, substratos para plantas, bioestimulantes ou biodefensivos para controle fitossanitário ou utilizados diretamente como biofertilizantes, fertilizantes, corretivos de solo (inclusive condicionadores), remineralizadores, substratos para plantas, bioestimulantes ou biodefensivos para controle fitossanitário; em conformidade com as definições e demais requisitos da legislação específica 05.06 1201.10.00 1213.00.00 1301.90.90 1302.19.9 1401.90.00 1404.90.90 2102.20.00 23.02 23.03 2304.00 2305.00.00 23.06 2308.00.00 2703.00.00 2839.90.10 2839.90.50 2922.4 2930.40 33.01 3802.90.40 3804.00 3824.99.71 4401.39.00 4401.4 4402.90.00 4701.00.00 5305.00.90 6806.20.00"
44029000;reducao;60;"Lei Complementar 214/2025";"Anexo IX, item 7";"Calcário, casca de coco triturada, turfa; tortas, bagaços e demais resíduos e desperdícios vegetais das indústrias alimentares; cascas, serragens e demais resíduos e desperdícios de madeira; resíduos da indústria de celulose (dregs e grits), ossos, borra de carnaúba, cinzas, resíduos agroindustriais orgânicos, DL-Metionina e seus análogos, vermiculita e argilas expandidas, palhas e cascas de produtos vegetais, fibra de coco e outras fibras vegetais, silicatos de potássio ou de magnésio, resinas e oleorresinas naturais, sucos e extratos vegetais, aminoácidos e microrganismos mortos, óleos essenciais, argilas e terras, carvão vegetal e pastas mecânicas de madeira; todos destinados diretamente à fabricação de biofertilizantes, fertilizantes, corretivos de solo (inclusive condicionadores), remineralizadores, substratos para plantas, bioestimulantes ou biodefensivos para controle fitossanitário ou utilizados diretamente como biofertilizantes, fertilizantes, corretivos de solo (inclusive condicionadores), remineralizadores, substratos para plantas, bioestimulantes ou biodefensivos para controle fitossanitário; em conformidade com as definições e demais requisitos da legislação específica 05.06 1201.10.00 1213.00.00 1301.90.90 1302.19.9 1401.90.00 1404.90.90 2102.20.00 23.02 23.03 2304.00 2305.00.00 23.06 2308.00.00 2703.00.00 2839.90.10 2839.90.50 2922.4 2930.40 33.01 3802.90.40 3804.00 3824.99.71 4401.39.00 4401.4 4402.90.00 4701.00.00 5305.00.90 6806.20.00"
28092019;reducao;60;"Lei Complementar 214/2025";"Anexo IX, item 8";"Ácido nítrico, ácido sulfúrico, ácido fosfórico, fosfatos de cálcio naturais, enxofre, ácido clorídrico, ácido fosforoso, ácido acético, hidróxido de sódio e carbonato dissódico; todos destinados diretamente à fabricação de fertilizantes 2503.00.10 2503.00.90 2510.10.10 2510.10.90 2510.20.10 2510.20.90 2802.00.00 2806.10.20 2807.00.10 2808.00.10 2809.20.11 2809.20.19 2811.19.20 2815.11.00 2815.12.00 2836.20.10 2836.20.90 2915.21.00"
28092011;reducao;60;"Lei Complementar 214/2025";"Anexo IX, item 8";"Ácido nítrico, ácido sulfúrico, ácido fosfórico, fosfatos de cálcio naturais, enxofre, ácido clorídrico, ácido fosforoso, ácido acético, hidróxido de sódio e carbonato dissódico; todos destinados diretamente à fabricação de fertilizantes 2503.00.10 2503.00.90 2510.10.10 2510.10.90 2510.20.10 2510.20.90 2802.00.00 2806.10.20 2807.00.10 2808.00.10 2809.20.11 2809.20.19 2811.19.20 2815.11.00 2815.12.00 2836.20.10 2836.20.90 2915.21.00"
29152100;reducao;60;"Lei Complementar 214/2025";"Anexo IX, item 8";"Ácido nítrico, ácido sulfúrico, ácido fosfórico, fosfatos de cálcio naturais, enxofre, ácido clorídrico, ácido fosforoso, ácido acético, hidróxido de sódio e carbonato dissódico; todos destinados diretamente à fabricação de fertilizantes 2503.00.10 2503.00.90 2510.10.10 2510.10.90 2510.20.10 2510.20.90 2802.00.00 2806.10.20 2807.00.10 2808.00.10 2809.20.11 2809.20.19 2811.19.20 2815.11.00 2815.12.00 2836.20.10 2836.20.90 2915.21.00"
25102090;reducao;60;"Lei Complementar 214/2025";"Anexo IX, item 8";"Ácido nítrico, ácido sulfúrico, ácido fosfórico, fosfatos de cálcio naturais, enxofre, ácido clorídrico, ácido fosforoso, ácido acético, hidróxido de sódio e carbonato dissódico; todos destinados diretamente à fabricação de fertilizantes 2503.00.10 2503.00.90 2510.10.10 2510.10.90 2510.20.10 2510.20.90 2802.00.00 2806.10.20 2807.00.10 2808.00.10 2809.20.11 2809.20.19 2811.19.20 2815.11.00 2815.12.00 2836.20.10 2836.20.90 2915.21.00"
25030010;reducao;60;"Lei Complementar 214/2025";"Anexo IX, item 8";"Ácido nítrico, ácido sulfúrico, ácido fosfórico, fosfatos de cálcio naturais, enxofre, ácido clorídrico, ácido fosforoso, ácido acético, hidróxido de sódio e carbonato dissódico; todos destinados diretamente à fabricação de fertilizantes 2503.00.10 2503.00.90 2510.10.10 2510.10.90 2510.20.10 2510.20.90 2802.00.00 2806.10.20 2807.00.10 2808.00.10 2809.20.11 2809.20.19 2811.19.20 2815.11.00 2815.12.00 2836.20.10 2836.20.90 2915.21.00"
28362090;reducao;60;"Lei Complementar 214/2025";"Anexo IX, item 8";"Ácido nítrico, ácido sulfúrico, ácido fosfórico, fosfatos de cálcio naturais, enxofre, ácido clorídrico, ácido fosforoso, ácido acético, hidróxido de sódio e carbonato dissódico; todos destinados diretamente à fabricação de fertilizantes 2503.00.10 2503.00.90 2510.10.10 2510.10.90 2510.20.10 2510.20.90 2802.00.00 2806.10.20 2807.00.10 2808.00.10 2809.20.11 2809.20.19 2811.19.20 2815.11.00 2815.12.00 2836.20.10 2836.20.90 2915.21.00"
28362010;reducao;60;"Lei Complementar 214/2025";"Anexo IX, item 8";"Ácido nítrico, ácido sulfúrico, ácido fosfórico, fosfatos de cálcio naturais, enxofre, ácido clorídrico, ácido fosforoso, ácido acético, hidróxido de sódio e carbonato dissódico; todos destinados diretamente à fabricação de fertilizantes 2503.00.10 2503.00.90 2510.10.10 2510.10.90 2510.20.10 2510.20.90 2802.00.00 2806.10.20 2807.00.10 2808.00.10 2809.20.11 2809.20.19 2811.19.20 2815.11.00 2815.12.00 2836.20.10 2836.20.90 2915.21.00"
25101010;reducao;60;"Lei Complementar 214/2025";"Anexo IX, item 8";"Ácido nítrico, ácido sulfúrico, ácido fosfórico, fosfatos de cálcio naturais, enxofre, ácido clorídrico, ácido fosforoso, ácido acético, hidróxido de sódio e carbonato dissódico; todos destinados diretamente à fabricação de fertilizantes 2503.00.10 2503.00.90 2510.10.10 2510.10.90 2510.20.10 2510.20.90 2802.00.00 2806.10.20 2807.00.10 2808.00.10 2809.20.11 2809.20.19 2811.19.20 2815.11.00 2815.12.00 2836.20.10 2836.20.90 2915.21.00"
28080010;reducao;60;"Lei Complementar 214/2025";"Anexo IX, item 8";"Ácido nítrico, ácido sulfúrico, ácido fosfórico, fosfatos de cálcio naturais, enxofre, ácido clorídrico, ácido fosforoso, ácido acético, hidróxido de sódio e carbonato dissódico; todos destinados diretamente à fabricação de fertilizantes 2503.00.10 2503.00.90 2510.10.10 2510.10.90 2510.20.10 2510.20.90 2802.00.00 2806.10.20 2807.00.10 2808.00.10 2809.20.11 2809.20.19 2811.19.20 2815.11.00 2815.12.00 2836.20.10 2836.20.90 2915.21.00"
28070010;reducao;60;"Lei Complementar 214/2025";"Anexo IX, item 8";"Ácido nítrico, ácido sulfúrico, ácido fosfórico, fosfatos de cálcio naturais, enxofre, ácido clorídrico, ácido fosforoso, ácido acético, hidróxido de sódio e carbonato dissódico; todos destinados diretamente à fabricação de fertilizantes 2503.00.10 2503.00.90 2510.10.10 2510.10.90 2510.20.10 2510.20.90 2802.00.00 2806.10.20 2807.00.10 2808.00.10 2809.20.11 2809.20.19 2811.19.20 2815.11.00 2815.12.00 2836.20.10 2836.20.90 2915.21.00"
25102010;reducao;60;"Lei Complementar 214/2025";"Anexo IX, item 8";"Ácido nítrico, ácido sulfúrico, ácido fosfórico, fosfatos de cálcio naturais, enxofre, ácido clorídrico, ácido fosforoso, ácido acético, hidróxido de sódio e carbonato dissódico; todos destinados diretamente à fabricação de fertilizantes 2503.00.10 2503.00.90 2510.10.10 2510.10.90 2510.20.10 2510.20.90 2802.00.00 2806.10.20 2807.00.10 2808.00.10 2809.20.11 2809.20.19 2811.19.20 2815.11.00 2815.12.00 2836.20.10 2836.20.90 2915.21.00"
25030090;reducao;60;"Lei Complementar 214/2025";"Anexo IX, item 8";"Ácido nítrico, ácido sulfúrico, ácido fosfórico, fosfatos de cálcio naturais, enxofre, ácido clorídrico, ácido fosforoso, ácido acético, hidróxido de sódio e carbonato dissódico; todos destinados diretamente à fabricação de fertilizantes 2503.00.10 2503.00.90 2510.10.10 2510.10.90 2510.20.10 2510.20.90 2802.00.00 2806.10.20 2807.00.10 2808.00.10 2809.20.11 2809.20.19 2811.19.20 2815.11.00 2815.12.00 2836.20.10 2836.20.90 2915.21.00"
28020000;reducao;60;"Lei Complementar 214/2025";"Anexo IX, item 8";"Ácido nítrico, ácido sulfúrico, ácido fosfórico, fosfatos de cálcio naturais, enxofre, ácido clorídrico, ácido fosforoso, ácido acético, hidróxido de sódio e carbonato dissódico; todos destinados diretamente à fabricação de fertilizantes 2503.00.10 2503.00.90 2510.10.10 2510.10.90 2510.20.10 2510.20.90 2802.00.00 2806.10.20 2807.00.10 2808.00.10 2809.20.11 2809.20.19 2811.19.20 2815.11.00 2815.12.00 2836.20.10 2836.20.90 2915.21.00"
28111920;reducao;60;"Lei Complementar 214/2025";"Anexo IX, item 8";"Ácido nítrico, ácido sulfúrico, ácido fosfórico, fosfatos de cálcio naturais, enxofre, ácido clorídrico, ácido fosforoso, ácido acético, hidróxido de sódio e carbonato dissódico; todos destinados diretamente à fabricação de fertilizantes 2503.00.10 2503.00.90 2510.10.10 2510.10.90 2510.20.10 2510.20.90 2802.00.00 2806.10.20 2807.00.10 2808.00.10 2809.20.11 2809.20.19 2811.19.20 2815.11.00 2815.12.00 2836.20.10 2836.20.90 2915.21.00"
28151100;reducao;60;"Lei Complementar 214/2025";"Anexo IX, item 8";"Ácido nítrico, ácido sulfúrico, ácido fosfórico, fosfatos de cálcio naturais, enxofre, ácido clorídrico, ácido fosforoso, ácido acético, hidróxido de sódio e carbonato dissódico; todos destinados diretamente à fabricação de fertilizantes 2503.00.10 2503.00.90 2510.10.10 2510.10.90 2510.20.10 2510.20.90 2802.00.00 2806.10.20 2807.00.10 2808.00.10 2809.20.11 2809.20.19 2811.19.20 2815.11.00 2815.12.00 2836.20.10 2836.20.90 2915.21.00"
28151200;reducao;60;"Lei Complementar 214/2025";"Anexo IX, item 8";"Ácido nítrico, ácido sulfúrico, ácido fosfórico, fosfatos de cálcio naturais, enxofre, ácido clorídrico, ácido fosforoso, ácido acético, hidróxido de sódio e carbonato dissódico; todos destinados diretamente à fabricação de fertilizantes 2503.00.10 2503.00.90 2510.10.10 2510.10.90 2510.20.10 2510.20.90 2802.00.00 2806.10.20 2807.00.10 2808.00.10 2809.20.11 2809.20.19 2811.19.20 2815.11.00 2815.12.00 2836.20.10 2836.20.90 2915.21.00"
28061020;reducao;60;"Lei Complementar 214/2025";"Anexo IX, item 8";"Ácido nítrico, ácido sulfúrico, ácido fosfórico, fosfatos de cálcio naturais, enxofre, ácido clorídrico, ácido fosforoso, ácido acético, hidróxido de sódio e carbonato dissódico; todos destinados diretamente à fabricação de fertilizantes 2503.00.10 2503.00.90 2510.10.10 2510.10.90 2510.20.10 2510.20.90 2802.00.00 2806.10.20 2807.00.10 2808.00.10 2809.20.11 2809.20.19 2811.19.20 2815.11.00 2815.12.00 2836.20.10 2836.20.90 2915.21.00"
25101090;reducao;60;"Lei Complementar 214/2025";"Anexo IX, item 8";"Ácido nítrico, ácido sulfúrico, ácido fosfórico, fosfatos de cálcio naturais, enxofre, ácido clorídrico, ácido fosforoso, ácido acético, hidróxido de sódio e carbonato dissódico; todos destinados diretamente à fabricação de fertilizantes 2503.00.10 2503.00.90 2510.10.10 2510.10.90 2510.20.10 2510.20.90 2802.00.00 2806.10.20 2807.00.10 2808.00.10 2809.20.11 2809.20.19 2811.19.20 2815.11.00 2815.12.00 2836.20.10 2836.20.90 2915.21.00"
350790;reducao;60;"Lei Complementar 214/2025";"Anexo IX, item 9";"Enzimas preparadas para decomposição de matéria orgânica animal e vegetal 3507.90.4"
12;reducao;60;"Lei Complementar 214/2025";"Anexo IX, item 10";"Semente genética, semente básica, semente nativa in natura, semente certificada de primeira geração (C1), semente certificada de segunda geração (C2), semente não certificada de primeira geração (S1), semente não certificada de segunda geração (S2) e sementes de cultivar local, tradicional ou crioula; em conformidade com as definições e demais requisitos da legislação específica Capítulos 7, 10 e 12"
07;reducao;60;"Lei Complementar 214/2025";"Anexo IX, item 10";"Semente genética, semente básica, semente nativa in natura, semente certificada de primeira geração (C1), semente certificada de segunda geração (C2), semente não certificada de primeira geração (S1), semente não certificada de segunda geração (S2) e sementes de cultivar local, tradicional ou crioula; em conformidade com as definições e demais requisitos da legislação específica Capítulos 7, 10 e 12"
10;reducao;60;"Lei Complementar 214/2025";"Anexo IX, item 10";"Semente genética, semente básica, semente nativa in natura, semente certificada de primeira geração (C1), semente certificada de segunda geração (C2), semente não certificada de primeira geração (S1), semente não certificada de segunda geração (S2) e sementes de cultivar local, tradicional ou crioula; em conformidade com as definições e demais requisitos da legislação específica Capítulos 7, 10 e 12"
30029000;reducao;60;"Lei Complementar 214/2025";"Anexo IX, item 12";"Vacinas, soros e medicamentos, de uso veterinário, exceto de animais domésticos 3002.12 3002.15 3002.42 3002.90.00 30.04"
300212;reducao;60;"Lei Complementar 214/2025";"Anexo IX, item 12";"Vacinas, soros e medicamentos, de uso veterinário, exceto de animais domésticos 3002.12 3002.15 3002.42 3002.90.00 30.04"
300215;reducao;60;"Lei Complementar 214/2025";"Anexo IX, item 12";"Vacinas, soros e medicamentos, de uso veterinário, exceto de animais domésticos 3002.12 3002.15 3002.42 3002.90.00 30.04"
300242;reducao;60;"Lei Complementar 214/2025";"Anexo IX, item 12";"Vacinas, soros e medicamentos, de uso veterinário, exceto de animais domésticos 3002.12 3002.15 3002.42 3002.90.00 30.04"
01051;reducao;60;"Lei Complementar 214/2025";"Anexo IX, item 13";"Aves de um dia, exceto as ornamentais 0105.1"
05111000;reducao;60;"Lei Complementar 214/2025";"Anexo IX, item 14";"Embriões e sêmen, congelado ou resfriado 0511.10.00 0511.9"
05119;reducao;60;"Lei Complementar 214/2025";"Anexo IX, item 14";"Embriões e sêmen, congelado ou resfriado 0511.10.00 0511.9"
04071;reducao;60;"Lei Complementar 214/2025";"Anexo IX, item 16";"Ovos fertilizados 0407.1"
01069000;reducao;60;"Lei Complementar 214/2025";"Anexo IX, item 17";"Girinos e alevinos 0106.90.00"
230990;reducao;60;"Lei Complementar 214/2025";"Anexo IX, item 18";"Rações para animais, concentrados, suplementos, aditivos, premix ou núcleo, exceto para animais domésticos 2309.90"
12;reducao;60;"Lei Complementar 214/2025";"Anexo IX, item 19";"Sementes e cereais, mesmo triturados, em grãos esmagados ou trabalhados de outro modo; todos destinados diretamente à fabricação de ração para animais ou diretamente à alimentação animal, exceto de animais domésticos Capítulos 10, 11 e 12"
10;reducao;60;"Lei Complementar 214/2025";"Anexo IX, item 19";"Sementes e cereais, mesmo triturados, em grãos esmagados ou trabalhados de outro modo; todos destinados diretamente à fabricação de ração para animais ou diretamente à alimentação animal, exceto de animais domésticos Capítulos 10, 11 e 12"
11;reducao;60;"Lei Complementar 214/2025";"Anexo IX, item 19";"Sementes e cereais, mesmo triturados, em grãos esmagados ou trabalhados de outro modo; todos destinados diretamente à fabricação de ração para animais ou diretamente à alimentação animal, exceto de animais domésticos Capítulos 10, 11 e 12"
23050000;reducao;60;"Lei Complementar 214/2025";"Anexo IX, item 20";"Farelos e tortas de produtos vegetais e demais resíduos e desperdícios das indústrias alimentares; todos destinados diretamente à fabricação de ração para animais ou diretamente à alimentação animal, exceto de animais domésticos 23.01 23.02 23.03 2304.00 2305.00.00 23.06 2308.00.00"
23080000;reducao;60;"Lei Complementar 214/2025";"Anexo IX, item 20";"Farelos e tortas de produtos vegetais e demais resíduos e desperdícios das indústrias alimentares; todos destinados diretamente à fabricação de ração para animais ou diretamente à alimentação animal, exceto de animais domésticos 23.01 23.02 23.03 2304.00 2305.00.00 23.06 2308.00.00"
230400;reducao;60;"Lei Complementar 214/2025";"Anexo IX, item 20";"Farelos e tortas de produtos vegetais e demais resíduos e desperdícios das indústrias alimentares; todos destinados diretamente à fabricação de ração para animais ou diretamente à alimentação animal, exceto de animais domésticos 23.01 23.02 23.03 2304.00 2305.00.00 23.06 2308.00.00"
250100;reducao;60;"Lei Complementar 214/2025";"Anexo IX, item 21";"Alho em pó, sal mineralizado, farinhas de peixe, de ostra, de carne, de osso, de pena, de sangue e de víscera, calcário calcítico, gorduras e óleos animais, resíduos de óleo e de gordura de origem animal ou vegetal descartados por empresas do ramo alimentício, e DL-Metionina e seus análogos; todos destinados diretamente à fabricação de ração para animais ou diretamente à alimentação animal, exceto de animais domésticos 02.10 03.09 0712.90.10 Capítulo 15 2501.00 2521.00.00 2930.40"
07129010;reducao;60;"Lei Complementar 214/2025";"Anexo IX, item 21";"Alho em pó, sal mineralizado, farinhas de peixe, de ostra, de carne, de osso, de pena, de sangue e de víscera, calcário calcítico, gorduras e óleos animais, resíduos de óleo e de gordura de origem animal ou vegetal descartados por empresas do ramo alimentício, e DL-Metionina e seus análogos; todos destinados diretamente à fabricação de ração para animais ou diretamente à alimentação animal, exceto de animais domésticos 02.10 03.09 0712.90.10 Capítulo 15 2501.00 2521.00.00 2930.40"
25210000;reducao;60;"Lei Complementar 214/2025";"Anexo IX, item 21";"Alho em pó, sal mineralizado, farinhas de peixe, de ostra, de carne, de osso, de pena, de sangue e de víscera, calcário calcítico, gorduras e óleos animais, resíduos de óleo e de gordura de origem animal ou vegetal descartados por empresas do ramo alimentício, e DL-Metionina e seus análogos; todos destinados diretamente à fabricação de ração para animais ou diretamente à alimentação animal, exceto de animais domésticos 02.10 03.09 0712.90.10 Capítulo 15 2501.00 2521.00.00 2930.40"
15;reducao;60;"Lei Complementar 214/2025";"Anexo IX, item 21";"Alho em pó, sal mineralizado, farinhas de peixe, de ostra, de carne, de osso, de pena, de sangue e de víscera, calcário calcítico, gorduras e óleos animais, resíduos de óleo e de gordura de origem animal ou vegetal descartados por empresas do ramo alimentício, e DL-Metionina e seus análogos; todos destinados diretamente à fabricação de ração para animais ou diretamente à alimentação animal, exceto de animais domésticos 02.10 03.09 0712.90.10 Capítulo 15 2501.00 2521.00.00 2930.40"
01;reducao;60;"Lei Complementar 214/2025";"Anexo IX, item 21";"Alho em pó, sal mineralizado, farinhas de peixe, de ostra, de carne, de osso, de pena, de sangue e de víscera, calcário calcítico, gorduras e óleos animais, resíduos de óleo e de gordura de origem animal ou vegetal descartados por empresas do ramo alimentício, e DL-Metionina e seus análogos; todos destinados diretamente à fabricação de ração para animais ou diretamente à alimentação animal, exceto de animais domésticos 02.10 03.09 0712.90.10 Capítulo 15 2501.00 2521.00.00 2930.40"
293040;reducao;60;"Lei Complementar 214/2025";"Anexo IX, item 21";"Alho em pó, sal mineralizado, farinhas de peixe, de ostra, de carne, de osso, de pena, de sangue e de víscera, calcário calcítico, gorduras e óleos animais, resíduos de óleo e de gordura de origem animal ou vegetal descartados por empresas do ramo alimentício, e DL-Metionina e seus análogos; todos destinados diretamente à fabricação de ração para animais ou diretamente à alimentação animal, exceto de animais domésticos 02.10 03.09 0712.90.10 Capítulo 15 2501.00 2521.00.00 2930.40"
25;reducao;60;"Lei Complementar 214/2025";"Anexo IX, item 21";"Alho em pó, sal mineralizado, farinhas de peixe, de ostra, de carne, de osso, de pena, de sangue e de víscera, calcário calcítico, gorduras e óleos animais, resíduos de óleo e de gordura de origem animal ou vegetal descartados por empresas do ramo alimentício, e DL-Metionina e seus análogos; todos destinados diretamente à fabricação de ração para animais ou diretamente à alimentação animal, exceto de animais domésticos 02.10 03.09 0712.90.10 Capítulo 15 2501.00 2521.00.00 2930.40"
14109000;reducao;60;"Lei Complementar 214/2025";"Anexo IX, item 22";"Serviços agronômicos 1.1410.90.00"
14109000;reducao;60;"Lei Complementar 214/2025";"Anexo IX, item 23";"Serviços de técnico agrícola, agropecuário ou em agroecologia 1.1410.90.00"
14052200;reducao;60;"Lei Complementar 214/2025";"Anexo IX, item 24";"Serviços veterinários para produção animal 1.1405.21.00 1.1405.22.00 1.1405.90.00"
14059000;reducao;60;"Lei Complementar 214/2025";"Anexo IX, item 24";"Serviços veterinários para produção animal 1.1405.21.00 1.1405.22.00 1.1405.90.00"
14052100;reducao;60;"Lei Complementar 214/2025";"Anexo IX, item 24";"Serviços veterinários para produção animal 1.1405.21.00 1.1405.22.00 1.1405.90.00"
14109000;reducao;60;"Lei Complementar 214/2025";"Anexo IX, item 25";"Serviços de zootecnistas 1.1410.90.00"
14052200;reducao;60;"Lei Complementar 214/2025";"Anexo IX, item 26";"Serviços de inseminação e fertilização de animais de criação 1.1405.22.00"
14031000;reducao;60;"Lei Complementar 214/2025";"Anexo IX, item 27";"Serviços de engenharia florestal 1.1403.10.00"
19011000;reducao;60;"Lei Complementar 214/2025";"Anexo IX, item 28";"Serviços de pulverização e controle de pragas 1.1901.10.00"
19011000;reducao;60;"Lei Complementar 214/2025";"Anexo IX, item 29";"Serviços de semeadura, adubação, inclusive mistura de adubos, reparação de solo, plantio e colheita 1.1901.10.00"
14032900;reducao;60;"Lei Complementar 214/2025";"Anexo IX, item 30";"Serviços de projetos para irrigação e fertirrigação 1.1403.29.00"
14044100;reducao;60;"Lei Complementar 214/2025";"Anexo IX, item 31";"Serviços de análise laboratorial de solos, sementes e outros materiais propagativos, fitossanitários, água de produção, bromatologia e sanidade animal 1.1404.41.00"
11051000;reducao;60;"Lei Complementar 214/2025";"Anexo IX, item 32";"Licenciamento de direitos sobre cultivares 1.1105.10.00"
11091000;reducao;60;"Lei Complementar 214/2025";"Anexo IX, item 33";"Cessão definitiva de direitos sobre cultivares 1.1109.10.00"
23033000;reducao;60;"Lei Complementar 214/2025";"Anexo IX, item 35";"Vinhaça 2303.30.00 2303.20.00"
23032000;reducao;60;"Lei Complementar 214/2025";"Anexo IX, item 35";"Vinhaça 2303.30.00 2303.20.00"
11031000;reducao;60;"Lei Complementar 214/2025";"Anexo X, item 2";"Licenciamento de direitos de obras literárias 1.1103.10.00"
11033100;reducao;60;"Lei Complementar 214/2025";"Anexo X, item 3";"Licenciamento de direitos de autor de obras cinematográficas 1.1103.31.00"
11033200;reducao;60;"Lei Complementar 214/2025";"Anexo X, item 4";"Licenciamento de direitos de autor de obras jornalísticas 1.1103.32.00"
11033400;reducao;60;"Lei Complementar 214/2025";"Anexo X, item 5";"Licenciamento de direitos conexos de artistas intérpretes ou executantes em obras audiovisuais 1.1103.34.00"
11033500;reducao;60;"Lei Complementar 214/2025";"Anexo X, item 6";"Licenciamento de direitos conexos de produtores de obras audiovisuais 1.1103.35.00"
110336;reducao;60;"Lei Complementar 214/2025";"Anexo X, item 7";"Licenciamento de direitos de obras audiovisuais destinadas à televisão 1.1103.36"
11034;reducao;60;"Lei Complementar 214/2025";"Anexo X, item 8";"Licenciamento de direitos de obras musicais e fonogramas 1.1103.4"
11061000;reducao;60;"Lei Complementar 214/2025";"Anexo X, item 9";"Cessão temporária de direitos de obras literárias 1.1106.10.00"
11063100;reducao;60;"Lei Complementar 214/2025";"Anexo X, item 10";"Cessão temporária de direitos de autor de obras cinematográficas 1.1106.31.00"
11063200;reducao;60;"Lei Complementar 214/2025";"Anexo X, item 11";"Cessão temporária de direitos de autor de obras jornalísticas 1.1106.32.00"
11063400;reducao;60;"Lei Complementar 214/2025";"Anexo X, item 12";"Cessão temporária de direitos conexos de artistas intérpretes ou executantes em obras audiovisuais 1.1106.34.00"
11063500;reducao;60;"Lei Complementar 214/2025";"Anexo X, item 13";"Cessão temporária de direitos conexos de produtores de obras audiovisuais 1.1106.35.00"
110636;reducao;60;"Lei Complementar 214/2025";"Anexo X, item 14";"Cessão temporária de direitos de obras audiovisuais destinadas à televisão 1.1106.36"
11064;reducao;60;"Lei Complementar 214/2025";"Anexo X, item 15";"Cessão temporária de direitos de obras musicais e fonogramas 1.1106.4"
11071000;reducao;60;"Lei Complementar 214/2025";"Anexo X, item 16";"Cessão definitiva de direitos de obras literárias 1.1107.10.00"
11073100;reducao;60;"Lei Complementar 214/2025";"Anexo X, item 17";"Cessão definitiva de direitos de obras cinematográficas 1.1107.31.00"
11073200;reducao;60;"Lei Complementar 214/2025";"Anexo X, item 18";"Cessão definitiva de direitos de obras jornalísticas 1.1107.32.00"
11074000;reducao;60;"Lei Complementar 214/2025";"Anexo X, item 19";"Cessão definitiva de direitos de obras musicais e fonogramas 1.1107.40.00"
17041000;reducao;60;"Lei Complementar 214/2025";"Anexo X, item 20";"Serviços de agências de notícias para jornais e periódicos 1.1704.10.00"
17042000;reducao;60;"Lei Complementar 214/2025";"Anexo X, item 21";"Serviços de agências de notícias para mídia audiovisual 1. 1704.20.00"
18066;reducao;60;"Lei Complementar 214/2025";"Anexo X, item 22";"Serviços de assistência e organização de convenções, feiras de negócios, exposições e outros eventos 1.1806.6"
25011100;reducao;60;"Lei Complementar 214/2025";"Anexo X, item 23";"Serviços de gravação de som em estúdio destinados diretamente às produções nacionais artísticas, culturais e audiovisuais 1.2501.11.00"
25011200;reducao;60;"Lei Complementar 214/2025";"Anexo X, item 24";"Serviços de gravação de som ao vivo destinados diretamente às produções nacionais artísticas, culturais e audiovisuais 1.2501.12.00"
25012100;reducao;60;"Lei Complementar 214/2025";"Anexo X, item 25";"Serviços de produção de programas de televisão, videoteipes e filmes 1.2501.21.00"
25012200;reducao;60;"Lei Complementar 214/2025";"Anexo X, item 26";"Serviços de produção de programas de rádio 1.2501.22.00"
25013100;reducao;60;"Lei Complementar 214/2025";"Anexo X, item 27";"Serviços de edição de obras audiovisuais destinados diretamente às produções nacionais artísticas, culturais e audiovisuais 1.2501.31.00"
25013200;reducao;60;"Lei Complementar 214/2025";"Anexo X, item 28";"Serviços de duplicação e transferência de obras audiovisuais destinados diretamente às produções nacionais artísticas, culturais e audiovisuais 1.2501.32.00"
25013300;reducao;60;"Lei Complementar 214/2025";"Anexo X, item 29";"Serviços de correção de cor e restauração digital de obras audiovisuais destinados diretamente às produções nacionais artísticas, culturais e audiovisuais 1.2501.33.00"
25013400;reducao;60;"Lei Complementar 214/2025";"Anexo X, item 30";"Serviços de efeitos visuais em obras audiovisuais destinados diretamente às produções nacionais artísticas, culturais e audiovisuais 1.2501.34.00"
25013500;reducao;60;"Lei Complementar 214/2025";"Anexo X, item 31";"Serviços de animação destinados diretamente às produções nacionais artísticas, culturais e audiovisuais 1.2501.35.00"
25013600;reducao;60;"Lei Complementar 214/2025";"Anexo X, item 32";"Serviços de legendas, títulos e dublagem em obras audiovisuais destinados diretamente às produções nacionais artísticas, culturais e audiovisuais 1.2501.36.00"
25013700;reducao;60;"Lei Complementar 214/2025";"Anexo X, item 33";"Serviços de projeto e edição de som em obras audiovisuais destinados diretamente às produções nacionais artísticas, culturais e audiovisuais 1.2501.37.00"
25015000;reducao;60;"Lei Complementar 214/2025";"Anexo X, item 34";"Serviços de projeção de filmes 1.2501.50.00"
25019000;reducao;60;"Lei Complementar 214/2025";"Anexo X, item 35";"Serviços de produção audiovisual, de apoio e relacionados não classificados em subposições anteriores 1.2501.90.00"
25021000;reducao;60;"Lei Complementar 214/2025";"Anexo X, item 36";"Serviços de organização e promoção de atuações artísticas ao vivo 1.2502.10.00"
25022000;reducao;60;"Lei Complementar 214/2025";"Anexo X, item 37";"Serviços de produção e apresentação de atuações artísticas ao vivo, inclusive os ingressos relativos a estes serviços 1.2502.20.00"
25031000;reducao;60;"Lei Complementar 214/2025";"Anexo X, item 38";"Serviços de atuação artística 1.2503.10.00"
25032000;reducao;60;"Lei Complementar 214/2025";"Anexo X, item 39";"Serviços de autores, compositores, escultores, pintores e outros artistas, exceto os de atuação artística 1.2503.20.00"
25041100;reducao;60;"Lei Complementar 214/2025";"Anexo X, item 40";"Serviços de museus, inclusive serviços relativos a mostras e coleções de arte 1.2504.11.00"
18053200;reducao;60;"Lei Complementar 214/2025";"Anexo X, item 41";"Serviços de reservas de ingressos para eventos de produções nacionais artísticas, culturais e audiovisuais 1.1805.32.00"
49119100;reducao;60;"Lei Complementar 214/2025";"Anexo X, item 42";"Fotografias artísticas originais 4911.91.00"
97019100;reducao;60;"Lei Complementar 214/2025";"Anexo X, item 43";"Quadros, pinturas e desenhos, artísticos originais 9701.91.00"
97029000;reducao;60;"Lei Complementar 214/2025";"Anexo X, item 44";"Gravuras, estampas e litografias, artísticas originais 9702.90.00"
97039000;reducao;60;"Lei Complementar 214/2025";"Anexo X, item 45";"Produções originais de arte estatutária ou de escultura 9703.90.00"
11034200;reducao;60;"Lei Complementar 214/2025";"Anexo X, item 46";"Licenciamento de direitos conexos de artistas intérpretes ou executantes 1.1103.42.00"
11064200;reducao;60;"Lei Complementar 214/2025";"Anexo X, item 48";"Cessão temporária de direitos conexos de artistas intérpretes ou executantes 1.1106.42.00"
25023000;reducao;60;"Lei Complementar 214/2025";"Anexo X, item 55";"Serviços de sonorização, iluminação, figurino, videografia e cenografia para atuações artísticas ao vivo, destinados às produções de que trata o art. 139 desta Lei Complementar 1.2502.30.00"
01057000;reducao;60;"Lei Complementar 214/2025";"Anexo X, item 56";"Serviços de locação, montagem e desmontagem de palcos, destinados às produções de que trata o art. 139 desta Lei Complementar 1.0105.70.00"
25029000;reducao;60;"Lei Complementar 214/2025";"Anexo X, item 57";"Serviços de apresentação e promoção de atuações artísticas, inclusive gestão de espaços destinados a apresentações de exposições de artes cênicas, espetáculos e demais produções de que trata o art. 139 desta Lei Complementar 1.2502.90.00"
15012000;reducao;60;"Lei Complementar 214/2025";"Anexo XI, item 1.1";"Segurança em Tecnologia da Informação (TI) 1.1501.20.00"
15029000;reducao;60;"Lei Complementar 214/2025";"Anexo XI, item 1.2";"Serviços de projeto e desenvolvimento de aplicativos e programas em Tecnologia da Informação (TI) não classificados em subposições anteriores 1.1502.90.00"
15100000;reducao;60;"Lei Complementar 214/2025";"Anexo XI, item 1.3";"Serviços de Tecnologia da Informação (TI) não classificados em subposições anteriores 1.1510.00.00"
18029000;reducao;60;"Lei Complementar 214/2025";"Anexo XI, item 1.4";"(VETADO) 1.1802.90.00"
18023000;reducao;60;"Lei Complementar 214/2025";"Anexo XI, item 1.5";"(VETADO) 1.1802.30.00"
20013500;reducao;60;"Lei Complementar 214/2025";"Anexo XI, item 1.13";"Serviços de manutenção e reparação de veículos militares para uso pela segurança nacional 1.2001.35.00"
20018300;reducao;60;"Lei Complementar 214/2025";"Anexo XI, item 1.14";"Serviços de manutenção e reparação de equipamentos militares para uso pela segurança nacional 1.2001.83.00"
87100000;reducao;60;"Lei Complementar 214/2025";"Anexo XI, item 2.2";"Carro blindado e carro de combate, terrestre ou anfíbio, sobre lagartas ou rodas, com ou sem armamento e também suas partes e peças 8710.00.00"
90318099;reducao;60;"Lei Complementar 214/2025";"Anexo XI, item 2.4";"Simuladores de veículos militares 9031.80.99"
85261000;reducao;60;"Lei Complementar 214/2025";"Anexo XI, item 2.6";"Radares para uso militar 8526.10.00"
93012000;reducao;60;"Lei Complementar 214/2025";"Anexo XI, item 2.7";"Foguetes para uso militar 9301.20.00"
36020000;reducao;60;"Lei Complementar 214/2025";"Anexo XI, item 2.8";"Explosivos de emprego militar 3602.00.00 9306"
85258929;reducao;60;"Lei Complementar 214/2025";"Anexo XI, item 2.9";"Optrônicos 8525.89.29"
21069030;reducao;60;"Lei Complementar 214/2025";"Anexo XI, item 2.10";"Rações operacionais 2106.90.30"
93062;reducao;60;"Lei Complementar 214/2025";"Anexo XI, item 2.12";"Cartuchos de munição naval e de artilharia e seus componentes (projétil, estojo, estopilha, espoleta, traçador, pólvora e alto-explosivo), de calibre igual ou superior a 40 mm de diâmetro interno de tubo da arma 9306.2"
88026000;reducao;60;"Lei Complementar 214/2025";"Anexo XI, item 2.15";"Veículos espaciais para uso pela segurança nacional 8802.60.00"
88040000;reducao;60;"Lei Complementar 214/2025";"Anexo XI, item 2.16";"Paraquedas para uso pela segurança nacional 8804.00.00"
88051000;reducao;60;"Lei Complementar 214/2025";"Anexo XI, item 2.17";"Aparelhos e dispositivos para lançamento e aterrissagem de veículos aéreos e espaciais para uso pela segurança nacional 8805.10.00"
88052100;reducao;60;"Lei Complementar 214/2025";"Anexo XI, item 2.18";"Simuladores de voo e similares para uso pela segurança nacional 8805.21.00"
901420;reducao;60;"Lei Complementar 214/2025";"Anexo XI, item 2.20";"Equipamentos de auxílio à comunicação, navegação e controle de tráfego aéreo para uso pela segurança nacional 9014.20"
89061000;reducao;60;"Lei Complementar 214/2025";"Anexo XI, item 2.21";"Embarcações construídas no País suas peças, partes e componentes utilizados no reparo, conserto e reconstrução de embarcações 8901.20.00 8906.10.00"
89012000;reducao;60;"Lei Complementar 214/2025";"Anexo XI, item 2.21";"Embarcações construídas no País suas peças, partes e componentes utilizados no reparo, conserto e reconstrução de embarcações 8901.20.00 8906.10.00"
85176259;reducao;60;"Lei Complementar 214/2025";"Anexo XI, item 2.22";"Dispositivos destinados a prover a segurança da informação do tipo Prevenção de Intrusão (IPS) 8517.62.59"
85176259;reducao;60;"Lei Complementar 214/2025";"Anexo XI, item 2.23";"Dispositivos destinados a prover a segurança da informação do tipo de Detecção de Intrusão (IDS) 8517.62.59"
84719014;reducao;60;"Lei Complementar 214/2025";"Anexo XI, item 2.24";"Dispositivos de Autenticação (tokens, leitores biométricos) que garantam a segurança da informação/cibernética 8523.52 8471.90.14"
852352;reducao;60;"Lei Complementar 214/2025";"Anexo XI, item 2.24";"Dispositivos de Autenticação (tokens, leitores biométricos) que garantam a segurança da informação/cibernética 8523.52 8471.90.14"
84715090;reducao;60;"Lei Complementar 214/2025";"Anexo XI, item 2.25";"Equipamentos para criptografia para a segurança da informação/cibernética 8471.50.90"
85176259;reducao;60;"Lei Complementar 214/2025";"Anexo XI, item 2.26";"Firewalls para a segurança da informação/cibernética 8517.62.59 8471.49.00"
84714900;reducao;60;"Lei Complementar 214/2025";"Anexo XI, item 2.26";"Firewalls para a segurança da informação/cibernética 8517.62.59 8471.49.00"
851762;reducao;60;"Lei Complementar 214/2025";"Anexo XI, item 2.27";"Switches e roteadores seguros para a segurança da informação/cibernética 8517.62.34 8517.62.4"
85176234;reducao;60;"Lei Complementar 214/2025";"Anexo XI, item 2.27";"Switches e roteadores seguros para a segurança da informação/cibernética 8517.62.34 8517.62.4"
851762;reducao;60;"Lei Complementar 214/2025";"Anexo XI, item 2.28";"Dispositivos de comunicação criptografada para a segurança da informação/cibernética 8517.62.7"
852351;reducao;60;"Lei Complementar 214/2025";"Anexo XI, item 2.29";"Unidades de armazenamento criptografadas para a segurança da informação/cibernética 8523.51"
852351;reducao;60;"Lei Complementar 214/2025";"Anexo XI, item 2.30";"Servidores de armazenamento seguro para a segurança da informação/cibernética 8523.51"
90181100;zero;0;"Lei Complementar 214/2025";"Anexo XII, item 1.1";"Eletrocardiógrafos 9018.11.00"
90181980;zero;0;"Lei Complementar 214/2025";"Anexo XII, item 1.2";"Eletroencefalógrafos 9018.19.80"
90181920;zero;0;"Lei Complementar 214/2025";"Anexo XII, item 1.3";"Aparelhos de eletrodiagnóstico, exceto os produtos classificados nos códigos 9018.11.00, 9018.12.10, 9018.12.90, 9018.13.00, 9018.14.10, 9018.14.20, 9018.14.90, 9018.19.10 e 9018.19.20 9018.19.80"
90181490;zero;0;"Lei Complementar 214/2025";"Anexo XII, item 1.3";"Aparelhos de eletrodiagnóstico, exceto os produtos classificados nos códigos 9018.11.00, 9018.12.10, 9018.12.90, 9018.13.00, 9018.14.10, 9018.14.20, 9018.14.90, 9018.19.10 e 9018.19.20 9018.19.80"
90181290;zero;0;"Lei Complementar 214/2025";"Anexo XII, item 1.3";"Aparelhos de eletrodiagnóstico, exceto os produtos classificados nos códigos 9018.11.00, 9018.12.10, 9018.12.90, 9018.13.00, 9018.14.10, 9018.14.20, 9018.14.90, 9018.19.10 e 9018.19.20 9018.19.80"
90181300;zero;0;"Lei Complementar 214/2025";"Anexo XII, item 1.3";"Aparelhos de eletrodiagnóstico, exceto os produtos classificados nos códigos 9018.11.00, 9018.12.10, 9018.12.90, 9018.13.00, 9018.14.10, 9018.14.20, 9018.14.90, 9018.19.10 e 9018.19.20 9018.19.80"
90181100;zero;0;"Lei Complementar 214/2025";"Anexo XII, item 1.3";"Aparelhos de eletrodiagnóstico, exceto os produtos classificados nos códigos 9018.11.00, 9018.12.10, 9018.12.90, 9018.13.00, 9018.14.10, 9018.14.20, 9018.14.90, 9018.19.10 e 9018.19.20 9018.19.80"
90181420;zero;0;"Lei Complementar 214/2025";"Anexo XII, item 1.3";"Aparelhos de eletrodiagnóstico, exceto os produtos classificados nos códigos 9018.11.00, 9018.12.10, 9018.12.90, 9018.13.00, 9018.14.10, 9018.14.20, 9018.14.90, 9018.19.10 e 9018.19.20 9018.19.80"
90181210;zero;0;"Lei Complementar 214/2025";"Anexo XII, item 1.3";"Aparelhos de eletrodiagnóstico, exceto os produtos classificados nos códigos 9018.11.00, 9018.12.10, 9018.12.90, 9018.13.00, 9018.14.10, 9018.14.20, 9018.14.90, 9018.19.10 e 9018.19.20 9018.19.80"
90181910;zero;0;"Lei Complementar 214/2025";"Anexo XII, item 1.3";"Aparelhos de eletrodiagnóstico, exceto os produtos classificados nos códigos 9018.11.00, 9018.12.10, 9018.12.90, 9018.13.00, 9018.14.10, 9018.14.20, 9018.14.90, 9018.19.10 e 9018.19.20 9018.19.80"
90181410;zero;0;"Lei Complementar 214/2025";"Anexo XII, item 1.3";"Aparelhos de eletrodiagnóstico, exceto os produtos classificados nos códigos 9018.11.00, 9018.12.10, 9018.12.90, 9018.13.00, 9018.14.10, 9018.14.20, 9018.14.90, 9018.19.10 e 9018.19.20 9018.19.80"
90181980;zero;0;"Lei Complementar 214/2025";"Anexo XII, item 1.3";"Aparelhos de eletrodiagnóstico, exceto os produtos classificados nos códigos 9018.11.00, 9018.12.10, 9018.12.90, 9018.13.00, 9018.14.10, 9018.14.20, 9018.14.90, 9018.19.10 e 9018.19.20 9018.19.80"
901820;zero;0;"Lei Complementar 214/2025";"Anexo XII, item 2";"Aparelhos de raios ultravioleta ou infravermelhos 9018.20"
90211010;zero;0;"Lei Complementar 214/2025";"Anexo XII, item 3";"Artigos e aparelhos ortopédicos 9021.10.10"
90211020;zero;0;"Lei Complementar 214/2025";"Anexo XII, item 4";"Artigos e aparelhos para fraturas 9021.10.20"
90213;zero;0;"Lei Complementar 214/2025";"Anexo XII, item 5";"Artigos e aparelhos de prótese, exceto os dentários e os produtos classificados nos códigos 9021.39.91 e 9021.39.99 9021.3"
90213999;zero;0;"Lei Complementar 214/2025";"Anexo XII, item 5";"Artigos e aparelhos de prótese, exceto os dentários e os produtos classificados nos códigos 9021.39.91 e 9021.39.99 9021.3"
90213991;zero;0;"Lei Complementar 214/2025";"Anexo XII, item 5";"Artigos e aparelhos de prótese, exceto os dentários e os produtos classificados nos códigos 9021.39.91 e 9021.39.99 9021.3"
90221200;zero;0;"Lei Complementar 214/2025";"Anexo XII, item 6";"Tomógrafo computadorizado 9022.12.00"
90221991;zero;0;"Lei Complementar 214/2025";"Anexo XII, item 7";"Aparelhos de raio X, móveis, exceto os produtos classificados no código 9022.19.91 9022.13"
902213;zero;0;"Lei Complementar 214/2025";"Anexo XII, item 7";"Aparelhos de raio X, móveis, exceto os produtos classificados no código 9022.19.91 9022.13"
90222110;zero;0;"Lei Complementar 214/2025";"Anexo XII, item 8";"Aparelho de radiocobalto (bomba de cobalto) 9022.21.10"
90189099;zero;0;"Lei Complementar 214/2025";"Anexo XII, item 9";"Aparelho de crioterapia 9018.90.99"
90222120;zero;0;"Lei Complementar 214/2025";"Anexo XII, item 10";"Aparelho de gamaterapia 9022.21.20"
90222190;zero;0;"Lei Complementar 214/2025";"Anexo XII, item 11";"Aparelhos que utilizem radiações alfa, beta, gama ou outras radiações ionizantes, para usos médicos, cirúrgicos, odontológicos ou veterinários, incluídos os aparelhos de radiofotografia ou de radioterapia, exceto os produtos classificados nos códigos 9022.21.10 e 9022.21.20 9022.21.90"
90222120;zero;0;"Lei Complementar 214/2025";"Anexo XII, item 11";"Aparelhos que utilizem radiações alfa, beta, gama ou outras radiações ionizantes, para usos médicos, cirúrgicos, odontológicos ou veterinários, incluídos os aparelhos de radiofotografia ou de radioterapia, exceto os produtos classificados nos códigos 9022.21.10 e 9022.21.20 9022.21.90"
90222110;zero;0;"Lei Complementar 214/2025";"Anexo XII, item 11";"Aparelhos que utilizem radiações alfa, beta, gama ou outras radiações ionizantes, para usos médicos, cirúrgicos, odontológicos ou veterinários, incluídos os aparelhos de radiofotografia ou de radioterapia, exceto os produtos classificados nos códigos 9022.21.10 e 9022.21.20 9022.21.90"
90192040;zero;0;"Lei Complementar 214/2025";"Anexo XII, item 13";"Respirador 9019.20.40"
90181980;zero;0;"Lei Complementar 214/2025";"Anexo XII, item 14";"Monitor multiparâmetros 9018.19.80"
90189010;zero;0;"Lei Complementar 214/2025";"Anexo XII, item 15";"Bomba de infusão 9018.90.10"
90181300;zero;0;"Lei Complementar 214/2025";"Anexo XII, item 16";"Aparelhos de diagnóstico por visualização de ressonância magnética 9018.13.00"
901812;zero;0;"Lei Complementar 214/2025";"Anexo XII, item 17";"Aparelhos de ultrassom 9018.12"
83024100;zero;0;"Lei Complementar 214/2025";"Anexo XIII, item 1";"Barra de apoio para pessoa com deficiência física 8302.41.00"
87131000;zero;0;"Lei Complementar 214/2025";"Anexo XIII, item 2.1";"Sem mecanismo de propulsão 8713.10.00"
87139000;zero;0;"Lei Complementar 214/2025";"Anexo XIII, item 2.2";"Cadeiras de rodas com motor ou outro mecanismo de propulsão e outros veículos para pessoas com incapacidade, mesmo com motor ou outro mecanismo de propulsão 8713.90.00"
87142000;zero;0;"Lei Complementar 214/2025";"Anexo XIII, item 3";"Partes e acessórios destinados exclusivamente a aplicação em cadeiras de rodas ou em outros veículos para deficientes 8714.20.00"
90214000;zero;0;"Lei Complementar 214/2025";"Anexo XIII, item 4";"Aparelhos para facilitar a audição dos surdos, exceto partes e acessórios 9021.40.00"
90219092;zero;0;"Lei Complementar 214/2025";"Anexo XIII, item 5";"Partes e acessórios de aparelhos para facilitar a audição dos surdos 9021.90.92"
90219019;zero;0;"Lei Complementar 214/2025";"Anexo XIII, item 6";"Implantes cocleares 9021.90.19"
30049069;zero;0;"Lei Complementar 214/2025";"Anexo XIII, item 1";"ABACAVIR 3004.90.69"
30049069;zero;0;"Lei Complementar 214/2025";"Anexo XIII, item 2";"ABEMACICLIBE 3004.90.69"
30049069;zero;0;"Lei Complementar 214/2025";"Anexo XIII, item 3";"ACALABRUTINIBE 3004.90.69"
30043210;zero;0;"Lei Complementar 214/2025";"Anexo XIII, item 4";"ACEPONATO DE METILPREDNISOLONA 3004.32.10"
30043290;zero;0;"Lei Complementar 214/2025";"Anexo XIII, item 5";"ACETATO DE ABIRATERONA 3004.32.90"
30043939;zero;0;"Lei Complementar 214/2025";"Anexo XIII, item 6";"ACETATO DE CIPROTERONA 3004.39.39"
30043929;zero;0;"Lei Complementar 214/2025";"Anexo XIII, item 7";"ACETATO DE DEGARELIX 3004.39.29"
30043927;zero;0;"Lei Complementar 214/2025";"Anexo XIII, item 8";"ACETATO DE GOSSERRELINA 3004.39.27"
30043919;zero;0;"Lei Complementar 214/2025";"Anexo XIII, item 9";"ACETATO DE LEUPRORRELINA 3004.39.19"
30043936;zero;0;"Lei Complementar 214/2025";"Anexo XIII, item 10";"ACETATO DE MEGESTROL 3004.39.36"
30043929;zero;0;"Lei Complementar 214/2025";"Anexo XIII, item 11";"ACETATO DE OCTREOTIDA 3004.39.29"
30043918;zero;0;"Lei Complementar 214/2025";"Anexo XIII, item 12";"ACETATO DE TRIPTORRELINA 3004.39.18"
30043929;zero;0;"Lei Complementar 214/2025";"Anexo XIII, item 13";"ACETATO DESMOPRESSINA 3004.39.29"
30045090;zero;0;"Lei Complementar 214/2025";"Anexo XIII, item 14";"ÁCIDO FOLÍNICO (FÓLICO) 3004.50.90"
30049039;zero;0;"Lei Complementar 214/2025";"Anexo XIII, item 15";"ÁCIDO TRANEXÂMICO 3004.90.39"
30049069;zero;0;"Lei Complementar 214/2025";"Anexo XIII, item 16";"ÁCIDO ZOLEDRÔNICO 3004.90.69"
30049029;zero;0;"Lei Complementar 214/2025";"Anexo XIII, item 17";"ACITRETINA 3004.90.29"
30021590;zero;0;"Lei Complementar 214/2025";"Anexo XIII, item 18";"AFLIBERCEPTE 3002.15.90"
30021590;zero;0;"Lei Complementar 214/2025";"Anexo XIII, item 19";"ALBINTERFERONA ALFA-2B 3002.15.90"
30021239;zero;0;"Lei Complementar 214/2025";"Anexo XIII, item 20";"ALBUMINA HUMANA 3002.12.39"
30049059;zero;0;"Lei Complementar 214/2025";"Anexo XIII, item 21";"ALENDRONATO DE SÓDIO 3004.90.59"
30021590;zero;0;"Lei Complementar 214/2025";"Anexo XIII, item 22";"ALENTUZUMABE 3002.15.90"
30049019;zero;0;"Lei Complementar 214/2025";"Anexo XIII, item 23";"ALFA-ALGLICOSIDASE 3004.90.19"
30049019;zero;0;"Lei Complementar 214/2025";"Anexo XIII, item 24";"ALFAELOSULFASE 3004.90.19"
30021239;zero;0;"Lei Complementar 214/2025";"Anexo XIII, item 25";"ALFAEPOETINA 3002.12.39"
30021590;zero;0;"Lei Complementar 214/2025";"Anexo XIII, item 26";"ALFAINTERFERONA 3002.15.90"
30021510;zero;0;"Lei Complementar 214/2025";"Anexo XIII, item 27";"ALFAPEGINTERFERONA 2A 3002.15.10"
30021590;zero;0;"Lei Complementar 214/2025";"Anexo XIII, item 28";"ALFAPEGINTERFERONA 2B 3002.15.90"
30043929;zero;0;"Lei Complementar 214/2025";"Anexo XIII, item 29";"ALFATIROTROPINA 3004.39.29"
30049019;zero;0;"Lei Complementar 214/2025";"Anexo XIII, item 30";"ALFAVESTRONIDASE 3004.90.19"
30049079;zero;0;"Lei Complementar 214/2025";"Anexo XIII, item 31";"ALPELISIBE 3004.90.79"
30049019;zero;0;"Lei Complementar 214/2025";"Anexo XIII, item 32";"ALTEPLASE 3004.90.19"
30049079;zero;0;"Lei Complementar 214/2025";"Anexo XIII, item 33";"AMBRISENTANA 3004.90.79"
30049059;zero;0;"Lei Complementar 214/2025";"Anexo XIII, item 34";"AMIFOSTINA 3004.90.59"
30049069;zero;0;"Lei Complementar 214/2025";"Anexo XIII, item 35";"ANASTROZOL 3004.90.69"
30042099;zero;0;"Lei Complementar 214/2025";"Anexo XIII, item 36";"ANFOTERICINA B 3004.20.99"
30042095;zero;0;"Lei Complementar 214/2025";"Anexo XIII, item 37";"ANFOTERICINA B EM LIPOSSOMAS 3004.20.95"
30049029;zero;0;"Lei Complementar 214/2025";"Anexo XIII, item 38";"ANTIMONIAL PENTAVALENTE 3004.90.29"
30049069;zero;0;"Lei Complementar 214/2025";"Anexo XIII, item 39";"APALUTAMIDA 3004.90.69"
30049078;zero;0;"Lei Complementar 214/2025";"Anexo XIII, item 40";"APREPITANTO 3004.90.78"
30046000;zero;0;"Lei Complementar 214/2025";"Anexo XIII, item 41";"ARTEMÉTER 3004.60.00"
30046000;zero;0;"Lei Complementar 214/2025";"Anexo XIII, item 42";"ARTEMÉTER + LUMEFANTRINA 3004.60.00"
30046000;zero;0;"Lei Complementar 214/2025";"Anexo XIII, item 43";"ARTESUNATO + CLORIDRATO MEFLOQUINA 3004.60.00"
30046000;zero;0;"Lei Complementar 214/2025";"Anexo XIII, item 44";"ARTESUNATO DE SÓDIO 3004.60.00"
30049012;zero;0;"Lei Complementar 214/2025";"Anexo XIII, item 45";"ASPARAGINASE 3004.90.12"
30049042;zero;0;"Lei Complementar 214/2025";"Anexo XIII, item 46";"ATENOLOL 3004.90.42"
30021590;zero;0;"Lei Complementar 214/2025";"Anexo XIII, item 47";"ATEZOLIZUMABE 3002.15.90"
30021590;zero;0;"Lei Complementar 214/2025";"Anexo XIII, item 48";"AVELUMABE 3002.15.90"
30049069;zero;0;"Lei Complementar 214/2025";"Anexo XIII, item 49";"AXITINIBE 3004.90.69"
30049079;zero;0;"Lei Complementar 214/2025";"Anexo XIII, item 50";"AZACITIDINA 3004.90.79"
30049066;zero;0;"Lei Complementar 214/2025";"Anexo XIII, item 51";"AZATIOPRINA 3004.90.66"
30049079;zero;0;"Lei Complementar 214/2025";"Anexo XIII, item 52";"BARICITINIBE 3004.90.79"
30049069;zero;0;"Lei Complementar 214/2025";"Anexo XIII, item 53";"BENZONIDAZOL 3004.90.69"
30049069;zero;0;"Lei Complementar 214/2025";"Anexo XIII, item 54";"BESILATO DE ANLODIPINO 3004.90.69"
30021239;zero;0;"Lei Complementar 214/2025";"Anexo XIII, item 55";"BETAEPOETINA 3002.12.39"
30021520;zero;0;"Lei Complementar 214/2025";"Anexo XIII, item 56";"BEVACIZUMABE 3002.15.20"
30049059;zero;0;"Lei Complementar 214/2025";"Anexo XIII, item 57";"BICALUTAMIDA 3004.90.59"
29362931;zero;0;"Lei Complementar 214/2025";"Anexo XIII, item 58";"BIOTINA 2936.29.31"
30021590;zero;0;"Lei Complementar 214/2025";"Anexo XIII, item 59";"BLINATUMOMABE 3002.15.90"
30049068;zero;0;"Lei Complementar 214/2025";"Anexo XIII, item 60";"BORTEZOMIBE 3004.90.68"
30021590;zero;0;"Lei Complementar 214/2025";"Anexo XIII, item 61";"BRENTUXIMABE VEDOTINA 3002.15.90"
30049069;zero;0;"Lei Complementar 214/2025";"Anexo XIII, item 62";"BRIGATINIBE 3004.90.69"
30044990;zero;0;"Lei Complementar 214/2025";"Anexo XIII, item 63";"BROMETO DE IPRATRÓPIO 3004.49.90"
30043999;zero;0;"Lei Complementar 214/2025";"Anexo XIII, item 64";"BUDESONIDA 3004.39.99"
30021580;zero;0;"Lei Complementar 214/2025";"Anexo XIII, item 65";"BUROSUMABE 3002.15.80"
30049095;zero;0;"Lei Complementar 214/2025";"Anexo XIII, item 66";"BUSSULFANO 3004.90.95"
30049059;zero;0;"Lei Complementar 214/2025";"Anexo XIII, item 67";"CABAZITAXEL 3004.90.59"
30049079;zero;0;"Lei Complementar 214/2025";"Anexo XIII, item 68";"CAPECITABINA 3004.90.79"
30049035;zero;0;"Lei Complementar 214/2025";"Anexo XIII, item 69";"CARBIDOPA + LEVODOPA 3004.90.35"
30049099;zero;0;"Lei Complementar 214/2025";"Anexo XIII, item 70";"CARBOPLATINA 3004.90.99"
30049079;zero;0;"Lei Complementar 214/2025";"Anexo XIII, item 71";"CARFILZOMIBE 3004.90.79"
30049048;zero;0;"Lei Complementar 214/2025";"Anexo XIII, item 72";"CARMUSTINA 3004.90.48"
30042059;zero;0;"Lei Complementar 214/2025";"Anexo XIII, item 73";"CEFALOTINA 3004.20.59"
30042059;zero;0;"Lei Complementar 214/2025";"Anexo XIII, item 74";"CEFOXITINA 3004.20.59"
30042059;zero;0;"Lei Complementar 214/2025";"Anexo XIII, item 75";"CEFTAZIDIMA 3004.20.59"
30049079;zero;0;"Lei Complementar 214/2025";"Anexo XIII, item 76";"CELECOXIBE 3004.90.79"
30021590;zero;0;"Lei Complementar 214/2025";"Anexo XIII, item 77";"CETUXIMABE 3002.15.90"
30049079;zero;0;"Lei Complementar 214/2025";"Anexo XIII, item 78";"CICLOFOSFAMIDA 3004.90.79"
30042094;zero;0;"Lei Complementar 214/2025";"Anexo XIII, item 79";"CILASTATINA SÓDICA + IMIPENEM 3004.20.94"
30049099;zero;0;"Lei Complementar 214/2025";"Anexo XIII, item 80";"CISPLATINA 3004.90.99"
30049079;zero;0;"Lei Complementar 214/2025";"Anexo XIII, item 81";"CITARABINA 3004.90.79"
30049059;zero;0;"Lei Complementar 214/2025";"Anexo XIII, item 82";"CITRATO DE IXAZOMIBE 3004.90.59"
30049034;zero;0;"Lei Complementar 214/2025";"Anexo XIII, item 84";"CITRATO DE TAMOXIFENO 3004.90.34"
30049079;zero;0;"Lei Complementar 214/2025";"Anexo XIII, item 85";"CLADRIBINA 3004.90.79"
30049058;zero;0;"Lei Complementar 214/2025";"Anexo XIII, item 86";"CLODRONATO DISSÓDICO 3004.90.58"
30049069;zero;0;"Lei Complementar 214/2025";"Anexo XIII, item 87";"CLOFAZIMINA 3004.90.69"
30049038;zero;0;"Lei Complementar 214/2025";"Anexo XIII, item 88";"CLORAMBUCILA 3004.90.38"
28444200;zero;0;"Lei Complementar 214/2025";"Anexo XIII, item 89";"CLORETO DE RÁDIO (223 RA) 2844.42.00"
25010090;zero;0;"Lei Complementar 214/2025";"Anexo XIII, item 90";"CLORETO DE SÓDIO 2501.00.90"
30049099;zero;0;"Lei Complementar 214/2025";"Anexo XIII, item 91";"CLORETO DE SUXAMETÔNIO 3004.90.99"
30049079;zero;0;"Lei Complementar 214/2025";"Anexo XIII, item 92";"CLORIDRATO DE ALECTINIBE 3004.90.79"
30049069;zero;0;"Lei Complementar 214/2025";"Anexo XIII, item 93";"CLORIDRATO DE ALFENTANILA MONOIDRATADA 3004.90.69"
30049039;zero;0;"Lei Complementar 214/2025";"Anexo XIII, item 94";"CLORIDRATO DE AMINOLEVULINATO DE METILA 3004.90.39"
30049039;zero;0;"Lei Complementar 214/2025";"Anexo XIII, item 95";"CLORIDRATO DE CINACALCETE 3004.90.39"
30042069;zero;0;"Lei Complementar 214/2025";"Anexo XIII, item 96";"CLORIDRATO DE DAUNORRUBICINA 3004.20.69"
30049039;zero;0;"Lei Complementar 214/2025";"Anexo XIII, item 97";"CLORIDRATO DE DOBUTAMINA 3004.90.39"
30042069;zero;0;"Lei Complementar 214/2025";"Anexo XIII, item 98";"CLORIDRATO DE DOXORRUBICINA 3004.20.69"
30042099;zero;0;"Lei Complementar 214/2025";"Anexo XIII, item 99";"CLORIDRATO DE EPIRRUBICINA 3004.20.99"
30049068;zero;0;"Lei Complementar 214/2025";"Anexo XIII, item 100";"CLORIDRATO DE ERLOTINIBE 3004.90.68"
30049039;zero;0;"Lei Complementar 214/2025";"Anexo XIII, item 101";"CLORIDRATO DE FINGOLIMODE 3004.90.39"
30049078;zero;0;"Lei Complementar 214/2025";"Anexo XIII, item 102";"CLORIDRATO DE GENCITABINA 3004.90.78"
30044990;zero;0;"Lei Complementar 214/2025";"Anexo XIII, item 103";"CLORIDRATO DE GRANISSETRONA 3004.49.90"
30042069;zero;0;"Lei Complementar 214/2025";"Anexo XIII, item 104";"CLORIDRATO DE IDARRUBICINA 3004.20.69"
30044990;zero;0;"Lei Complementar 214/2025";"Anexo XIII, item 105";"CLORIDRATO DE IRINOTECANO 3004.49.90"
30044990;zero;0;"Lei Complementar 214/2025";"Anexo XIII, item 106";"CLORIDRATO DE IRINOTECANO TRI-HIDRATADO 3004.49.90"
30049041;zero;0;"Lei Complementar 214/2025";"Anexo XIII, item 107";"CLORIDRATO DE METOCLOPRAMIDA 3004.90.41"
30049039;zero;0;"Lei Complementar 214/2025";"Anexo XIII, item 108";"CLORIDRATO DE MITOXANTRONA 3004.90.39"
30049069;zero;0;"Lei Complementar 214/2025";"Anexo XIII, item 109";"CLORIDRATO DE PALONOSETRONA 3004.90.69"
30049079;zero;0;"Lei Complementar 214/2025";"Anexo XIII, item 110";"CLORIDRATO DE PAZOPANIBE 3004.90.79"
30045090;zero;0;"Lei Complementar 214/2025";"Anexo XIII, item 111";"CLORIDRATO DE PIRIDOXINA 3004.50.90"
30049069;zero;0;"Lei Complementar 214/2025";"Anexo XIII, item 112";"CLORIDRATO DE PONATINIBE 3004.90.69"
30044910;zero;0;"Lei Complementar 214/2025";"Anexo XIII, item 113";"CLORIDRATO DE TOPOTECANA 3004.49.10"
30049079;zero;0;"Lei Complementar 214/2025";"Anexo XIII, item 114";"CLORIDRATO DE ZIPRASIDONA MONOIDRATADO 3004.90.79"
30021239;zero;0;"Lei Complementar 214/2025";"Anexo XIII, item 115";"COMPLEXO PROTROMBÍNICO PARCIALMENTE ATIVADO 3002.12.39"
30049069;zero;0;"Lei Complementar 214/2025";"Anexo XIII, item 116";"CRIZOTINIBE 3004.90.69"
30049068;zero;0;"Lei Complementar 214/2025";"Anexo XIII, item 117";"DACARBAZINA 3004.90.68"
30049059;zero;0;"Lei Complementar 214/2025";"Anexo XIII, item 118";"DAPAGLIFLOZINA 3004.90.59"
30021590;zero;0;"Lei Complementar 214/2025";"Anexo XIII, item 119";"DARATUMUMABE 3002.15.90"
30049069;zero;0;"Lei Complementar 214/2025";"Anexo XIII, item 120";"DAROLUTAMIDA 3004.90.69"
30049079;zero;0;"Lei Complementar 214/2025";"Anexo XIII, item 121";"DASATINIBE 3004.90.79"
30049079;zero;0;"Lei Complementar 214/2025";"Anexo XIII, item 122";"DECITABINA 3004.90.79"
30049069;zero;0;"Lei Complementar 214/2025";"Anexo XIII, item 123";"DEFERASIROX 3004.90.69"
30021590;zero;0;"Lei Complementar 214/2025";"Anexo XIII, item 124";"DENOSUMABE 3002.15.90"
30043290;zero;0;"Lei Complementar 214/2025";"Anexo XIII, item 125";"DEXAMETASONA 3004.32.90"
30043929;zero;0;"Lei Complementar 214/2025";"Anexo XIII, item 126";"DIASPARTATO DE PASIREOTIDA 3004.39.29"
30049064;zero;0;"Lei Complementar 214/2025";"Anexo XIII, item 127";"DIAZEPAM 3004.90.64"
30049069;zero;0;"Lei Complementar 214/2025";"Anexo XIII, item 128";"DICLORIDRATO DE DACLATASVIR 3004.90.69"
30049079;zero;0;"Lei Complementar 214/2025";"Anexo XIII, item 129";"DICLORIDRATO DE PRAMIPEXOL MONOIDRATADO 3004.90.79"
30044990;zero;0;"Lei Complementar 214/2025";"Anexo XIII, item 130";"DICLORIDRATO DE QUININA 3004.49.90"
30049069;zero;0;"Lei Complementar 214/2025";"Anexo XIII, item 131";"DICLORIDRATO DE SAPROPTERINA 3004.90.69"
30049079;zero;0;"Lei Complementar 214/2025";"Anexo XIII, item 132";"DIDANOSINA 3004.90.79"
30049095;zero;0;"Lei Complementar 214/2025";"Anexo XIII, item 133";"DIETILESTILBESTROL 3004.90.95"
30049069;zero;0;"Lei Complementar 214/2025";"Anexo XIII, item 134";"DIFOSFATO DE CLOROQUINA 3004.90.69"
30049079;zero;0;"Lei Complementar 214/2025";"Anexo XIII, item 135";"DIMALEATO DE AFATINIBE 3004.90.79"
30049069;zero;0;"Lei Complementar 214/2025";"Anexo XIII, item 136";"DIMETILSULFÓXIDO DE TRAMETINIBE 3004.90.69"
30044990;zero;0;"Lei Complementar 214/2025";"Anexo XIII, item 137";"DITARTARATO DE VINORELBINA 3004.49.90"
30049059;zero;0;"Lei Complementar 214/2025";"Anexo XIII, item 138";"DOCETAXEL 3004.90.59"
30049059;zero;0;"Lei Complementar 214/2025";"Anexo XIII, item 139";"DOCETAXEL TRI-HIDRATADO 3004.90.59"
30049079;zero;0;"Lei Complementar 214/2025";"Anexo XIII, item 140";"DOLUTEGRAVIR SÓDICO 3004.90.79"
30042099;zero;0;"Lei Complementar 214/2025";"Anexo XIII, item 141";"DOXICICLINA MONOIDRATADA 3004.20.99"
30021590;zero;0;"Lei Complementar 214/2025";"Anexo XIII, item 142";"DURVALUMABE 3002.15.90"
30021590;zero;0;"Lei Complementar 214/2025";"Anexo XIII, item 143";"ECULIZUMABE 3002.15.90"
30049078;zero;0;"Lei Complementar 214/2025";"Anexo XIII, item 144";"EFAVIRENZ 3004.90.78"
30049069;zero;0;"Lei Complementar 214/2025";"Anexo XIII, item 145";"ELEXACAFTOR 3004.90.69"
30021590;zero;0;"Lei Complementar 214/2025";"Anexo XIII, item 146";"ELOTUZUMABE 3002.15.90"
30049069;zero;0;"Lei Complementar 214/2025";"Anexo XIII, item 147";"ELTROMBOPAGUE OLAMINA 3004.90.69"
30043918;zero;0;"Lei Complementar 214/2025";"Anexo XIII, item 148";"EMBONATO DE TRIPTORRELINA 3004.39.18"
30021590;zero;0;"Lei Complementar 214/2025";"Anexo XIII, item 149";"EMICIZUMABE 3002.15.90"
30049078;zero;0;"Lei Complementar 214/2025";"Anexo XIII, item 150";"EMTRICITABINA 3004.90.78"
30043039;zero;0;"Lei Complementar 214/2025";"Anexo XIII, item 151";"ENANTATO DE NORETISTERONA + VALERATO DE ESTRADIOL 3004.30.39"
30049099;zero;0;"Lei Complementar 214/2025";"Anexo XIII, item 152";"ENFLURANO 3004.90.99"
30049068;zero;0;"Lei Complementar 214/2025";"Anexo XIII, item 153";"ENFUVIRTIDA 3004.90.68"
30049078;zero;0;"Lei Complementar 214/2025";"Anexo XIII, item 154";"ENTRICITABINA 3004.90.78"
30049078;zero;0;"Lei Complementar 214/2025";"Anexo XIII, item 155";"ENTRICITABINA + FUMARATO TENOFOVIR DESOPROXILA 3004.90.78"
30049069;zero;0;"Lei Complementar 214/2025";"Anexo XIII, item 156";"ENZALUTAMIDA 3004.90.69"
30049069;zero;0;"Lei Complementar 214/2025";"Anexo XIII, item 157";"ERDAFITINIBE 3004.90.69"
30049069;zero;0;"Lei Complementar 214/2025";"Anexo XIII, item 158";"ESILATO DE NINTEDANIBE 3004.90.69"
30043220;zero;0;"Lei Complementar 214/2025";"Anexo XIII, item 159";"ESPIRONOLACTONA 3004.32.20"
30049079;zero;0;"Lei Complementar 214/2025";"Anexo XIII, item 160";"ESTAVUDINA 3004.90.79"
30043939;zero;0;"Lei Complementar 214/2025";"Anexo XIII, item 161";"ETINILESTRADIOL + LEVONORGESTREL 3004.39.39"
30049069;zero;0;"Lei Complementar 214/2025";"Anexo XIII, item 162";"ETOMIDATO 3004.90.69"
30049078;zero;0;"Lei Complementar 214/2025";"Anexo XIII, item 163";"ETOPOSIDEO 3004.90.78"
30049069;zero;0;"Lei Complementar 214/2025";"Anexo XIII, item 164";"ETRAVIRINA 3004.90.69"
30049078;zero;0;"Lei Complementar 214/2025";"Anexo XIII, item 165";"EVEROLIMO 3004.90.78"
30043994;zero;0;"Lei Complementar 214/2025";"Anexo XIII, item 166";"EXEMESTANO 3004.39.94"
30021239;zero;0;"Lei Complementar 214/2025";"Anexo XIII, item 167";"FATOR IX DE COAGULAÇÃO 3002.12.39"
30021239;zero;0;"Lei Complementar 214/2025";"Anexo XIII, item 168";"FATOR VII DE COAGULAÇÃO ATIVADO RECOMBINANTE 3002.12.39"
30021239;zero;0;"Lei Complementar 214/2025";"Anexo XIII, item 169";"FATOR VIII DE COAGULAÇÃO 3002.12.39"
30021239;zero;0;"Lei Complementar 214/2025";"Anexo XIII, item 170";"FATOR VIII DE COAGULAÇÃO CONTENDO FATOR DE VON WILLEBRAND 3002.12.39"
30021239;zero;0;"Lei Complementar 214/2025";"Anexo XIII, item 171";"FATOR VIII DE COAGULAÇÃO RECOMBINANTE 3002.12.39"
30049069;zero;0;"Lei Complementar 214/2025";"Anexo XIII, item 172";"FENTANILA 3004.90.69"
30021590;zero;0;"Lei Complementar 214/2025";"Anexo XIII, item 173";"FILGRASTIM 3002.15.90"
30049069;zero;0;"Lei Complementar 214/2025";"Anexo XIII, item 174";"FLUORURACILA 3004.90.69"
30045010;zero;0;"Lei Complementar 214/2025";"Anexo XIII, item 175";"FOLINATO DE CÁLCIO 3004.50.10"
30049078;zero;0;"Lei Complementar 214/2025";"Anexo XIII, item 176";"FOSAMPRENAVIR CÁLCICO 3004.90.78"
30049078;zero;0;"Lei Complementar 214/2025";"Anexo XIII, item 177";"FOSFATO DE FLUDARABINA 3004.90.78"
30049049;zero;0;"Lei Complementar 214/2025";"Anexo XIII, item 178";"FOSFATO DE OSELTAMIVIR 3004.90.49"
30049069;zero;0;"Lei Complementar 214/2025";"Anexo XIII, item 179";"FOSFATO DE RUXOLITINIBE 3004.90.69"
30049069;zero;0;"Lei Complementar 214/2025";"Anexo XIII, item 180";"FOSFATO DE SITAGLIPTINA 3004.90.69"
30049058;zero;0;"Lei Complementar 214/2025";"Anexo XIII, item 181";"FOTEMUSTINA 3004.90.58"
30043936;zero;0;"Lei Complementar 214/2025";"Anexo XIII, item 182";"FULVESTRANTO 3004.39.36"
30049029;zero;0;"Lei Complementar 214/2025";"Anexo XIII, item 183";"FUMARATO DE DIMETILA 3004.90.29"
30049068;zero;0;"Lei Complementar 214/2025";"Anexo XIII, item 184";"FUMARATO DE TENOFOVIR DESOPROXILA 3004.90.68"
30049076;zero;0;"Lei Complementar 214/2025";"Anexo XIII, item 185";"FUROSEMIDA 3004.90.76"
30049019;zero;0;"Lei Complementar 214/2025";"Anexo XIII, item 186";"GALSULFASE 3004.90.19"
30049069;zero;0;"Lei Complementar 214/2025";"Anexo XIII, item 187";"GANCICLOVIR SÓDICO 3004.90.69"
30049079;zero;0;"Lei Complementar 214/2025";"Anexo XIII, item 188";"GEFITINIBE 3004.90.79"
30049099;zero;0;"Lei Complementar 214/2025";"Anexo XIII, item 189";"GLICOSE 3004.90.99"
30021590;zero;0;"Lei Complementar 214/2025";"Anexo XIII, item 190";"GOLIMUMABE 3002.15.90"
30043927;zero;0;"Lei Complementar 214/2025";"Anexo XIII, item 191";"GOSSERRELINA 3004.39.27"
30044950;zero;0;"Lei Complementar 214/2025";"Anexo XIII, item 192";"GRANISETRON 3004.49.50"
30049069;zero;0;"Lei Complementar 214/2025";"Anexo XIII, item 193";"HALOPERIDOL 3004.90.69"
30049099;zero;0;"Lei Complementar 214/2025";"Anexo XIII, item 194";"HIDROXIUREIA 3004.90.99"
30049099;zero;0;"Lei Complementar 214/2025";"Anexo XIII, item 195";"HIPOCLORITO DE SÓDIO 3004.90.99"
30049059;zero;0;"Lei Complementar 214/2025";"Anexo XIII, item 196";"IBANDRONATO SÓDIO 3004.90.59"
30049069;zero;0;"Lei Complementar 214/2025";"Anexo XIII, item 197";"IBRUTINIBE 3004.90.69"
30042063;zero;0;"Lei Complementar 214/2025";"Anexo XIII, item 198";"IDARRUBICINA 3004.20.63"
30049014;zero;0;"Lei Complementar 214/2025";"Anexo XIII, item 199";"IDURSULFASE 3004.90.14"
30049079;zero;0;"Lei Complementar 214/2025";"Anexo XIII, item 200";"IFOSFAMIDA 3004.90.79"
30021239;zero;0;"Lei Complementar 214/2025";"Anexo XIII, item 201";"IMUNOGLOBULINA ANTIRRÁBICA 3002.12.39"
30021239;zero;0;"Lei Complementar 214/2025";"Anexo XIII, item 202";"IMUNOGLOBULINA ANTITETÂNICA 3002.12.39"
30021239;zero;0;"Lei Complementar 214/2025";"Anexo XIII, item 203";"IMUNOGLOBULINA HUMANA ANTI-HEPATITE B 3002.12.39"
30043100;zero;0;"Lei Complementar 214/2025";"Anexo XIII, item 204";"INSULINA GLARGINA 3004.31.00"
30043100;zero;0;"Lei Complementar 214/2025";"Anexo XIII, item 205";"INSULINA HUMANA 3004.31.00"
30021590;zero;0;"Lei Complementar 214/2025";"Anexo XIII, item 206";"INTERFERON ALFA-2A E INTERFERON ALFA-2B 3002.15.90"
30063013;zero;0;"Lei Complementar 214/2025";"Anexo XIII, item 207";"IOPAMIDOL 3006.30.13"
30021590;zero;0;"Lei Complementar 214/2025";"Anexo XIII, item 208";"IPILIMUMABE 3002.15.90"
30049047;zero;0;"Lei Complementar 214/2025";"Anexo XIII, item 209";"ISETIONATO DE PENTAMIDINA 3004.90.47"
30049099;zero;0;"Lei Complementar 214/2025";"Anexo XIII, item 210";"ISOFLURANO 3004.90.99"
30045090;zero;0;"Lei Complementar 214/2025";"Anexo XIII, item 211";"ISOTRETINOÍNA 3004.50.90"
30049069;zero;0;"Lei Complementar 214/2025";"Anexo XIII, item 212";"IVACAFTOR 3004.90.69"
30049079;zero;0;"Lei Complementar 214/2025";"Anexo XIII, item 213";"LAMIVUDINA + ZIDOVUDINA 3004.90.79"
30049068;zero;0;"Lei Complementar 214/2025";"Anexo XIII, item 214";"LETROZOL 3004.90.68"
30049069;zero;0;"Lei Complementar 214/2025";"Anexo XIII, item 215";"LEVETIRACETAM 3004.90.69"
30049043;zero;0;"Lei Complementar 214/2025";"Anexo XIII, item 216";"LIDOCAÍNA 3004.90.43"
30049079;zero;0;"Lei Complementar 214/2025";"Anexo XIII, item 217";"LINEZOLIDA 3004.90.79"
30021590;zero;0;"Lei Complementar 214/2025";"Anexo XIII, item 218";"LIPEGFILGRASTIM 3002.15.90"
30049068;zero;0;"Lei Complementar 214/2025";"Anexo XIII, item 219";"LOPINAVIR + RITONAVIR 3004.90.68"
30049069;zero;0;"Lei Complementar 214/2025";"Anexo XIII, item 220";"LOSARTANA POTÁSSICA 3004.90.69"
30049069;zero;0;"Lei Complementar 214/2025";"Anexo XIII, item 221";"LUMACAFTOR 3004.90.69"
30049069;zero;0;"Lei Complementar 214/2025";"Anexo XIII, item 222";"MALEATO DE ACALABRUTINIBE MONOIDRATADO 3004.90.69"
30049069;zero;0;"Lei Complementar 214/2025";"Anexo XIII, item 223";"MALEATO DE SUNITINIBE 3004.90.69"
30049079;zero;0;"Lei Complementar 214/2025";"Anexo XIII, item 224";"MALEATO DE TIMOLOL 3004.90.79"
30049049;zero;0;"Lei Complementar 214/2025";"Anexo XIII, item 225";"MARAVIROQUE 3004.90.49"
30021590;zero;0;"Lei Complementar 214/2025";"Anexo XIII, item 226";"MEPOLIZUMABE 3002.15.90"
30049063;zero;0;"Lei Complementar 214/2025";"Anexo XIII, item 227";"MERCAPTOPURINA 3004.90.63"
30049079;zero;0;"Lei Complementar 214/2025";"Anexo XIII, item 228";"MESILATO DE DABRAFENIBE 3004.90.79"
30049048;zero;0;"Lei Complementar 214/2025";"Anexo XIII, item 229";"MESILATO DE DESFERROXAMINA 3004.90.48"
30049068;zero;0;"Lei Complementar 214/2025";"Anexo XIII, item 230";"MESILATO DE IMATINIBE 3004.90.68"
30049068;zero;0;"Lei Complementar 214/2025";"Anexo XIII, item 231";"MESILATO DE NELFINAVIR 3004.90.68"
30049069;zero;0;"Lei Complementar 214/2025";"Anexo XIII, item 232";"MESILATO DE OSIMERTINIBE 3004.90.69"
30049039;zero;0;"Lei Complementar 214/2025";"Anexo XIII, item 233";"MESILATO DE RASAGILINA 3004.90.39"
30049059;zero;0;"Lei Complementar 214/2025";"Anexo XIII, item 234";"MESNA 3004.90.59"
30049099;zero;0;"Lei Complementar 214/2025";"Anexo XIII, item 235";"METILPREDNISOLONA 3004.90.99"
30049069;zero;0;"Lei Complementar 214/2025";"Anexo XIII, item 236";"METOTREXATO 3004.90.69"
30049069;zero;0;"Lei Complementar 214/2025";"Anexo XIII, item 237";"METOTREXATO DE SÓDIO 3004.90.69"
30049079;zero;0;"Lei Complementar 214/2025";"Anexo XIII, item 238";"MICOFENOLATO DE MOFETILA 3004.90.79"
30049059;zero;0;"Lei Complementar 214/2025";"Anexo XIII, item 239";"MICOFENOLATO DE SÓDIO 3004.90.59"
30049069;zero;0;"Lei Complementar 214/2025";"Anexo XIII, item 240";"MIDAZOLAM 3004.90.69"
30049079;zero;0;"Lei Complementar 214/2025";"Anexo XIII, item 241";"MIDOSTAURINA 3004.90.79"
30049059;zero;0;"Lei Complementar 214/2025";"Anexo XIII, item 242";"MIFAMURTIDA 3004.90.59"
30042091;zero;0;"Lei Complementar 214/2025";"Anexo XIII, item 243";"MITOMICINA 3004.20.91"
30049095;zero;0;"Lei Complementar 214/2025";"Anexo XIII, item 244";"MITOTANO 3004.90.95"
30049068;zero;0;"Lei Complementar 214/2025";"Anexo XIII, item 245";"NEVIRAPINA 3004.90.68"
30049069;zero;0;"Lei Complementar 214/2025";"Anexo XIII, item 246";"NILOTINIBE 3004.90.69"
30049069;zero;0;"Lei Complementar 214/2025";"Anexo XIII, item 247";"NITRENDIPINO 3004.90.69"
30021590;zero;0;"Lei Complementar 214/2025";"Anexo XIII, item 248";"NIVOLUMABE 3002.15.90"
30049079;zero;0;"Lei Complementar 214/2025";"Anexo XIII, item 249";"NUSINERSENA 3004.90.79"
30021590;zero;0;"Lei Complementar 214/2025";"Anexo XIII, item 250";"OCRELIZUMABE 3002.15.90"
30043926;zero;0;"Lei Complementar 214/2025";"Anexo XIII, item 251";"OCTREOTIDA 3004.39.26"
30049069;zero;0;"Lei Complementar 214/2025";"Anexo XIII, item 252";"OLAPARIBE 3004.90.69"
30021590;zero;0;"Lei Complementar 214/2025";"Anexo XIII, item 253";"OLARATUMABE 3002.15.90"
30029000;zero;0;"Lei Complementar 214/2025";"Anexo XIII, item 254";"ONASEMNOGENO ABEPARVOVEQUE 3002.90.00"
30049099;zero;0;"Lei Complementar 214/2025";"Anexo XIII, item 255";"OXALIPLATINA 3004.90.99"
30049059;zero;0;"Lei Complementar 214/2025";"Anexo XIII, item 256";"PACLITAXEL 3004.90.59"
30049069;zero;0;"Lei Complementar 214/2025";"Anexo XIII, item 257";"PALBOCICLIBE 3004.90.69"
30049059;zero;0;"Lei Complementar 214/2025";"Anexo XIII, item 258";"PAMIDRONATO DISSÓDICO 3004.90.59"
30043929;zero;0;"Lei Complementar 214/2025";"Anexo XIII, item 259";"PAMOATO DE PASIREOTIDA 3004.39.29"
30049019;zero;0;"Lei Complementar 214/2025";"Anexo XIII, item 260";"PANCREATINA 3004.90.19"
30021590;zero;0;"Lei Complementar 214/2025";"Anexo XIII, item 261";"PANITUMUMABE 3002.15.90"
30021590;zero;0;"Lei Complementar 214/2025";"Anexo XIII, item 262";"PEG INTERFERON ALFA-2B 3002.15.90"
30021510;zero;0;"Lei Complementar 214/2025";"Anexo XIII, item 263";"PEG INTERFERON ALFA-2A 3002.15.10"
30049019;zero;0;"Lei Complementar 214/2025";"Anexo XIII, item 264";"PEGASPARGASE 3004.90.19"
30021590;zero;0;"Lei Complementar 214/2025";"Anexo XIII, item 265";"PEGFILGRASTIM 3002.15.90"
30049069;zero;0;"Lei Complementar 214/2025";"Anexo XIII, item 266";"PEMETREXEDE DISSÓDICO 3004.90.69"
30049069;zero;0;"Lei Complementar 214/2025";"Anexo XIII, item 267";"PEMETREXEDE DISSÓDICO HEMIPENTAIDRATADO 3004.90.69"
30049069;zero;0;"Lei Complementar 214/2025";"Anexo XIII, item 268";"PEMETREXEDE DISSÓDICO HEPTAIDRATADO 3004.90.69"
30021590;zero;0;"Lei Complementar 214/2025";"Anexo XIII, item 269";"PERTUZUMABE 3002.15.90"
30049079;zero;0;"Lei Complementar 214/2025";"Anexo XIII, item 270";"PIOGLITAZONA 3004.90.79"
30022032;zero;0;"Lei Complementar 214/2025";"Anexo XIII, item 271";"PIRAZINAMIDA + RIFAMPICINA + CLORIDRATO DE ETAMBUTOL + ISONIAZIDA 3002.20.32"
30049069;zero;0;"Lei Complementar 214/2025";"Anexo XIII, item 272";"PLERIXAFOR 3004.90.69"
30049063;zero;0;"Lei Complementar 214/2025";"Anexo XIII, item 273";"PRAZIQUANTEL 3004.90.63"
30043210;zero;0;"Lei Complementar 214/2025";"Anexo XIII, item 274";"PREDNISOLONA 3004.32.10"
30049039;zero;0;"Lei Complementar 214/2025";"Anexo XIII, item 275";"PREGABALINA 3004.90.39"
30049095;zero;0;"Lei Complementar 214/2025";"Anexo XIII, item 276";"PROPOFOL 3004.90.95"
30044990;zero;0;"Lei Complementar 214/2025";"Anexo XIII, item 277";"QUININA 3004.49.90"
30049069;zero;0;"Lei Complementar 214/2025";"Anexo XIII, item 278";"RABEPRAZOL SÓDICO 3004.90.69"
30049049;zero;0;"Lei Complementar 214/2025";"Anexo XIII, item 279";"RALTEGRAVIR 3004.90.49"
30021590;zero;0;"Lei Complementar 214/2025";"Anexo XIII, item 280";"RAMUCIRUMABE 3002.15.90"
30049019;zero;0;"Lei Complementar 214/2025";"Anexo XIII, item 281";"RASBURICASE 3004.90.19"
30049069;zero;0;"Lei Complementar 214/2025";"Anexo XIII, item 282";"REGORAFENIBE 3004.90.69"
30049079;zero;0;"Lei Complementar 214/2025";"Anexo XIII, item 283";"RIBAVIRINA 3004.90.79"
30042032;zero;0;"Lei Complementar 214/2025";"Anexo XIII, item 284";"RIFAMPICINA + ISONIAZIDA 3004.20.32"
30049069;zero;0;"Lei Complementar 214/2025";"Anexo XIII, item 285";"RILUZOL 3004.90.69"
30021590;zero;0;"Lei Complementar 214/2025";"Anexo XIII, item 286";"RISANQUIZUMABE 3002.15.90"
30049069;zero;0;"Lei Complementar 214/2025";"Anexo XIII, item 287";"RISDIPLAM 3004.90.69"
30049069;zero;0;"Lei Complementar 214/2025";"Anexo XIII, item 288";"RISPERIDONA 3004.90.69"
30049078;zero;0;"Lei Complementar 214/2025";"Anexo XIII, item 289";"RITONAVIR 3004.90.78"
30021520;zero;0;"Lei Complementar 214/2025";"Anexo XIII, item 290";"RITUXIMABE 3002.15.20"
30049069;zero;0;"Lei Complementar 214/2025";"Anexo XIII, item 291";"SACUBITRIL VALSARTANA SÓDICA HIDRATADA 3004.90.69"
30049068;zero;0;"Lei Complementar 214/2025";"Anexo XIII, item 292";"SAQUINAVIR 3004.90.68"
30049069;zero;0;"Lei Complementar 214/2025";"Anexo XIII, item 293";"SAXAGLIPTINA 3004.90.69"
30021590;zero;0;"Lei Complementar 214/2025";"Anexo XIII, item 294";"SECUQUINUMABE 3002.15.90"
30049079;zero;0;"Lei Complementar 214/2025";"Anexo XIII, item 295";"SELEXIPAGUE 3004.90.79"
30049059;zero;0;"Lei Complementar 214/2025";"Anexo XIII, item 296";"SINVASTATINA 3004.90.59"
30049079;zero;0;"Lei Complementar 214/2025";"Anexo XIII, item 297";"SOFOSBUVIR 3004.90.79"
30043929;zero;0;"Lei Complementar 214/2025";"Anexo XIII, item 298";"SOMATROPINA 3004.39.29"
30021211;zero;0;"Lei Complementar 214/2025";"Anexo XIII, item 299";"SORO ANTIARACNÍDICO (LOXOSCELES, PHONEUTRIA E TITYUS) 3002.12.11"
30021211;zero;0;"Lei Complementar 214/2025";"Anexo XIII, item 300";"SORO ANTIBOTRÓPICO (PENTAVALENTE) 3002.12.11"
30021211;zero;0;"Lei Complementar 214/2025";"Anexo XIII, item 301";"SORO ANTIBOTRÓPICO (PENTAVALENTE) E ANTICROTÁLICO 3002.12.11"
30021211;zero;0;"Lei Complementar 214/2025";"Anexo XIII, item 302";"SORO ANTIBOTRÓPICO (PENTAVALENTE) E ANTILAQUÉTICO 3002.12.11"
30021219;zero;0;"Lei Complementar 214/2025";"Anexo XIII, item 303";"SORO ANTIBOTULÍNICO AB (BIVALENTE) 3002.12.19"
30021211;zero;0;"Lei Complementar 214/2025";"Anexo XIII, item 304";"SORO ANTICROTÁLICO 3002.12.11"
30021215;zero;0;"Lei Complementar 214/2025";"Anexo XIII, item 305";"SORO ANTIDIFTÉRICO 3002.12.15"
30021211;zero;0;"Lei Complementar 214/2025";"Anexo XIII, item 306";"SORO ANTIELAPÍDICO (BIVALENTE) 3002.12.11"
30021211;zero;0;"Lei Complementar 214/2025";"Anexo XIII, item 307";"SORO ANTIESCORPIÔNICO 3002.12.11"
30021211;zero;0;"Lei Complementar 214/2025";"Anexo XIII, item 308";"SORO ANTILONÔMICO 3002.12.11"
30021211;zero;0;"Lei Complementar 214/2025";"Anexo XIII, item 309";"SORO ANTILOXOSCÉLICO (TRIVALENTE) 3002.12.11"
30021219;zero;0;"Lei Complementar 214/2025";"Anexo XIII, item 310";"SORO ANTIRRÁBICO 3002.12.19"
30021212;zero;0;"Lei Complementar 214/2025";"Anexo XIII, item 311";"SORO ANTITETÂNICO 3002.12.12"
30049039;zero;0;"Lei Complementar 214/2025";"Anexo XIII, item 312";"SUCCINATO DE METOPROLOL 3004.90.39"
30049069;zero;0;"Lei Complementar 214/2025";"Anexo XIII, item 313";"SUCCINATO DE RIBOCICLIBE 3004.90.69"
30043210;zero;0;"Lei Complementar 214/2025";"Anexo XIII, item 314";"SUCCINATO SÓDICO DE HIDROCORTISONA 3004.32.10"
30049072;zero;0;"Lei Complementar 214/2025";"Anexo XIII, item 315";"SULFADIAZINA 3004.90.72"
30049072;zero;0;"Lei Complementar 214/2025";"Anexo XIII, item 316";"SULFAMETOXAZOL + TRIMETROPINA 3004.90.72"
30049068;zero;0;"Lei Complementar 214/2025";"Anexo XIII, item 317";"SULFATO DE ABACAVIR 3004.90.68"
30049068;zero;0;"Lei Complementar 214/2025";"Anexo XIII, item 318";"SULFATO DE ATAZANAVIR 3004.90.68"
30042093;zero;0;"Lei Complementar 214/2025";"Anexo XIII, item 319";"SULFATO DE BLEOMICINA 3004.20.93"
30049068;zero;0;"Lei Complementar 214/2025";"Anexo XIII, item 320";"SULFATO DE INDINAVIR 3004.90.68"
30049069;zero;0;"Lei Complementar 214/2025";"Anexo XIII, item 321";"SULFATO DE LAROTRECTINIBE 3004.90.69"
30044990;zero;0;"Lei Complementar 214/2025";"Anexo XIII, item 322";"SULFATO DE MORFINA 3004.49.90"
30044990;zero;0;"Lei Complementar 214/2025";"Anexo XIII, item 323";"SULFATO DE MORFINA PENTAIDRATADO 3004.49.90"
30044990;zero;0;"Lei Complementar 214/2025";"Anexo XIII, item 324";"SULFATO DE QUININA 3004.49.90"
30044910;zero;0;"Lei Complementar 214/2025";"Anexo XIII, item 325";"SULFATO DE VINCRISTINA 3004.49.10"
30049078;zero;0;"Lei Complementar 214/2025";"Anexo XIII, item 326";"TACROLIMO 3004.90.78"
30049079;zero;0;"Lei Complementar 214/2025";"Anexo XIII, item 327";"TAFAMIDIS MEGLUMINA 3004.90.79"
30049034;zero;0;"Lei Complementar 214/2025";"Anexo XIII, item 328";"TAMOXIFENO 3004.90.34"
30049069;zero;0;"Lei Complementar 214/2025";"Anexo XIII, item 329";"TARTARATO DE VARENICLINA 3004.90.69"
30044990;zero;0;"Lei Complementar 214/2025";"Anexo XIII, item 330";"TARTARATO DE VINORELBINA 3004.49.90"
30049068;zero;0;"Lei Complementar 214/2025";"Anexo XIII, item 331";"TEMOZOLOMIDA 3004.90.68"
30049019;zero;0;"Lei Complementar 214/2025";"Anexo XIII, item 332";"TENECTEPLASE 3004.90.19"
30049078;zero;0;"Lei Complementar 214/2025";"Anexo XIII, item 333";"TENIPOSIDEO 3004.90.78"
30049068;zero;0;"Lei Complementar 214/2025";"Anexo XIII, item 334";"TENOFOVIR 3004.90.68"
30049078;zero;0;"Lei Complementar 214/2025";"Anexo XIII, item 335";"TENSIROLIMO 3004.90.78"
30049049;zero;0;"Lei Complementar 214/2025";"Anexo XIII, item 336";"TERIFLUNOMIDA 3004.90.49"
30049079;zero;0;"Lei Complementar 214/2025";"Anexo XIII, item 337";"TERIZIDONA 3004.90.79"
30042099;zero;0;"Lei Complementar 214/2025";"Anexo XIII, item 338";"TETRACICLINA 3004.20.99"
30049069;zero;0;"Lei Complementar 214/2025";"Anexo XIII, item 339";"TEZACAFTOR 3004.90.69"
30049068;zero;0;"Lei Complementar 214/2025";"Anexo XIII, item 340";"TIOGUANINA 3004.90.68"
30049078;zero;0;"Lei Complementar 214/2025";"Anexo XIII, item 341";"TIPRANAVIR 3004.90.78"
30021590;zero;0;"Lei Complementar 214/2025";"Anexo XIII, item 342";"TOCILIZUMABE 3002.15.90"
30049069;zero;0;"Lei Complementar 214/2025";"Anexo XIII, item 343";"TOSILATO DE SORAFENIBE 3004.90.69"
30021520;zero;0;"Lei Complementar 214/2025";"Anexo XIII, item 344";"TRASTUZUMABE 3002.15.20"
30049099;zero;0;"Lei Complementar 214/2025";"Anexo XIII, item 345";"TRIÓXIDO DE ARSÊNIO 3004.90.99"
30043918;zero;0;"Lei Complementar 214/2025";"Anexo XIII, item 346";"TRIPTORRELINA 3004.39.18"
30049069;zero;0;"Lei Complementar 214/2025";"Anexo XIII, item 347";"UPADACITINIBE HEMI-HIDRATADO 3004.90.69"
30042071;zero;0;"Lei Complementar 214/2025";"Anexo XIII, item 348";"VANCOMICINA 3004.20.71"
30049069;zero;0;"Lei Complementar 214/2025";"Anexo XIII, item 349";"VANDETANIBE 3004.90.69"
30021590;zero;0;"Lei Complementar 214/2025";"Anexo XIII, item 350";"VEDOLIZUMABE 3002.15.90"
30044910;zero;0;"Lei Complementar 214/2025";"Anexo XIII, item 351";"VIMBLASTINA 3004.49.10"
30044910;zero;0;"Lei Complementar 214/2025";"Anexo XIII, item 352";"VINCRISTINA 3004.49.10"
30049079;zero;0;"Lei Complementar 214/2025";"Anexo XIII, item 353";"VINFLUNINA 3004.90.79"
30044990;zero;0;"Lei Complementar 214/2025";"Anexo XIII, item 354";"VINORELBINA 3004.49.90"
30049068;zero;0;"Lei Complementar 214/2025";"Anexo XIII, item 355";"ZIAGENAVIR 3004.90.68"
30049079;zero;0;"Lei Complementar 214/2025";"Anexo XIII, item 356";"ZIDOVUDINA 3004.90.79"
30024129;zero;0;"Lei Complementar 214/2025";"Anexo XIII, item 357";"VACINA ADSORVIDA DIFTERIA E TÉTANO 3002.41.29"
30024127;zero;0;"Lei Complementar 214/2025";"Anexo XIII, item 358";"VACINA ADSORVIDA DIFTERIA, TÉTANO E PERTUSSIS 3002.41.27"
30024127;zero;0;"Lei Complementar 214/2025";"Anexo XIII, item 359";"VACINA ADSORVIDA DIFTERIA, TÉTANO E PERTUSSIS (ACELULAR) 3002.41.27"
30024129;zero;0;"Lei Complementar 214/2025";"Anexo XIII, item 360";"VACINA ADSORVIDA DIFTERIA, TÉTANO, PERTUSSIS, HEPATITE B (RECOMBINANTE) E HAEMOPHILUS INFLUENZAE B (CONJUGADA) 3002.41.29"
30024129;zero;0;"Lei Complementar 214/2025";"Anexo XIII, item 361";"VACINA ADSORVIDA HEPATITE A (INATIVADA) 3002.41.29"
30024129;zero;0;"Lei Complementar 214/2025";"Anexo XIII, item 362";"VACINA BCG 3002.41.29"
30024129;zero;0;"Lei Complementar 214/2025";"Anexo XIII, item 363";"VACINA CÓLERA (INATIVADA) 3002.41.29"
30024129;zero;0;"Lei Complementar 214/2025";"Anexo XIII, item 364";"VACINA COVID-19 3002.41.29"
30024129;zero;0;"Lei Complementar 214/2025";"Anexo XIII, item 365";"VACINA DENGUE 1, 2, 3 E 4 3002.41.29"
30024129;zero;0;"Lei Complementar 214/2025";"Anexo XIII, item 366";"VACINA FEBRE AMARELA (ATENUADA) 3002.41.29"
30024129;zero;0;"Lei Complementar 214/2025";"Anexo XIII, item 367";"VACINA FEBRE TIFÓIDE (POLISSACARÍDICA) 3002.41.29"
30024129;zero;0;"Lei Complementar 214/2025";"Anexo XIII, item 368";"VACINA HAEMOPHILUS INFLUENZAE B (CONJUGADA) 3002.41.29"
30024123;zero;0;"Lei Complementar 214/2025";"Anexo XIII, item 369";"VACINA HEPATITE B (RECOMBINANTE) 3002.41.23"
30024121;zero;0;"Lei Complementar 214/2025";"Anexo XIII, item 370";"VACINA INFLUENZA TRIVALENTE (FRAGMENTADA, INATIVADA) 3002.41.21"
30024125;zero;0;"Lei Complementar 214/2025";"Anexo XIII, item 371";"VACINA MENINGOCÓCICA ACWY (CONJUGADA) 3002.41.25"
30024125;zero;0;"Lei Complementar 214/2025";"Anexo XIII, item 372";"VACINA MENINGOCÓCICA C (CONJUGADA) 3002.41.25"
30024129;zero;0;"Lei Complementar 214/2025";"Anexo XIII, item 373";"VACINA PAPILOMAVÍRUS HUMANO 6, 11, 16 E 18 (RECOMBINANTE) 3002.41.29"
30024129;zero;0;"Lei Complementar 214/2025";"Anexo XIII, item 374";"VACINA PNEUMOCÓCICA 10-VALENTE (CONJUGADA) 3002.41.29"
30024129;zero;0;"Lei Complementar 214/2025";"Anexo XIII, item 375";"VACINA PNEUMOCÓCICA 13-VALENTE (CONJUGADA) 3002.41.29"
30024129;zero;0;"Lei Complementar 214/2025";"Anexo XIII, item 376";"VACINA PNEUMOCÓCICA 23-VALENTE (POLISSACARÍDICA) 3002.41.29"
30024122;zero;0;"Lei Complementar 214/2025";"Anexo XIII, item 377";"VACINA POLIOMIELITE 1 E 3 (ATENUADA) 3002.41.22"
30024122;zero;0;"Lei Complementar 214/2025";"Anexo XIII, item 378";"VACINA POLIOMIELITE 1, 2 E 3 (INATIVADA) 3002.41.22"
30024129;zero;0;"Lei Complementar 214/2025";"Anexo XIII, item 379";"VACINA RAIVA (INATIVADA) 3002.41.29"
30024129;zero;0;"Lei Complementar 214/2025";"Anexo XIII, item 380";"VACINA ROTAVÍRUS HUMANO G1P 8 (ATENUADA) 3002.41.29"
30024127;zero;0;"Lei Complementar 214/2025";"Anexo XIII, item 381";"VACINA SARAMPO, CAXUMBA, RUBÉOLA 3002.41.27"
30024129;zero;0;"Lei Complementar 214/2025";"Anexo XIII, item 382";"VACINA SARAMPO, CAXUMBA, RUBÉOLA E VARICELA (ATENUADA) 3002.41.29"
30024129;zero;0;"Lei Complementar 214/2025";"Anexo XIII, item 383";"VACINA VARICELA (ATENUADA) 3002.41.29"
04072;reducao;100;"Lei Complementar 214/2025";"Anexo XV, item 1";"Ovos da subposição 0407.2 da NCM/SH"
07108000;reducao;100;"Lei Complementar 214/2025";"Anexo XV, item 2";"Produtos hortícolas das posições 07.01, 07.02.00.00, 07.03, 07.04, 07.05, 07.06, 0707.00.00, 07.08, 07.09 e 07.10, exceto os cogumelos e trufas classificados na subposição 0709.5 e no código 0710.80.00 da NCM/SH"
0702;reducao;100;"Lei Complementar 214/2025";"Anexo XV, item 2";"Produtos hortícolas das posições 07.01, 07.02.00.00, 07.03, 07.04, 07.05, 07.06, 0707.00.00, 07.08, 07.09 e 07.10, exceto os cogumelos e trufas classificados na subposição 0709.5 e no código 0710.80.00 da NCM/SH"
0701;reducao;100;"Lei Complementar 214/2025";"Anexo XV, item 2";"Produtos hortícolas das posições 07.01, 07.02.00.00, 07.03, 07.04, 07.05, 07.06, 0707.00.00, 07.08, 07.09 e 07.10, exceto os cogumelos e trufas classificados na subposição 0709.5 e no código 0710.80.00 da NCM/SH"
07070000;reducao;100;"Lei Complementar 214/2025";"Anexo XV, item 2";"Produtos hortícolas das posições 07.01, 07.02.00.00, 07.03, 07.04, 07.05, 07.06, 0707.00.00, 07.08, 07.09 e 07.10, exceto os cogumelos e trufas classificados na subposição 0709.5 e no código 0710.80.00 da NCM/SH"
07095;reducao;100;"Lei Complementar 214/2025";"Anexo XV, item 2";"Produtos hortícolas das posições 07.01, 07.02.00.00, 07.03, 07.04, 07.05, 07.06, 0707.00.00, 07.08, 07.09 e 07.10, exceto os cogumelos e trufas classificados na subposição 0709.5 e no código 0710.80.00 da NCM/SH"
0806;reducao;100;"Lei Complementar 214/2025";"Anexo XV, item 3";"Frutas frescas ou refrigeradas e frutas congeladas sem adição de açúcar ou de outros edulcorantes classificadas nas posições 08.03, 08.04, 08.05, 08.06, 08.07, 08.08, 08.09, 08.10 e 08.11 da NCM/SH"
0805;reducao;100;"Lei Complementar 214/2025";"Anexo XV, item 3";"Frutas frescas ou refrigeradas e frutas congeladas sem adição de açúcar ou de outros edulcorantes classificadas nas posições 08.03, 08.04, 08.05, 08.06, 08.07, 08.08, 08.09, 08.10 e 08.11 da NCM/SH"
0808;reducao;100;"Lei Complementar 214/2025";"Anexo XV, item 3";"Frutas frescas ou refrigeradas e frutas congeladas sem adição de açúcar ou de outros edulcorantes classificadas nas posições 08.03, 08.04, 08.05, 08.06, 08.07, 08.08, 08.09, 08.10 e 08.11 da NCM/SH"
0807;reducao;100;"Lei Complementar 214/2025";"Anexo XV, item 3";"Frutas frescas ou refrigeradas e frutas congeladas sem adição de açúcar ou de outros edulcorantes classificadas nas posições 08.03, 08.04, 08.05, 08.06, 08.07, 08.08, 08.09, 08.10 e 08.11 da NCM/SH"
0803;reducao;100;"Lei Complementar 214/2025";"Anexo XV, item 3";"Frutas frescas ou refrigeradas e frutas congeladas sem adição de açúcar ou de outros edulcorantes classificadas nas posições 08.03, 08.04, 08.05, 08.06, 08.07, 08.08, 08.09, 08.10 e 08.11 da NCM/SH"
0810;reducao;100;"Lei Complementar 214/2025";"Anexo XV, item 3";"Frutas frescas ou refrigeradas e frutas congeladas sem adição de açúcar ou de outros edulcorantes classificadas nas posições 08.03, 08.04, 08.05, 08.06, 08.07, 08.08, 08.09, 08.10 e 08.11 da NCM/SH"
0811;reducao;100;"Lei Complementar 214/2025";"Anexo XV, item 3";"Frutas frescas ou refrigeradas e frutas congeladas sem adição de açúcar ou de outros edulcorantes classificadas nas posições 08.03, 08.04, 08.05, 08.06, 08.07, 08.08, 08.09, 08.10 e 08.11 da NCM/SH"
0809;reducao;100;"Lei Complementar 214/2025";"Anexo XV, item 3";"Frutas frescas ou refrigeradas e frutas congeladas sem adição de açúcar ou de outros edulcorantes classificadas nas posições 08.03, 08.04, 08.05, 08.06, 08.07, 08.08, 08.09, 08.10 e 08.11 da NCM/SH"
0804;reducao;100;"Lei Complementar 214/2025";"Anexo XV, item 3";"Frutas frescas ou refrigeradas e frutas congeladas sem adição de açúcar ou de outros edulcorantes classificadas nas posições 08.03, 08.04, 08.05, 08.06, 08.07, 08.08, 08.09, 08.10 e 08.11 da NCM/SH"
06;reducao;100;"Lei Complementar 214/2025";"Anexo XV, item 4";"Plantas e produtos de floricultura relativos à horticultura e cultivados para fins alimentares, ornamentais ou medicinais classificados no Capítulo 6 da NCM/SH"
08011;reducao;100;"Lei Complementar 214/2025";"Anexo XV, item 6";"Cocos da subposição 0801.1 da NCM/SH"
