ncm;artigo;pagina;trecho
24022000;17;;"Art. 17. O estabelecimento industrial de cigarros classi fi cados no código 2402.20.00 da Tipi e de cigarrilhas responde solidariamente com a empresa comercial exportadora pelo recolhimento da Con"
27101921;18;6;"www.in.gov.br/en/web/dou/-/instrucao-normativa-rfb-n-2.121-de-15-de-dezembro-de-2022-452045866 5/316 VII - a pessoa jurídica que não destinar óleo combustível, tipo bunker, classi fi cado nos códigos 2710.19.21 e 2710.19.22 da Tipi, à navegação de cabotagem ou de apoio portuário e marítimo, na hipótese prevista no art."
27101922;18;6;"/en/web/dou/-/instrucao-normativa-rfb-n-2.121-de-15-de-dezembro-de-2022-452045866 5/316 VII - a pessoa jurídica que não destinar óleo combustível, tipo bunker, classi fi cado nos códigos 2710.19.21 e 2710.19.22 da Tipi, à navegação de cabotagem ou de apoio portuário e marítimo, na hipótese prevista no art. 361 (Lei nº "
87100000;24;10;"a jurídica fabricante de veículos e carros blindados de combate, novos, armados ou não, e suas partes, produzidos no Brasil, com peso bruto total até 30 (trinta) toneladas, classi fi cados na posição 8710.00.00 da Tipi, quando destinados a órgãos e entidades da Administração Pública direta, nos termos do art. 621 (Lei "
27101922;24;10;"essoa jurídica fabricante a empresa sediada no exterior, nos termos do art. 666 (Lei nº 11.196, de 2005, art. 49); XV - da venda de óleo combustível tipo bunker classi fi cado nos códigos 271019.21 e 2710.19.22 da Tipi, quando destinados à navegação de cabotagem e de apoio portuário marítimo, nos termos do art. 353 (Le"
29141100;24;10;"quando destinados à navegação de cabotagem e de apoio portuário marítimo, nos termos do art. 353 (Lei nº 11.774, de 2008, art. 2º, incisos I a III); XVI - da venda de acetona classi fi cada no código 2914.11.00 da Tipi, destinada à produção de monoisopropilamina (Mipa), utilizada na elaboração de defensivos agropecuári"
76129012;60;;"ção cumulativa ou não cumulativa, mediante a aplicação das alíquotas previstas: I - no art. 416, na hipótese de venda de máquinas, implementos e veículos classi fi cados nos códigos 7309.00, 7310.29, 7612.90.12, 8424.82, 84.29, 8430.69.90, 84.32, 84.33, 84.34, 84.35, 84.36, 84.37, 87.01, 87.02, 87.03, 87.04, 87.05, 870"
84306990;60;;"tiva, mediante a aplicação das alíquotas previstas: I - no art. 416, na hipótese de venda de máquinas, implementos e veículos classi fi cados nos códigos 7309.00, 7310.29, 7612.90.12, 8424.82, 84.29, 8430.69.90, 84.32, 84.33, 84.34, 84.35, 84.36, 84.37, 87.01, 87.02, 87.03, 87.04, 87.05, 8706.00 e 8716.20.00 da Tipi (L"
87162000;60;;"as, implementos e veículos classi fi cados nos códigos 7309.00, 7310.29, 7612.90.12, 8424.82, 84.29, 8430.69.90, 84.32, 84.33, 84.34, 84.35, 84.36, 84.37, 87.01, 87.02, 87.03, 87.04, 87.05, 8706.00 e 8716.20.00 da Tipi (Lei nº 10.485, de 2002, art. 1º, com redação dada pela Lei nº 12.973, de 2014, art. 103); II - no ar"
87021000;69;;"e Decreto nº 6.644, de 18 de novembro de 2008, art. 1º): I - veículos novos montados sobre chassis, com capacidade para 23 (vinte e três) a 44 (quarenta e quatro) pessoas, classi fi cados nos códigos 8702.10.00 Ex 02, 8702.20.00 Ex 02, 8702.30.00 Ex 02, 8702.40.90 Ex 02 e 8702.90.00 Ex 02 da Tipi, destinados ao transpo"
87022000;69;;", de 18 de novembro de 2008, art. 1º): I - veículos novos montados sobre chassis, com capacidade para 23 (vinte e três) a 44 (quarenta e quatro) pessoas, classi fi cados nos códigos 8702.10.00 Ex 02, 8702.20.00 Ex 02, 8702.30.00 Ex 02, 8702.40.90 Ex 02 e 8702.90.00 Ex 02 da Tipi, destinados ao transporte escolar para a"
87023000;69;;"o de 2008, art. 1º): I - veículos novos montados sobre chassis, com capacidade para 23 (vinte e três) a 44 (quarenta e quatro) pessoas, classi fi cados nos códigos 8702.10.00 Ex 02, 8702.20.00 Ex 02, 8702.30.00 Ex 02, 8702.40.90 Ex 02 e 8702.90.00 Ex 02 da Tipi, destinados ao transporte escolar para a educação básica d"
87024090;69;;"): I - veículos novos montados sobre chassis, com capacidade para 23 (vinte e três) a 44 (quarenta e quatro) pessoas, classi fi cados nos códigos 8702.10.00 Ex 02, 8702.20.00 Ex 02, 8702.30.00 Ex 02, 8702.40.90 Ex 02 e 8702.90.00 Ex 02 da Tipi, destinados ao transporte escolar para a educação básica das redes estadual "
87029000;69;;"os montados sobre chassis, com capacidade para 23 (vinte e três) a 44 (quarenta e quatro) pessoas, classi fi cados nos códigos 8702.10.00 Ex 02, 8702.20.00 Ex 02, 8702.30.00 Ex 02, 8702.40.90 Ex 02 e 8702.90.00 Ex 02 da Tipi, destinados ao transporte escolar para a educação básica das redes estadual e municipal, que at"
89019000;69;;"Brasileiro), quando adquiridos pela União, estados, municípios e pelo Distrito Federal; II - embarcações novas, com capacidade para 20 (vinte) a 35 (trinta e cinco) pessoas, classi fi cadas no código 8901.90.00 da Tipi, destinadas ao transporte escolar para a educação básica na zona rural das redes estadual e municipal"
87100000;75;;"27, de 2008, art. 26): I - veículos e carros blindados de combate, novos, armados ou não, e suas partes, produzidos no Brasil, com peso bruto total até 30 (trinta) toneladas classi fi cados no código 8710.00.00 da Tipi, destinados ao uso das Forças Armadas ou órgãos de segurança pública brasileiros, quando adquiridos p"
89061000;75;;"Forças Armadas ou órgãos de segurança pública brasileiros, quando adquiridos por órgãos e entidades da Administração Pública direta; e II - material de defesa, classi fi cado nos códigos 8710.00.00 e 8906.10.00 da Tipi, além de partes, peças, componentes, ferramentais, insumos, equipamentos e matérias-primas a serem em"
84433222;76;25;" de 2004, art. 28, inciso XVII, incluído pela Lei nº 12.058, de 2009, art. 42); V - impressoras, aparelhos de copiar e aparelhos de telecopiar (fax) de caracteres Braille do classi fi cados no código 8443.32.22 da Tipi (Lei nº 10.865, de 2004, art. 28, inciso XXII, incluído pela Lei nº 12.649, de 2012, art. 1º); VI - m"
84729099;76;25;"ssi fi cados no código 8443.32.22 da Tipi (Lei nº 10.865, de 2004, art. 28, inciso XXII, incluído pela Lei nº 12.649, de 2012, art. 1º); VI - máquinas de escrever em Braille classi fi cadas no código 8472.90.99 Ex01 da Tipi (Lei nº 10.865, de 2004, art. 28, inciso XXII, incluído pela Lei nº 12.649, de 2012, art. 1º); V"
87142000;76;25;"ei nº 10.865, de 2004, art. 28, inciso XXII, incluído pela Lei nº 12.649, de 2012, art. 1º); VII - partes e acessórios de cadeiras de rodas ou outros veículos para inválidos classi fi cados no código 8714.20.00 da Tipi (Lei nº 10.865, de 2004, art. 28, inciso XXII, incluído pela Lei nº 12.649, de 2012, art. 1º); VIII -"
90214000;76;25;"código 8714.20.00 da Tipi (Lei nº 10.865, de 2004, art. 28, inciso XXII, incluído pela Lei nº 12.649, de 2012, art. 1º); VIII - aparelhos para facilitar a audição dos surdos classi fi cados no código 9021.40.00 da Tipi (Lei nº 10.865, de 2004, art. 28, inciso XXII, incluído pela Lei nº 12.649, de 2012, art. 1º); IX - o"
90219013;76;25;"s classi fi cados no código 9021.40.00 da Tipi (Lei nº 10.865, de 2004, art. 28, inciso XXII, incluído pela Lei nº 12.649, de 2012, art. 1º); IX - oclusores interauriculares classi fi cados no código 9021.90.13 da Tipi (Lei nº 10.865, de 2004, art. 28, inciso XXII, incluído pela Lei nº 12.649, de 2012, art. 1º); X - pa"
90219092;76;25;"9021.90.13 da Tipi (Lei nº 10.865, de 2004, art. 28, inciso XXII, incluído pela Lei nº 12.649, de 2012, art. 1º); X - partes e acessórios para facilitar a audição dos surdos classi fi cados no código 9021.90.92 da Tipi (Lei nº 10.865, de 2004, art. 28, inciso XXII, incluído pela Lei nº 12.649, de 2012, art. 1º); XI - c"
84701000;76;25;" código 9021.90.92 da Tipi (Lei nº 10.865, de 2004, art. 28, inciso XXII, incluído pela Lei nº 12.649, de 2012, art. 1º); XI - calculadoras equipadas com sintetizador de voz classi fi cadas no código 8470.10.00 Ex 01 da Tipi (Lei nº 10.865, de 2004, art. 28, inciso XXIII, incluído pela Lei nº 12.649, de 2012, art. 1º);"
84716052;76;25;"º 10.865, de 2004, art. 28, inciso XXIII, incluído pela Lei nº 12.649, de 2012, art. 1º); XII - teclados com adaptações especí fi cas para uso por pessoas com de fi ciência, classi fi cados no código 8471.60.52 da Tipi (Lei nº 10.865, de 2004, art. 28, inciso XXIV, incluído pela Lei nº 12.649, de 2012, art. 1º); XIII -"
84716053;76;25;" 28, inciso XXIV, incluído pela Lei nº 12.649, de 2012, art. 1º); XIII - indicador ou apontador - mouse - com adaptações especí fi cas para uso por pessoas com de fi ciência, classi fi cado no código 8471.60.53 da Tipi (Lei nº 10.865, de 2004, art. 28, inciso XXV, incluído pela Lei nº 12.649, de 2012, art. 1º); XIV - l"
84716090;76;25;"de fi ciência, classi fi cado no código 8471.60.53 da Tipi (Lei nº 10.865, de 2004, art. 28, inciso XXV, incluído pela Lei nº 12.649, de 2012, art. 1º); XIV - linhas Braille classi fi cadas no código 8471.60.90 Ex 01 da Tipi (Lei nº 10.865, de 2004, art. 28, inciso XXVI, incluído pela Lei nº 12.649, de 2012, art. 1º); "
84719014;76;25;"(Lei nº 10.865, de 2004, art. 28, inciso XXVI, incluído pela Lei nº 12.649, de 2012, art. 1º); XV - digitalizadores de imagens - scanners - equipados com sintetizador de voz classi fi cados no código 8471.90.14 Ex 01 da Tipi (Lei nº 10.865, de 2004, art. 28, inciso XXVII, incluído pela Lei nº 12.649, de 2012, art. 1º);"
84721000;76;25;"classi fi cados no código 8471.90.14 Ex 01 da Tipi (Lei nº 10.865, de 2004, art. 28, inciso XXVII, incluído pela Lei nº 12.649, de 2012, art. 1º); XVI - duplicadores Braille classi fi cados no código 8472.10.00 Ex 01 da Tipi (Lei nº 10.865, de 2004, art. 28, inciso XXVIII, incluído pela Lei nº 12.649, de 2012, art. 1º)"
85258919;76;25;"ei nº 10.865, de 2004, art. 28, inciso XXIX, incluído pela Lei nº 12.649, de 2012, art. 1º); XVIII - lupas eletrônicas do tipo utilizado por pessoas com de fi ciência visual classi fi cadas no código 8525.89.19 Ex 01 da Tipi (Lei nº 10.865, de 2004, art. 28, inciso XXX, incluído pela Lei nº 12.649, de 2012, art. 1º); X"
90213980;76;25;" cocleares classi fi cados no código 9021.40.00 da Tipi (Lei nº 10.865, de 2004, art. 28, inciso XXXI, incluído pela Lei nº 12.649, de 2012, art. 1º); XX - próteses oculares classi fi cadas no código 9021.39.80 da Tipi (Lei nº 10.865, de 2004, art. 28, inciso XXXII, incluído pela Lei nº 12.649, de 2012, art. 1º); XXI -"
90219019;76;25;"nal https://www.in.gov.br/en/web/dou/-/instrucao-normativa-rfb-n-2.121-de-15-de-dezembro-de-2022-452045866 25/316 XXIII - neuroestimuladores para tremor essencial/Parkinson, classi fi cados no código 9021.90.19, e seus acessórios, classi fi cados nos códigos 9018.90.99, 9021.90.91 e 9021.90.99, todos daTipi (Lei nº 10."
90189099;76;25;"rfb-n-2.121-de-15-de-dezembro-de-2022-452045866 25/316 XXIII - neuroestimuladores para tremor essencial/Parkinson, classi fi cados no código 9021.90.19, e seus acessórios, classi fi cados nos códigos 9018.90.99, 9021.90.91 e 9021.90.99, todos daTipi (Lei nº 10.865, de 2004, art. 28, inciso XXXV, incluído pela Lei nº 12"
90219091;76;25;"de-15-de-dezembro-de-2022-452045866 25/316 XXIII - neuroestimuladores para tremor essencial/Parkinson, classi fi cados no código 9021.90.19, e seus acessórios, classi fi cados nos códigos 9018.90.99, 9021.90.91 e 9021.90.99, todos daTipi (Lei nº 10.865, de 2004, art. 28, inciso XXXV, incluído pela Lei nº 12.649, de 201"
90219099;76;25;"mbro-de-2022-452045866 25/316 XXIII - neuroestimuladores para tremor essencial/Parkinson, classi fi cados no código 9021.90.19, e seus acessórios, classi fi cados nos códigos 9018.90.99, 9021.90.91 e 9021.90.99, todos daTipi (Lei nº 10.865, de 2004, art. 28, inciso XXXV, incluído pela Lei nº 12.649, de 2012, art. 1º). "
27111910;86;28;" óleo diesel e gasolina ou exclusivamente de gasolina, referidas no art. 333, nos termos do art. 347 (Medida Provisória nº 2.158-35, de 2001, art. 42); II - óleo diesel e GLP classi fi cado no código 2711.19.10 da Tipi, derivado de petróleo e de gás natural, referidos no art. 333, nos termos do art. 347 (Medida Provisó"
21069010;87;;"nto) as alíquotas da Contribuição para o PIS/Pasep e da Co fi ns incidentes sobre a receita decorrente da venda, no mercado interno, de preparações compostas não alcoólicas, classi fi cadas no código 2106.90.10 Ex 01, da Tipi, destinadas à elaboração de bebidas pelas pessoas jurídicas industriais, nos termos do art. 49"
34011190;97;;"s sobre a venda no mercado interno de (Lei nº 10.925, de 2004, art. 1º, incisos XXVI a XXVIII, com redação dada pela Lei nº 12.839, de 2013, art. 1º): I - sabões de toucador classi fi cados no código 3401.11.90 Ex 01 da Tipi; II - produtos para higiene bucal ou dentária classi fi cados na posição 33.06 da Tipi; e III -"
48181000;97;;"de toucador classi fi cados no código 3401.11.90 Ex 01 da Tipi; II - produtos para higiene bucal ou dentária classi fi cados na posição 33.06 da Tipi; e III - papel higiênico classi fi cado no código 4818.10.00 da Tipi. Subseção XXVII Da Indenização Correspondente à Parcela dos Investimentos Vinculados a Bens Reversíve"
85030090;101;30;"101. Ficam reduzidas a 0% (zero por cento) as alíquotas da Contribuição para o PIS/Pasep e da Co fi ns incidentes sobre as receitas decorrentes da venda de produtos classi fi cados no Ex 01 do código 8503.00.90 da Tipi, exceto pás eólicas, utilizados exclusiva ou principalmente em aerogeradores classi fi cados no códig"
85023100;101;30;" receitas decorrentes da venda de produtos classi fi cados no Ex 01 do código 8503.00.90 da Tipi, exceto pás eólicas, utilizados exclusiva ou principalmente em aerogeradores classi fi cados no código 8502.31.00 da Tipi (Lei nº 10.865, de 2004, art. 28, inciso XXXVII, com redação dada pela Lei nº 13.169, de 2015, art. 1"
40115000;102;;"Art. 102. Ficam reduzidas a 0% (zero por cento) as alíquotas da Contribuição para o PIS/Pasep e da Co fi ns incidentes sobre as receitas de venda dos produtos classi fi cados nos códigos 4011.50.00 e 4013.20.00 auferidas por pessoas jurídicas fabricantes com estabelecimentos implantados na ZFM nos termos d"
40132000;102;;"Art. 102. Ficam reduzidas a 0% (zero por cento) as alíquotas da Contribuição para o PIS/Pasep e da Co fi ns incidentes sobre as receitas de venda dos produtos classi fi cados nos códigos 4011.50.00 e 4013.20.00 auferidas por pessoas jurídicas fabricantes com estabelecimentos implantados na ZFM nos termos do art. 445 (L"
84051000;143;41;"INCO 98 TAURINA 99 TIAMINA 100 TIROSINA 101 TOCOFEROL 102 TREONINA 103 TRIGLICERÍDEOS DE CADEIA MÉDIA 104 TRIPTOFANA ANEXO XVI MÁQUINAS, APARELHOS, INSTRUMENTOS E EQUIPAMENTOS - ZONA FRANCA DE MANAUS 8405.10.00 8439.30.10 8462.22.00 8479.89.12 9017.30.90 8412.29.00 8439.91.00 8462.23.00 8479.89.99 9017.80.90 8412.39.00"
84393010;143;41;"RINA 99 TIAMINA 100 TIROSINA 101 TOCOFEROL 102 TREONINA 103 TRIGLICERÍDEOS DE CADEIA MÉDIA 104 TRIPTOFANA ANEXO XVI MÁQUINAS, APARELHOS, INSTRUMENTOS E EQUIPAMENTOS - ZONA FRANCA DE MANAUS 8405.10.00 8439.30.10 8462.22.00 8479.89.12 9017.30.90 8412.29.00 8439.91.00 8462.23.00 8479.89.99 9017.80.90 8412.39.00 8439.99.10"
84622200;143;41;"MINA 100 TIROSINA 101 TOCOFEROL 102 TREONINA 103 TRIGLICERÍDEOS DE CADEIA MÉDIA 104 TRIPTOFANA ANEXO XVI MÁQUINAS, APARELHOS, INSTRUMENTOS E EQUIPAMENTOS - ZONA FRANCA DE MANAUS 8405.10.00 8439.30.10 8462.22.00 8479.89.12 9017.30.90 8412.29.00 8439.91.00 8462.23.00 8479.89.99 9017.80.90 8412.39.00 8439.99.10 8462.24.00"
84798912;143;41;"ROSINA 101 TOCOFEROL 102 TREONINA 103 TRIGLICERÍDEOS DE CADEIA MÉDIA 104 TRIPTOFANA ANEXO XVI MÁQUINAS, APARELHOS, INSTRUMENTOS E EQUIPAMENTOS - ZONA FRANCA DE MANAUS 8405.10.00 8439.30.10 8462.22.00 8479.89.12 9017.30.90 8412.29.00 8439.91.00 8462.23.00 8479.89.99 9017.80.90 8412.39.00 8439.99.10 8462.24.00 8479.90.90"
90173090;143;41;"TOCOFEROL 102 TREONINA 103 TRIGLICERÍDEOS DE CADEIA MÉDIA 104 TRIPTOFANA ANEXO XVI MÁQUINAS, APARELHOS, INSTRUMENTOS E EQUIPAMENTOS - ZONA FRANCA DE MANAUS 8405.10.00 8439.30.10 8462.22.00 8479.89.12 9017.30.90 8412.29.00 8439.91.00 8462.23.00 8479.89.99 9017.80.90 8412.39.00 8439.99.10 8462.24.00 8479.90.90 9022.19.99"
84122900;143;41;"02 TREONINA 103 TRIGLICERÍDEOS DE CADEIA MÉDIA 104 TRIPTOFANA ANEXO XVI MÁQUINAS, APARELHOS, INSTRUMENTOS E EQUIPAMENTOS - ZONA FRANCA DE MANAUS 8405.10.00 8439.30.10 8462.22.00 8479.89.12 9017.30.90 8412.29.00 8439.91.00 8462.23.00 8479.89.99 9017.80.90 8412.39.00 8439.99.10 8462.24.00 8479.90.90 9022.19.99 8412.90.80"
84399100;143;41;" 103 TRIGLICERÍDEOS DE CADEIA MÉDIA 104 TRIPTOFANA ANEXO XVI MÁQUINAS, APARELHOS, INSTRUMENTOS E EQUIPAMENTOS - ZONA FRANCA DE MANAUS 8405.10.00 8439.30.10 8462.22.00 8479.89.12 9017.30.90 8412.29.00 8439.91.00 8462.23.00 8479.89.99 9017.80.90 8412.39.00 8439.99.10 8462.24.00 8479.90.90 9022.19.99 8412.90.80 8439.99.90"
84622300;143;41;"CERÍDEOS DE CADEIA MÉDIA 104 TRIPTOFANA ANEXO XVI MÁQUINAS, APARELHOS, INSTRUMENTOS E EQUIPAMENTOS - ZONA FRANCA DE MANAUS 8405.10.00 8439.30.10 8462.22.00 8479.89.12 9017.30.90 8412.29.00 8439.91.00 8462.23.00 8479.89.99 9017.80.90 8412.39.00 8439.99.10 8462.24.00 8479.90.90 9022.19.99 8412.90.80 8439.99.90 8462.25.00"
84798999;143;41;" CADEIA MÉDIA 104 TRIPTOFANA ANEXO XVI MÁQUINAS, APARELHOS, INSTRUMENTOS E EQUIPAMENTOS - ZONA FRANCA DE MANAUS 8405.10.00 8439.30.10 8462.22.00 8479.89.12 9017.30.90 8412.29.00 8439.91.00 8462.23.00 8479.89.99 9017.80.90 8412.39.00 8439.99.10 8462.24.00 8479.90.90 9022.19.99 8412.90.80 8439.99.90 8462.25.00 8480.30.00"
90178090;143;41;"IA 104 TRIPTOFANA ANEXO XVI MÁQUINAS, APARELHOS, INSTRUMENTOS E EQUIPAMENTOS - ZONA FRANCA DE MANAUS 8405.10.00 8439.30.10 8462.22.00 8479.89.12 9017.30.90 8412.29.00 8439.91.00 8462.23.00 8479.89.99 9017.80.90 8412.39.00 8439.99.10 8462.24.00 8479.90.90 9022.19.99 8412.90.80 8439.99.90 8462.25.00 8480.30.00 9022.30.00"
84123900;143;41;"TOFANA ANEXO XVI MÁQUINAS, APARELHOS, INSTRUMENTOS E EQUIPAMENTOS - ZONA FRANCA DE MANAUS 8405.10.00 8439.30.10 8462.22.00 8479.89.12 9017.30.90 8412.29.00 8439.91.00 8462.23.00 8479.89.99 9017.80.90 8412.39.00 8439.99.10 8462.24.00 8479.90.90 9022.19.99 8412.90.80 8439.99.90 8462.25.00 8480.30.00 9022.30.00 8413.50.10"
84399910;143;41;"O XVI MÁQUINAS, APARELHOS, INSTRUMENTOS E EQUIPAMENTOS - ZONA FRANCA DE MANAUS 8405.10.00 8439.30.10 8462.22.00 8479.89.12 9017.30.90 8412.29.00 8439.91.00 8462.23.00 8479.89.99 9017.80.90 8412.39.00 8439.99.10 8462.24.00 8479.90.90 9022.19.99 8412.90.80 8439.99.90 8462.25.00 8480.30.00 9022.30.00 8413.50.10 8440.10.90"
84622400;143;41;"NAS, APARELHOS, INSTRUMENTOS E EQUIPAMENTOS - ZONA FRANCA DE MANAUS 8405.10.00 8439.30.10 8462.22.00 8479.89.12 9017.30.90 8412.29.00 8439.91.00 8462.23.00 8479.89.99 9017.80.90 8412.39.00 8439.99.10 8462.24.00 8479.90.90 9022.19.99 8412.90.80 8439.99.90 8462.25.00 8480.30.00 9022.30.00 8413.50.10 8440.10.90 8462.26.00"
84799090;143;41;"HOS, INSTRUMENTOS E EQUIPAMENTOS - ZONA FRANCA DE MANAUS 8405.10.00 8439.30.10 8462.22.00 8479.89.12 9017.30.90 8412.29.00 8439.91.00 8462.23.00 8479.89.99 9017.80.90 8412.39.00 8439.99.10 8462.24.00 8479.90.90 9022.19.99 8412.90.80 8439.99.90 8462.25.00 8480.30.00 9022.30.00 8413.50.10 8440.10.90 8462.26.00 8480.41.00"
90221999;143;41;"MENTOS E EQUIPAMENTOS - ZONA FRANCA DE MANAUS 8405.10.00 8439.30.10 8462.22.00 8479.89.12 9017.30.90 8412.29.00 8439.91.00 8462.23.00 8479.89.99 9017.80.90 8412.39.00 8439.99.10 8462.24.00 8479.90.90 9022.19.99 8412.90.80 8439.99.90 8462.25.00 8480.30.00 9022.30.00 8413.50.10 8440.10.90 8462.26.00 8480.41.00 9024.10.20"
84129080;143;41;"UIPAMENTOS - ZONA FRANCA DE MANAUS 8405.10.00 8439.30.10 8462.22.00 8479.89.12 9017.30.90 8412.29.00 8439.91.00 8462.23.00 8479.89.99 9017.80.90 8412.39.00 8439.99.10 8462.24.00 8479.90.90 9022.19.99 8412.90.80 8439.99.90 8462.25.00 8480.30.00 9022.30.00 8413.50.10 8440.10.90 8462.26.00 8480.41.00 9024.10.20 8413.50.90"
84399990;143;41;"- ZONA FRANCA DE MANAUS 8405.10.00 8439.30.10 8462.22.00 8479.89.12 9017.30.90 8412.29.00 8439.91.00 8462.23.00 8479.89.99 9017.80.90 8412.39.00 8439.99.10 8462.24.00 8479.90.90 9022.19.99 8412.90.80 8439.99.90 8462.25.00 8480.30.00 9022.30.00 8413.50.10 8440.10.90 8462.26.00 8480.41.00 9024.10.20 8413.50.90 8441.10.90"
84622500;143;41;"CA DE MANAUS 8405.10.00 8439.30.10 8462.22.00 8479.89.12 9017.30.90 8412.29.00 8439.91.00 8462.23.00 8479.89.99 9017.80.90 8412.39.00 8439.99.10 8462.24.00 8479.90.90 9022.19.99 8412.90.80 8439.99.90 8462.25.00 8480.30.00 9022.30.00 8413.50.10 8440.10.90 8462.26.00 8480.41.00 9024.10.20 8413.50.90 8441.10.90 8462.29.00"
84803000;143;41;"S 8405.10.00 8439.30.10 8462.22.00 8479.89.12 9017.30.90 8412.29.00 8439.91.00 8462.23.00 8479.89.99 9017.80.90 8412.39.00 8439.99.10 8462.24.00 8479.90.90 9022.19.99 8412.90.80 8439.99.90 8462.25.00 8480.30.00 9022.30.00 8413.50.10 8440.10.90 8462.26.00 8480.41.00 9024.10.20 8413.50.90 8441.10.90 8462.29.00 8480.49.10"
90223000;143;41;"0 8439.30.10 8462.22.00 8479.89.12 9017.30.90 8412.29.00 8439.91.00 8462.23.00 8479.89.99 9017.80.90 8412.39.00 8439.99.10 8462.24.00 8479.90.90 9022.19.99 8412.90.80 8439.99.90 8462.25.00 8480.30.00 9022.30.00 8413.50.10 8440.10.90 8462.26.00 8480.41.00 9024.10.20 8413.50.90 8441.10.90 8462.29.00 8480.49.10 9024.80.21"
84135010;143;41;"0 8462.22.00 8479.89.12 9017.30.90 8412.29.00 8439.91.00 8462.23.00 8479.89.99 9017.80.90 8412.39.00 8439.99.10 8462.24.00 8479.90.90 9022.19.99 8412.90.80 8439.99.90 8462.25.00 8480.30.00 9022.30.00 8413.50.10 8440.10.90 8462.26.00 8480.41.00 9024.10.20 8413.50.90 8441.10.90 8462.29.00 8480.49.10 9024.80.21 8413.60.11"
84401090;143;41;"0 8479.89.12 9017.30.90 8412.29.00 8439.91.00 8462.23.00 8479.89.99 9017.80.90 8412.39.00 8439.99.10 8462.24.00 8479.90.90 9022.19.99 8412.90.80 8439.99.90 8462.25.00 8480.30.00 9022.30.00 8413.50.10 8440.10.90 8462.26.00 8480.41.00 9024.10.20 8413.50.90 8441.10.90 8462.29.00 8480.49.10 9024.80.21 8413.60.11 8441.40.00"
84622600;143;41;"2 9017.30.90 8412.29.00 8439.91.00 8462.23.00 8479.89.99 9017.80.90 8412.39.00 8439.99.10 8462.24.00 8479.90.90 9022.19.99 8412.90.80 8439.99.90 8462.25.00 8480.30.00 9022.30.00 8413.50.10 8440.10.90 8462.26.00 8480.41.00 9024.10.20 8413.50.90 8441.10.90 8462.29.00 8480.49.10 9024.80.21 8413.60.11 8441.40.00 8462.42.00"
84804100;143;41;"0 8412.29.00 8439.91.00 8462.23.00 8479.89.99 9017.80.90 8412.39.00 8439.99.10 8462.24.00 8479.90.90 9022.19.99 8412.90.80 8439.99.90 8462.25.00 8480.30.00 9022.30.00 8413.50.10 8440.10.90 8462.26.00 8480.41.00 9024.10.20 8413.50.90 8441.10.90 8462.29.00 8480.49.10 9024.80.21 8413.60.11 8441.40.00 8462.42.00 8480.49.90"
90241020;143;41;"0 8439.91.00 8462.23.00 8479.89.99 9017.80.90 8412.39.00 8439.99.10 8462.24.00 8479.90.90 9022.19.99 8412.90.80 8439.99.90 8462.25.00 8480.30.00 9022.30.00 8413.50.10 8440.10.90 8462.26.00 8480.41.00 9024.10.20 8413.50.90 8441.10.90 8462.29.00 8480.49.10 9024.80.21 8413.60.11 8441.40.00 8462.42.00 8480.49.90 9024.80.29"
84135090;143;41;"0 8462.23.00 8479.89.99 9017.80.90 8412.39.00 8439.99.10 8462.24.00 8479.90.90 9022.19.99 8412.90.80 8439.99.90 8462.25.00 8480.30.00 9022.30.00 8413.50.10 8440.10.90 8462.26.00 8480.41.00 9024.10.20 8413.50.90 8441.10.90 8462.29.00 8480.49.10 9024.80.21 8413.60.11 8441.40.00 8462.42.00 8480.49.90 9024.80.29 8413.60.90"
84411090;143;41;"0 8479.89.99 9017.80.90 8412.39.00 8439.99.10 8462.24.00 8479.90.90 9022.19.99 8412.90.80 8439.99.90 8462.25.00 8480.30.00 9022.30.00 8413.50.10 8440.10.90 8462.26.00 8480.41.00 9024.10.20 8413.50.90 8441.10.90 8462.29.00 8480.49.10 9024.80.21 8413.60.11 8441.40.00 8462.42.00 8480.49.90 9024.80.29 8413.60.90 8441.80.00"
84622900;143;41;"9 9017.80.90 8412.39.00 8439.99.10 8462.24.00 8479.90.90 9022.19.99 8412.90.80 8439.99.90 8462.25.00 8480.30.00 9022.30.00 8413.50.10 8440.10.90 8462.26.00 8480.41.00 9024.10.20 8413.50.90 8441.10.90 8462.29.00 8480.49.10 9024.80.21 8413.60.11 8441.40.00 8462.42.00 8480.49.90 9024.80.29 8413.60.90 8441.80.00 8462.49.00"
84804910;143;41;"0 8412.39.00 8439.99.10 8462.24.00 8479.90.90 9022.19.99 8412.90.80 8439.99.90 8462.25.00 8480.30.00 9022.30.00 8413.50.10 8440.10.90 8462.26.00 8480.41.00 9024.10.20 8413.50.90 8441.10.90 8462.29.00 8480.49.10 9024.80.21 8413.60.11 8441.40.00 8462.42.00 8480.49.90 9024.80.29 8413.60.90 8441.80.00 8462.49.00 8480.60.00"
90248021;143;41;"0 8439.99.10 8462.24.00 8479.90.90 9022.19.99 8412.90.80 8439.99.90 8462.25.00 8480.30.00 9022.30.00 8413.50.10 8440.10.90 8462.26.00 8480.41.00 9024.10.20 8413.50.90 8441.10.90 8462.29.00 8480.49.10 9024.80.21 8413.60.11 8441.40.00 8462.42.00 8480.49.90 9024.80.29 8413.60.90 8441.80.00 8462.49.00 8480.60.00 9024.80.90"
84136011;143;41;"0 8462.24.00 8479.90.90 9022.19.99 8412.90.80 8439.99.90 8462.25.00 8480.30.00 9022.30.00 8413.50.10 8440.10.90 8462.26.00 8480.41.00 9024.10.20 8413.50.90 8441.10.90 8462.29.00 8480.49.10 9024.80.21 8413.60.11 8441.40.00 8462.42.00 8480.49.90 9024.80.29 8413.60.90 8441.80.00 8462.49.00 8480.60.00 9024.80.90 8413.70.90"
84414000;143;41;"0 8479.90.90 9022.19.99 8412.90.80 8439.99.90 8462.25.00 8480.30.00 9022.30.00 8413.50.10 8440.10.90 8462.26.00 8480.41.00 9024.10.20 8413.50.90 8441.10.90 8462.29.00 8480.49.10 9024.80.21 8413.60.11 8441.40.00 8462.42.00 8480.49.90 9024.80.29 8413.60.90 8441.80.00 8462.49.00 8480.60.00 9024.80.90 8413.70.90 8441.90.00"
84624200;143;41;"0 9022.19.99 8412.90.80 8439.99.90 8462.25.00 8480.30.00 9022.30.00 8413.50.10 8440.10.90 8462.26.00 8480.41.00 9024.10.20 8413.50.90 8441.10.90 8462.29.00 8480.49.10 9024.80.21 8413.60.11 8441.40.00 8462.42.00 8480.49.90 9024.80.29 8413.60.90 8441.80.00 8462.49.00 8480.60.00 9024.80.90 8413.70.90 8441.90.00 8463.30.00"
84804990;143;41;"9 8412.90.80 8439.99.90 8462.25.00 8480.30.00 9022.30.00 8413.50.10 8440.10.90 8462.26.00 8480.41.00 9024.10.20 8413.50.90 8441.10.90 8462.29.00 8480.49.10 9024.80.21 8413.60.11 8441.40.00 8462.42.00 8480.49.90 9024.80.29 8413.60.90 8441.80.00 8462.49.00 8480.60.00 9024.80.90 8413.70.90 8441.90.00 8463.30.00 8480.71.00"
90248029;143;41;"0 8439.99.90 8462.25.00 8480.30.00 9022.30.00 8413.50.10 8440.10.90 8462.26.00 8480.41.00 9024.10.20 8413.50.90 8441.10.90 8462.29.00 8480.49.10 9024.80.21 8413.60.11 8441.40.00 8462.42.00 8480.49.90 9024.80.29 8413.60.90 8441.80.00 8462.49.00 8480.60.00 9024.80.90 8413.70.90 8441.90.00 8463.30.00 8480.71.00 9025.80.00"
84136090;143;41;"0 8462.25.00 8480.30.00 9022.30.00 8413.50.10 8440.10.90 8462.26.00 8480.41.00 9024.10.20 8413.50.90 8441.10.90 8462.29.00 8480.49.10 9024.80.21 8413.60.11 8441.40.00 8462.42.00 8480.49.90 9024.80.29 8413.60.90 8441.80.00 8462.49.00 8480.60.00 9024.80.90 8413.70.90 8441.90.00 8463.30.00 8480.71.00 9025.80.00 8413.81.00"
84418000;143;41;"0 8480.30.00 9022.30.00 8413.50.10 8440.10.90 8462.26.00 8480.41.00 9024.10.20 8413.50.90 8441.10.90 8462.29.00 8480.49.10 9024.80.21 8413.60.11 8441.40.00 8462.42.00 8480.49.90 9024.80.29 8413.60.90 8441.80.00 8462.49.00 8480.60.00 9024.80.90 8413.70.90 8441.90.00 8463.30.00 8480.71.00 9025.80.00 8413.81.00 8442.30.10"
84624900;143;41;"0 9022.30.00 8413.50.10 8440.10.90 8462.26.00 8480.41.00 9024.10.20 8413.50.90 8441.10.90 8462.29.00 8480.49.10 9024.80.21 8413.60.11 8441.40.00 8462.42.00 8480.49.90 9024.80.29 8413.60.90 8441.80.00 8462.49.00 8480.60.00 9024.80.90 8413.70.90 8441.90.00 8463.30.00 8480.71.00 9025.80.00 8413.81.00 8442.30.10 8465.94.00"
84806000;143;41;"0 8413.50.10 8440.10.90 8462.26.00 8480.41.00 9024.10.20 8413.50.90 8441.10.90 8462.29.00 8480.49.10 9024.80.21 8413.60.11 8441.40.00 8462.42.00 8480.49.90 9024.80.29 8413.60.90 8441.80.00 8462.49.00 8480.60.00 9024.80.90 8413.70.90 8441.90.00 8463.30.00 8480.71.00 9025.80.00 8413.81.00 8442.30.10 8465.94.00 8480.79 90"
90248090;143;41;"0 8440.10.90 8462.26.00 8480.41.00 9024.10.20 8413.50.90 8441.10.90 8462.29.00 8480.49.10 9024.80.21 8413.60.11 8441.40.00 8462.42.00 8480.49.90 9024.80.29 8413.60.90 8441.80.00 8462.49.00 8480.60.00 9024.80.90 8413.70.90 8441.90.00 8463.30.00 8480.71.00 9025.80.00 8413.81.00 8442.30.10 8465.94.00 8480.79 9026.10.19 84"
84137090;143;41;"0 8462.26.00 8480.41.00 9024.10.20 8413.50.90 8441.10.90 8462.29.00 8480.49.10 9024.80.21 8413.60.11 8441.40.00 8462.42.00 8480.49.90 9024.80.29 8413.60.90 8441.80.00 8462.49.00 8480.60.00 9024.80.90 8413.70.90 8441.90.00 8463.30.00 8480.71.00 9025.80.00 8413.81.00 8442.30.10 8465.94.00 8480.79 9026.10.19 8413.91 8442."
84419000;143;41;"0 8480.41.00 9024.10.20 8413.50.90 8441.10.90 8462.29.00 8480.49.10 9024.80.21 8413.60.11 8441.40.00 8462.42.00 8480.49.90 9024.80.29 8413.60.90 8441.80.00 8462.49.00 8480.60.00 9024.80.90 8413.70.90 8441.90.00 8463.30.00 8480.71.00 9025.80.00 8413.81.00 8442.30.10 8465.94.00 8480.79 9026.10.19 8413.91 8442.30.90 8467."
84633000;143;41;"0 9024.10.20 8413.50.90 8441.10.90 8462.29.00 8480.49.10 9024.80.21 8413.60.11 8441.40.00 8462.42.00 8480.49.90 9024.80.29 8413.60.90 8441.80.00 8462.49.00 8480.60.00 9024.80.90 8413.70.90 8441.90.00 8463.30.00 8480.71.00 9025.80.00 8413.81.00 8442.30.10 8465.94.00 8480.79 9026.10.19 8413.91 8442.30.90 8467.29.92 8501."
84807100;143;41;"0 8413.50.90 8441.10.90 8462.29.00 8480.49.10 9024.80.21 8413.60.11 8441.40.00 8462.42.00 8480.49.90 9024.80.29 8413.60.90 8441.80.00 8462.49.00 8480.60.00 9024.80.90 8413.70.90 8441.90.00 8463.30.00 8480.71.00 9025.80.00 8413.81.00 8442.30.10 8465.94.00 8480.79 9026.10.19 8413.91 8442.30.90 8467.29.92 8501.32.10 9026."
90258000;143;41;"0 8441.10.90 8462.29.00 8480.49.10 9024.80.21 8413.60.11 8441.40.00 8462.42.00 8480.49.90 9024.80.29 8413.60.90 8441.80.00 8462.49.00 8480.60.00 9024.80.90 8413.70.90 8441.90.00 8463.30.00 8480.71.00 9025.80.00 8413.81.00 8442.30.10 8465.94.00 8480.79 9026.10.19 8413.91 8442.30.90 8467.29.92 8501.32.10 9026.10.29 8414."
84138100;143;41;"0 8462.29.00 8480.49.10 9024.80.21 8413.60.11 8441.40.00 8462.42.00 8480.49.90 9024.80.29 8413.60.90 8441.80.00 8462.49.00 8480.60.00 9024.80.90 8413.70.90 8441.90.00 8463.30.00 8480.71.00 9025.80.00 8413.81.00 8442.30.10 8465.94.00 8480.79 9026.10.19 8413.91 8442.30.90 8467.29.92 8501.32.10 9026.10.29 8414.10.00 8442."
84423010;143;41;"0 8480.49.10 9024.80.21 8413.60.11 8441.40.00 8462.42.00 8480.49.90 9024.80.29 8413.60.90 8441.80.00 8462.49.00 8480.60.00 9024.80.90 8413.70.90 8441.90.00 8463.30.00 8480.71.00 9025.80.00 8413.81.00 8442.30.10 8465.94.00 8480.79 9026.10.19 8413.91 8442.30.90 8467.29.92 8501.32.10 9026.10.29 8414.10.00 8442.40.10 8467."
84659400;143;41;"0 9024.80.21 8413.60.11 8441.40.00 8462.42.00 8480.49.90 9024.80.29 8413.60.90 8441.80.00 8462.49.00 8480.60.00 9024.80.90 8413.70.90 8441.90.00 8463.30.00 8480.71.00 9025.80.00 8413.81.00 8442.30.10 8465.94.00 8480.79 9026.10.19 8413.91 8442.30.90 8467.29.92 8501.32.10 9026.10.29 8414.10.00 8442.40.10 8467.99.00 8501."
90261019;143;41;"0.11 8441.40.00 8462.42.00 8480.49.90 9024.80.29 8413.60.90 8441.80.00 8462.49.00 8480.60.00 9024.80.90 8413.70.90 8441.90.00 8463.30.00 8480.71.00 9025.80.00 8413.81.00 8442.30.10 8465.94.00 8480.79 9026.10.19 8413.91 8442.30.90 8467.29.92 8501.32.10 9026.10.29 8414.10.00 8442.40.10 8467.99.00 8501.33.10 9026.20.90 84"
84423090;143;41;"2.42.00 8480.49.90 9024.80.29 8413.60.90 8441.80.00 8462.49.00 8480.60.00 9024.80.90 8413.70.90 8441.90.00 8463.30.00 8480.71.00 9025.80.00 8413.81.00 8442.30.10 8465.94.00 8480.79 9026.10.19 8413.91 8442.30.90 8467.29.92 8501.32.10 9026.10.29 8414.10.00 8442.40.10 8467.99.00 8501.33.10 9026.20.90 8414.80.19 8443.13.2 "
84672992;143;41;"0.49.90 9024.80.29 8413.60.90 8441.80.00 8462.49.00 8480.60.00 9024.80.90 8413.70.90 8441.90.00 8463.30.00 8480.71.00 9025.80.00 8413.81.00 8442.30.10 8465.94.00 8480.79 9026.10.19 8413.91 8442.30.90 8467.29.92 8501.32.10 9026.10.29 8414.10.00 8442.40.10 8467.99.00 8501.33.10 9026.20.90 8414.80.19 8443.13.2 8468.20.00 "
85013210;143;41;"4.80.29 8413.60.90 8441.80.00 8462.49.00 8480.60.00 9024.80.90 8413.70.90 8441.90.00 8463.30.00 8480.71.00 9025.80.00 8413.81.00 8442.30.10 8465.94.00 8480.79 9026.10.19 8413.91 8442.30.90 8467.29.92 8501.32.10 9026.10.29 8414.10.00 8442.40.10 8467.99.00 8501.33.10 9026.20.90 8414.80.19 8443.13.2 8468.20.00 8501.52.90 "
90261029;143;41;"3.60.90 8441.80.00 8462.49.00 8480.60.00 9024.80.90 8413.70.90 8441.90.00 8463.30.00 8480.71.00 9025.80.00 8413.81.00 8442.30.10 8465.94.00 8480.79 9026.10.19 8413.91 8442.30.90 8467.29.92 8501.32.10 9026.10.29 8414.10.00 8442.40.10 8467.99.00 8501.33.10 9026.20.90 8414.80.19 8443.13.2 8468.20.00 8501.52.90 9026.80.00 "
84141000;143;41;"1.80.00 8462.49.00 8480.60.00 9024.80.90 8413.70.90 8441.90.00 8463.30.00 8480.71.00 9025.80.00 8413.81.00 8442.30.10 8465.94.00 8480.79 9026.10.19 8413.91 8442.30.90 8467.29.92 8501.32.10 9026.10.29 8414.10.00 8442.40.10 8467.99.00 8501.33.10 9026.20.90 8414.80.19 8443.13.2 8468.20.00 8501.52.90 9026.80.00 8414.80.31 "
84424010;143;41;"2.49.00 8480.60.00 9024.80.90 8413.70.90 8441.90.00 8463.30.00 8480.71.00 9025.80.00 8413.81.00 8442.30.10 8465.94.00 8480.79 9026.10.19 8413.91 8442.30.90 8467.29.92 8501.32.10 9026.10.29 8414.10.00 8442.40.10 8467.99.00 8501.33.10 9026.20.90 8414.80.19 8443.13.2 8468.20.00 8501.52.90 9026.80.00 8414.80.31 8443.13.90 "
84679900;143;41;"0.60.00 9024.80.90 8413.70.90 8441.90.00 8463.30.00 8480.71.00 9025.80.00 8413.81.00 8442.30.10 8465.94.00 8480.79 9026.10.19 8413.91 8442.30.90 8467.29.92 8501.32.10 9026.10.29 8414.10.00 8442.40.10 8467.99.00 8501.33.10 9026.20.90 8414.80.19 8443.13.2 8468.20.00 8501.52.90 9026.80.00 8414.80.31 8443.13.90 8468.80.90 "
85013310;143;41;"4.80.90 8413.70.90 8441.90.00 8463.30.00 8480.71.00 9025.80.00 8413.81.00 8442.30.10 8465.94.00 8480.79 9026.10.19 8413.91 8442.30.90 8467.29.92 8501.32.10 9026.10.29 8414.10.00 8442.40.10 8467.99.00 8501.33.10 9026.20.90 8414.80.19 8443.13.2 8468.20.00 8501.52.90 9026.80.00 8414.80.31 8443.13.90 8468.80.90 8502.13.90 "
90262090;143;41;"3.70.90 8441.90.00 8463.30.00 8480.71.00 9025.80.00 8413.81.00 8442.30.10 8465.94.00 8480.79 9026.10.19 8413.91 8442.30.90 8467.29.92 8501.32.10 9026.10.29 8414.10.00 8442.40.10 8467.99.00 8501.33.10 9026.20.90 8414.80.19 8443.13.2 8468.20.00 8501.52.90 9026.80.00 8414.80.31 8443.13.90 8468.80.90 8502.13.90 9027.10.00 "
84148019;143;41;"1.90.00 8463.30.00 8480.71.00 9025.80.00 8413.81.00 8442.30.10 8465.94.00 8480.79 9026.10.19 8413.91 8442.30.90 8467.29.92 8501.32.10 9026.10.29 8414.10.00 8442.40.10 8467.99.00 8501.33.10 9026.20.90 8414.80.19 8443.13.2 8468.20.00 8501.52.90 9026.80.00 8414.80.31 8443.13.90 8468.80.90 8502.13.90 9027.10.00 8414.90.10 "
84682000;143;41;"80.71.00 9025.80.00 8413.81.00 8442.30.10 8465.94.00 8480.79 9026.10.19 8413.91 8442.30.90 8467.29.92 8501.32.10 9026.10.29 8414.10.00 8442.40.10 8467.99.00 8501.33.10 9026.20.90 8414.80.19 8443.13.2 8468.20.00 8501.52.90 9026.80.00 8414.80.31 8443.13.90 8468.80.90 8502.13.90 9027.10.00 8414.90.10 8443.16.00 8468.90.90"
85015290;143;41;"25.80.00 8413.81.00 8442.30.10 8465.94.00 8480.79 9026.10.19 8413.91 8442.30.90 8467.29.92 8501.32.10 9026.10.29 8414.10.00 8442.40.10 8467.99.00 8501.33.10 9026.20.90 8414.80.19 8443.13.2 8468.20.00 8501.52.90 9026.80.00 8414.80.31 8443.13.90 8468.80.90 8502.13.90 9027.10.00 8414.90.10 8443.16.00 8468.90.90 8503.00.10"
90268000;143;41;"13.81.00 8442.30.10 8465.94.00 8480.79 9026.10.19 8413.91 8442.30.90 8467.29.92 8501.32.10 9026.10.29 8414.10.00 8442.40.10 8467.99.00 8501.33.10 9026.20.90 8414.80.19 8443.13.2 8468.20.00 8501.52.90 9026.80.00 8414.80.31 8443.13.90 8468.80.90 8502.13.90 9027.10.00 8414.90.10 8443.16.00 8468.90.90 8503.00.10 9027.20.11"
84148031;143;41;"42.30.10 8465.94.00 8480.79 9026.10.19 8413.91 8442.30.90 8467.29.92 8501.32.10 9026.10.29 8414.10.00 8442.40.10 8467.99.00 8501.33.10 9026.20.90 8414.80.19 8443.13.2 8468.20.00 8501.52.90 9026.80.00 8414.80.31 8443.13.90 8468.80.90 8502.13.90 9027.10.00 8414.90.10 8443.16.00 8468.90.90 8503.00.10 9027.20.11 8414.90.39"
84431390;143;41;"65.94.00 8480.79 9026.10.19 8413.91 8442.30.90 8467.29.92 8501.32.10 9026.10.29 8414.10.00 8442.40.10 8467.99.00 8501.33.10 9026.20.90 8414.80.19 8443.13.2 8468.20.00 8501.52.90 9026.80.00 8414.80.31 8443.13.90 8468.80.90 8502.13.90 9027.10.00 8414.90.10 8443.16.00 8468.90.90 8503.00.10 9027.20.11 8414.90.39 8443.39.10"
84688090;143;41;"80.79 9026.10.19 8413.91 8442.30.90 8467.29.92 8501.32.10 9026.10.29 8414.10.00 8442.40.10 8467.99.00 8501.33.10 9026.20.90 8414.80.19 8443.13.2 8468.20.00 8501.52.90 9026.80.00 8414.80.31 8443.13.90 8468.80.90 8502.13.90 9027.10.00 8414.90.10 8443.16.00 8468.90.90 8503.00.10 9027.20.11 8414.90.39 8443.39.10 8471.30.90"
85021390;143;41;"10.19 8413.91 8442.30.90 8467.29.92 8501.32.10 9026.10.29 8414.10.00 8442.40.10 8467.99.00 8501.33.10 9026.20.90 8414.80.19 8443.13.2 8468.20.00 8501.52.90 9026.80.00 8414.80.31 8443.13.90 8468.80.90 8502.13.90 9027.10.00 8414.90.10 8443.16.00 8468.90.90 8503.00.10 9027.20.11 8414.90.39 8443.39.10 8471.30.90 8503.00.90"
90271000;143;41;"91 8442.30.90 8467.29.92 8501.32.10 9026.10.29 8414.10.00 8442.40.10 8467.99.00 8501.33.10 9026.20.90 8414.80.19 8443.13.2 8468.20.00 8501.52.90 9026.80.00 8414.80.31 8443.13.90 8468.80.90 8502.13.90 9027.10.00 8414.90.10 8443.16.00 8468.90.90 8503.00.10 9027.20.11 8414.90.39 8443.39.10 8471.30.90 8503.00.90 9027.20.12"
84149010;143;41;"90 8467.29.92 8501.32.10 9026.10.29 8414.10.00 8442.40.10 8467.99.00 8501.33.10 9026.20.90 8414.80.19 8443.13.2 8468.20.00 8501.52.90 9026.80.00 8414.80.31 8443.13.90 8468.80.90 8502.13.90 9027.10.00 8414.90.10 8443.16.00 8468.90.90 8503.00.10 9027.20.11 8414.90.39 8443.39.10 8471.30.90 8503.00.90 9027.20.12 8417.10.10"
84431600;143;41;"92 8501.32.10 9026.10.29 8414.10.00 8442.40.10 8467.99.00 8501.33.10 9026.20.90 8414.80.19 8443.13.2 8468.20.00 8501.52.90 9026.80.00 8414.80.31 8443.13.90 8468.80.90 8502.13.90 9027.10.00 8414.90.10 8443.16.00 8468.90.90 8503.00.10 9027.20.11 8414.90.39 8443.39.10 8471.30.90 8503.00.90 9027.20.12 8417.10.10 8443.19.10"
84689090;143;41;"10 9026.10.29 8414.10.00 8442.40.10 8467.99.00 8501.33.10 9026.20.90 8414.80.19 8443.13.2 8468.20.00 8501.52.90 9026.80.00 8414.80.31 8443.13.90 8468.80.90 8502.13.90 9027.10.00 8414.90.10 8443.16.00 8468.90.90 8503.00.10 9027.20.11 8414.90.39 8443.39.10 8471.30.90 8503.00.90 9027.20.12 8417.10.10 8443.19.10 8471.50.10"
85030010;143;41;"29 8414.10.00 8442.40.10 8467.99.00 8501.33.10 9026.20.90 8414.80.19 8443.13.2 8468.20.00 8501.52.90 9026.80.00 8414.80.31 8443.13.90 8468.80.90 8502.13.90 9027.10.00 8414.90.10 8443.16.00 8468.90.90 8503.00.10 9027.20.11 8414.90.39 8443.39.10 8471.30.90 8503.00.90 9027.20.12 8417.10.10 8443.19.10 8471.50.10 8504.32.11"
90272011;143;41;"00 8442.40.10 8467.99.00 8501.33.10 9026.20.90 8414.80.19 8443.13.2 8468.20.00 8501.52.90 9026.80.00 8414.80.31 8443.13.90 8468.80.90 8502.13.90 9027.10.00 8414.90.10 8443.16.00 8468.90.90 8503.00.10 9027.20.11 8414.90.39 8443.39.10 8471.30.90 8503.00.90 9027.20.12 8417.10.10 8443.19.10 8471.50.10 8504.32.11 9027.30.11"
84149039;143;41;"10 8467.99.00 8501.33.10 9026.20.90 8414.80.19 8443.13.2 8468.20.00 8501.52.90 9026.80.00 8414.80.31 8443.13.90 8468.80.90 8502.13.90 9027.10.00 8414.90.10 8443.16.00 8468.90.90 8503.00.10 9027.20.11 8414.90.39 8443.39.10 8471.30.90 8503.00.90 9027.20.12 8417.10.10 8443.19.10 8471.50.10 8504.32.11 9027.30.11 8417.80.90"
84433910;143;41;"00 8501.33.10 9026.20.90 8414.80.19 8443.13.2 8468.20.00 8501.52.90 9026.80.00 8414.80.31 8443.13.90 8468.80.90 8502.13.90 9027.10.00 8414.90.10 8443.16.00 8468.90.90 8503.00.10 9027.20.11 8414.90.39 8443.39.10 8471.30.90 8503.00.90 9027.20.12 8417.10.10 8443.19.10 8471.50.10 8504.32.11 9027.30.11 8417.80.90 8443.39.90"
84713090;143;41;"10 9026.20.90 8414.80.19 8443.13.2 8468.20.00 8501.52.90 9026.80.00 8414.80.31 8443.13.90 8468.80.90 8502.13.90 9027.10.00 8414.90.10 8443.16.00 8468.90.90 8503.00.10 9027.20.11 8414.90.39 8443.39.10 8471.30.90 8503.00.90 9027.20.12 8417.10.10 8443.19.10 8471.50.10 8504.32.11 9027.30.11 8417.80.90 8443.39.90 8471.50.20"
85030090;143;41;"90 8414.80.19 8443.13.2 8468.20.00 8501.52.90 9026.80.00 8414.80.31 8443.13.90 8468.80.90 8502.13.90 9027.10.00 8414.90.10 8443.16.00 8468.90.90 8503.00.10 9027.20.11 8414.90.39 8443.39.10 8471.30.90 8503.00.90 9027.20.12 8417.10.10 8443.19.10 8471.50.10 8504.32.11 9027.30.11 8417.80.90 8443.39.90 8471.50.20 8504.32.21"
90272012;143;41;"19 8443.13.2 8468.20.00 8501.52.90 9026.80.00 8414.80.31 8443.13.90 8468.80.90 8502.13.90 9027.10.00 8414.90.10 8443.16.00 8468.90.90 8503.00.10 9027.20.11 8414.90.39 8443.39.10 8471.30.90 8503.00.90 9027.20.12 8417.10.10 8443.19.10 8471.50.10 8504.32.11 9027.30.11 8417.80.90 8443.39.90 8471.50.20 8504.32.21 9027.30.19"
84171010;143;41;"2 8468.20.00 8501.52.90 9026.80.00 8414.80.31 8443.13.90 8468.80.90 8502.13.90 9027.10.00 8414.90.10 8443.16.00 8468.90.90 8503.00.10 9027.20.11 8414.90.39 8443.39.10 8471.30.90 8503.00.90 9027.20.12 8417.10.10 8443.19.10 8471.50.10 8504.32.11 9027.30.11 8417.80.90 8443.39.90 8471.50.20 8504.32.21 9027.30.19 8417.90.00"
84431910;143;41;"0 8501.52.90 9026.80.00 8414.80.31 8443.13.90 8468.80.90 8502.13.90 9027.10.00 8414.90.10 8443.16.00 8468.90.90 8503.00.10 9027.20.11 8414.90.39 8443.39.10 8471.30.90 8503.00.90 9027.20.12 8417.10.10 8443.19.10 8471.50.10 8504.32.11 9027.30.11 8417.80.90 8443.39.90 8471.50.20 8504.32.21 9027.30.19 8417.90.00 8443.91.91"
84715010;143;41;"0 9026.80.00 8414.80.31 8443.13.90 8468.80.90 8502.13.90 9027.10.00 8414.90.10 8443.16.00 8468.90.90 8503.00.10 9027.20.11 8414.90.39 8443.39.10 8471.30.90 8503.00.90 9027.20.12 8417.10.10 8443.19.10 8471.50.10 8504.32.11 9027.30.11 8417.80.90 8443.39.90 8471.50.20 8504.32.21 9027.30.19 8417.90.00 8443.91.91 8443.32.32"
85043211;143;41;"0 8414.80.31 8443.13.90 8468.80.90 8502.13.90 9027.10.00 8414.90.10 8443.16.00 8468.90.90 8503.00.10 9027.20.11 8414.90.39 8443.39.10 8471.30.90 8503.00.90 9027.20.12 8417.10.10 8443.19.10 8471.50.10 8504.32.11 9027.30.11 8417.80.90 8443.39.90 8471.50.20 8504.32.21 9027.30.19 8417.90.00 8443.91.91 8443.32.32 8504.33.00"
90273011;143;41;"1 8443.13.90 8468.80.90 8502.13.90 9027.10.00 8414.90.10 8443.16.00 8468.90.90 8503.00.10 9027.20.11 8414.90.39 8443.39.10 8471.30.90 8503.00.90 9027.20.12 8417.10.10 8443.19.10 8471.50.10 8504.32.11 9027.30.11 8417.80.90 8443.39.90 8471.50.20 8504.32.21 9027.30.19 8417.90.00 8443.91.91 8443.32.32 8504.33.00 9027.30.20"
84178090;143;41;"0 8468.80.90 8502.13.90 9027.10.00 8414.90.10 8443.16.00 8468.90.90 8503.00.10 9027.20.11 8414.90.39 8443.39.10 8471.30.90 8503.00.90 9027.20.12 8417.10.10 8443.19.10 8471.50.10 8504.32.11 9027.30.11 8417.80.90 8443.39.90 8471.50.20 8504.32.21 9027.30.19 8417.90.00 8443.91.91 8443.32.32 8504.33.00 9027.30.20 8419.39.00"
84433990;143;41;"0 8502.13.90 9027.10.00 8414.90.10 8443.16.00 8468.90.90 8503.00.10 9027.20.11 8414.90.39 8443.39.10 8471.30.90 8503.00.90 9027.20.12 8417.10.10 8443.19.10 8471.50.10 8504.32.11 9027.30.11 8417.80.90 8443.39.90 8471.50.20 8504.32.21 9027.30.19 8417.90.00 8443.91.91 8443.32.32 8504.33.00 9027.30.20 8419.39.00 8443.91.99"
84715020;143;41;"0 9027.10.00 8414.90.10 8443.16.00 8468.90.90 8503.00.10 9027.20.11 8414.90.39 8443.39.10 8471.30.90 8503.00.90 9027.20.12 8417.10.10 8443.19.10 8471.50.10 8504.32.11 9027.30.11 8417.80.90 8443.39.90 8471.50.20 8504.32.21 9027.30.19 8417.90.00 8443.91.91 8443.32.32 8504.33.00 9027.30.20 8419.39.00 8443.91.99 8443.32.33"
85043221;143;41;"0 8414.90.10 8443.16.00 8468.90.90 8503.00.10 9027.20.11 8414.90.39 8443.39.10 8471.30.90 8503.00.90 9027.20.12 8417.10.10 8443.19.10 8471.50.10 8504.32.11 9027.30.11 8417.80.90 8443.39.90 8471.50.20 8504.32.21 9027.30.19 8417.90.00 8443.91.91 8443.32.32 8504.33.00 9027.30.20 8419.39.00 8443.91.99 8443.32.33 8504.34.00"
90273019;143;41;"0 8443.16.00 8468.90.90 8503.00.10 9027.20.11 8414.90.39 8443.39.10 8471.30.90 8503.00.90 9027.20.12 8417.10.10 8443.19.10 8471.50.10 8504.32.11 9027.30.11 8417.80.90 8443.39.90 8471.50.20 8504.32.21 9027.30.19 8417.90.00 8443.91.91 8443.32.32 8504.33.00 9027.30.20 8419.39.00 8443.91.99 8443.32.33 8504.34.00 9027.89.91"
84179000;143;41;"0 8468.90.90 8503.00.10 9027.20.11 8414.90.39 8443.39.10 8471.30.90 8503.00.90 9027.20.12 8417.10.10 8443.19.10 8471.50.10 8504.32.11 9027.30.11 8417.80.90 8443.39.90 8471.50.20 8504.32.21 9027.30.19 8417.90.00 8443.91.91 8443.32.32 8504.33.00 9027.30.20 8419.39.00 8443.91.99 8443.32.33 8504.34.00 9027.89.91 8419.50.90"
84439191;143;41;"0 8503.00.10 9027.20.11 8414.90.39 8443.39.10 8471.30.90 8503.00.90 9027.20.12 8417.10.10 8443.19.10 8471.50.10 8504.32.11 9027.30.11 8417.80.90 8443.39.90 8471.50.20 8504.32.21 9027.30.19 8417.90.00 8443.91.91 8443.32.32 8504.33.00 9027.30.20 8419.39.00 8443.91.99 8443.32.33 8504.34.00 9027.89.91 8419.50.90 8443.91.10"
84433232;143;41;"0 9027.20.11 8414.90.39 8443.39.10 8471.30.90 8503.00.90 9027.20.12 8417.10.10 8443.19.10 8471.50.10 8504.32.11 9027.30.11 8417.80.90 8443.39.90 8471.50.20 8504.32.21 9027.30.19 8417.90.00 8443.91.91 8443.32.32 8504.33.00 9027.30.20 8419.39.00 8443.91.99 8443.32.33 8504.34.00 9027.89.91 8419.50.90 8443.91.10 8443.32.34"
85043300;143;41;"1 8414.90.39 8443.39.10 8471.30.90 8503.00.90 9027.20.12 8417.10.10 8443.19.10 8471.50.10 8504.32.11 9027.30.11 8417.80.90 8443.39.90 8471.50.20 8504.32.21 9027.30.19 8417.90.00 8443.91.91 8443.32.32 8504.33.00 9027.30.20 8419.39.00 8443.91.99 8443.32.33 8504.34.00 9027.89.91 8419.50.90 8443.91.10 8443.32.34 8504.40.29"
90273020;143;41;"9 8443.39.10 8471.30.90 8503.00.90 9027.20.12 8417.10.10 8443.19.10 8471.50.10 8504.32.11 9027.30.11 8417.80.90 8443.39.90 8471.50.20 8504.32.21 9027.30.19 8417.90.00 8443.91.91 8443.32.32 8504.33.00 9027.30.20 8419.39.00 8443.91.99 8443.32.33 8504.34.00 9027.89.91 8419.50.90 8443.91.10 8443.32.34 8504.40.29 9027.89.99"
84193900;143;41;"0 8471.30.90 8503.00.90 9027.20.12 8417.10.10 8443.19.10 8471.50.10 8504.32.11 9027.30.11 8417.80.90 8443.39.90 8471.50.20 8504.32.21 9027.30.19 8417.90.00 8443.91.91 8443.32.32 8504.33.00 9027.30.20 8419.39.00 8443.91.99 8443.32.33 8504.34.00 9027.89.91 8419.50.90 8443.91.10 8443.32.34 8504.40.29 9027.89.99 8419.89.20"
84439199;143;41;"0 8503.00.90 9027.20.12 8417.10.10 8443.19.10 8471.50.10 8504.32.11 9027.30.11 8417.80.90 8443.39.90 8471.50.20 8504.32.21 9027.30.19 8417.90.00 8443.91.91 8443.32.32 8504.33.00 9027.30.20 8419.39.00 8443.91.99 8443.32.33 8504.34.00 9027.89.91 8419.50.90 8443.91.10 8443.32.34 8504.40.29 9027.89.99 8419.89.20 8443.91.9 "
84433233;143;41;"0 9027.20.12 8417.10.10 8443.19.10 8471.50.10 8504.32.11 9027.30.11 8417.80.90 8443.39.90 8471.50.20 8504.32.21 9027.30.19 8417.90.00 8443.91.91 8443.32.32 8504.33.00 9027.30.20 8419.39.00 8443.91.99 8443.32.33 8504.34.00 9027.89.91 8419.50.90 8443.91.10 8443.32.34 8504.40.29 9027.89.99 8419.89.20 8443.91.9 8443.32.38 "
85043400;143;41;"2 8417.10.10 8443.19.10 8471.50.10 8504.32.11 9027.30.11 8417.80.90 8443.39.90 8471.50.20 8504.32.21 9027.30.19 8417.90.00 8443.91.91 8443.32.32 8504.33.00 9027.30.20 8419.39.00 8443.91.99 8443.32.33 8504.34.00 9027.89.91 8419.50.90 8443.91.10 8443.32.34 8504.40.29 9027.89.99 8419.89.20 8443.91.9 8443.32.38 8504.40.30 "
90278991;143;41;"0 8443.19.10 8471.50.10 8504.32.11 9027.30.11 8417.80.90 8443.39.90 8471.50.20 8504.32.21 9027.30.19 8417.90.00 8443.91.91 8443.32.32 8504.33.00 9027.30.20 8419.39.00 8443.91.99 8443.32.33 8504.34.00 9027.89.91 8419.50.90 8443.91.10 8443.32.34 8504.40.29 9027.89.99 8419.89.20 8443.91.9 8443.32.38 8504.40.30 9030.10.90 "
84195090;143;41;"0 8471.50.10 8504.32.11 9027.30.11 8417.80.90 8443.39.90 8471.50.20 8504.32.21 9027.30.19 8417.90.00 8443.91.91 8443.32.32 8504.33.00 9027.30.20 8419.39.00 8443.91.99 8443.32.33 8504.34.00 9027.89.91 8419.50.90 8443.91.10 8443.32.34 8504.40.29 9027.89.99 8419.89.20 8443.91.9 8443.32.38 8504.40.30 9030.10.90 8419.89.40 "
84439110;143;41;"0 8504.32.11 9027.30.11 8417.80.90 8443.39.90 8471.50.20 8504.32.21 9027.30.19 8417.90.00 8443.91.91 8443.32.32 8504.33.00 9027.30.20 8419.39.00 8443.91.99 8443.32.33 8504.34.00 9027.89.91 8419.50.90 8443.91.10 8443.32.34 8504.40.29 9027.89.99 8419.89.20 8443.91.9 8443.32.38 8504.40.30 9030.10.90 8419.89.40 8443.99 847"
84433234;143;41;"1 9027.30.11 8417.80.90 8443.39.90 8471.50.20 8504.32.21 9027.30.19 8417.90.00 8443.91.91 8443.32.32 8504.33.00 9027.30.20 8419.39.00 8443.91.99 8443.32.33 8504.34.00 9027.89.91 8419.50.90 8443.91.10 8443.32.34 8504.40.29 9027.89.99 8419.89.20 8443.91.9 8443.32.38 8504.40.30 9030.10.90 8419.89.40 8443.99 8471.60.53 850"
85044029;143;41;"1 8417.80.90 8443.39.90 8471.50.20 8504.32.21 9027.30.19 8417.90.00 8443.91.91 8443.32.32 8504.33.00 9027.30.20 8419.39.00 8443.91.99 8443.32.33 8504.34.00 9027.89.91 8419.50.90 8443.91.10 8443.32.34 8504.40.29 9027.89.99 8419.89.20 8443.91.9 8443.32.38 8504.40.30 9030.10.90 8419.89.40 8443.99 8471.60.53 8504.40.40 903"
90278999;143;41;"0 8443.39.90 8471.50.20 8504.32.21 9027.30.19 8417.90.00 8443.91.91 8443.32.32 8504.33.00 9027.30.20 8419.39.00 8443.91.99 8443.32.33 8504.34.00 9027.89.91 8419.50.90 8443.91.10 8443.32.34 8504.40.29 9027.89.99 8419.89.20 8443.91.9 8443.32.38 8504.40.30 9030.10.90 8419.89.40 8443.99 8471.60.53 8504.40.40 9030.20.10 842"
84198920;143;41;"0 8471.50.20 8504.32.21 9027.30.19 8417.90.00 8443.91.91 8443.32.32 8504.33.00 9027.30.20 8419.39.00 8443.91.99 8443.32.33 8504.34.00 9027.89.91 8419.50.90 8443.91.10 8443.32.34 8504.40.29 9027.89.99 8419.89.20 8443.91.9 8443.32.38 8504.40.30 9030.10.90 8419.89.40 8443.99 8471.60.53 8504.40.40 9030.20.10 8420.10 8444.0"
84433238;143;41;"21 9027.30.19 8417.90.00 8443.91.91 8443.32.32 8504.33.00 9027.30.20 8419.39.00 8443.91.99 8443.32.33 8504.34.00 9027.89.91 8419.50.90 8443.91.10 8443.32.34 8504.40.29 9027.89.99 8419.89.20 8443.91.9 8443.32.38 8504.40.30 9030.10.90 8419.89.40 8443.99 8471.60.53 8504.40.40 9030.20.10 8420.10 8444.00.20 8528.49.30 8504."
85044030;143;41;"19 8417.90.00 8443.91.91 8443.32.32 8504.33.00 9027.30.20 8419.39.00 8443.91.99 8443.32.33 8504.34.00 9027.89.91 8419.50.90 8443.91.10 8443.32.34 8504.40.29 9027.89.99 8419.89.20 8443.91.9 8443.32.38 8504.40.30 9030.10.90 8419.89.40 8443.99 8471.60.53 8504.40.40 9030.20.10 8420.10 8444.00.20 8528.49.30 8504.40.50 9030."
90301090;143;41;"00 8443.91.91 8443.32.32 8504.33.00 9027.30.20 8419.39.00 8443.91.99 8443.32.33 8504.34.00 9027.89.91 8419.50.90 8443.91.10 8443.32.34 8504.40.29 9027.89.99 8419.89.20 8443.91.9 8443.32.38 8504.40.30 9030.10.90 8419.89.40 8443.99 8471.60.53 8504.40.40 9030.20.10 8420.10 8444.00.20 8528.49.30 8504.40.50 9030.20.21 8420."
84198940;143;41;"91 8443.32.32 8504.33.00 9027.30.20 8419.39.00 8443.91.99 8443.32.33 8504.34.00 9027.89.91 8419.50.90 8443.91.10 8443.32.34 8504.40.29 9027.89.99 8419.89.20 8443.91.9 8443.32.38 8504.40.30 9030.10.90 8419.89.40 8443.99 8471.60.53 8504.40.40 9030.20.10 8420.10 8444.00.20 8528.49.30 8504.40.50 9030.20.21 8420.10.90 8451."
84716053;143;41;"33.00 9027.30.20 8419.39.00 8443.91.99 8443.32.33 8504.34.00 9027.89.91 8419.50.90 8443.91.10 8443.32.34 8504.40.29 9027.89.99 8419.89.20 8443.91.9 8443.32.38 8504.40.30 9030.10.90 8419.89.40 8443.99 8471.60.53 8504.40.40 9030.20.10 8420.10 8444.00.20 8528.49.30 8504.40.50 9030.20.21 8420.10.90 8451.30 8443.32.91 8514."
85044040;143;41;"30.20 8419.39.00 8443.91.99 8443.32.33 8504.34.00 9027.89.91 8419.50.90 8443.91.10 8443.32.34 8504.40.29 9027.89.99 8419.89.20 8443.91.9 8443.32.38 8504.40.30 9030.10.90 8419.89.40 8443.99 8471.60.53 8504.40.40 9030.20.10 8420.10 8444.00.20 8528.49.30 8504.40.50 9030.20.21 8420.10.90 8451.30 8443.32.91 8514.10.10 9030."
90302010;143;41;"39.00 8443.91.99 8443.32.33 8504.34.00 9027.89.91 8419.50.90 8443.91.10 8443.32.34 8504.40.29 9027.89.99 8419.89.20 8443.91.9 8443.32.38 8504.40.30 9030.10.90 8419.89.40 8443.99 8471.60.53 8504.40.40 9030.20.10 8420.10 8444.00.20 8528.49.30 8504.40.50 9030.20.21 8420.10.90 8451.30 8443.32.91 8514.10.10 9030.20.29 8421."
84440020;143;41;"43.32.33 8504.34.00 9027.89.91 8419.50.90 8443.91.10 8443.32.34 8504.40.29 9027.89.99 8419.89.20 8443.91.9 8443.32.38 8504.40.30 9030.10.90 8419.89.40 8443.99 8471.60.53 8504.40.40 9030.20.10 8420.10 8444.00.20 8528.49.30 8504.40.50 9030.20.21 8420.10.90 8451.30 8443.32.91 8514.10.10 9030.20.29 8421.21.00 8452.21.20 84"
85284930;143;41;"04.34.00 9027.89.91 8419.50.90 8443.91.10 8443.32.34 8504.40.29 9027.89.99 8419.89.20 8443.91.9 8443.32.38 8504.40.30 9030.10.90 8419.89.40 8443.99 8471.60.53 8504.40.40 9030.20.10 8420.10 8444.00.20 8528.49.30 8504.40.50 9030.20.21 8420.10.90 8451.30 8443.32.91 8514.10.10 9030.20.29 8421.21.00 8452.21.20 8443.32.99 85"
85044050;143;41;"27.89.91 8419.50.90 8443.91.10 8443.32.34 8504.40.29 9027.89.99 8419.89.20 8443.91.9 8443.32.38 8504.40.30 9030.10.90 8419.89.40 8443.99 8471.60.53 8504.40.40 9030.20.10 8420.10 8444.00.20 8528.49.30 8504.40.50 9030.20.21 8420.10.90 8451.30 8443.32.91 8514.10.10 9030.20.29 8421.21.00 8452.21.20 8443.32.99 8514.10.90 90"
90302021;143;41;"19.50.90 8443.91.10 8443.32.34 8504.40.29 9027.89.99 8419.89.20 8443.91.9 8443.32.38 8504.40.30 9030.10.90 8419.89.40 8443.99 8471.60.53 8504.40.40 9030.20.10 8420.10 8444.00.20 8528.49.30 8504.40.50 9030.20.21 8420.10.90 8451.30 8443.32.91 8514.10.10 9030.20.29 8421.21.00 8452.21.20 8443.32.99 8514.10.90 9030.31.00 84"
84201090;143;41;"43.91.10 8443.32.34 8504.40.29 9027.89.99 8419.89.20 8443.91.9 8443.32.38 8504.40.30 9030.10.90 8419.89.40 8443.99 8471.60.53 8504.40.40 9030.20.10 8420.10 8444.00.20 8528.49.30 8504.40.50 9030.20.21 8420.10.90 8451.30 8443.32.91 8514.10.10 9030.20.29 8421.21.00 8452.21.20 8443.32.99 8514.10.90 9030.31.00 8421.29.90 84"
84433291;143;41;" 8504.40.29 9027.89.99 8419.89.20 8443.91.9 8443.32.38 8504.40.30 9030.10.90 8419.89.40 8443.99 8471.60.53 8504.40.40 9030.20.10 8420.10 8444.00.20 8528.49.30 8504.40.50 9030.20.21 8420.10.90 8451.30 8443.32.91 8514.10.10 9030.20.29 8421.21.00 8452.21.20 8443.32.99 8514.10.90 9030.31.00 8421.29.90 8456.11.11 8471.80.00"
85141010;143;41;" 9027.89.99 8419.89.20 8443.91.9 8443.32.38 8504.40.30 9030.10.90 8419.89.40 8443.99 8471.60.53 8504.40.40 9030.20.10 8420.10 8444.00.20 8528.49.30 8504.40.50 9030.20.21 8420.10.90 8451.30 8443.32.91 8514.10.10 9030.20.29 8421.21.00 8452.21.20 8443.32.99 8514.10.90 9030.31.00 8421.29.90 8456.11.11 8471.80.00 8514.20.19"
90302029;143;41;" 8419.89.20 8443.91.9 8443.32.38 8504.40.30 9030.10.90 8419.89.40 8443.99 8471.60.53 8504.40.40 9030.20.10 8420.10 8444.00.20 8528.49.30 8504.40.50 9030.20.21 8420.10.90 8451.30 8443.32.91 8514.10.10 9030.20.29 8421.21.00 8452.21.20 8443.32.99 8514.10.90 9030.31.00 8421.29.90 8456.11.11 8471.80.00 8514.20.19 9030.33.11"
84212100;143;41;" 8443.91.9 8443.32.38 8504.40.30 9030.10.90 8419.89.40 8443.99 8471.60.53 8504.40.40 9030.20.10 8420.10 8444.00.20 8528.49.30 8504.40.50 9030.20.21 8420.10.90 8451.30 8443.32.91 8514.10.10 9030.20.29 8421.21.00 8452.21.20 8443.32.99 8514.10.90 9030.31.00 8421.29.90 8456.11.11 8471.80.00 8514.20.19 9030.33.11 8421.39.90"
84522120;143;41;"8443.32.38 8504.40.30 9030.10.90 8419.89.40 8443.99 8471.60.53 8504.40.40 9030.20.10 8420.10 8444.00.20 8528.49.30 8504.40.50 9030.20.21 8420.10.90 8451.30 8443.32.91 8514.10.10 9030.20.29 8421.21.00 8452.21.20 8443.32.99 8514.10.90 9030.31.00 8421.29.90 8456.11.11 8471.80.00 8514.20.19 9030.33.11 8421.39.90 8456.12.11"
84433299;143;41;"8504.40.30 9030.10.90 8419.89.40 8443.99 8471.60.53 8504.40.40 9030.20.10 8420.10 8444.00.20 8528.49.30 8504.40.50 9030.20.21 8420.10.90 8451.30 8443.32.91 8514.10.10 9030.20.29 8421.21.00 8452.21.20 8443.32.99 8514.10.90 9030.31.00 8421.29.90 8456.11.11 8471.80.00 8514.20.19 9030.33.11 8421.39.90 8456.12.11 8471.90.12"
85141090;143;41;"9030.10.90 8419.89.40 8443.99 8471.60.53 8504.40.40 9030.20.10 8420.10 8444.00.20 8528.49.30 8504.40.50 9030.20.21 8420.10.90 8451.30 8443.32.91 8514.10.10 9030.20.29 8421.21.00 8452.21.20 8443.32.99 8514.10.90 9030.31.00 8421.29.90 8456.11.11 8471.80.00 8514.20.19 9030.33.11 8421.39.90 8456.12.11 8471.90.12 8514.31.00"
90303100;143;41;"8419.89.40 8443.99 8471.60.53 8504.40.40 9030.20.10 8420.10 8444.00.20 8528.49.30 8504.40.50 9030.20.21 8420.10.90 8451.30 8443.32.91 8514.10.10 9030.20.29 8421.21.00 8452.21.20 8443.32.99 8514.10.90 9030.31.00 8421.29.90 8456.11.11 8471.80.00 8514.20.19 9030.33.11 8421.39.90 8456.12.11 8471.90.12 8514.31.00 9030.33.19"
84212990;143;41;"8443.99 8471.60.53 8504.40.40 9030.20.10 8420.10 8444.00.20 8528.49.30 8504.40.50 9030.20.21 8420.10.90 8451.30 8443.32.91 8514.10.10 9030.20.29 8421.21.00 8452.21.20 8443.32.99 8514.10.90 9030.31.00 8421.29.90 8456.11.11 8471.80.00 8514.20.19 9030.33.11 8421.39.90 8456.12.11 8471.90.12 8514.31.00 9030.33.19 8421.99.10"
84561111;143;41;"1.60.53 8504.40.40 9030.20.10 8420.10 8444.00.20 8528.49.30 8504.40.50 9030.20.21 8420.10.90 8451.30 8443.32.91 8514.10.10 9030.20.29 8421.21.00 8452.21.20 8443.32.99 8514.10.90 9030.31.00 8421.29.90 8456.11.11 8471.80.00 8514.20.19 9030.33.11 8421.39.90 8456.12.11 8471.90.12 8514.31.00 9030.33.19 8421.99.10 8456.11.19"
84718000;143;41;"4.40.40 9030.20.10 8420.10 8444.00.20 8528.49.30 8504.40.50 9030.20.21 8420.10.90 8451.30 8443.32.91 8514.10.10 9030.20.29 8421.21.00 8452.21.20 8443.32.99 8514.10.90 9030.31.00 8421.29.90 8456.11.11 8471.80.00 8514.20.19 9030.33.11 8421.39.90 8456.12.11 8471.90.12 8514.31.00 9030.33.19 8421.99.10 8456.11.19 8471.90.14"
85142019;143;41;"0.20.10 8420.10 8444.00.20 8528.49.30 8504.40.50 9030.20.21 8420.10.90 8451.30 8443.32.91 8514.10.10 9030.20.29 8421.21.00 8452.21.20 8443.32.99 8514.10.90 9030.31.00 8421.29.90 8456.11.11 8471.80.00 8514.20.19 9030.33.11 8421.39.90 8456.12.11 8471.90.12 8514.31.00 9030.33.19 8421.99.10 8456.11.19 8471.90.14 8514.90.00"
90303311;143;41;"0.10 8444.00.20 8528.49.30 8504.40.50 9030.20.21 8420.10.90 8451.30 8443.32.91 8514.10.10 9030.20.29 8421.21.00 8452.21.20 8443.32.99 8514.10.90 9030.31.00 8421.29.90 8456.11.11 8471.80.00 8514.20.19 9030.33.11 8421.39.90 8456.12.11 8471.90.12 8514.31.00 9030.33.19 8421.99.10 8456.11.19 8471.90.14 8514.90.00 9030.39.90"
84213990;143;41;"0.20 8528.49.30 8504.40.50 9030.20.21 8420.10.90 8451.30 8443.32.91 8514.10.10 9030.20.29 8421.21.00 8452.21.20 8443.32.99 8514.10.90 9030.31.00 8421.29.90 8456.11.11 8471.80.00 8514.20.19 9030.33.11 8421.39.90 8456.12.11 8471.90.12 8514.31.00 9030.33.19 8421.99.10 8456.11.19 8471.90.14 8514.90.00 9030.39.90 8422.30.10"
84561211;143;41;"9.30 8504.40.50 9030.20.21 8420.10.90 8451.30 8443.32.91 8514.10.10 9030.20.29 8421.21.00 8452.21.20 8443.32.99 8514.10.90 9030.31.00 8421.29.90 8456.11.11 8471.80.00 8514.20.19 9030.33.11 8421.39.90 8456.12.11 8471.90.12 8514.31.00 9030.33.19 8421.99.10 8456.11.19 8471.90.14 8514.90.00 9030.39.90 8422.30.10 8456.12.19"
84719012;143;41;"0.50 9030.20.21 8420.10.90 8451.30 8443.32.91 8514.10.10 9030.20.29 8421.21.00 8452.21.20 8443.32.99 8514.10.90 9030.31.00 8421.29.90 8456.11.11 8471.80.00 8514.20.19 9030.33.11 8421.39.90 8456.12.11 8471.90.12 8514.31.00 9030.33.19 8421.99.10 8456.11.19 8471.90.14 8514.90.00 9030.39.90 8422.30.10 8456.12.19 8471.90.19"
85143100;143;41;"0.21 8420.10.90 8451.30 8443.32.91 8514.10.10 9030.20.29 8421.21.00 8452.21.20 8443.32.99 8514.10.90 9030.31.00 8421.29.90 8456.11.11 8471.80.00 8514.20.19 9030.33.11 8421.39.90 8456.12.11 8471.90.12 8514.31.00 9030.33.19 8421.99.10 8456.11.19 8471.90.14 8514.90.00 9030.39.90 8422.30.10 8456.12.19 8471.90.19 8515.11.00"
90303319;143;41;"0.90 8451.30 8443.32.91 8514.10.10 9030.20.29 8421.21.00 8452.21.20 8443.32.99 8514.10.90 9030.31.00 8421.29.90 8456.11.11 8471.80.00 8514.20.19 9030.33.11 8421.39.90 8456.12.11 8471.90.12 8514.31.00 9030.33.19 8421.99.10 8456.11.19 8471.90.14 8514.90.00 9030.39.90 8422.30.10 8456.12.19 8471.90.19 8515.11.00 9030.40.90"
84219910;143;41;"0 8443.32.91 8514.10.10 9030.20.29 8421.21.00 8452.21.20 8443.32.99 8514.10.90 9030.31.00 8421.29.90 8456.11.11 8471.80.00 8514.20.19 9030.33.11 8421.39.90 8456.12.11 8471.90.12 8514.31.00 9030.33.19 8421.99.10 8456.11.19 8471.90.14 8514.90.00 9030.39.90 8422.30.10 8456.12.19 8471.90.19 8515.11.00 9030.40.90 8422.30.29"
84561119;143;41;"1 8514.10.10 9030.20.29 8421.21.00 8452.21.20 8443.32.99 8514.10.90 9030.31.00 8421.29.90 8456.11.11 8471.80.00 8514.20.19 9030.33.11 8421.39.90 8456.12.11 8471.90.12 8514.31.00 9030.33.19 8421.99.10 8456.11.19 8471.90.14 8514.90.00 9030.39.90 8422.30.10 8456.12.19 8471.90.19 8515.11.00 9030.40.90 8422.30.29 8456.11.90"
84719014;143;41;"0 9030.20.29 8421.21.00 8452.21.20 8443.32.99 8514.10.90 9030.31.00 8421.29.90 8456.11.11 8471.80.00 8514.20.19 9030.33.11 8421.39.90 8456.12.11 8471.90.12 8514.31.00 9030.33.19 8421.99.10 8456.11.19 8471.90.14 8514.90.00 9030.39.90 8422.30.10 8456.12.19 8471.90.19 8515.11.00 9030.40.90 8422.30.29 8456.11.90 8473.30.11"
85149000;143;41;"9 8421.21.00 8452.21.20 8443.32.99 8514.10.90 9030.31.00 8421.29.90 8456.11.11 8471.80.00 8514.20.19 9030.33.11 8421.39.90 8456.12.11 8471.90.12 8514.31.00 9030.33.19 8421.99.10 8456.11.19 8471.90.14 8514.90.00 9030.39.90 8422.30.10 8456.12.19 8471.90.19 8515.11.00 9030.40.90 8422.30.29 8456.11.90 8473.30.11 8515.19.00"
90303990;143;41;"0 8452.21.20 8443.32.99 8514.10.90 9030.31.00 8421.29.90 8456.11.11 8471.80.00 8514.20.19 9030.33.11 8421.39.90 8456.12.11 8471.90.12 8514.31.00 9030.33.19 8421.99.10 8456.11.19 8471.90.14 8514.90.00 9030.39.90 8422.30.10 8456.12.19 8471.90.19 8515.11.00 9030.40.90 8422.30.29 8456.11.90 8473.30.11 8515.19.00 9030.82.10"
84223010;143;41;"0 8443.32.99 8514.10.90 9030.31.00 8421.29.90 8456.11.11 8471.80.00 8514.20.19 9030.33.11 8421.39.90 8456.12.11 8471.90.12 8514.31.00 9030.33.19 8421.99.10 8456.11.19 8471.90.14 8514.90.00 9030.39.90 8422.30.10 8456.12.19 8471.90.19 8515.11.00 9030.40.90 8422.30.29 8456.11.90 8473.30.11 8515.19.00 9030.82.10 8422.40.90"
84561219;143;41;"9 8514.10.90 9030.31.00 8421.29.90 8456.11.11 8471.80.00 8514.20.19 9030.33.11 8421.39.90 8456.12.11 8471.90.12 8514.31.00 9030.33.19 8421.99.10 8456.11.19 8471.90.14 8514.90.00 9030.39.90 8422.30.10 8456.12.19 8471.90.19 8515.11.00 9030.40.90 8422.30.29 8456.11.90 8473.30.11 8515.19.00 9030.82.10 8422.40.90 8456.12.90"
84719019;143;41;"0 9030.31.00 8421.29.90 8456.11.11 8471.80.00 8514.20.19 9030.33.11 8421.39.90 8456.12.11 8471.90.12 8514.31.00 9030.33.19 8421.99.10 8456.11.19 8471.90.14 8514.90.00 9030.39.90 8422.30.10 8456.12.19 8471.90.19 8515.11.00 9030.40.90 8422.30.29 8456.11.90 8473.30.11 8515.19.00 9030.82.10 8422.40.90 8456.12.90 8443.99.22"
85151100;143;41;"0 8421.29.90 8456.11.11 8471.80.00 8514.20.19 9030.33.11 8421.39.90 8456.12.11 8471.90.12 8514.31.00 9030.33.19 8421.99.10 8456.11.19 8471.90.14 8514.90.00 9030.39.90 8422.30.10 8456.12.19 8471.90.19 8515.11.00 9030.40.90 8422.30.29 8456.11.90 8473.30.11 8515.19.00 9030.82.10 8422.40.90 8456.12.90 8443.99.22 8515.21.00"
90304090;143;41;"0 8456.11.11 8471.80.00 8514.20.19 9030.33.11 8421.39.90 8456.12.11 8471.90.12 8514.31.00 9030.33.19 8421.99.10 8456.11.19 8471.90.14 8514.90.00 9030.39.90 8422.30.10 8456.12.19 8471.90.19 8515.11.00 9030.40.90 8422.30.29 8456.11.90 8473.30.11 8515.19.00 9030.82.10 8422.40.90 8456.12.90 8443.99.22 8515.21.00 9030.39.10"
84223029;143;41;"1 8471.80.00 8514.20.19 9030.33.11 8421.39.90 8456.12.11 8471.90.12 8514.31.00 9030.33.19 8421.99.10 8456.11.19 8471.90.14 8514.90.00 9030.39.90 8422.30.10 8456.12.19 8471.90.19 8515.11.00 9030.40.90 8422.30.29 8456.11.90 8473.30.11 8515.19.00 9030.82.10 8422.40.90 8456.12.90 8443.99.22 8515.21.00 9030.39.10 8422.90.90"
84561190;143;41;"0 8514.20.19 9030.33.11 8421.39.90 8456.12.11 8471.90.12 8514.31.00 9030.33.19 8421.99.10 8456.11.19 8471.90.14 8514.90.00 9030.39.90 8422.30.10 8456.12.19 8471.90.19 8515.11.00 9030.40.90 8422.30.29 8456.11.90 8473.30.11 8515.19.00 9030.82.10 8422.40.90 8456.12.90 8443.99.22 8515.21.00 9030.39.10 8422.90.90 8456.20.90"
84733011;143;41;"9 9030.33.11 8421.39.90 8456.12.11 8471.90.12 8514.31.00 9030.33.19 8421.99.10 8456.11.19 8471.90.14 8514.90.00 9030.39.90 8422.30.10 8456.12.19 8471.90.19 8515.11.00 9030.40.90 8422.30.29 8456.11.90 8473.30.11 8515.19.00 9030.82.10 8422.40.90 8456.12.90 8443.99.22 8515.21.00 9030.39.10 8422.90.90 8456.20.90 8443.99.42"
85151900;143;41;"1 8421.39.90 8456.12.11 8471.90.12 8514.31.00 9030.33.19 8421.99.10 8456.11.19 8471.90.14 8514.90.00 9030.39.90 8422.30.10 8456.12.19 8471.90.19 8515.11.00 9030.40.90 8422.30.29 8456.11.90 8473.30.11 8515.19.00 9030.82.10 8422.40.90 8456.12.90 8443.99.22 8515.21.00 9030.39.10 8422.90.90 8456.20.90 8443.99.42 8515.31.90"
90308210;143;41;"0 8456.12.11 8471.90.12 8514.31.00 9030.33.19 8421.99.10 8456.11.19 8471.90.14 8514.90.00 9030.39.90 8422.30.10 8456.12.19 8471.90.19 8515.11.00 9030.40.90 8422.30.29 8456.11.90 8473.30.11 8515.19.00 9030.82.10 8422.40.90 8456.12.90 8443.99.22 8515.21.00 9030.39.10 8422.90.90 8456.20.90 8443.99.42 8515.31.90 9030.84.10"
84224090;143;41;"1 8471.90.12 8514.31.00 9030.33.19 8421.99.10 8456.11.19 8471.90.14 8514.90.00 9030.39.90 8422.30.10 8456.12.19 8471.90.19 8515.11.00 9030.40.90 8422.30.29 8456.11.90 8473.30.11 8515.19.00 9030.82.10 8422.40.90 8456.12.90 8443.99.22 8515.21.00 9030.39.10 8422.90.90 8456.20.90 8443.99.42 8515.31.90 9030.84.10 8423.81.90"
84561290;143;41;"2 8514.31.00 9030.33.19 8421.99.10 8456.11.19 8471.90.14 8514.90.00 9030.39.90 8422.30.10 8456.12.19 8471.90.19 8515.11.00 9030.40.90 8422.30.29 8456.11.90 8473.30.11 8515.19.00 9030.82.10 8422.40.90 8456.12.90 8443.99.22 8515.21.00 9030.39.10 8422.90.90 8456.20.90 8443.99.42 8515.31.90 9030.84.10 8423.81.90 8457.10.00"
84439922;143;41;"0 9030.33.19 8421.99.10 8456.11.19 8471.90.14 8514.90.00 9030.39.90 8422.30.10 8456.12.19 8471.90.19 8515.11.00 9030.40.90 8422.30.29 8456.11.90 8473.30.11 8515.19.00 9030.82.10 8422.40.90 8456.12.90 8443.99.22 8515.21.00 9030.39.10 8422.90.90 8456.20.90 8443.99.42 8515.31.90 9030.84.10 8423.81.90 8457.10.00 8523.51.10"
85152100;143;41;"9 8421.99.10 8456.11.19 8471.90.14 8514.90.00 9030.39.90 8422.30.10 8456.12.19 8471.90.19 8515.11.00 9030.40.90 8422.30.29 8456.11.90 8473.30.11 8515.19.00 9030.82.10 8422.40.90 8456.12.90 8443.99.22 8515.21.00 9030.39.10 8422.90.90 8456.20.90 8443.99.42 8515.31.90 9030.84.10 8423.81.90 8457.10.00 8523.51.10 8515.39.00"
90303910;143;41;"0 8456.11.19 8471.90.14 8514.90.00 9030.39.90 8422.30.10 8456.12.19 8471.90.19 8515.11.00 9030.40.90 8422.30.29 8456.11.90 8473.30.11 8515.19.00 9030.82.10 8422.40.90 8456.12.90 8443.99.22 8515.21.00 9030.39.10 8422.90.90 8456.20.90 8443.99.42 8515.31.90 9030.84.10 8423.81.90 8457.10.00 8523.51.10 8515.39.00 9030.84.20"
84229090;143;41;"9 8471.90.14 8514.90.00 9030.39.90 8422.30.10 8456.12.19 8471.90.19 8515.11.00 9030.40.90 8422.30.29 8456.11.90 8473.30.11 8515.19.00 9030.82.10 8422.40.90 8456.12.90 8443.99.22 8515.21.00 9030.39.10 8422.90.90 8456.20.90 8443.99.42 8515.31.90 9030.84.10 8423.81.90 8457.10.00 8523.51.10 8515.39.00 9030.84.20 08/08/2026"
84562090;143;41;"4 8514.90.00 9030.39.90 8422.30.10 8456.12.19 8471.90.19 8515.11.00 9030.40.90 8422.30.29 8456.11.90 8473.30.11 8515.19.00 9030.82.10 8422.40.90 8456.12.90 8443.99.22 8515.21.00 9030.39.10 8422.90.90 8456.20.90 8443.99.42 8515.31.90 9030.84.10 8423.81.90 8457.10.00 8523.51.10 8515.39.00 9030.84.20 08/08/2026, 09:51 INS"
84439942;143;41;"0 9030.39.90 8422.30.10 8456.12.19 8471.90.19 8515.11.00 9030.40.90 8422.30.29 8456.11.90 8473.30.11 8515.19.00 9030.82.10 8422.40.90 8456.12.90 8443.99.22 8515.21.00 9030.39.10 8422.90.90 8456.20.90 8443.99.42 8515.31.90 9030.84.10 8423.81.90 8457.10.00 8523.51.10 8515.39.00 9030.84.20 08/08/2026, 09:51 INSTRUÇÃO NORM"
85153190;143;41;"0 8422.30.10 8456.12.19 8471.90.19 8515.11.00 9030.40.90 8422.30.29 8456.11.90 8473.30.11 8515.19.00 9030.82.10 8422.40.90 8456.12.90 8443.99.22 8515.21.00 9030.39.10 8422.90.90 8456.20.90 8443.99.42 8515.31.90 9030.84.10 8423.81.90 8457.10.00 8523.51.10 8515.39.00 9030.84.20 08/08/2026, 09:51 INSTRUÇÃO NORMATIVA RFB N"
90308410;143;41;"0 8456.12.19 8471.90.19 8515.11.00 9030.40.90 8422.30.29 8456.11.90 8473.30.11 8515.19.00 9030.82.10 8422.40.90 8456.12.90 8443.99.22 8515.21.00 9030.39.10 8422.90.90 8456.20.90 8443.99.42 8515.31.90 9030.84.10 8423.81.90 8457.10.00 8523.51.10 8515.39.00 9030.84.20 08/08/2026, 09:51 INSTRUÇÃO NORMATIVA RFB Nº 2.121, DE"
84238190;143;41;"9 8471.90.19 8515.11.00 9030.40.90 8422.30.29 8456.11.90 8473.30.11 8515.19.00 9030.82.10 8422.40.90 8456.12.90 8443.99.22 8515.21.00 9030.39.10 8422.90.90 8456.20.90 8443.99.42 8515.31.90 9030.84.10 8423.81.90 8457.10.00 8523.51.10 8515.39.00 9030.84.20 08/08/2026, 09:51 INSTRUÇÃO NORMATIVA RFB Nº 2.121, DE 15 DE DEZE"
84571000;143;41;"9 8515.11.00 9030.40.90 8422.30.29 8456.11.90 8473.30.11 8515.19.00 9030.82.10 8422.40.90 8456.12.90 8443.99.22 8515.21.00 9030.39.10 8422.90.90 8456.20.90 8443.99.42 8515.31.90 9030.84.10 8423.81.90 8457.10.00 8523.51.10 8515.39.00 9030.84.20 08/08/2026, 09:51 INSTRUÇÃO NORMATIVA RFB Nº 2.121, DE 15 DE DEZEMBRO DE 202"
85235110;143;41;"0 9030.40.90 8422.30.29 8456.11.90 8473.30.11 8515.19.00 9030.82.10 8422.40.90 8456.12.90 8443.99.22 8515.21.00 9030.39.10 8422.90.90 8456.20.90 8443.99.42 8515.31.90 9030.84.10 8423.81.90 8457.10.00 8523.51.10 8515.39.00 9030.84.20 08/08/2026, 09:51 INSTRUÇÃO NORMATIVA RFB Nº 2.121, DE 15 DE DEZEMBRO DE 2022 - INSTRUÇ"
85153900;143;41;"0 8422.30.29 8456.11.90 8473.30.11 8515.19.00 9030.82.10 8422.40.90 8456.12.90 8443.99.22 8515.21.00 9030.39.10 8422.90.90 8456.20.90 8443.99.42 8515.31.90 9030.84.10 8423.81.90 8457.10.00 8523.51.10 8515.39.00 9030.84.20 08/08/2026, 09:51 INSTRUÇÃO NORMATIVA RFB Nº 2.121, DE 15 DE DEZEMBRO DE 2022 - INSTRUÇÃO NORMATIV"
90308420;143;41;"9 8456.11.90 8473.30.11 8515.19.00 9030.82.10 8422.40.90 8456.12.90 8443.99.22 8515.21.00 9030.39.10 8422.90.90 8456.20.90 8443.99.42 8515.31.90 9030.84.10 8423.81.90 8457.10.00 8523.51.10 8515.39.00 9030.84.20 08/08/2026, 09:51 INSTRUÇÃO NORMATIVA RFB Nº 2.121, DE 15 DE DEZEMBRO DE 2022 - INSTRUÇÃO NORMATIVA RFB Nº 2."
84248990;143;41;"2 - INSTRUÇÃO NORMATIVA RFB Nº 2.121, DE 15 DE DEZEMBRO DE 2022 - DOU - Imprensa Nacional https://www.in.gov.br/en/web/dou/-/instrucao-normativa-rfb-n-2.121-de-15-de-dezembro-de-2022-452045866 78/316 8424.89.90 8457.20.10 8477.10.11 8515.80.90 9030.84.90 8424.90.90 8457.30.10 8477.10.19 8515.90.00 9030.89.20 8425.19.90"
84572010;143;41;"ÃO NORMATIVA RFB Nº 2.121, DE 15 DE DEZEMBRO DE 2022 - DOU - Imprensa Nacional https://www.in.gov.br/en/web/dou/-/instrucao-normativa-rfb-n-2.121-de-15-de-dezembro-de-2022-452045866 78/316 8424.89.90 8457.20.10 8477.10.11 8515.80.90 9030.84.90 8424.90.90 8457.30.10 8477.10.19 8515.90.00 9030.89.20 8425.19.90 8458.11.99"
84771011;143;41;"A RFB Nº 2.121, DE 15 DE DEZEMBRO DE 2022 - DOU - Imprensa Nacional https://www.in.gov.br/en/web/dou/-/instrucao-normativa-rfb-n-2.121-de-15-de-dezembro-de-2022-452045866 78/316 8424.89.90 8457.20.10 8477.10.11 8515.80.90 9030.84.90 8424.90.90 8457.30.10 8477.10.19 8515.90.00 9030.89.20 8425.19.90 8458.11.99 8477.10.21"
85158090;143;41;"121, DE 15 DE DEZEMBRO DE 2022 - DOU - Imprensa Nacional https://www.in.gov.br/en/web/dou/-/instrucao-normativa-rfb-n-2.121-de-15-de-dezembro-de-2022-452045866 78/316 8424.89.90 8457.20.10 8477.10.11 8515.80.90 9030.84.90 8424.90.90 8457.30.10 8477.10.19 8515.90.00 9030.89.20 8425.19.90 8458.11.99 8477.10.21 8525.60.10"
90308490;143;41;"DE DEZEMBRO DE 2022 - DOU - Imprensa Nacional https://www.in.gov.br/en/web/dou/-/instrucao-normativa-rfb-n-2.121-de-15-de-dezembro-de-2022-452045866 78/316 8424.89.90 8457.20.10 8477.10.11 8515.80.90 9030.84.90 8424.90.90 8457.30.10 8477.10.19 8515.90.00 9030.89.20 8425.19.90 8458.11.99 8477.10.21 8525.60.10 9030.89.30"
84249090;143;41;" DE 2022 - DOU - Imprensa Nacional https://www.in.gov.br/en/web/dou/-/instrucao-normativa-rfb-n-2.121-de-15-de-dezembro-de-2022-452045866 78/316 8424.89.90 8457.20.10 8477.10.11 8515.80.90 9030.84.90 8424.90.90 8457.30.10 8477.10.19 8515.90.00 9030.89.20 8425.19.90 8458.11.99 8477.10.21 8525.60.10 9030.89.30 8427.10.19"
84573010;143;41;"DOU - Imprensa Nacional https://www.in.gov.br/en/web/dou/-/instrucao-normativa-rfb-n-2.121-de-15-de-dezembro-de-2022-452045866 78/316 8424.89.90 8457.20.10 8477.10.11 8515.80.90 9030.84.90 8424.90.90 8457.30.10 8477.10.19 8515.90.00 9030.89.20 8425.19.90 8458.11.99 8477.10.21 8525.60.10 9030.89.30 8427.10.19 8458.91.00"
84771019;143;41;"nsa Nacional https://www.in.gov.br/en/web/dou/-/instrucao-normativa-rfb-n-2.121-de-15-de-dezembro-de-2022-452045866 78/316 8424.89.90 8457.20.10 8477.10.11 8515.80.90 9030.84.90 8424.90.90 8457.30.10 8477.10.19 8515.90.00 9030.89.20 8425.19.90 8458.11.99 8477.10.21 8525.60.10 9030.89.30 8427.10.19 8458.91.00 8477.10.29"
85159000;143;41;"l https://www.in.gov.br/en/web/dou/-/instrucao-normativa-rfb-n-2.121-de-15-de-dezembro-de-2022-452045866 78/316 8424.89.90 8457.20.10 8477.10.11 8515.80.90 9030.84.90 8424.90.90 8457.30.10 8477.10.19 8515.90.00 9030.89.20 8425.19.90 8458.11.99 8477.10.21 8525.60.10 9030.89.30 8427.10.19 8458.91.00 8477.10.29 8525.89.29"
90308920;143;41;"ww.in.gov.br/en/web/dou/-/instrucao-normativa-rfb-n-2.121-de-15-de-dezembro-de-2022-452045866 78/316 8424.89.90 8457.20.10 8477.10.11 8515.80.90 9030.84.90 8424.90.90 8457.30.10 8477.10.19 8515.90.00 9030.89.20 8425.19.90 8458.11.99 8477.10.21 8525.60.10 9030.89.30 8427.10.19 8458.91.00 8477.10.29 8525.89.29 9030.89.90"
84251990;143;41;"r/en/web/dou/-/instrucao-normativa-rfb-n-2.121-de-15-de-dezembro-de-2022-452045866 78/316 8424.89.90 8457.20.10 8477.10.11 8515.80.90 9030.84.90 8424.90.90 8457.30.10 8477.10.19 8515.90.00 9030.89.20 8425.19.90 8458.11.99 8477.10.21 8525.60.10 9030.89.30 8427.10.19 8458.91.00 8477.10.29 8525.89.29 9030.89.90 8427.10.90"
84581199;143;41;"u/-/instrucao-normativa-rfb-n-2.121-de-15-de-dezembro-de-2022-452045866 78/316 8424.89.90 8457.20.10 8477.10.11 8515.80.90 9030.84.90 8424.90.90 8457.30.10 8477.10.19 8515.90.00 9030.89.20 8425.19.90 8458.11.99 8477.10.21 8525.60.10 9030.89.30 8427.10.19 8458.91.00 8477.10.29 8525.89.29 9030.89.90 8427.10.90 8458.99.00"
84771021;143;41;"ao-normativa-rfb-n-2.121-de-15-de-dezembro-de-2022-452045866 78/316 8424.89.90 8457.20.10 8477.10.11 8515.80.90 9030.84.90 8424.90.90 8457.30.10 8477.10.19 8515.90.00 9030.89.20 8425.19.90 8458.11.99 8477.10.21 8525.60.10 9030.89.30 8427.10.19 8458.91.00 8477.10.29 8525.89.29 9030.89.90 8427.10.90 8458.99.00 8477.10.91"
85256010;143;41;"a-rfb-n-2.121-de-15-de-dezembro-de-2022-452045866 78/316 8424.89.90 8457.20.10 8477.10.11 8515.80.90 9030.84.90 8424.90.90 8457.30.10 8477.10.19 8515.90.00 9030.89.20 8425.19.90 8458.11.99 8477.10.21 8525.60.10 9030.89.30 8427.10.19 8458.91.00 8477.10.29 8525.89.29 9030.89.90 8427.10.90 8458.99.00 8477.10.91 8536.90.90"
90308930;143;41;"21-de-15-de-dezembro-de-2022-452045866 78/316 8424.89.90 8457.20.10 8477.10.11 8515.80.90 9030.84.90 8424.90.90 8457.30.10 8477.10.19 8515.90.00 9030.89.20 8425.19.90 8458.11.99 8477.10.21 8525.60.10 9030.89.30 8427.10.19 8458.91.00 8477.10.29 8525.89.29 9030.89.90 8427.10.90 8458.99.00 8477.10.91 8536.90.90 9030.90.90"
84271019;143;41;"-dezembro-de-2022-452045866 78/316 8424.89.90 8457.20.10 8477.10.11 8515.80.90 9030.84.90 8424.90.90 8457.30.10 8477.10.19 8515.90.00 9030.89.20 8425.19.90 8458.11.99 8477.10.21 8525.60.10 9030.89.30 8427.10.19 8458.91.00 8477.10.29 8525.89.29 9030.89.90 8427.10.90 8458.99.00 8477.10.91 8536.90.90 9030.90.90 8427.20.90"
84589100;143;41;"e-2022-452045866 78/316 8424.89.90 8457.20.10 8477.10.11 8515.80.90 9030.84.90 8424.90.90 8457.30.10 8477.10.19 8515.90.00 9030.89.20 8425.19.90 8458.11.99 8477.10.21 8525.60.10 9030.89.30 8427.10.19 8458.91.00 8477.10.29 8525.89.29 9030.89.90 8427.10.90 8458.99.00 8477.10.91 8536.90.90 9030.90.90 8427.20.90 8459.21.99"
84771029;143;41;"45866 78/316 8424.89.90 8457.20.10 8477.10.11 8515.80.90 9030.84.90 8424.90.90 8457.30.10 8477.10.19 8515.90.00 9030.89.20 8425.19.90 8458.11.99 8477.10.21 8525.60.10 9030.89.30 8427.10.19 8458.91.00 8477.10.29 8525.89.29 9030.89.90 8427.10.90 8458.99.00 8477.10.91 8536.90.90 9030.90.90 8427.20.90 8459.21.99 8477.10.99"
85258929;143;41;"6 8424.89.90 8457.20.10 8477.10.11 8515.80.90 9030.84.90 8424.90.90 8457.30.10 8477.10.19 8515.90.00 9030.89.20 8425.19.90 8458.11.99 8477.10.21 8525.60.10 9030.89.30 8427.10.19 8458.91.00 8477.10.29 8525.89.29 9030.89.90 8427.10.90 8458.99.00 8477.10.91 8536.90.90 9030.90.90 8427.20.90 8459.21.99 8477.10.99 8540.20.20"
90308990;143;41;"0 8457.20.10 8477.10.11 8515.80.90 9030.84.90 8424.90.90 8457.30.10 8477.10.19 8515.90.00 9030.89.20 8425.19.90 8458.11.99 8477.10.21 8525.60.10 9030.89.30 8427.10.19 8458.91.00 8477.10.29 8525.89.29 9030.89.90 8427.10.90 8458.99.00 8477.10.91 8536.90.90 9030.90.90 8427.20.90 8459.21.99 8477.10.99 8540.20.20 9031.10.00"
84271090;143;41;"0 8477.10.11 8515.80.90 9030.84.90 8424.90.90 8457.30.10 8477.10.19 8515.90.00 9030.89.20 8425.19.90 8458.11.99 8477.10.21 8525.60.10 9030.89.30 8427.10.19 8458.91.00 8477.10.29 8525.89.29 9030.89.90 8427.10.90 8458.99.00 8477.10.91 8536.90.90 9030.90.90 8427.20.90 8459.21.99 8477.10.99 8540.20.20 9031.10.00 8427.90.00"
84589900;143;41;"1 8515.80.90 9030.84.90 8424.90.90 8457.30.10 8477.10.19 8515.90.00 9030.89.20 8425.19.90 8458.11.99 8477.10.21 8525.60.10 9030.89.30 8427.10.19 8458.91.00 8477.10.29 8525.89.29 9030.89.90 8427.10.90 8458.99.00 8477.10.91 8536.90.90 9030.90.90 8427.20.90 8459.21.99 8477.10.99 8540.20.20 9031.10.00 8427.90.00 8459.29.00"
84771091;143;41;"0 9030.84.90 8424.90.90 8457.30.10 8477.10.19 8515.90.00 9030.89.20 8425.19.90 8458.11.99 8477.10.21 8525.60.10 9030.89.30 8427.10.19 8458.91.00 8477.10.29 8525.89.29 9030.89.90 8427.10.90 8458.99.00 8477.10.91 8536.90.90 9030.90.90 8427.20.90 8459.21.99 8477.10.99 8540.20.20 9031.10.00 8427.90.00 8459.29.00 8477.40.10"
85369090;143;41;"0 8424.90.90 8457.30.10 8477.10.19 8515.90.00 9030.89.20 8425.19.90 8458.11.99 8477.10.21 8525.60.10 9030.89.30 8427.10.19 8458.91.00 8477.10.29 8525.89.29 9030.89.90 8427.10.90 8458.99.00 8477.10.91 8536.90.90 9030.90.90 8427.20.90 8459.21.99 8477.10.99 8540.20.20 9031.10.00 8427.90.00 8459.29.00 8477.40.10 8543.20.00"
90309090;143;41;"0 8457.30.10 8477.10.19 8515.90.00 9030.89.20 8425.19.90 8458.11.99 8477.10.21 8525.60.10 9030.89.30 8427.10.19 8458.91.00 8477.10.29 8525.89.29 9030.89.90 8427.10.90 8458.99.00 8477.10.91 8536.90.90 9030.90.90 8427.20.90 8459.21.99 8477.10.99 8540.20.20 9031.10.00 8427.90.00 8459.29.00 8477.40.10 8543.20.00 9031.49.90"
84272090;143;41;"0 8477.10.19 8515.90.00 9030.89.20 8425.19.90 8458.11.99 8477.10.21 8525.60.10 9030.89.30 8427.10.19 8458.91.00 8477.10.29 8525.89.29 9030.89.90 8427.10.90 8458.99.00 8477.10.91 8536.90.90 9030.90.90 8427.20.90 8459.21.99 8477.10.99 8540.20.20 9031.10.00 8427.90.00 8459.29.00 8477.40.10 8543.20.00 9031.49.90 8428.10.00"
84592199;143;41;"9 8515.90.00 9030.89.20 8425.19.90 8458.11.99 8477.10.21 8525.60.10 9030.89.30 8427.10.19 8458.91.00 8477.10.29 8525.89.29 9030.89.90 8427.10.90 8458.99.00 8477.10.91 8536.90.90 9030.90.90 8427.20.90 8459.21.99 8477.10.99 8540.20.20 9031.10.00 8427.90.00 8459.29.00 8477.40.10 8543.20.00 9031.49.90 8428.10.00 8459.51.00"
84771099;143;41;"0 9030.89.20 8425.19.90 8458.11.99 8477.10.21 8525.60.10 9030.89.30 8427.10.19 8458.91.00 8477.10.29 8525.89.29 9030.89.90 8427.10.90 8458.99.00 8477.10.91 8536.90.90 9030.90.90 8427.20.90 8459.21.99 8477.10.99 8540.20.20 9031.10.00 8427.90.00 8459.29.00 8477.40.10 8543.20.00 9031.49.90 8428.10.00 8459.51.00 8477.59.19"
85402020;143;41;"0 8425.19.90 8458.11.99 8477.10.21 8525.60.10 9030.89.30 8427.10.19 8458.91.00 8477.10.29 8525.89.29 9030.89.90 8427.10.90 8458.99.00 8477.10.91 8536.90.90 9030.90.90 8427.20.90 8459.21.99 8477.10.99 8540.20.20 9031.10.00 8427.90.00 8459.29.00 8477.40.10 8543.20.00 9031.49.90 8428.10.00 8459.51.00 8477.59.19 8543.70.19"
90311000;143;41;"0 8458.11.99 8477.10.21 8525.60.10 9030.89.30 8427.10.19 8458.91.00 8477.10.29 8525.89.29 9030.89.90 8427.10.90 8458.99.00 8477.10.91 8536.90.90 9030.90.90 8427.20.90 8459.21.99 8477.10.99 8540.20.20 9031.10.00 8427.90.00 8459.29.00 8477.40.10 8543.20.00 9031.49.90 8428.10.00 8459.51.00 8477.59.19 8543.70.19 9031.80.11"
84279000;143;41;"9 8477.10.21 8525.60.10 9030.89.30 8427.10.19 8458.91.00 8477.10.29 8525.89.29 9030.89.90 8427.10.90 8458.99.00 8477.10.91 8536.90.90 9030.90.90 8427.20.90 8459.21.99 8477.10.99 8540.20.20 9031.10.00 8427.90.00 8459.29.00 8477.40.10 8543.20.00 9031.49.90 8428.10.00 8459.51.00 8477.59.19 8543.70.19 9031.80.11 8428.20.90"
84592900;143;41;"1 8525.60.10 9030.89.30 8427.10.19 8458.91.00 8477.10.29 8525.89.29 9030.89.90 8427.10.90 8458.99.00 8477.10.91 8536.90.90 9030.90.90 8427.20.90 8459.21.99 8477.10.99 8540.20.20 9031.10.00 8427.90.00 8459.29.00 8477.40.10 8543.20.00 9031.49.90 8428.10.00 8459.51.00 8477.59.19 8543.70.19 9031.80.11 8428.20.90 8459.61.00"
84774010;143;41;"0 9030.89.30 8427.10.19 8458.91.00 8477.10.29 8525.89.29 9030.89.90 8427.10.90 8458.99.00 8477.10.91 8536.90.90 9030.90.90 8427.20.90 8459.21.99 8477.10.99 8540.20.20 9031.10.00 8427.90.00 8459.29.00 8477.40.10 8543.20.00 9031.49.90 8428.10.00 8459.51.00 8477.59.19 8543.70.19 9031.80.11 8428.20.90 8459.61.00 8477.59.90"
85432000;143;41;"0 8427.10.19 8458.91.00 8477.10.29 8525.89.29 9030.89.90 8427.10.90 8458.99.00 8477.10.91 8536.90.90 9030.90.90 8427.20.90 8459.21.99 8477.10.99 8540.20.20 9031.10.00 8427.90.00 8459.29.00 8477.40.10 8543.20.00 9031.49.90 8428.10.00 8459.51.00 8477.59.19 8543.70.19 9031.80.11 8428.20.90 8459.61.00 8477.59.90 8543.70.92"
90314990;143;41;"9 8458.91.00 8477.10.29 8525.89.29 9030.89.90 8427.10.90 8458.99.00 8477.10.91 8536.90.90 9030.90.90 8427.20.90 8459.21.99 8477.10.99 8540.20.20 9031.10.00 8427.90.00 8459.29.00 8477.40.10 8543.20.00 9031.49.90 8428.10.00 8459.51.00 8477.59.19 8543.70.19 9031.80.11 8428.20.90 8459.61.00 8477.59.90 8543.70.92 9031.80.11"
84281000;143;41;"0 8477.10.29 8525.89.29 9030.89.90 8427.10.90 8458.99.00 8477.10.91 8536.90.90 9030.90.90 8427.20.90 8459.21.99 8477.10.99 8540.20.20 9031.10.00 8427.90.00 8459.29.00 8477.40.10 8543.20.00 9031.49.90 8428.10.00 8459.51.00 8477.59.19 8543.70.19 9031.80.11 8428.20.90 8459.61.00 8477.59.90 8543.70.92 9031.80.11 8428.33.00"
84595100;143;41;"9 8525.89.29 9030.89.90 8427.10.90 8458.99.00 8477.10.91 8536.90.90 9030.90.90 8427.20.90 8459.21.99 8477.10.99 8540.20.20 9031.10.00 8427.90.00 8459.29.00 8477.40.10 8543.20.00 9031.49.90 8428.10.00 8459.51.00 8477.59.19 8543.70.19 9031.80.11 8428.20.90 8459.61.00 8477.59.90 8543.70.92 9031.80.11 8428.33.00 8459.70.00"
84775919;143;41;"9 9030.89.90 8427.10.90 8458.99.00 8477.10.91 8536.90.90 9030.90.90 8427.20.90 8459.21.99 8477.10.99 8540.20.20 9031.10.00 8427.90.00 8459.29.00 8477.40.10 8543.20.00 9031.49.90 8428.10.00 8459.51.00 8477.59.19 8543.70.19 9031.80.11 8428.20.90 8459.61.00 8477.59.90 8543.70.92 9031.80.11 8428.33.00 8459.70.00 8477.80.10"
85437019;143;41;"0 8427.10.90 8458.99.00 8477.10.91 8536.90.90 9030.90.90 8427.20.90 8459.21.99 8477.10.99 8540.20.20 9031.10.00 8427.90.00 8459.29.00 8477.40.10 8543.20.00 9031.49.90 8428.10.00 8459.51.00 8477.59.19 8543.70.19 9031.80.11 8428.20.90 8459.61.00 8477.59.90 8543.70.92 9031.80.11 8428.33.00 8459.70.00 8477.80.10 8543.70.99"
90318011;143;41;"0 8458.99.00 8477.10.91 8536.90.90 9030.90.90 8427.20.90 8459.21.99 8477.10.99 8540.20.20 9031.10.00 8427.90.00 8459.29.00 8477.40.10 8543.20.00 9031.49.90 8428.10.00 8459.51.00 8477.59.19 8543.70.19 9031.80.11 8428.20.90 8459.61.00 8477.59.90 8543.70.92 9031.80.11 8428.33.00 8459.70.00 8477.80.10 8543.70.99 9031.80.20"
84282090;143;41;"0 8477.10.91 8536.90.90 9030.90.90 8427.20.90 8459.21.99 8477.10.99 8540.20.20 9031.10.00 8427.90.00 8459.29.00 8477.40.10 8543.20.00 9031.49.90 8428.10.00 8459.51.00 8477.59.19 8543.70.19 9031.80.11 8428.20.90 8459.61.00 8477.59.90 8543.70.92 9031.80.11 8428.33.00 8459.70.00 8477.80.10 8543.70.99 9031.80.20 8428.39.10"
84596100;143;41;"1 8536.90.90 9030.90.90 8427.20.90 8459.21.99 8477.10.99 8540.20.20 9031.10.00 8427.90.00 8459.29.00 8477.40.10 8543.20.00 9031.49.90 8428.10.00 8459.51.00 8477.59.19 8543.70.19 9031.80.11 8428.20.90 8459.61.00 8477.59.90 8543.70.92 9031.80.11 8428.33.00 8459.70.00 8477.80.10 8543.70.99 9031.80.20 8428.39.10 8460.19.00"
84775990;143;41;"0 9030.90.90 8427.20.90 8459.21.99 8477.10.99 8540.20.20 9031.10.00 8427.90.00 8459.29.00 8477.40.10 8543.20.00 9031.49.90 8428.10.00 8459.51.00 8477.59.19 8543.70.19 9031.80.11 8428.20.90 8459.61.00 8477.59.90 8543.70.92 9031.80.11 8428.33.00 8459.70.00 8477.80.10 8543.70.99 9031.80.20 8428.39.10 8460.19.00 8477.80.90"
85437092;143;41;"0 8427.20.90 8459.21.99 8477.10.99 8540.20.20 9031.10.00 8427.90.00 8459.29.00 8477.40.10 8543.20.00 9031.49.90 8428.10.00 8459.51.00 8477.59.19 8543.70.19 9031.80.11 8428.20.90 8459.61.00 8477.59.90 8543.70.92 9031.80.11 8428.33.00 8459.70.00 8477.80.10 8543.70.99 9031.80.20 8428.39.10 8460.19.00 8477.80.90 8543.90.10"
84283300;143;41;"9 8477.10.99 8540.20.20 9031.10.00 8427.90.00 8459.29.00 8477.40.10 8543.20.00 9031.49.90 8428.10.00 8459.51.00 8477.59.19 8543.70.19 9031.80.11 8428.20.90 8459.61.00 8477.59.90 8543.70.92 9031.80.11 8428.33.00 8459.70.00 8477.80.10 8543.70.99 9031.80.20 8428.39.10 8460.19.00 8477.80.90 8543.90.10 9031.80.99 8428.39.20"
84597000;143;41;"9 8540.20.20 9031.10.00 8427.90.00 8459.29.00 8477.40.10 8543.20.00 9031.49.90 8428.10.00 8459.51.00 8477.59.19 8543.70.19 9031.80.11 8428.20.90 8459.61.00 8477.59.90 8543.70.92 9031.80.11 8428.33.00 8459.70.00 8477.80.10 8543.70.99 9031.80.20 8428.39.10 8460.19.00 8477.80.90 8543.90.10 9031.80.99 8428.39.20 8460.22.00"
84778010;143;41;"0 9031.10.00 8427.90.00 8459.29.00 8477.40.10 8543.20.00 9031.49.90 8428.10.00 8459.51.00 8477.59.19 8543.70.19 9031.80.11 8428.20.90 8459.61.00 8477.59.90 8543.70.92 9031.80.11 8428.33.00 8459.70.00 8477.80.10 8543.70.99 9031.80.20 8428.39.10 8460.19.00 8477.80.90 8543.90.10 9031.80.99 8428.39.20 8460.22.00 8485.20.00"
85437099;143;41;"0 8427.90.00 8459.29.00 8477.40.10 8543.20.00 9031.49.90 8428.10.00 8459.51.00 8477.59.19 8543.70.19 9031.80.11 8428.20.90 8459.61.00 8477.59.90 8543.70.92 9031.80.11 8428.33.00 8459.70.00 8477.80.10 8543.70.99 9031.80.20 8428.39.10 8460.19.00 8477.80.90 8543.90.10 9031.80.99 8428.39.20 8460.22.00 8485.20.00 8543.90.90"
90318020;143;41;"0 8459.29.00 8477.40.10 8543.20.00 9031.49.90 8428.10.00 8459.51.00 8477.59.19 8543.70.19 9031.80.11 8428.20.90 8459.61.00 8477.59.90 8543.70.92 9031.80.11 8428.33.00 8459.70.00 8477.80.10 8543.70.99 9031.80.20 8428.39.10 8460.19.00 8477.80.90 8543.90.10 9031.80.99 8428.39.20 8460.22.00 8485.20.00 8543.90.90 9032.89.81"
84283910;143;41;"0 8477.40.10 8543.20.00 9031.49.90 8428.10.00 8459.51.00 8477.59.19 8543.70.19 9031.80.11 8428.20.90 8459.61.00 8477.59.90 8543.70.92 9031.80.11 8428.33.00 8459.70.00 8477.80.10 8543.70.99 9031.80.20 8428.39.10 8460.19.00 8477.80.90 8543.90.10 9031.80.99 8428.39.20 8460.22.00 8485.20.00 8543.90.90 9032.89.81 8428.39.90"
84601900;143;41;"0 8543.20.00 9031.49.90 8428.10.00 8459.51.00 8477.59.19 8543.70.19 9031.80.11 8428.20.90 8459.61.00 8477.59.90 8543.70.92 9031.80.11 8428.33.00 8459.70.00 8477.80.10 8543.70.99 9031.80.20 8428.39.10 8460.19.00 8477.80.90 8543.90.10 9031.80.99 8428.39.20 8460.22.00 8485.20.00 8543.90.90 9032.89.81 8428.39.90 8460.23.00"
84778090;143;41;"0 9031.49.90 8428.10.00 8459.51.00 8477.59.19 8543.70.19 9031.80.11 8428.20.90 8459.61.00 8477.59.90 8543.70.92 9031.80.11 8428.33.00 8459.70.00 8477.80.10 8543.70.99 9031.80.20 8428.39.10 8460.19.00 8477.80.90 8543.90.10 9031.80.99 8428.39.20 8460.22.00 8485.20.00 8543.90.90 9032.89.81 8428.39.90 8460.23.00 8477.80.90"
85439010;143;41;"0 8428.10.00 8459.51.00 8477.59.19 8543.70.19 9031.80.11 8428.20.90 8459.61.00 8477.59.90 8543.70.92 9031.80.11 8428.33.00 8459.70.00 8477.80.10 8543.70.99 9031.80.20 8428.39.10 8460.19.00 8477.80.90 8543.90.10 9031.80.99 8428.39.20 8460.22.00 8485.20.00 8543.90.90 9032.89.81 8428.39.90 8460.23.00 8477.80.90 9010.50.10"
90318099;143;41;"0 8459.51.00 8477.59.19 8543.70.19 9031.80.11 8428.20.90 8459.61.00 8477.59.90 8543.70.92 9031.80.11 8428.33.00 8459.70.00 8477.80.10 8543.70.99 9031.80.20 8428.39.10 8460.19.00 8477.80.90 8543.90.10 9031.80.99 8428.39.20 8460.22.00 8485.20.00 8543.90.90 9032.89.81 8428.39.90 8460.23.00 8477.80.90 9010.50.10 9032.89.82"
84283920;143;41;"0 8477.59.19 8543.70.19 9031.80.11 8428.20.90 8459.61.00 8477.59.90 8543.70.92 9031.80.11 8428.33.00 8459.70.00 8477.80.10 8543.70.99 9031.80.20 8428.39.10 8460.19.00 8477.80.90 8543.90.10 9031.80.99 8428.39.20 8460.22.00 8485.20.00 8543.90.90 9032.89.81 8428.39.90 8460.23.00 8477.80.90 9010.50.10 9032.89.82 8428.90.20"
84602200;143;41;"9 8543.70.19 9031.80.11 8428.20.90 8459.61.00 8477.59.90 8543.70.92 9031.80.11 8428.33.00 8459.70.00 8477.80.10 8543.70.99 9031.80.20 8428.39.10 8460.19.00 8477.80.90 8543.90.10 9031.80.99 8428.39.20 8460.22.00 8485.20.00 8543.90.90 9032.89.81 8428.39.90 8460.23.00 8477.80.90 9010.50.10 9032.89.82 8428.90.20 8460.24.00"
84852000;143;41;"9 9031.80.11 8428.20.90 8459.61.00 8477.59.90 8543.70.92 9031.80.11 8428.33.00 8459.70.00 8477.80.10 8543.70.99 9031.80.20 8428.39.10 8460.19.00 8477.80.90 8543.90.10 9031.80.99 8428.39.20 8460.22.00 8485.20.00 8543.90.90 9032.89.81 8428.39.90 8460.23.00 8477.80.90 9010.50.10 9032.89.82 8428.90.20 8460.24.00 8477.90.00"
85439090;143;41;"1 8428.20.90 8459.61.00 8477.59.90 8543.70.92 9031.80.11 8428.33.00 8459.70.00 8477.80.10 8543.70.99 9031.80.20 8428.39.10 8460.19.00 8477.80.90 8543.90.10 9031.80.99 8428.39.20 8460.22.00 8485.20.00 8543.90.90 9032.89.81 8428.39.90 8460.23.00 8477.80.90 9010.50.10 9032.89.82 8428.90.20 8460.24.00 8477.90.00 9010.50.90"
90328981;143;41;"0 8459.61.00 8477.59.90 8543.70.92 9031.80.11 8428.33.00 8459.70.00 8477.80.10 8543.70.99 9031.80.20 8428.39.10 8460.19.00 8477.80.90 8543.90.10 9031.80.99 8428.39.20 8460.22.00 8485.20.00 8543.90.90 9032.89.81 8428.39.90 8460.23.00 8477.80.90 9010.50.10 9032.89.82 8428.90.20 8460.24.00 8477.90.00 9010.50.90 9032.89.83"
84283990;143;41;"0 8477.59.90 8543.70.92 9031.80.11 8428.33.00 8459.70.00 8477.80.10 8543.70.99 9031.80.20 8428.39.10 8460.19.00 8477.80.90 8543.90.10 9031.80.99 8428.39.20 8460.22.00 8485.20.00 8543.90.90 9032.89.81 8428.39.90 8460.23.00 8477.80.90 9010.50.10 9032.89.82 8428.90.20 8460.24.00 8477.90.00 9010.50.90 9032.89.83 8428.90.90"
84602300;143;41;"0 8543.70.92 9031.80.11 8428.33.00 8459.70.00 8477.80.10 8543.70.99 9031.80.20 8428.39.10 8460.19.00 8477.80.90 8543.90.10 9031.80.99 8428.39.20 8460.22.00 8485.20.00 8543.90.90 9032.89.81 8428.39.90 8460.23.00 8477.80.90 9010.50.10 9032.89.82 8428.90.20 8460.24.00 8477.90.00 9010.50.90 9032.89.83 8428.90.90 8460.31.00"
90105010;143;41;"1 8428.33.00 8459.70.00 8477.80.10 8543.70.99 9031.80.20 8428.39.10 8460.19.00 8477.80.90 8543.90.10 9031.80.99 8428.39.20 8460.22.00 8485.20.00 8543.90.90 9032.89.81 8428.39.90 8460.23.00 8477.80.90 9010.50.10 9032.89.82 8428.90.20 8460.24.00 8477.90.00 9010.50.90 9032.89.83 8428.90.90 8460.31.00 8479.50.00 9011.10.00"
90328982;143;41;"0 8459.70.00 8477.80.10 8543.70.99 9031.80.20 8428.39.10 8460.19.00 8477.80.90 8543.90.10 9031.80.99 8428.39.20 8460.22.00 8485.20.00 8543.90.90 9032.89.81 8428.39.90 8460.23.00 8477.80.90 9010.50.10 9032.89.82 8428.90.20 8460.24.00 8477.90.00 9010.50.90 9032.89.83 8428.90.90 8460.31.00 8479.50.00 9011.10.00 9032.89.84"
84289020;143;41;"0 8477.80.10 8543.70.99 9031.80.20 8428.39.10 8460.19.00 8477.80.90 8543.90.10 9031.80.99 8428.39.20 8460.22.00 8485.20.00 8543.90.90 9032.89.81 8428.39.90 8460.23.00 8477.80.90 9010.50.10 9032.89.82 8428.90.20 8460.24.00 8477.90.00 9010.50.90 9032.89.83 8428.90.90 8460.31.00 8479.50.00 9011.10.00 9032.89.84 8431.31.10"
84602400;143;41;"0 8543.70.99 9031.80.20 8428.39.10 8460.19.00 8477.80.90 8543.90.10 9031.80.99 8428.39.20 8460.22.00 8485.20.00 8543.90.90 9032.89.81 8428.39.90 8460.23.00 8477.80.90 9010.50.10 9032.89.82 8428.90.20 8460.24.00 8477.90.00 9010.50.90 9032.89.83 8428.90.90 8460.31.00 8479.50.00 9011.10.00 9032.89.84 8431.31.10 8460.90.90"
84779000;143;41;"9 9031.80.20 8428.39.10 8460.19.00 8477.80.90 8543.90.10 9031.80.99 8428.39.20 8460.22.00 8485.20.00 8543.90.90 9032.89.81 8428.39.90 8460.23.00 8477.80.90 9010.50.10 9032.89.82 8428.90.20 8460.24.00 8477.90.00 9010.50.90 9032.89.83 8428.90.90 8460.31.00 8479.50.00 9011.10.00 9032.89.84 8431.31.10 8460.90.90 8479.81 90"
90105090;143;41;"0 8428.39.10 8460.19.00 8477.80.90 8543.90.10 9031.80.99 8428.39.20 8460.22.00 8485.20.00 8543.90.90 9032.89.81 8428.39.90 8460.23.00 8477.80.90 9010.50.10 9032.89.82 8428.90.20 8460.24.00 8477.90.00 9010.50.90 9032.89.83 8428.90.90 8460.31.00 8479.50.00 9011.10.00 9032.89.84 8431.31.10 8460.90.90 8479.81 9011.80.90 90"
90328983;143;41;"0 8460.19.00 8477.80.90 8543.90.10 9031.80.99 8428.39.20 8460.22.00 8485.20.00 8543.90.90 9032.89.81 8428.39.90 8460.23.00 8477.80.90 9010.50.10 9032.89.82 8428.90.20 8460.24.00 8477.90.00 9010.50.90 9032.89.83 8428.90.90 8460.31.00 8479.50.00 9011.10.00 9032.89.84 8431.31.10 8460.90.90 8479.81 9011.80.90 9032.89.89 84"
84289090;143;41;"0 8477.80.90 8543.90.10 9031.80.99 8428.39.20 8460.22.00 8485.20.00 8543.90.90 9032.89.81 8428.39.90 8460.23.00 8477.80.90 9010.50.10 9032.89.82 8428.90.20 8460.24.00 8477.90.00 9010.50.90 9032.89.83 8428.90.90 8460.31.00 8479.50.00 9011.10.00 9032.89.84 8431.31.10 8460.90.90 8479.81 9011.80.90 9032.89.89 8431.31.90 84"
84603100;143;41;"0 8543.90.10 9031.80.99 8428.39.20 8460.22.00 8485.20.00 8543.90.90 9032.89.81 8428.39.90 8460.23.00 8477.80.90 9010.50.10 9032.89.82 8428.90.20 8460.24.00 8477.90.00 9010.50.90 9032.89.83 8428.90.90 8460.31.00 8479.50.00 9011.10.00 9032.89.84 8431.31.10 8460.90.90 8479.81 9011.80.90 9032.89.89 8431.31.90 8461.50.10 84"
84795000;143;41;"0 9031.80.99 8428.39.20 8460.22.00 8485.20.00 8543.90.90 9032.89.81 8428.39.90 8460.23.00 8477.80.90 9010.50.10 9032.89.82 8428.90.20 8460.24.00 8477.90.00 9010.50.90 9032.89.83 8428.90.90 8460.31.00 8479.50.00 9011.10.00 9032.89.84 8431.31.10 8460.90.90 8479.81 9011.80.90 9032.89.89 8431.31.90 8461.50.10 8479.83.00 90"
90111000;143;41;"9 8428.39.20 8460.22.00 8485.20.00 8543.90.90 9032.89.81 8428.39.90 8460.23.00 8477.80.90 9010.50.10 9032.89.82 8428.90.20 8460.24.00 8477.90.00 9010.50.90 9032.89.83 8428.90.90 8460.31.00 8479.50.00 9011.10.00 9032.89.84 8431.31.10 8460.90.90 8479.81 9011.80.90 9032.89.89 8431.31.90 8461.50.10 8479.83.00 9012.10.90 90"
90328984;143;41;"0 8460.22.00 8485.20.00 8543.90.90 9032.89.81 8428.39.90 8460.23.00 8477.80.90 9010.50.10 9032.89.82 8428.90.20 8460.24.00 8477.90.00 9010.50.90 9032.89.83 8428.90.90 8460.31.00 8479.50.00 9011.10.00 9032.89.84 8431.31.10 8460.90.90 8479.81 9011.80.90 9032.89.89 8431.31.90 8461.50.10 8479.83.00 9012.10.90 9032.89.90 84"
84313110;143;41;"0 8485.20.00 8543.90.90 9032.89.81 8428.39.90 8460.23.00 8477.80.90 9010.50.10 9032.89.82 8428.90.20 8460.24.00 8477.90.00 9010.50.90 9032.89.83 8428.90.90 8460.31.00 8479.50.00 9011.10.00 9032.89.84 8431.31.10 8460.90.90 8479.81 9011.80.90 9032.89.89 8431.31.90 8461.50.10 8479.83.00 9012.10.90 9032.89.90 8431.39.00 84"
84609090;143;41;"0 8543.90.90 9032.89.81 8428.39.90 8460.23.00 8477.80.90 9010.50.10 9032.89.82 8428.90.20 8460.24.00 8477.90.00 9010.50.90 9032.89.83 8428.90.90 8460.31.00 8479.50.00 9011.10.00 9032.89.84 8431.31.10 8460.90.90 8479.81 9011.80.90 9032.89.89 8431.31.90 8461.50.10 8479.83.00 9012.10.90 9032.89.90 8431.39.00 8461.50.20 84"
90118090;143;41;"9.81 8428.39.90 8460.23.00 8477.80.90 9010.50.10 9032.89.82 8428.90.20 8460.24.00 8477.90.00 9010.50.90 9032.89.83 8428.90.90 8460.31.00 8479.50.00 9011.10.00 9032.89.84 8431.31.10 8460.90.90 8479.81 9011.80.90 9032.89.89 8431.31.90 8461.50.10 8479.83.00 9012.10.90 9032.89.90 8431.39.00 8461.50.20 8479.82.10 9017.20.00"
90328989;143;41;"9.90 8460.23.00 8477.80.90 9010.50.10 9032.89.82 8428.90.20 8460.24.00 8477.90.00 9010.50.90 9032.89.83 8428.90.90 8460.31.00 8479.50.00 9011.10.00 9032.89.84 8431.31.10 8460.90.90 8479.81 9011.80.90 9032.89.89 8431.31.90 8461.50.10 8479.83.00 9012.10.90 9032.89.90 8431.39.00 8461.50.20 8479.82.10 9017.20.00 8439.1 846"
84313190;143;41;"3.00 8477.80.90 9010.50.10 9032.89.82 8428.90.20 8460.24.00 8477.90.00 9010.50.90 9032.89.83 8428.90.90 8460.31.00 8479.50.00 9011.10.00 9032.89.84 8431.31.10 8460.90.90 8479.81 9011.80.90 9032.89.89 8431.31.90 8461.50.10 8479.83.00 9012.10.90 9032.89.90 8431.39.00 8461.50.20 8479.82.10 9017.20.00 8439.1 8462.10.11 847"
84615010;143;41;"0.90 9010.50.10 9032.89.82 8428.90.20 8460.24.00 8477.90.00 9010.50.90 9032.89.83 8428.90.90 8460.31.00 8479.50.00 9011.10.00 9032.89.84 8431.31.10 8460.90.90 8479.81 9011.80.90 9032.89.89 8431.31.90 8461.50.10 8479.83.00 9012.10.90 9032.89.90 8431.39.00 8461.50.20 8479.82.10 9017.20.00 8439.1 8462.10.11 8479.82.90 901"
84798300;143;41;"0.10 9032.89.82 8428.90.20 8460.24.00 8477.90.00 9010.50.90 9032.89.83 8428.90.90 8460.31.00 8479.50.00 9011.10.00 9032.89.84 8431.31.10 8460.90.90 8479.81 9011.80.90 9032.89.89 8431.31.90 8461.50.10 8479.83.00 9012.10.90 9032.89.90 8431.39.00 8461.50.20 8479.82.10 9017.20.00 8439.1 8462.10.11 8479.82.90 9017.30.10 843"
90121090;143;41;"9.82 8428.90.20 8460.24.00 8477.90.00 9010.50.90 9032.89.83 8428.90.90 8460.31.00 8479.50.00 9011.10.00 9032.89.84 8431.31.10 8460.90.90 8479.81 9011.80.90 9032.89.89 8431.31.90 8461.50.10 8479.83.00 9012.10.90 9032.89.90 8431.39.00 8461.50.20 8479.82.10 9017.20.00 8439.1 8462.10.11 8479.82.90 9017.30.10 8439.20.00 846"
90328990;143;41;"0.20 8460.24.00 8477.90.00 9010.50.90 9032.89.83 8428.90.90 8460.31.00 8479.50.00 9011.10.00 9032.89.84 8431.31.10 8460.90.90 8479.81 9011.80.90 9032.89.89 8431.31.90 8461.50.10 8479.83.00 9012.10.90 9032.89.90 8431.39.00 8461.50.20 8479.82.10 9017.20.00 8439.1 8462.10.11 8479.82.90 9017.30.10 8439.20.00 8462.10.90 847"
84313900;143;41;"4.00 8477.90.00 9010.50.90 9032.89.83 8428.90.90 8460.31.00 8479.50.00 9011.10.00 9032.89.84 8431.31.10 8460.90.90 8479.81 9011.80.90 9032.89.89 8431.31.90 8461.50.10 8479.83.00 9012.10.90 9032.89.90 8431.39.00 8461.50.20 8479.82.10 9017.20.00 8439.1 8462.10.11 8479.82.90 9017.30.10 8439.20.00 8462.10.90 8479.89.11 901"
84615020;143;41;"0.00 9010.50.90 9032.89.83 8428.90.90 8460.31.00 8479.50.00 9011.10.00 9032.89.84 8431.31.10 8460.90.90 8479.81 9011.80.90 9032.89.89 8431.31.90 8461.50.10 8479.83.00 9012.10.90 9032.89.90 8431.39.00 8461.50.20 8479.82.10 9017.20.00 8439.1 8462.10.11 8479.82.90 9017.30.10 8439.20.00 8462.10.90 8479.89.11 9017.30.20 08/"
84798210;143;41;"0.90 9032.89.83 8428.90.90 8460.31.00 8479.50.00 9011.10.00 9032.89.84 8431.31.10 8460.90.90 8479.81 9011.80.90 9032.89.89 8431.31.90 8461.50.10 8479.83.00 9012.10.90 9032.89.90 8431.39.00 8461.50.20 8479.82.10 9017.20.00 8439.1 8462.10.11 8479.82.90 9017.30.10 8439.20.00 8462.10.90 8479.89.11 9017.30.20 08/08/2026, 09"
90172000;143;41;"9.83 8428.90.90 8460.31.00 8479.50.00 9011.10.00 9032.89.84 8431.31.10 8460.90.90 8479.81 9011.80.90 9032.89.89 8431.31.90 8461.50.10 8479.83.00 9012.10.90 9032.89.90 8431.39.00 8461.50.20 8479.82.10 9017.20.00 8439.1 8462.10.11 8479.82.90 9017.30.10 8439.20.00 8462.10.90 8479.89.11 9017.30.20 08/08/2026, 09:51 INSTRUÇ"
84621011;143;41;"60.31.00 8479.50.00 9011.10.00 9032.89.84 8431.31.10 8460.90.90 8479.81 9011.80.90 9032.89.89 8431.31.90 8461.50.10 8479.83.00 9012.10.90 9032.89.90 8431.39.00 8461.50.20 8479.82.10 9017.20.00 8439.1 8462.10.11 8479.82.90 9017.30.10 8439.20.00 8462.10.90 8479.89.11 9017.30.20 08/08/2026, 09:51 INSTRUÇÃO NORMATIVA RFB N"
84798290;143;41;"79.50.00 9011.10.00 9032.89.84 8431.31.10 8460.90.90 8479.81 9011.80.90 9032.89.89 8431.31.90 8461.50.10 8479.83.00 9012.10.90 9032.89.90 8431.39.00 8461.50.20 8479.82.10 9017.20.00 8439.1 8462.10.11 8479.82.90 9017.30.10 8439.20.00 8462.10.90 8479.89.11 9017.30.20 08/08/2026, 09:51 INSTRUÇÃO NORMATIVA RFB Nº 2.121, DE"
90173010;143;41;"11.10.00 9032.89.84 8431.31.10 8460.90.90 8479.81 9011.80.90 9032.89.89 8431.31.90 8461.50.10 8479.83.00 9012.10.90 9032.89.90 8431.39.00 8461.50.20 8479.82.10 9017.20.00 8439.1 8462.10.11 8479.82.90 9017.30.10 8439.20.00 8462.10.90 8479.89.11 9017.30.20 08/08/2026, 09:51 INSTRUÇÃO NORMATIVA RFB Nº 2.121, DE 15 DE DEZE"
84392000;143;41;"32.89.84 8431.31.10 8460.90.90 8479.81 9011.80.90 9032.89.89 8431.31.90 8461.50.10 8479.83.00 9012.10.90 9032.89.90 8431.39.00 8461.50.20 8479.82.10 9017.20.00 8439.1 8462.10.11 8479.82.90 9017.30.10 8439.20.00 8462.10.90 8479.89.11 9017.30.20 08/08/2026, 09:51 INSTRUÇÃO NORMATIVA RFB Nº 2.121, DE 15 DE DEZEMBRO DE 202"
84621090;143;41;"31.31.10 8460.90.90 8479.81 9011.80.90 9032.89.89 8431.31.90 8461.50.10 8479.83.00 9012.10.90 9032.89.90 8431.39.00 8461.50.20 8479.82.10 9017.20.00 8439.1 8462.10.11 8479.82.90 9017.30.10 8439.20.00 8462.10.90 8479.89.11 9017.30.20 08/08/2026, 09:51 INSTRUÇÃO NORMATIVA RFB Nº 2.121, DE 15 DE DEZEMBRO DE 2022 - INSTRUÇ"
84798911;143;41;"60.90.90 8479.81 9011.80.90 9032.89.89 8431.31.90 8461.50.10 8479.83.00 9012.10.90 9032.89.90 8431.39.00 8461.50.20 8479.82.10 9017.20.00 8439.1 8462.10.11 8479.82.90 9017.30.10 8439.20.00 8462.10.90 8479.89.11 9017.30.20 08/08/2026, 09:51 INSTRUÇÃO NORMATIVA RFB Nº 2.121, DE 15 DE DEZEMBRO DE 2022 - INSTRUÇÃO NORMATIV"
90173020;143;41;"79.81 9011.80.90 9032.89.89 8431.31.90 8461.50.10 8479.83.00 9012.10.90 9032.89.90 8431.39.00 8461.50.20 8479.82.10 9017.20.00 8439.1 8462.10.11 8479.82.90 9017.30.10 8439.20.00 8462.10.90 8479.89.11 9017.30.20 08/08/2026, 09:51 INSTRUÇÃO NORMATIVA RFB Nº 2.121, DE 15 DE DEZEMBRO DE 2022 - INSTRUÇÃO NORMATIVA RFB Nº 2."
70109021;186;99;"Art. 186. No caso de aquisição de embalagens de vidro retornáveis classi fi cadas no código 7010.90.21 da Tipi destinadas ao ativo imobilizado, a pessoa jurídica poderá optar por calcular o crédito previsto no ar"
70109021;227;;"Art. 227. Opcionalmente, a pessoa jurídica poderá optar pela apropriação dos créditos de que trata o art. 225, relativo à importação de vasilhames classi fi cados no código 7010.90.21 da Tipi, destinados ao envasamento de refrigerantes ou cervejas classi fi cados nos códigos 22.02 e 22.03 da "
27101922;271;120;"or pessoa jurídica bene fi ciária do Reidi, nos termos dos arts. 646 a 663 (Lei nº 11.488, de 2007, art. 4º, inciso II); IX - óleo combustível, tipo bunker, MF (Marine Fuel), classi fi cado no código 2710.19.22, óleo combustível, tipo bunker, MGO (Marine Gas Oil), classi fi cado no código 2710.19.21, e óleo combustível"
27101921;271;120;" de 2007, art. 4º, inciso II); IX - óleo combustível, tipo bunker, MF (Marine Fuel), classi fi cado no código 2710.19.22, óleo combustível, tipo bunker, MGO (Marine Gas Oil), classi fi cado no código 2710.19.21, e óleo combustível, tipo bunker, ODM (Óleo Diesel Marítimo), classi fi cado no código 2710.19.21 da Tipi, no"
29141100;271;120;" tipo bunker, ODM (Óleo Diesel Marítimo), classi fi cado no código 2710.19.21 da Tipi, nos termos do art. 363 (Lei nº 11.774, de 2008, art. 2º, incisos I a III); X - acetona, classi fi cada no código 2914.11.00 da Tipi, nos termos do art. 451 (Lei nº 11.727, de 2008, art. 25); XI - mercadoria para emprego ou consumo na"
39262000;279;123;"assi fi cados nos seguintes códigos da Tipi são acrescidas de um ponto percentual (Lei nº 10.865, de 2004, art. 8º, § 21, com redação dada pela Lei nº 14.288, de 31 de dezembro de 2021, art. 3º): I - 3926.20.00, 40.15, 42.03, 43.03, 4818.50.00, 6505.00, 6812.91.00, 8804.00.00, capítulos 61 a 63; II - 64.01 a 64.06; III"
48185000;279;123;"os da Tipi são acrescidas de um ponto percentual (Lei nº 10.865, de 2004, art. 8º, § 21, com redação dada pela Lei nº 14.288, de 31 de dezembro de 2021, art. 3º): I - 3926.20.00, 40.15, 42.03, 43.03, 4818.50.00, 6505.00, 6812.91.00, 8804.00.00, capítulos 61 a 63; II - 64.01 a 64.06; III - 41.04, 41.05, 41.06, 41.07 e 4"
68129100;279;123;"idas de um ponto percentual (Lei nº 10.865, de 2004, art. 8º, § 21, com redação dada pela Lei nº 14.288, de 31 de dezembro de 2021, art. 3º): I - 3926.20.00, 40.15, 42.03, 43.03, 4818.50.00, 6505.00, 6812.91.00, 8804.00.00, capítulos 61 a 63; II - 64.01 a 64.06; III - 41.04, 41.05, 41.06, 41.07 e 41.14; IV - 8308.10.00"
88040000;279;123;"onto percentual (Lei nº 10.865, de 2004, art. 8º, § 21, com redação dada pela Lei nº 14.288, de 31 de dezembro de 2021, art. 3º): I - 3926.20.00, 40.15, 42.03, 43.03, 4818.50.00, 6505.00, 6812.91.00, 8804.00.00, capítulos 61 a 63; II - 64.01 a 64.06; III - 41.04, 41.05, 41.06, 41.07 e 41.14; IV - 8308.10.00, 8308.20.00"
83081000;279;123;" de dezembro de 2021, art. 3º): I - 3926.20.00, 40.15, 42.03, 43.03, 4818.50.00, 6505.00, 6812.91.00, 8804.00.00, capítulos 61 a 63; II - 64.01 a 64.06; III - 41.04, 41.05, 41.06, 41.07 e 41.14; IV - 8308.10.00, 8308.20.00, 96.06 e 96.07; V - 87.02, exceto 8702.40.10, e 87.07; VI - 7308.20.00, 7309.00.10, 7309.00.90, 7"
83082000;279;123;" de 2021, art. 3º): I - 3926.20.00, 40.15, 42.03, 43.03, 4818.50.00, 6505.00, 6812.91.00, 8804.00.00, capítulos 61 a 63; II - 64.01 a 64.06; III - 41.04, 41.05, 41.06, 41.07 e 41.14; IV - 8308.10.00, 8308.20.00, 96.06 e 96.07; V - 87.02, exceto 8702.40.10, e 87.07; VI - 7308.20.00, 7309.00.10, 7309.00.90, 7310.29.90, 7"
87024010;279;123;".03, 43.03, 4818.50.00, 6505.00, 6812.91.00, 8804.00.00, capítulos 61 a 63; II - 64.01 a 64.06; III - 41.04, 41.05, 41.06, 41.07 e 41.14; IV - 8308.10.00, 8308.20.00, 96.06 e 96.07; V - 87.02, exceto 8702.40.10, e 87.07; VI - 7308.20.00, 7309.00.10, 7309.00.90, 7310.29.90, 7311.00.00, 7315.12.10, 7316.00.00, 84.02, 84."
73082000;279;123;"05.00, 6812.91.00, 8804.00.00, capítulos 61 a 63; II - 64.01 a 64.06; III - 41.04, 41.05, 41.06, 41.07 e 41.14; IV - 8308.10.00, 8308.20.00, 96.06 e 96.07; V - 87.02, exceto 8702.40.10, e 87.07; VI - 7308.20.00, 7309.00.10, 7309.00.90, 7310.29.90, 7311.00.00, 7315.12.10, 7316.00.00, 84.02, 84.03, 84.04, 84.05, 84.06, 8"
73090010;279;123;"91.00, 8804.00.00, capítulos 61 a 63; II - 64.01 a 64.06; III - 41.04, 41.05, 41.06, 41.07 e 41.14; IV - 8308.10.00, 8308.20.00, 96.06 e 96.07; V - 87.02, exceto 8702.40.10, e 87.07; VI - 7308.20.00, 7309.00.10, 7309.00.90, 7310.29.90, 7311.00.00, 7315.12.10, 7316.00.00, 84.02, 84.03, 84.04, 84.05, 84.06, 84.07, 84.08,"
73090090;279;123;"00.00, capítulos 61 a 63; II - 64.01 a 64.06; III - 41.04, 41.05, 41.06, 41.07 e 41.14; IV - 8308.10.00, 8308.20.00, 96.06 e 96.07; V - 87.02, exceto 8702.40.10, e 87.07; VI - 7308.20.00, 7309.00.10, 7309.00.90, 7310.29.90, 7311.00.00, 7315.12.10, 7316.00.00, 84.02, 84.03, 84.04, 84.05, 84.06, 84.07, 84.08, 84.09 (exce"
73102990;279;123;"ulos 61 a 63; II - 64.01 a 64.06; III - 41.04, 41.05, 41.06, 41.07 e 41.14; IV - 8308.10.00, 8308.20.00, 96.06 e 96.07; V - 87.02, exceto 8702.40.10, e 87.07; VI - 7308.20.00, 7309.00.10, 7309.00.90, 7310.29.90, 7311.00.00, 7315.12.10, 7316.00.00, 84.02, 84.03, 84.04, 84.05, 84.06, 84.07, 84.08, 84.09 (exceto o código "
73110000;279;123;"; II - 64.01 a 64.06; III - 41.04, 41.05, 41.06, 41.07 e 41.14; IV - 8308.10.00, 8308.20.00, 96.06 e 96.07; V - 87.02, exceto 8702.40.10, e 87.07; VI - 7308.20.00, 7309.00.10, 7309.00.90, 7310.29.90, 7311.00.00, 7315.12.10, 7316.00.00, 84.02, 84.03, 84.04, 84.05, 84.06, 84.07, 84.08, 84.09 (exceto o código 8409.10.00),"
73151210;279;123;" a 64.06; III - 41.04, 41.05, 41.06, 41.07 e 41.14; IV - 8308.10.00, 8308.20.00, 96.06 e 96.07; V - 87.02, exceto 8702.40.10, e 87.07; VI - 7308.20.00, 7309.00.10, 7309.00.90, 7310.29.90, 7311.00.00, 7315.12.10, 7316.00.00, 84.02, 84.03, 84.04, 84.05, 84.06, 84.07, 84.08, 84.09 (exceto o código 8409.10.00), 84.10. 84.1"
73160000;279;123;"I - 41.04, 41.05, 41.06, 41.07 e 41.14; IV - 8308.10.00, 8308.20.00, 96.06 e 96.07; V - 87.02, exceto 8702.40.10, e 87.07; VI - 7308.20.00, 7309.00.10, 7309.00.90, 7310.29.90, 7311.00.00, 7315.12.10, 7316.00.00, 84.02, 84.03, 84.04, 84.05, 84.06, 84.07, 84.08, 84.09 (exceto o código 8409.10.00), 84.10. 84.11, 84.12, 84"
84091000;279;123;"V - 87.02, exceto 8702.40.10, e 87.07; VI - 7308.20.00, 7309.00.10, 7309.00.90, 7310.29.90, 7311.00.00, 7315.12.10, 7316.00.00, 84.02, 84.03, 84.04, 84.05, 84.06, 84.07, 84.08, 84.09 (exceto o código 8409.10.00), 84.10. 84.11, 84.12, 84.13, 8414.10.00, 8414.30.19, 8414.30.91, 8414.30.99, 8414.40.10, 8414.40.20, 8414.40"
84141000;279;123;" - 7308.20.00, 7309.00.10, 7309.00.90, 7310.29.90, 7311.00.00, 7315.12.10, 7316.00.00, 84.02, 84.03, 84.04, 84.05, 84.06, 84.07, 84.08, 84.09 (exceto o código 8409.10.00), 84.10. 84.11, 84.12, 84.13, 8414.10.00, 8414.30.19, 8414.30.91, 8414.30.99, 8414.40.10, 8414.40.20, 8414.40.90, 8414.59.90, 8414.80.11, 8414.80.12, "
84143019;279;123;"0, 7309.00.10, 7309.00.90, 7310.29.90, 7311.00.00, 7315.12.10, 7316.00.00, 84.02, 84.03, 84.04, 84.05, 84.06, 84.07, 84.08, 84.09 (exceto o código 8409.10.00), 84.10. 84.11, 84.12, 84.13, 8414.10.00, 8414.30.19, 8414.30.91, 8414.30.99, 8414.40.10, 8414.40.20, 8414.40.90, 8414.59.90, 8414.80.11, 8414.80.12, 8414.80.13, "
84143091;279;123;"0, 7309.00.90, 7310.29.90, 7311.00.00, 7315.12.10, 7316.00.00, 84.02, 84.03, 84.04, 84.05, 84.06, 84.07, 84.08, 84.09 (exceto o código 8409.10.00), 84.10. 84.11, 84.12, 84.13, 8414.10.00, 8414.30.19, 8414.30.91, 8414.30.99, 8414.40.10, 8414.40.20, 8414.40.90, 8414.59.90, 8414.80.11, 8414.80.12, 8414.80.13, 8414.80.19, "
84143099;279;123;"0, 7310.29.90, 7311.00.00, 7315.12.10, 7316.00.00, 84.02, 84.03, 84.04, 84.05, 84.06, 84.07, 84.08, 84.09 (exceto o código 8409.10.00), 84.10. 84.11, 84.12, 84.13, 8414.10.00, 8414.30.19, 8414.30.91, 8414.30.99, 8414.40.10, 8414.40.20, 8414.40.90, 8414.59.90, 8414.80.11, 8414.80.12, 8414.80.13, 8414.80.19, 8414.80.22, "
84144010;279;123;"0, 7311.00.00, 7315.12.10, 7316.00.00, 84.02, 84.03, 84.04, 84.05, 84.06, 84.07, 84.08, 84.09 (exceto o código 8409.10.00), 84.10. 84.11, 84.12, 84.13, 8414.10.00, 8414.30.19, 8414.30.91, 8414.30.99, 8414.40.10, 8414.40.20, 8414.40.90, 8414.59.90, 8414.80.11, 8414.80.12, 8414.80.13, 8414.80.19, 8414.80.22, 8414.80.29, "
84144020;279;123;"0, 7315.12.10, 7316.00.00, 84.02, 84.03, 84.04, 84.05, 84.06, 84.07, 84.08, 84.09 (exceto o código 8409.10.00), 84.10. 84.11, 84.12, 84.13, 8414.10.00, 8414.30.19, 8414.30.91, 8414.30.99, 8414.40.10, 8414.40.20, 8414.40.90, 8414.59.90, 8414.80.11, 8414.80.12, 8414.80.13, 8414.80.19, 8414.80.22, 8414.80.29, 8414.80.31, "
84144090;279;123;"0, 7316.00.00, 84.02, 84.03, 84.04, 84.05, 84.06, 84.07, 84.08, 84.09 (exceto o código 8409.10.00), 84.10. 84.11, 84.12, 84.13, 8414.10.00, 8414.30.19, 8414.30.91, 8414.30.99, 8414.40.10, 8414.40.20, 8414.40.90, 8414.59.90, 8414.80.11, 8414.80.12, 8414.80.13, 8414.80.19, 8414.80.22, 8414.80.29, 8414.80.31, 8414.80.32, "
84145990;279;123;"0, 84.02, 84.03, 84.04, 84.05, 84.06, 84.07, 84.08, 84.09 (exceto o código 8409.10.00), 84.10. 84.11, 84.12, 84.13, 8414.10.00, 8414.30.19, 8414.30.91, 8414.30.99, 8414.40.10, 8414.40.20, 8414.40.90, 8414.59.90, 8414.80.11, 8414.80.12, 8414.80.13, 8414.80.19, 8414.80.22, 8414.80.29, 8414.80.31, 8414.80.32, 8414.80.33, "
84148011;279;123;".03, 84.04, 84.05, 84.06, 84.07, 84.08, 84.09 (exceto o código 8409.10.00), 84.10. 84.11, 84.12, 84.13, 8414.10.00, 8414.30.19, 8414.30.91, 8414.30.99, 8414.40.10, 8414.40.20, 8414.40.90, 8414.59.90, 8414.80.11, 8414.80.12, 8414.80.13, 8414.80.19, 8414.80.22, 8414.80.29, 8414.80.31, 8414.80.32, 8414.80.33, 8414.80.38, "
84148012;279;123;"84.05, 84.06, 84.07, 84.08, 84.09 (exceto o código 8409.10.00), 84.10. 84.11, 84.12, 84.13, 8414.10.00, 8414.30.19, 8414.30.91, 8414.30.99, 8414.40.10, 8414.40.20, 8414.40.90, 8414.59.90, 8414.80.11, 8414.80.12, 8414.80.13, 8414.80.19, 8414.80.22, 8414.80.29, 8414.80.31, 8414.80.32, 8414.80.33, 8414.80.38, 8414.80.39, "
84148013;279;123;", 84.07, 84.08, 84.09 (exceto o código 8409.10.00), 84.10. 84.11, 84.12, 84.13, 8414.10.00, 8414.30.19, 8414.30.91, 8414.30.99, 8414.40.10, 8414.40.20, 8414.40.90, 8414.59.90, 8414.80.11, 8414.80.12, 8414.80.13, 8414.80.19, 8414.80.22, 8414.80.29, 8414.80.31, 8414.80.32, 8414.80.33, 8414.80.38, 8414.80.39, 8414.90.31, "
84148019;279;123;"08, 84.09 (exceto o código 8409.10.00), 84.10. 84.11, 84.12, 84.13, 8414.10.00, 8414.30.19, 8414.30.91, 8414.30.99, 8414.40.10, 8414.40.20, 8414.40.90, 8414.59.90, 8414.80.11, 8414.80.12, 8414.80.13, 8414.80.19, 8414.80.22, 8414.80.29, 8414.80.31, 8414.80.32, 8414.80.33, 8414.80.38, 8414.80.39, 8414.90.31, 8414.90.33, "
84148022;279;123;"xceto o código 8409.10.00), 84.10. 84.11, 84.12, 84.13, 8414.10.00, 8414.30.19, 8414.30.91, 8414.30.99, 8414.40.10, 8414.40.20, 8414.40.90, 8414.59.90, 8414.80.11, 8414.80.12, 8414.80.13, 8414.80.19, 8414.80.22, 8414.80.29, 8414.80.31, 8414.80.32, 8414.80.33, 8414.80.38, 8414.80.39, 8414.90.31, 8414.90.33, 8414.90.34, "
84148029;279;123;"go 8409.10.00), 84.10. 84.11, 84.12, 84.13, 8414.10.00, 8414.30.19, 8414.30.91, 8414.30.99, 8414.40.10, 8414.40.20, 8414.40.90, 8414.59.90, 8414.80.11, 8414.80.12, 8414.80.13, 8414.80.19, 8414.80.22, 8414.80.29, 8414.80.31, 8414.80.32, 8414.80.33, 8414.80.38, 8414.80.39, 8414.90.31, 8414.90.33, 8414.90.34, 8414.90.39, "
84148031;279;123;"0), 84.10. 84.11, 84.12, 84.13, 8414.10.00, 8414.30.19, 8414.30.91, 8414.30.99, 8414.40.10, 8414.40.20, 8414.40.90, 8414.59.90, 8414.80.11, 8414.80.12, 8414.80.13, 8414.80.19, 8414.80.22, 8414.80.29, 8414.80.31, 8414.80.32, 8414.80.33, 8414.80.38, 8414.80.39, 8414.90.31, 8414.90.33, 8414.90.34, 8414.90.39, 84.16, 84.17"
84148032;279;123;"4.11, 84.12, 84.13, 8414.10.00, 8414.30.19, 8414.30.91, 8414.30.99, 8414.40.10, 8414.40.20, 8414.40.90, 8414.59.90, 8414.80.11, 8414.80.12, 8414.80.13, 8414.80.19, 8414.80.22, 8414.80.29, 8414.80.31, 8414.80.32, 8414.80.33, 8414.80.38, 8414.80.39, 8414.90.31, 8414.90.33, 8414.90.34, 8414.90.39, 84.16, 84.17, 84.19, 84."
84148033;279;123;" 84.13, 8414.10.00, 8414.30.19, 8414.30.91, 8414.30.99, 8414.40.10, 8414.40.20, 8414.40.90, 8414.59.90, 8414.80.11, 8414.80.12, 8414.80.13, 8414.80.19, 8414.80.22, 8414.80.29, 8414.80.31, 8414.80.32, 8414.80.33, 8414.80.38, 8414.80.39, 8414.90.31, 8414.90.33, 8414.90.34, 8414.90.39, 84.16, 84.17, 84.19, 84.20, 8421.11."
84148038;279;123;".10.00, 8414.30.19, 8414.30.91, 8414.30.99, 8414.40.10, 8414.40.20, 8414.40.90, 8414.59.90, 8414.80.11, 8414.80.12, 8414.80.13, 8414.80.19, 8414.80.22, 8414.80.29, 8414.80.31, 8414.80.32, 8414.80.33, 8414.80.38, 8414.80.39, 8414.90.31, 8414.90.33, 8414.90.34, 8414.90.39, 84.16, 84.17, 84.19, 84.20, 8421.11.10, 8421.11."
84148039;279;123;".30.19, 8414.30.91, 8414.30.99, 8414.40.10, 8414.40.20, 8414.40.90, 8414.59.90, 8414.80.11, 8414.80.12, 8414.80.13, 8414.80.19, 8414.80.22, 8414.80.29, 8414.80.31, 8414.80.32, 8414.80.33, 8414.80.38, 8414.80.39, 8414.90.31, 8414.90.33, 8414.90.34, 8414.90.39, 84.16, 84.17, 84.19, 84.20, 8421.11.10, 8421.11.90, 8421.19."
84149031;279;123;".30.91, 8414.30.99, 8414.40.10, 8414.40.20, 8414.40.90, 8414.59.90, 8414.80.11, 8414.80.12, 8414.80.13, 8414.80.19, 8414.80.22, 8414.80.29, 8414.80.31, 8414.80.32, 8414.80.33, 8414.80.38, 8414.80.39, 8414.90.31, 8414.90.33, 8414.90.34, 8414.90.39, 84.16, 84.17, 84.19, 84.20, 8421.11.10, 8421.11.90, 8421.19.10, 8421.19."
84149033;279;123;".30.99, 8414.40.10, 8414.40.20, 8414.40.90, 8414.59.90, 8414.80.11, 8414.80.12, 8414.80.13, 8414.80.19, 8414.80.22, 8414.80.29, 8414.80.31, 8414.80.32, 8414.80.33, 8414.80.38, 8414.80.39, 8414.90.31, 8414.90.33, 8414.90.34, 8414.90.39, 84.16, 84.17, 84.19, 84.20, 8421.11.10, 8421.11.90, 8421.19.10, 8421.19.90, 8421.21."
84149034;279;123;".40.10, 8414.40.20, 8414.40.90, 8414.59.90, 8414.80.11, 8414.80.12, 8414.80.13, 8414.80.19, 8414.80.22, 8414.80.29, 8414.80.31, 8414.80.32, 8414.80.33, 8414.80.38, 8414.80.39, 8414.90.31, 8414.90.33, 8414.90.34, 8414.90.39, 84.16, 84.17, 84.19, 84.20, 8421.11.10, 8421.11.90, 8421.19.10, 8421.19.90, 8421.21.00, 8421.22."
84149039;279;123;".40.20, 8414.40.90, 8414.59.90, 8414.80.11, 8414.80.12, 8414.80.13, 8414.80.19, 8414.80.22, 8414.80.29, 8414.80.31, 8414.80.32, 8414.80.33, 8414.80.38, 8414.80.39, 8414.90.31, 8414.90.33, 8414.90.34, 8414.90.39, 84.16, 84.17, 84.19, 84.20, 8421.11.10, 8421.11.90, 8421.19.10, 8421.19.90, 8421.21.00, 8421.22.00, 8421.23."
84211110;279;123;"11, 8414.80.12, 8414.80.13, 8414.80.19, 8414.80.22, 8414.80.29, 8414.80.31, 8414.80.32, 8414.80.33, 8414.80.38, 8414.80.39, 8414.90.31, 8414.90.33, 8414.90.34, 8414.90.39, 84.16, 84.17, 84.19, 84.20, 8421.11.10, 8421.11.90, 8421.19.10, 8421.19.90, 8421.21.00, 8421.22.00, 8421.23.00, 8421.29.20, 8421.29.30, 8421.29.90, "
84211190;279;123;"12, 8414.80.13, 8414.80.19, 8414.80.22, 8414.80.29, 8414.80.31, 8414.80.32, 8414.80.33, 8414.80.38, 8414.80.39, 8414.90.31, 8414.90.33, 8414.90.34, 8414.90.39, 84.16, 84.17, 84.19, 84.20, 8421.11.10, 8421.11.90, 8421.19.10, 8421.19.90, 8421.21.00, 8421.22.00, 8421.23.00, 8421.29.20, 8421.29.30, 8421.29.90, 8421.91.91, "
84211910;279;123;"13, 8414.80.19, 8414.80.22, 8414.80.29, 8414.80.31, 8414.80.32, 8414.80.33, 8414.80.38, 8414.80.39, 8414.90.31, 8414.90.33, 8414.90.34, 8414.90.39, 84.16, 84.17, 84.19, 84.20, 8421.11.10, 8421.11.90, 8421.19.10, 8421.19.90, 8421.21.00, 8421.22.00, 8421.23.00, 8421.29.20, 8421.29.30, 8421.29.90, 8421.91.91, 8421.91.99, "
84211990;279;123;"19, 8414.80.22, 8414.80.29, 8414.80.31, 8414.80.32, 8414.80.33, 8414.80.38, 8414.80.39, 8414.90.31, 8414.90.33, 8414.90.34, 8414.90.39, 84.16, 84.17, 84.19, 84.20, 8421.11.10, 8421.11.90, 8421.19.10, 8421.19.90, 8421.21.00, 8421.22.00, 8421.23.00, 8421.29.20, 8421.29.30, 8421.29.90, 8421.91.91, 8421.91.99, 8421.99.10, "
84212100;279;123;"22, 8414.80.29, 8414.80.31, 8414.80.32, 8414.80.33, 8414.80.38, 8414.80.39, 8414.90.31, 8414.90.33, 8414.90.34, 8414.90.39, 84.16, 84.17, 84.19, 84.20, 8421.11.10, 8421.11.90, 8421.19.10, 8421.19.90, 8421.21.00, 8421.22.00, 8421.23.00, 8421.29.20, 8421.29.30, 8421.29.90, 8421.91.91, 8421.91.99, 8421.99.10, 8421.99.91, "
84212200;279;123;"29, 8414.80.31, 8414.80.32, 8414.80.33, 8414.80.38, 8414.80.39, 8414.90.31, 8414.90.33, 8414.90.34, 8414.90.39, 84.16, 84.17, 84.19, 84.20, 8421.11.10, 8421.11.90, 8421.19.10, 8421.19.90, 8421.21.00, 8421.22.00, 8421.23.00, 8421.29.20, 8421.29.30, 8421.29.90, 8421.91.91, 8421.91.99, 8421.99.10, 8421.99.91, 8421.99.99, "
84212300;279;123;"31, 8414.80.32, 8414.80.33, 8414.80.38, 8414.80.39, 8414.90.31, 8414.90.33, 8414.90.34, 8414.90.39, 84.16, 84.17, 84.19, 84.20, 8421.11.10, 8421.11.90, 8421.19.10, 8421.19.90, 8421.21.00, 8421.22.00, 8421.23.00, 8421.29.20, 8421.29.30, 8421.29.90, 8421.91.91, 8421.91.99, 8421.99.10, 8421.99.91, 8421.99.99, 84.22 (excet"
84212920;279;123;"32, 8414.80.33, 8414.80.38, 8414.80.39, 8414.90.31, 8414.90.33, 8414.90.34, 8414.90.39, 84.16, 84.17, 84.19, 84.20, 8421.11.10, 8421.11.90, 8421.19.10, 8421.19.90, 8421.21.00, 8421.22.00, 8421.23.00, 8421.29.20, 8421.29.30, 8421.29.90, 8421.91.91, 8421.91.99, 8421.99.10, 8421.99.91, 8421.99.99, 84.22 (exceto o código 8"
84212930;279;123;"33, 8414.80.38, 8414.80.39, 8414.90.31, 8414.90.33, 8414.90.34, 8414.90.39, 84.16, 84.17, 84.19, 84.20, 8421.11.10, 8421.11.90, 8421.19.10, 8421.19.90, 8421.21.00, 8421.22.00, 8421.23.00, 8421.29.20, 8421.29.30, 8421.29.90, 8421.91.91, 8421.91.99, 8421.99.10, 8421.99.91, 8421.99.99, 84.22 (exceto o código 8422.11.00), "
84212990;279;123;"38, 8414.80.39, 8414.90.31, 8414.90.33, 8414.90.34, 8414.90.39, 84.16, 84.17, 84.19, 84.20, 8421.11.10, 8421.11.90, 8421.19.10, 8421.19.90, 8421.21.00, 8421.22.00, 8421.23.00, 8421.29.20, 8421.29.30, 8421.29.90, 8421.91.91, 8421.91.99, 8421.99.10, 8421.99.91, 8421.99.99, 84.22 (exceto o código 8422.11.00), 84.23 (excet"
84219191;279;123;"39, 8414.90.31, 8414.90.33, 8414.90.34, 8414.90.39, 84.16, 84.17, 84.19, 84.20, 8421.11.10, 8421.11.90, 8421.19.10, 8421.19.90, 8421.21.00, 8421.22.00, 8421.23.00, 8421.29.20, 8421.29.30, 8421.29.90, 8421.91.91, 8421.91.99, 8421.99.10, 8421.99.91, 8421.99.99, 84.22 (exceto o código 8422.11.00), 84.23 (exceto o código 8"
84219199;279;123;"31, 8414.90.33, 8414.90.34, 8414.90.39, 84.16, 84.17, 84.19, 84.20, 8421.11.10, 8421.11.90, 8421.19.10, 8421.19.90, 8421.21.00, 8421.22.00, 8421.23.00, 8421.29.20, 8421.29.30, 8421.29.90, 8421.91.91, 8421.91.99, 8421.99.10, 8421.99.91, 8421.99.99, 84.22 (exceto o código 8422.11.00), 84.23 (exceto o código 8423.10.00), "
84219910;279;123;"33, 8414.90.34, 8414.90.39, 84.16, 84.17, 84.19, 84.20, 8421.11.10, 8421.11.90, 8421.19.10, 8421.19.90, 8421.21.00, 8421.22.00, 8421.23.00, 8421.29.20, 8421.29.30, 8421.29.90, 8421.91.91, 8421.91.99, 8421.99.10, 8421.99.91, 8421.99.99, 84.22 (exceto o código 8422.11.00), 84.23 (exceto o código 8423.10.00), 84.24 (excet"
84219991;279;123;"34, 8414.90.39, 84.16, 84.17, 84.19, 84.20, 8421.11.10, 8421.11.90, 8421.19.10, 8421.19.90, 8421.21.00, 8421.22.00, 8421.23.00, 8421.29.20, 8421.29.30, 8421.29.90, 8421.91.91, 8421.91.99, 8421.99.10, 8421.99.91, 8421.99.99, 84.22 (exceto o código 8422.11.00), 84.23 (exceto o código 8423.10.00), 84.24 (exceto os códigos"
84219999;279;123;"39, 84.16, 84.17, 84.19, 84.20, 8421.11.10, 8421.11.90, 8421.19.10, 8421.19.90, 8421.21.00, 8421.22.00, 8421.23.00, 8421.29.20, 8421.29.30, 8421.29.90, 8421.91.91, 8421.91.99, 8421.99.10, 8421.99.91, 8421.99.99, 84.22 (exceto o código 8422.11.00), 84.23 (exceto o código 8423.10.00), 84.24 (exceto os códigos 8424.10.00,"
84221100;279;123;"1.11.10, 8421.11.90, 8421.19.10, 8421.19.90, 8421.21.00, 8421.22.00, 8421.23.00, 8421.29.20, 8421.29.30, 8421.29.90, 8421.91.91, 8421.91.99, 8421.99.10, 8421.99.91, 8421.99.99, 84.22 (exceto o código 8422.11.00), 84.23 (exceto o código 8423.10.00), 84.24 (exceto os códigos 8424.10.00, 8424.20.00, 8424.89.10, 8424.90.10"
84231000;279;123;"1.19.90, 8421.21.00, 8421.22.00, 8421.23.00, 8421.29.20, 8421.29.30, 8421.29.90, 8421.91.91, 8421.91.99, 8421.99.10, 8421.99.91, 8421.99.99, 84.22 (exceto o código 8422.11.00), 84.23 (exceto o código 8423.10.00), 84.24 (exceto os códigos 8424.10.00, 8424.20.00, 8424.89.10, 8424.90.10 e 8424.90.90), 84.25, 84.26, 84.27,"
84241000;279;123;"23.00, 8421.29.20, 8421.29.30, 8421.29.90, 8421.91.91, 8421.91.99, 8421.99.10, 8421.99.91, 8421.99.99, 84.22 (exceto o código 8422.11.00), 84.23 (exceto o código 8423.10.00), 84.24 (exceto os códigos 8424.10.00, 8424.20.00, 8424.89.10, 8424.90.10 e 8424.90.90), 84.25, 84.26, 84.27, 84.28, 84.29, 84.30, 84.31, 84.32, 84"
84242000;279;123;"29.20, 8421.29.30, 8421.29.90, 8421.91.91, 8421.91.99, 8421.99.10, 8421.99.91, 8421.99.99, 84.22 (exceto o código 8422.11.00), 84.23 (exceto o código 8423.10.00), 84.24 (exceto os códigos 8424.10.00, 8424.20.00, 8424.89.10, 8424.90.10 e 8424.90.90), 84.25, 84.26, 84.27, 84.28, 84.29, 84.30, 84.31, 84.32, 84.33, 84.34, "
84248910;279;123;"29.30, 8421.29.90, 8421.91.91, 8421.91.99, 8421.99.10, 8421.99.91, 8421.99.99, 84.22 (exceto o código 8422.11.00), 84.23 (exceto o código 8423.10.00), 84.24 (exceto os códigos 8424.10.00, 8424.20.00, 8424.89.10, 8424.90.10 e 8424.90.90), 84.25, 84.26, 84.27, 84.28, 84.29, 84.30, 84.31, 84.32, 84.33, 84.34, 84.35, 84.36"
84249010;279;123;"29.90, 8421.91.91, 8421.91.99, 8421.99.10, 8421.99.91, 8421.99.99, 84.22 (exceto o código 8422.11.00), 84.23 (exceto o código 8423.10.00), 84.24 (exceto os códigos 8424.10.00, 8424.20.00, 8424.89.10, 8424.90.10 e 8424.90.90), 84.25, 84.26, 84.27, 84.28, 84.29, 84.30, 84.31, 84.32, 84.33, 84.34, 84.35, 84.36, 84.37, 84."
84249090;279;123;"1.91, 8421.91.99, 8421.99.10, 8421.99.91, 8421.99.99, 84.22 (exceto o código 8422.11.00), 84.23 (exceto o código 8423.10.00), 84.24 (exceto os códigos 8424.10.00, 8424.20.00, 8424.89.10, 8424.90.10 e 8424.90.90), 84.25, 84.26, 84.27, 84.28, 84.29, 84.30, 84.31, 84.32, 84.33, 84.34, 84.35, 84.36, 84.37, 84.38, 84.39, 84"
84431110;279;123;" os códigos 8424.10.00, 8424.20.00, 8424.89.10, 8424.90.10 e 8424.90.90), 84.25, 84.26, 84.27, 84.28, 84.29, 84.30, 84.31, 84.32, 84.33, 84.34, 84.35, 84.36, 84.37, 84.38, 84.39, 84.40, 84.41, 84.42, 8443.11.10, 8443.11.90, 8443.12.00, 8443.13.10, 8443.13.21, 8443.13.29, 8443.13.90, 8443.14.00, 8443.15.00, 8443.16.00, "
84431190;279;123;"8424.10.00, 8424.20.00, 8424.89.10, 8424.90.10 e 8424.90.90), 84.25, 84.26, 84.27, 84.28, 84.29, 84.30, 84.31, 84.32, 84.33, 84.34, 84.35, 84.36, 84.37, 84.38, 84.39, 84.40, 84.41, 84.42, 8443.11.10, 8443.11.90, 8443.12.00, 8443.13.10, 8443.13.21, 8443.13.29, 8443.13.90, 8443.14.00, 8443.15.00, 8443.16.00, 8443.17.10, "
84431200;279;123;"8424.20.00, 8424.89.10, 8424.90.10 e 8424.90.90), 84.25, 84.26, 84.27, 84.28, 84.29, 84.30, 84.31, 84.32, 84.33, 84.34, 84.35, 84.36, 84.37, 84.38, 84.39, 84.40, 84.41, 84.42, 8443.11.10, 8443.11.90, 8443.12.00, 8443.13.10, 8443.13.21, 8443.13.29, 8443.13.90, 8443.14.00, 8443.15.00, 8443.16.00, 8443.17.10, 8443.17.90, "
84431310;279;123;"8424.89.10, 8424.90.10 e 8424.90.90), 84.25, 84.26, 84.27, 84.28, 84.29, 84.30, 84.31, 84.32, 84.33, 84.34, 84.35, 84.36, 84.37, 84.38, 84.39, 84.40, 84.41, 84.42, 8443.11.10, 8443.11.90, 8443.12.00, 8443.13.10, 8443.13.21, 8443.13.29, 8443.13.90, 8443.14.00, 8443.15.00, 8443.16.00, 8443.17.10, 8443.17.90, 8443.19.10, "
84431321;279;123;"8424.90.10 e 8424.90.90), 84.25, 84.26, 84.27, 84.28, 84.29, 84.30, 84.31, 84.32, 84.33, 84.34, 84.35, 84.36, 84.37, 84.38, 84.39, 84.40, 84.41, 84.42, 8443.11.10, 8443.11.90, 8443.12.00, 8443.13.10, 8443.13.21, 8443.13.29, 8443.13.90, 8443.14.00, 8443.15.00, 8443.16.00, 8443.17.10, 8443.17.90, 8443.19.10, 8443.19.90, "
84431329;279;123;" 8424.90.90), 84.25, 84.26, 84.27, 84.28, 84.29, 84.30, 84.31, 84.32, 84.33, 84.34, 84.35, 84.36, 84.37, 84.38, 84.39, 84.40, 84.41, 84.42, 8443.11.10, 8443.11.90, 8443.12.00, 8443.13.10, 8443.13.21, 8443.13.29, 8443.13.90, 8443.14.00, 8443.15.00, 8443.16.00, 8443.17.10, 8443.17.90, 8443.19.10, 8443.19.90, 8443.39.10, "
84431390;279;123;", 84.25, 84.26, 84.27, 84.28, 84.29, 84.30, 84.31, 84.32, 84.33, 84.34, 84.35, 84.36, 84.37, 84.38, 84.39, 84.40, 84.41, 84.42, 8443.11.10, 8443.11.90, 8443.12.00, 8443.13.10, 8443.13.21, 8443.13.29, 8443.13.90, 8443.14.00, 8443.15.00, 8443.16.00, 8443.17.10, 8443.17.90, 8443.19.10, 8443.19.90, 8443.39.10, 8443.39.21, "
84431400;279;123;"26, 84.27, 84.28, 84.29, 84.30, 84.31, 84.32, 84.33, 84.34, 84.35, 84.36, 84.37, 84.38, 84.39, 84.40, 84.41, 84.42, 8443.11.10, 8443.11.90, 8443.12.00, 8443.13.10, 8443.13.21, 8443.13.29, 8443.13.90, 8443.14.00, 8443.15.00, 8443.16.00, 8443.17.10, 8443.17.90, 8443.19.10, 8443.19.90, 8443.39.10, 8443.39.21, 8443.39.28, "
84431500;279;123;"4.28, 84.29, 84.30, 84.31, 84.32, 84.33, 84.34, 84.35, 84.36, 84.37, 84.38, 84.39, 84.40, 84.41, 84.42, 8443.11.10, 8443.11.90, 8443.12.00, 8443.13.10, 8443.13.21, 8443.13.29, 8443.13.90, 8443.14.00, 8443.15.00, 8443.16.00, 8443.17.10, 8443.17.90, 8443.19.10, 8443.19.90, 8443.39.10, 8443.39.21, 8443.39.28, 8443.39.29, "
84431600;279;123;" 84.30, 84.31, 84.32, 84.33, 84.34, 84.35, 84.36, 84.37, 84.38, 84.39, 84.40, 84.41, 84.42, 8443.11.10, 8443.11.90, 8443.12.00, 8443.13.10, 8443.13.21, 8443.13.29, 8443.13.90, 8443.14.00, 8443.15.00, 8443.16.00, 8443.17.10, 8443.17.90, 8443.19.10, 8443.19.90, 8443.39.10, 8443.39.21, 8443.39.28, 8443.39.29, 8443.39.30, "
84431710;279;123;"1, 84.32, 84.33, 84.34, 84.35, 84.36, 84.37, 84.38, 84.39, 84.40, 84.41, 84.42, 8443.11.10, 8443.11.90, 8443.12.00, 8443.13.10, 8443.13.21, 8443.13.29, 8443.13.90, 8443.14.00, 8443.15.00, 8443.16.00, 8443.17.10, 8443.17.90, 8443.19.10, 8443.19.90, 8443.39.10, 8443.39.21, 8443.39.28, 8443.39.29, 8443.39.30, 8443.39.90, "
84431790;279;123;".33, 84.34, 84.35, 84.36, 84.37, 84.38, 84.39, 84.40, 84.41, 84.42, 8443.11.10, 8443.11.90, 8443.12.00, 8443.13.10, 8443.13.21, 8443.13.29, 8443.13.90, 8443.14.00, 8443.15.00, 8443.16.00, 8443.17.10, 8443.17.90, 8443.19.10, 8443.19.90, 8443.39.10, 8443.39.21, 8443.39.28, 8443.39.29, 8443.39.30, 8443.39.90, 84.44, 84.45"
84431910;279;123;"84.35, 84.36, 84.37, 84.38, 84.39, 84.40, 84.41, 84.42, 8443.11.10, 8443.11.90, 8443.12.00, 8443.13.10, 8443.13.21, 8443.13.29, 8443.13.90, 8443.14.00, 8443.15.00, 8443.16.00, 8443.17.10, 8443.17.90, 8443.19.10, 8443.19.90, 8443.39.10, 8443.39.21, 8443.39.28, 8443.39.29, 8443.39.30, 8443.39.90, 84.44, 84.45, 84.46, 84."
84431990;279;123;", 84.37, 84.38, 84.39, 84.40, 84.41, 84.42, 8443.11.10, 8443.11.90, 8443.12.00, 8443.13.10, 8443.13.21, 8443.13.29, 8443.13.90, 8443.14.00, 8443.15.00, 8443.16.00, 8443.17.10, 8443.17.90, 8443.19.10, 8443.19.90, 8443.39.10, 8443.39.21, 8443.39.28, 8443.39.29, 8443.39.30, 8443.39.90, 84.44, 84.45, 84.46, 84.47, 84.48, 8"
84433910;279;123;"38, 84.39, 84.40, 84.41, 84.42, 8443.11.10, 8443.11.90, 8443.12.00, 8443.13.10, 8443.13.21, 8443.13.29, 8443.13.90, 8443.14.00, 8443.15.00, 8443.16.00, 8443.17.10, 8443.17.90, 8443.19.10, 8443.19.90, 8443.39.10, 8443.39.21, 8443.39.28, 8443.39.29, 8443.39.30, 8443.39.90, 84.44, 84.45, 84.46, 84.47, 84.48, 84.49, 8450.1"
84433921;279;123;"4.40, 84.41, 84.42, 8443.11.10, 8443.11.90, 8443.12.00, 8443.13.10, 8443.13.21, 8443.13.29, 8443.13.90, 8443.14.00, 8443.15.00, 8443.16.00, 8443.17.10, 8443.17.90, 8443.19.10, 8443.19.90, 8443.39.10, 8443.39.21, 8443.39.28, 8443.39.29, 8443.39.30, 8443.39.90, 84.44, 84.45, 84.46, 84.47, 84.48, 84.49, 8450.11.00, 8450.1"
84433928;279;123;" 84.42, 8443.11.10, 8443.11.90, 8443.12.00, 8443.13.10, 8443.13.21, 8443.13.29, 8443.13.90, 8443.14.00, 8443.15.00, 8443.16.00, 8443.17.10, 8443.17.90, 8443.19.10, 8443.19.90, 8443.39.10, 8443.39.21, 8443.39.28, 8443.39.29, 8443.39.30, 8443.39.90, 84.44, 84.45, 84.46, 84.47, 84.48, 84.49, 8450.11.00, 8450.19.00, 8450.2"
84433929;279;123;".11.10, 8443.11.90, 8443.12.00, 8443.13.10, 8443.13.21, 8443.13.29, 8443.13.90, 8443.14.00, 8443.15.00, 8443.16.00, 8443.17.10, 8443.17.90, 8443.19.10, 8443.19.90, 8443.39.10, 8443.39.21, 8443.39.28, 8443.39.29, 8443.39.30, 8443.39.90, 84.44, 84.45, 84.46, 84.47, 84.48, 84.49, 8450.11.00, 8450.19.00, 8450.20.90, 8450.9"
84433930;279;123;".11.90, 8443.12.00, 8443.13.10, 8443.13.21, 8443.13.29, 8443.13.90, 8443.14.00, 8443.15.00, 8443.16.00, 8443.17.10, 8443.17.90, 8443.19.10, 8443.19.90, 8443.39.10, 8443.39.21, 8443.39.28, 8443.39.29, 8443.39.30, 8443.39.90, 84.44, 84.45, 84.46, 84.47, 84.48, 84.49, 8450.11.00, 8450.19.00, 8450.20.90, 8450.90.90, 84.51 "
84433990;279;123;".12.00, 8443.13.10, 8443.13.21, 8443.13.29, 8443.13.90, 8443.14.00, 8443.15.00, 8443.16.00, 8443.17.10, 8443.17.90, 8443.19.10, 8443.19.90, 8443.39.10, 8443.39.21, 8443.39.28, 8443.39.29, 8443.39.30, 8443.39.90, 84.44, 84.45, 84.46, 84.47, 84.48, 84.49, 8450.11.00, 8450.19.00, 8450.20.90, 8450.90.90, 84.51 (exceto códi"
84501100;279;123;", 8443.14.00, 8443.15.00, 8443.16.00, 8443.17.10, 8443.17.90, 8443.19.10, 8443.19.90, 8443.39.10, 8443.39.21, 8443.39.28, 8443.39.29, 8443.39.30, 8443.39.90, 84.44, 84.45, 84.46, 84.47, 84.48, 84.49, 8450.11.00, 8450.19.00, 8450.20.90, 8450.90.90, 84.51 (exceto código 8451.21.00), 84.52 (exceto os códigos 8452.10.00, 8"
84501900;279;123;", 8443.15.00, 8443.16.00, 8443.17.10, 8443.17.90, 8443.19.10, 8443.19.90, 8443.39.10, 8443.39.21, 8443.39.28, 8443.39.29, 8443.39.30, 8443.39.90, 84.44, 84.45, 84.46, 84.47, 84.48, 84.49, 8450.11.00, 8450.19.00, 8450.20.90, 8450.90.90, 84.51 (exceto código 8451.21.00), 84.52 (exceto os códigos 8452.10.00, 8452.90.20 e "
84502090;279;123;", 8443.16.00, 8443.17.10, 8443.17.90, 8443.19.10, 8443.19.90, 8443.39.10, 8443.39.21, 8443.39.28, 8443.39.29, 8443.39.30, 8443.39.90, 84.44, 84.45, 84.46, 84.47, 84.48, 84.49, 8450.11.00, 8450.19.00, 8450.20.90, 8450.90.90, 84.51 (exceto código 8451.21.00), 84.52 (exceto os códigos 8452.10.00, 8452.90.20 e 8452.90.8), "
84509090;279;123;", 8443.17.10, 8443.17.90, 8443.19.10, 8443.19.90, 8443.39.10, 8443.39.21, 8443.39.28, 8443.39.29, 8443.39.30, 8443.39.90, 84.44, 84.45, 84.46, 84.47, 84.48, 84.49, 8450.11.00, 8450.19.00, 8450.20.90, 8450.90.90, 84.51 (exceto código 8451.21.00), 84.52 (exceto os códigos 8452.10.00, 8452.90.20 e 8452.90.8), 84.53, 84.54"
84512100;279;123;".10, 8443.19.90, 8443.39.10, 8443.39.21, 8443.39.28, 8443.39.29, 8443.39.30, 8443.39.90, 84.44, 84.45, 84.46, 84.47, 84.48, 84.49, 8450.11.00, 8450.19.00, 8450.20.90, 8450.90.90, 84.51 (exceto código 8451.21.00), 84.52 (exceto os códigos 8452.10.00, 8452.90.20 e 8452.90.8), 84.53, 84.54, 84.55, 84.56, 84.57, 84.58, 84."
84521000;279;123;"1, 8443.39.28, 8443.39.29, 8443.39.30, 8443.39.90, 84.44, 84.45, 84.46, 84.47, 84.48, 84.49, 8450.11.00, 8450.19.00, 8450.20.90, 8450.90.90, 84.51 (exceto código 8451.21.00), 84.52 (exceto os códigos 8452.10.00, 8452.90.20 e 8452.90.8), 84.53, 84.54, 84.55, 84.56, 84.57, 84.58, 84.59, 84.60, 84.61, 84.62, 84.63, 84.64,"
84529020;279;123;"8, 8443.39.29, 8443.39.30, 8443.39.90, 84.44, 84.45, 84.46, 84.47, 84.48, 84.49, 8450.11.00, 8450.19.00, 8450.20.90, 8450.90.90, 84.51 (exceto código 8451.21.00), 84.52 (exceto os códigos 8452.10.00, 8452.90.20 e 8452.90.8), 84.53, 84.54, 84.55, 84.56, 84.57, 84.58, 84.59, 84.60, 84.61, 84.62, 84.63, 84.64, 84.65, 84.6"
84671110;279;123;"0.90, 84.51 (exceto código 8451.21.00), 84.52 (exceto os códigos 8452.10.00, 8452.90.20 e 8452.90.8), 84.53, 84.54, 84.55, 84.56, 84.57, 84.58, 84.59, 84.60, 84.61, 84.62, 84.63, 84.64, 84.65, 84.66, 8467.11.10, 8467.11.90, 8467.19.00, 8467.29.91, 8468.20.00, 8468.80.10, 8468.80.90, 84.74, 84.75, 84.77, 8478.10.10, 847"
84671190;279;123;"(exceto código 8451.21.00), 84.52 (exceto os códigos 8452.10.00, 8452.90.20 e 8452.90.8), 84.53, 84.54, 84.55, 84.56, 84.57, 84.58, 84.59, 84.60, 84.61, 84.62, 84.63, 84.64, 84.65, 84.66, 8467.11.10, 8467.11.90, 8467.19.00, 8467.29.91, 8468.20.00, 8468.80.10, 8468.80.90, 84.74, 84.75, 84.77, 8478.10.10, 8478.10.90, 84."
84671900;279;123;"go 8451.21.00), 84.52 (exceto os códigos 8452.10.00, 8452.90.20 e 8452.90.8), 84.53, 84.54, 84.55, 84.56, 84.57, 84.58, 84.59, 84.60, 84.61, 84.62, 84.63, 84.64, 84.65, 84.66, 8467.11.10, 8467.11.90, 8467.19.00, 8467.29.91, 8468.20.00, 8468.80.10, 8468.80.90, 84.74, 84.75, 84.77, 8478.10.10, 8478.10.90, 84.79, 8480.20."
84672991;279;123;"0), 84.52 (exceto os códigos 8452.10.00, 8452.90.20 e 8452.90.8), 84.53, 84.54, 84.55, 84.56, 84.57, 84.58, 84.59, 84.60, 84.61, 84.62, 84.63, 84.64, 84.65, 84.66, 8467.11.10, 8467.11.90, 8467.19.00, 8467.29.91, 8468.20.00, 8468.80.10, 8468.80.90, 84.74, 84.75, 84.77, 8478.10.10, 8478.10.90, 84.79, 8480.20.00, 8480.30."
84682000;279;123;"xceto os códigos 8452.10.00, 8452.90.20 e 8452.90.8), 84.53, 84.54, 84.55, 84.56, 84.57, 84.58, 84.59, 84.60, 84.61, 84.62, 84.63, 84.64, 84.65, 84.66, 8467.11.10, 8467.11.90, 8467.19.00, 8467.29.91, 8468.20.00, 8468.80.10, 8468.80.90, 84.74, 84.75, 84.77, 8478.10.10, 8478.10.90, 84.79, 8480.20.00, 8480.30.00, 8480.4, "
84688010;279;123;"igos 8452.10.00, 8452.90.20 e 8452.90.8), 84.53, 84.54, 84.55, 84.56, 84.57, 84.58, 84.59, 84.60, 84.61, 84.62, 84.63, 84.64, 84.65, 84.66, 8467.11.10, 8467.11.90, 8467.19.00, 8467.29.91, 8468.20.00, 8468.80.10, 8468.80.90, 84.74, 84.75, 84.77, 8478.10.10, 8478.10.90, 84.79, 8480.20.00, 8480.30.00, 8480.4, 8480.50.00, "
84688090;279;123;".00, 8452.90.20 e 8452.90.8), 84.53, 84.54, 84.55, 84.56, 84.57, 84.58, 84.59, 84.60, 84.61, 84.62, 84.63, 84.64, 84.65, 84.66, 8467.11.10, 8467.11.90, 8467.19.00, 8467.29.91, 8468.20.00, 8468.80.10, 8468.80.90, 84.74, 84.75, 84.77, 8478.10.10, 8478.10.90, 84.79, 8480.20.00, 8480.30.00, 8480.4, 8480.50.00, 8480.60.00, "
84781010;279;123;"53, 84.54, 84.55, 84.56, 84.57, 84.58, 84.59, 84.60, 84.61, 84.62, 84.63, 84.64, 84.65, 84.66, 8467.11.10, 8467.11.90, 8467.19.00, 8467.29.91, 8468.20.00, 8468.80.10, 8468.80.90, 84.74, 84.75, 84.77, 8478.10.10, 8478.10.90, 84.79, 8480.20.00, 8480.30.00, 8480.4, 8480.50.00, 8480.60.00, 8480.7, 8481.10.00, 8481.30.00, 8"
84781090;279;123;"4.55, 84.56, 84.57, 84.58, 84.59, 84.60, 84.61, 84.62, 84.63, 84.64, 84.65, 84.66, 8467.11.10, 8467.11.90, 8467.19.00, 8467.29.91, 8468.20.00, 8468.80.10, 8468.80.90, 84.74, 84.75, 84.77, 8478.10.10, 8478.10.90, 84.79, 8480.20.00, 8480.30.00, 8480.4, 8480.50.00, 8480.60.00, 8480.7, 8481.10.00, 8481.30.00, 8481.40.00, 8"
84802000;279;123;" 84.58, 84.59, 84.60, 84.61, 84.62, 84.63, 84.64, 84.65, 84.66, 8467.11.10, 8467.11.90, 8467.19.00, 8467.29.91, 8468.20.00, 8468.80.10, 8468.80.90, 84.74, 84.75, 84.77, 8478.10.10, 8478.10.90, 84.79, 8480.20.00, 8480.30.00, 8480.4, 8480.50.00, 8480.60.00, 8480.7, 8481.10.00, 8481.30.00, 8481.40.00, 8481.80.11, 8481.80."
84803000;279;123;"9, 84.60, 84.61, 84.62, 84.63, 84.64, 84.65, 84.66, 8467.11.10, 8467.11.90, 8467.19.00, 8467.29.91, 8468.20.00, 8468.80.10, 8468.80.90, 84.74, 84.75, 84.77, 8478.10.10, 8478.10.90, 84.79, 8480.20.00, 8480.30.00, 8480.4, 8480.50.00, 8480.60.00, 8480.7, 8481.10.00, 8481.30.00, 8481.40.00, 8481.80.11, 8481.80.19, 8481.80."
84805000;279;123;"62, 84.63, 84.64, 84.65, 84.66, 8467.11.10, 8467.11.90, 8467.19.00, 8467.29.91, 8468.20.00, 8468.80.10, 8468.80.90, 84.74, 84.75, 84.77, 8478.10.10, 8478.10.90, 84.79, 8480.20.00, 8480.30.00, 8480.4, 8480.50.00, 8480.60.00, 8480.7, 8481.10.00, 8481.30.00, 8481.40.00, 8481.80.11, 8481.80.19, 8481.80.21, 8481.80.29, 8481"
84806000;279;123;"4.64, 84.65, 84.66, 8467.11.10, 8467.11.90, 8467.19.00, 8467.29.91, 8468.20.00, 8468.80.10, 8468.80.90, 84.74, 84.75, 84.77, 8478.10.10, 8478.10.90, 84.79, 8480.20.00, 8480.30.00, 8480.4, 8480.50.00, 8480.60.00, 8480.7, 8481.10.00, 8481.30.00, 8481.40.00, 8481.80.11, 8481.80.19, 8481.80.21, 8481.80.29, 8481.80.39, 8481"
84811000;279;123;"8467.11.10, 8467.11.90, 8467.19.00, 8467.29.91, 8468.20.00, 8468.80.10, 8468.80.90, 84.74, 84.75, 84.77, 8478.10.10, 8478.10.90, 84.79, 8480.20.00, 8480.30.00, 8480.4, 8480.50.00, 8480.60.00, 8480.7, 8481.10.00, 8481.30.00, 8481.40.00, 8481.80.11, 8481.80.19, 8481.80.21, 8481.80.29, 8481.80.39, 8481.80.92, 8481.80.93, "
84813000;279;123;"8467.11.90, 8467.19.00, 8467.29.91, 8468.20.00, 8468.80.10, 8468.80.90, 84.74, 84.75, 84.77, 8478.10.10, 8478.10.90, 84.79, 8480.20.00, 8480.30.00, 8480.4, 8480.50.00, 8480.60.00, 8480.7, 8481.10.00, 8481.30.00, 8481.40.00, 8481.80.11, 8481.80.19, 8481.80.21, 8481.80.29, 8481.80.39, 8481.80.92, 8481.80.93, 8481.80.94, "
84814000;279;123;"8467.19.00, 8467.29.91, 8468.20.00, 8468.80.10, 8468.80.90, 84.74, 84.75, 84.77, 8478.10.10, 8478.10.90, 84.79, 8480.20.00, 8480.30.00, 8480.4, 8480.50.00, 8480.60.00, 8480.7, 8481.10.00, 8481.30.00, 8481.40.00, 8481.80.11, 8481.80.19, 8481.80.21, 8481.80.29, 8481.80.39, 8481.80.92, 8481.80.93, 8481.80.94, 8481.80.95, "
84818011;279;123;"8467.29.91, 8468.20.00, 8468.80.10, 8468.80.90, 84.74, 84.75, 84.77, 8478.10.10, 8478.10.90, 84.79, 8480.20.00, 8480.30.00, 8480.4, 8480.50.00, 8480.60.00, 8480.7, 8481.10.00, 8481.30.00, 8481.40.00, 8481.80.11, 8481.80.19, 8481.80.21, 8481.80.29, 8481.80.39, 8481.80.92, 8481.80.93, 8481.80.94, 8481.80.95, 8481.80.96, "
84818019;279;123;"8468.20.00, 8468.80.10, 8468.80.90, 84.74, 84.75, 84.77, 8478.10.10, 8478.10.90, 84.79, 8480.20.00, 8480.30.00, 8480.4, 8480.50.00, 8480.60.00, 8480.7, 8481.10.00, 8481.30.00, 8481.40.00, 8481.80.11, 8481.80.19, 8481.80.21, 8481.80.29, 8481.80.39, 8481.80.92, 8481.80.93, 8481.80.94, 8481.80.95, 8481.80.96, 8481.80.97, "
84818021;279;123;"8468.80.10, 8468.80.90, 84.74, 84.75, 84.77, 8478.10.10, 8478.10.90, 84.79, 8480.20.00, 8480.30.00, 8480.4, 8480.50.00, 8480.60.00, 8480.7, 8481.10.00, 8481.30.00, 8481.40.00, 8481.80.11, 8481.80.19, 8481.80.21, 8481.80.29, 8481.80.39, 8481.80.92, 8481.80.93, 8481.80.94, 8481.80.95, 8481.80.96, 8481.80.97, 8481.80.99, "
84818029;279;123;"8468.80.90, 84.74, 84.75, 84.77, 8478.10.10, 8478.10.90, 84.79, 8480.20.00, 8480.30.00, 8480.4, 8480.50.00, 8480.60.00, 8480.7, 8481.10.00, 8481.30.00, 8481.40.00, 8481.80.11, 8481.80.19, 8481.80.21, 8481.80.29, 8481.80.39, 8481.80.92, 8481.80.93, 8481.80.94, 8481.80.95, 8481.80.96, 8481.80.97, 8481.80.99, 84.83, 84.84"
84818039;279;123;"84.74, 84.75, 84.77, 8478.10.10, 8478.10.90, 84.79, 8480.20.00, 8480.30.00, 8480.4, 8480.50.00, 8480.60.00, 8480.7, 8481.10.00, 8481.30.00, 8481.40.00, 8481.80.11, 8481.80.19, 8481.80.21, 8481.80.29, 8481.80.39, 8481.80.92, 8481.80.93, 8481.80.94, 8481.80.95, 8481.80.96, 8481.80.97, 8481.80.99, 84.83, 84.84, 84.85, 84."
84818092;279;123;", 84.77, 8478.10.10, 8478.10.90, 84.79, 8480.20.00, 8480.30.00, 8480.4, 8480.50.00, 8480.60.00, 8480.7, 8481.10.00, 8481.30.00, 8481.40.00, 8481.80.11, 8481.80.19, 8481.80.21, 8481.80.29, 8481.80.39, 8481.80.92, 8481.80.93, 8481.80.94, 8481.80.95, 8481.80.96, 8481.80.97, 8481.80.99, 84.83, 84.84, 84.85, 84.86, 84.87, 8"
84818093;279;123;"8.10.10, 8478.10.90, 84.79, 8480.20.00, 8480.30.00, 8480.4, 8480.50.00, 8480.60.00, 8480.7, 8481.10.00, 8481.30.00, 8481.40.00, 8481.80.11, 8481.80.19, 8481.80.21, 8481.80.29, 8481.80.39, 8481.80.92, 8481.80.93, 8481.80.94, 8481.80.95, 8481.80.96, 8481.80.97, 8481.80.99, 84.83, 84.84, 84.85, 84.86, 84.87, 8501.33.10, 8"
84818094;279;123;"8.10.90, 84.79, 8480.20.00, 8480.30.00, 8480.4, 8480.50.00, 8480.60.00, 8480.7, 8481.10.00, 8481.30.00, 8481.40.00, 8481.80.11, 8481.80.19, 8481.80.21, 8481.80.29, 8481.80.39, 8481.80.92, 8481.80.93, 8481.80.94, 8481.80.95, 8481.80.96, 8481.80.97, 8481.80.99, 84.83, 84.84, 84.85, 84.86, 84.87, 8501.33.10, 8501.33.20, 8"
84818095;279;123;"79, 8480.20.00, 8480.30.00, 8480.4, 8480.50.00, 8480.60.00, 8480.7, 8481.10.00, 8481.30.00, 8481.40.00, 8481.80.11, 8481.80.19, 8481.80.21, 8481.80.29, 8481.80.39, 8481.80.92, 8481.80.93, 8481.80.94, 8481.80.95, 8481.80.96, 8481.80.97, 8481.80.99, 84.83, 84.84, 84.85, 84.86, 84.87, 8501.33.10, 8501.33.20, 8501.34.11, 8"
84818096;279;123;"00, 8480.30.00, 8480.4, 8480.50.00, 8480.60.00, 8480.7, 8481.10.00, 8481.30.00, 8481.40.00, 8481.80.11, 8481.80.19, 8481.80.21, 8481.80.29, 8481.80.39, 8481.80.92, 8481.80.93, 8481.80.94, 8481.80.95, 8481.80.96, 8481.80.97, 8481.80.99, 84.83, 84.84, 84.85, 84.86, 84.87, 8501.33.10, 8501.33.20, 8501.34.11, 8501.34.19, 8"
84818097;279;123;"00, 8480.4, 8480.50.00, 8480.60.00, 8480.7, 8481.10.00, 8481.30.00, 8481.40.00, 8481.80.11, 8481.80.19, 8481.80.21, 8481.80.29, 8481.80.39, 8481.80.92, 8481.80.93, 8481.80.94, 8481.80.95, 8481.80.96, 8481.80.97, 8481.80.99, 84.83, 84.84, 84.85, 84.86, 84.87, 8501.33.10, 8501.33.20, 8501.34.11, 8501.34.19, 8501.34.20, 8"
84818099;279;123;"8480.50.00, 8480.60.00, 8480.7, 8481.10.00, 8481.30.00, 8481.40.00, 8481.80.11, 8481.80.19, 8481.80.21, 8481.80.29, 8481.80.39, 8481.80.92, 8481.80.93, 8481.80.94, 8481.80.95, 8481.80.96, 8481.80.97, 8481.80.99, 84.83, 84.84, 84.85, 84.86, 84.87, 8501.33.10, 8501.33.20, 8501.34.11, 8501.34.19, 8501.34.20, 8501.51.10, 8"
85013310;279;123;"1.30.00, 8481.40.00, 8481.80.11, 8481.80.19, 8481.80.21, 8481.80.29, 8481.80.39, 8481.80.92, 8481.80.93, 8481.80.94, 8481.80.95, 8481.80.96, 8481.80.97, 8481.80.99, 84.83, 84.84, 84.85, 84.86, 84.87, 8501.33.10, 8501.33.20, 8501.34.11, 8501.34.19, 8501.34.20, 8501.51.10, 8501.51.20. 8501.51.90, 8501.52.10, 8501.52.20, "
85013320;279;123;"1.40.00, 8481.80.11, 8481.80.19, 8481.80.21, 8481.80.29, 8481.80.39, 8481.80.92, 8481.80.93, 8481.80.94, 8481.80.95, 8481.80.96, 8481.80.97, 8481.80.99, 84.83, 84.84, 84.85, 84.86, 84.87, 8501.33.10, 8501.33.20, 8501.34.11, 8501.34.19, 8501.34.20, 8501.51.10, 8501.51.20. 8501.51.90, 8501.52.10, 8501.52.20, 8501.52.90, "
85013411;279;123;"1.80.11, 8481.80.19, 8481.80.21, 8481.80.29, 8481.80.39, 8481.80.92, 8481.80.93, 8481.80.94, 8481.80.95, 8481.80.96, 8481.80.97, 8481.80.99, 84.83, 84.84, 84.85, 84.86, 84.87, 8501.33.10, 8501.33.20, 8501.34.11, 8501.34.19, 8501.34.20, 8501.51.10, 8501.51.20. 8501.51.90, 8501.52.10, 8501.52.20, 8501.52.90, 8501.53.10, "
85013419;279;123;"1.80.19, 8481.80.21, 8481.80.29, 8481.80.39, 8481.80.92, 8481.80.93, 8481.80.94, 8481.80.95, 8481.80.96, 8481.80.97, 8481.80.99, 84.83, 84.84, 84.85, 84.86, 84.87, 8501.33.10, 8501.33.20, 8501.34.11, 8501.34.19, 8501.34.20, 8501.51.10, 8501.51.20. 8501.51.90, 8501.52.10, 8501.52.20, 8501.52.90, 8501.53.10, 8501.53.20, "
85013420;279;123;"1.80.21, 8481.80.29, 8481.80.39, 8481.80.92, 8481.80.93, 8481.80.94, 8481.80.95, 8481.80.96, 8481.80.97, 8481.80.99, 84.83, 84.84, 84.85, 84.86, 84.87, 8501.33.10, 8501.33.20, 8501.34.11, 8501.34.19, 8501.34.20, 8501.51.10, 8501.51.20. 8501.51.90, 8501.52.10, 8501.52.20, 8501.52.90, 8501.53.10, 8501.53.20, 8501.53.30, "
85015110;279;123;"1.80.29, 8481.80.39, 8481.80.92, 8481.80.93, 8481.80.94, 8481.80.95, 8481.80.96, 8481.80.97, 8481.80.99, 84.83, 84.84, 84.85, 84.86, 84.87, 8501.33.10, 8501.33.20, 8501.34.11, 8501.34.19, 8501.34.20, 8501.51.10, 8501.51.20. 8501.51.90, 8501.52.10, 8501.52.20, 8501.52.90, 8501.53.10, 8501.53.20, 8501.53.30, 8501.53.90, "
85015120;279;123;"1.80.39, 8481.80.92, 8481.80.93, 8481.80.94, 8481.80.95, 8481.80.96, 8481.80.97, 8481.80.99, 84.83, 84.84, 84.85, 84.86, 84.87, 8501.33.10, 8501.33.20, 8501.34.11, 8501.34.19, 8501.34.20, 8501.51.10, 8501.51.20. 8501.51.90, 8501.52.10, 8501.52.20, 8501.52.90, 8501.53.10, 8501.53.20, 8501.53.30, 8501.53.90, 8501.61.00, "
85015190;279;123;"1.80.92, 8481.80.93, 8481.80.94, 8481.80.95, 8481.80.96, 8481.80.97, 8481.80.99, 84.83, 84.84, 84.85, 84.86, 84.87, 8501.33.10, 8501.33.20, 8501.34.11, 8501.34.19, 8501.34.20, 8501.51.10, 8501.51.20. 8501.51.90, 8501.52.10, 8501.52.20, 8501.52.90, 8501.53.10, 8501.53.20, 8501.53.30, 8501.53.90, 8501.61.00, 8501.62.00, "
85015210;279;123;"1.80.93, 8481.80.94, 8481.80.95, 8481.80.96, 8481.80.97, 8481.80.99, 84.83, 84.84, 84.85, 84.86, 84.87, 8501.33.10, 8501.33.20, 8501.34.11, 8501.34.19, 8501.34.20, 8501.51.10, 8501.51.20. 8501.51.90, 8501.52.10, 8501.52.20, 8501.52.90, 8501.53.10, 8501.53.20, 8501.53.30, 8501.53.90, 8501.61.00, 8501.62.00, 8501.63.00, "
85015220;279;123;"1.80.94, 8481.80.95, 8481.80.96, 8481.80.97, 8481.80.99, 84.83, 84.84, 84.85, 84.86, 84.87, 8501.33.10, 8501.33.20, 8501.34.11, 8501.34.19, 8501.34.20, 8501.51.10, 8501.51.20. 8501.51.90, 8501.52.10, 8501.52.20, 8501.52.90, 8501.53.10, 8501.53.20, 8501.53.30, 8501.53.90, 8501.61.00, 8501.62.00, 8501.63.00, 8501.64.00, "
85015290;279;123;"1.80.95, 8481.80.96, 8481.80.97, 8481.80.99, 84.83, 84.84, 84.85, 84.86, 84.87, 8501.33.10, 8501.33.20, 8501.34.11, 8501.34.19, 8501.34.20, 8501.51.10, 8501.51.20. 8501.51.90, 8501.52.10, 8501.52.20, 8501.52.90, 8501.53.10, 8501.53.20, 8501.53.30, 8501.53.90, 8501.61.00, 8501.62.00, 8501.63.00, 8501.64.00, 8501.80.00, "
85015310;279;123;"1.80.96, 8481.80.97, 8481.80.99, 84.83, 84.84, 84.85, 84.86, 84.87, 8501.33.10, 8501.33.20, 8501.34.11, 8501.34.19, 8501.34.20, 8501.51.10, 8501.51.20. 8501.51.90, 8501.52.10, 8501.52.20, 8501.52.90, 8501.53.10, 8501.53.20, 8501.53.30, 8501.53.90, 8501.61.00, 8501.62.00, 8501.63.00, 8501.64.00, 8501.80.00, 85.02, 8503."
85015320;279;123;"1.80.97, 8481.80.99, 84.83, 84.84, 84.85, 84.86, 84.87, 8501.33.10, 8501.33.20, 8501.34.11, 8501.34.19, 8501.34.20, 8501.51.10, 8501.51.20. 8501.51.90, 8501.52.10, 8501.52.20, 8501.52.90, 8501.53.10, 8501.53.20, 8501.53.30, 8501.53.90, 8501.61.00, 8501.62.00, 8501.63.00, 8501.64.00, 8501.80.00, 85.02, 8503.00.10, 8503."
85015330;279;123;"1.80.99, 84.83, 84.84, 84.85, 84.86, 84.87, 8501.33.10, 8501.33.20, 8501.34.11, 8501.34.19, 8501.34.20, 8501.51.10, 8501.51.20. 8501.51.90, 8501.52.10, 8501.52.20, 8501.52.90, 8501.53.10, 8501.53.20, 8501.53.30, 8501.53.90, 8501.61.00, 8501.62.00, 8501.63.00, 8501.64.00, 8501.80.00, 85.02, 8503.00.10, 8503.00.90, 8504."
85015390;279;123;"83, 84.84, 84.85, 84.86, 84.87, 8501.33.10, 8501.33.20, 8501.34.11, 8501.34.19, 8501.34.20, 8501.51.10, 8501.51.20. 8501.51.90, 8501.52.10, 8501.52.20, 8501.52.90, 8501.53.10, 8501.53.20, 8501.53.30, 8501.53.90, 8501.61.00, 8501.62.00, 8501.63.00, 8501.64.00, 8501.80.00, 85.02, 8503.00.10, 8503.00.90, 8504.21.00, 8504."
85016100;279;123;"4.85, 84.86, 84.87, 8501.33.10, 8501.33.20, 8501.34.11, 8501.34.19, 8501.34.20, 8501.51.10, 8501.51.20. 8501.51.90, 8501.52.10, 8501.52.20, 8501.52.90, 8501.53.10, 8501.53.20, 8501.53.30, 8501.53.90, 8501.61.00, 8501.62.00, 8501.63.00, 8501.64.00, 8501.80.00, 85.02, 8503.00.10, 8503.00.90, 8504.21.00, 8504.22.00, 8504."
85016200;279;123;" 84.87, 8501.33.10, 8501.33.20, 8501.34.11, 8501.34.19, 8501.34.20, 8501.51.10, 8501.51.20. 8501.51.90, 8501.52.10, 8501.52.20, 8501.52.90, 8501.53.10, 8501.53.20, 8501.53.30, 8501.53.90, 8501.61.00, 8501.62.00, 8501.63.00, 8501.64.00, 8501.80.00, 85.02, 8503.00.10, 8503.00.90, 8504.21.00, 8504.22.00, 8504.23.00, 8504."
85016300;279;123;".33.10, 8501.33.20, 8501.34.11, 8501.34.19, 8501.34.20, 8501.51.10, 8501.51.20. 8501.51.90, 8501.52.10, 8501.52.20, 8501.52.90, 8501.53.10, 8501.53.20, 8501.53.30, 8501.53.90, 8501.61.00, 8501.62.00, 8501.63.00, 8501.64.00, 8501.80.00, 85.02, 8503.00.10, 8503.00.90, 8504.21.00, 8504.22.00, 8504.23.00, 8504.33.00, 8504."
85016400;279;123;".33.20, 8501.34.11, 8501.34.19, 8501.34.20, 8501.51.10, 8501.51.20. 8501.51.90, 8501.52.10, 8501.52.20, 8501.52.90, 8501.53.10, 8501.53.20, 8501.53.30, 8501.53.90, 8501.61.00, 8501.62.00, 8501.63.00, 8501.64.00, 8501.80.00, 85.02, 8503.00.10, 8503.00.90, 8504.21.00, 8504.22.00, 8504.23.00, 8504.33.00, 8504.34.00, 8504."
85018000;279;123;".34.11, 8501.34.19, 8501.34.20, 8501.51.10, 8501.51.20. 8501.51.90, 8501.52.10, 8501.52.20, 8501.52.90, 8501.53.10, 8501.53.20, 8501.53.30, 8501.53.90, 8501.61.00, 8501.62.00, 8501.63.00, 8501.64.00, 8501.80.00, 85.02, 8503.00.10, 8503.00.90, 8504.21.00, 8504.22.00, 8504.23.00, 8504.33.00, 8504.34.00, 8504.40.30, 8504."
85030010;279;123;" 8501.34.20, 8501.51.10, 8501.51.20. 8501.51.90, 8501.52.10, 8501.52.20, 8501.52.90, 8501.53.10, 8501.53.20, 8501.53.30, 8501.53.90, 8501.61.00, 8501.62.00, 8501.63.00, 8501.64.00, 8501.80.00, 85.02, 8503.00.10, 8503.00.90, 8504.21.00, 8504.22.00, 8504.23.00, 8504.33.00, 8504.34.00, 8504.40.30, 8504.40.40, 8504.40.50, "
85030090;279;123;" 8501.51.10, 8501.51.20. 8501.51.90, 8501.52.10, 8501.52.20, 8501.52.90, 8501.53.10, 8501.53.20, 8501.53.30, 8501.53.90, 8501.61.00, 8501.62.00, 8501.63.00, 8501.64.00, 8501.80.00, 85.02, 8503.00.10, 8503.00.90, 8504.21.00, 8504.22.00, 8504.23.00, 8504.33.00, 8504.34.00, 8504.40.30, 8504.40.40, 8504.40.50, 8504.40.90, "
85042100;279;123;" 8501.51.20. 8501.51.90, 8501.52.10, 8501.52.20, 8501.52.90, 8501.53.10, 8501.53.20, 8501.53.30, 8501.53.90, 8501.61.00, 8501.62.00, 8501.63.00, 8501.64.00, 8501.80.00, 85.02, 8503.00.10, 8503.00.90, 8504.21.00, 8504.22.00, 8504.23.00, 8504.33.00, 8504.34.00, 8504.40.30, 8504.40.40, 8504.40.50, 8504.40.90, 8504.90.30, "
85042200;279;123;" 8501.51.90, 8501.52.10, 8501.52.20, 8501.52.90, 8501.53.10, 8501.53.20, 8501.53.30, 8501.53.90, 8501.61.00, 8501.62.00, 8501.63.00, 8501.64.00, 8501.80.00, 85.02, 8503.00.10, 8503.00.90, 8504.21.00, 8504.22.00, 8504.23.00, 8504.33.00, 8504.34.00, 8504.40.30, 8504.40.40, 8504.40.50, 8504.40.90, 8504.90.30, 8504.90.40, "
85042300;279;123;" 8501.52.10, 8501.52.20, 8501.52.90, 8501.53.10, 8501.53.20, 8501.53.30, 8501.53.90, 8501.61.00, 8501.62.00, 8501.63.00, 8501.64.00, 8501.80.00, 85.02, 8503.00.10, 8503.00.90, 8504.21.00, 8504.22.00, 8504.23.00, 8504.33.00, 8504.34.00, 8504.40.30, 8504.40.40, 8504.40.50, 8504.40.90, 8504.90.30, 8504.90.40, 8505.90.90, "
85043300;279;123;" 8501.52.20, 8501.52.90, 8501.53.10, 8501.53.20, 8501.53.30, 8501.53.90, 8501.61.00, 8501.62.00, 8501.63.00, 8501.64.00, 8501.80.00, 85.02, 8503.00.10, 8503.00.90, 8504.21.00, 8504.22.00, 8504.23.00, 8504.33.00, 8504.34.00, 8504.40.30, 8504.40.40, 8504.40.50, 8504.40.90, 8504.90.30, 8504.90.40, 8505.90.90, 8508.60.00, "
85043400;279;123;" 8501.52.90, 8501.53.10, 8501.53.20, 8501.53.30, 8501.53.90, 8501.61.00, 8501.62.00, 8501.63.00, 8501.64.00, 8501.80.00, 85.02, 8503.00.10, 8503.00.90, 8504.21.00, 8504.22.00, 8504.23.00, 8504.33.00, 8504.34.00, 8504.40.30, 8504.40.40, 8504.40.50, 8504.40.90, 8504.90.30, 8504.90.40, 8505.90.90, 8508.60.00, 8514.11.00, "
85044030;279;123;" 8501.53.10, 8501.53.20, 8501.53.30, 8501.53.90, 8501.61.00, 8501.62.00, 8501.63.00, 8501.64.00, 8501.80.00, 85.02, 8503.00.10, 8503.00.90, 8504.21.00, 8504.22.00, 8504.23.00, 8504.33.00, 8504.34.00, 8504.40.30, 8504.40.40, 8504.40.50, 8504.40.90, 8504.90.30, 8504.90.40, 8505.90.90, 8508.60.00, 8514.11.00, 8514.19.00, "
85044040;279;123;" 8501.53.20, 8501.53.30, 8501.53.90, 8501.61.00, 8501.62.00, 8501.63.00, 8501.64.00, 8501.80.00, 85.02, 8503.00.10, 8503.00.90, 8504.21.00, 8504.22.00, 8504.23.00, 8504.33.00, 8504.34.00, 8504.40.30, 8504.40.40, 8504.40.50, 8504.40.90, 8504.90.30, 8504.90.40, 8505.90.90, 8508.60.00, 8514.11.00, 8514.19.00, 8514.20.11, "
85044050;279;123;" 8501.53.30, 8501.53.90, 8501.61.00, 8501.62.00, 8501.63.00, 8501.64.00, 8501.80.00, 85.02, 8503.00.10, 8503.00.90, 8504.21.00, 8504.22.00, 8504.23.00, 8504.33.00, 8504.34.00, 8504.40.30, 8504.40.40, 8504.40.50, 8504.40.90, 8504.90.30, 8504.90.40, 8505.90.90, 8508.60.00, 8514.11.00, 8514.19.00, 8514.20.11, 8514.20.19, "
85044090;279;123;" 8501.53.90, 8501.61.00, 8501.62.00, 8501.63.00, 8501.64.00, 8501.80.00, 85.02, 8503.00.10, 8503.00.90, 8504.21.00, 8504.22.00, 8504.23.00, 8504.33.00, 8504.34.00, 8504.40.30, 8504.40.40, 8504.40.50, 8504.40.90, 8504.90.30, 8504.90.40, 8505.90.90, 8508.60.00, 8514.11.00, 8514.19.00, 8514.20.11, 8514.20.19, 8514.20.20, "
85049030;279;123;" 8501.61.00, 8501.62.00, 8501.63.00, 8501.64.00, 8501.80.00, 85.02, 8503.00.10, 8503.00.90, 8504.21.00, 8504.22.00, 8504.23.00, 8504.33.00, 8504.34.00, 8504.40.30, 8504.40.40, 8504.40.50, 8504.40.90, 8504.90.30, 8504.90.40, 8505.90.90, 8508.60.00, 8514.11.00, 8514.19.00, 8514.20.11, 8514.20.19, 8514.20.20, 8514.31.00, "
85049040;279;123;" 8501.62.00, 8501.63.00, 8501.64.00, 8501.80.00, 85.02, 8503.00.10, 8503.00.90, 8504.21.00, 8504.22.00, 8504.23.00, 8504.33.00, 8504.34.00, 8504.40.30, 8504.40.40, 8504.40.50, 8504.40.90, 8504.90.30, 8504.90.40, 8505.90.90, 8508.60.00, 8514.11.00, 8514.19.00, 8514.20.11, 8514.20.19, 8514.20.20, 8514.31.00, 8514.32.00, "
85059090;279;123;" 8501.63.00, 8501.64.00, 8501.80.00, 85.02, 8503.00.10, 8503.00.90, 8504.21.00, 8504.22.00, 8504.23.00, 8504.33.00, 8504.34.00, 8504.40.30, 8504.40.40, 8504.40.50, 8504.40.90, 8504.90.30, 8504.90.40, 8505.90.90, 8508.60.00, 8514.11.00, 8514.19.00, 8514.20.11, 8514.20.19, 8514.20.20, 8514.31.00, 8514.32.00, 8514.39.00, "
85086000;279;123;" 8501.64.00, 8501.80.00, 85.02, 8503.00.10, 8503.00.90, 8504.21.00, 8504.22.00, 8504.23.00, 8504.33.00, 8504.34.00, 8504.40.30, 8504.40.40, 8504.40.50, 8504.40.90, 8504.90.30, 8504.90.40, 8505.90.90, 8508.60.00, 8514.11.00, 8514.19.00, 8514.20.11, 8514.20.19, 8514.20.20, 8514.31.00, 8514.32.00, 8514.39.00, 8514.40.00, "
85141100;279;123;" 8501.80.00, 85.02, 8503.00.10, 8503.00.90, 8504.21.00, 8504.22.00, 8504.23.00, 8504.33.00, 8504.34.00, 8504.40.30, 8504.40.40, 8504.40.50, 8504.40.90, 8504.90.30, 8504.90.40, 8505.90.90, 8508.60.00, 8514.11.00, 8514.19.00, 8514.20.11, 8514.20.19, 8514.20.20, 8514.31.00, 8514.32.00, 8514.39.00, 8514.40.00, 8515.11.00, "
85141900;279;123;" 85.02, 8503.00.10, 8503.00.90, 8504.21.00, 8504.22.00, 8504.23.00, 8504.33.00, 8504.34.00, 8504.40.30, 8504.40.40, 8504.40.50, 8504.40.90, 8504.90.30, 8504.90.40, 8505.90.90, 8508.60.00, 8514.11.00, 8514.19.00, 8514.20.11, 8514.20.19, 8514.20.20, 8514.31.00, 8514.32.00, 8514.39.00, 8514.40.00, 8515.11.00, 8515.19.00, "
85142011;279;123;".00.10, 8503.00.90, 8504.21.00, 8504.22.00, 8504.23.00, 8504.33.00, 8504.34.00, 8504.40.30, 8504.40.40, 8504.40.50, 8504.40.90, 8504.90.30, 8504.90.40, 8505.90.90, 8508.60.00, 8514.11.00, 8514.19.00, 8514.20.11, 8514.20.19, 8514.20.20, 8514.31.00, 8514.32.00, 8514.39.00, 8514.40.00, 8515.11.00, 8515.19.00, 8515.21.00, "
85142019;279;123;".00.90, 8504.21.00, 8504.22.00, 8504.23.00, 8504.33.00, 8504.34.00, 8504.40.30, 8504.40.40, 8504.40.50, 8504.40.90, 8504.90.30, 8504.90.40, 8505.90.90, 8508.60.00, 8514.11.00, 8514.19.00, 8514.20.11, 8514.20.19, 8514.20.20, 8514.31.00, 8514.32.00, 8514.39.00, 8514.40.00, 8515.11.00, 8515.19.00, 8515.21.00, 8515.29.00, "
85142020;279;123;".21.00, 8504.22.00, 8504.23.00, 8504.33.00, 8504.34.00, 8504.40.30, 8504.40.40, 8504.40.50, 8504.40.90, 8504.90.30, 8504.90.40, 8505.90.90, 8508.60.00, 8514.11.00, 8514.19.00, 8514.20.11, 8514.20.19, 8514.20.20, 8514.31.00, 8514.32.00, 8514.39.00, 8514.40.00, 8515.11.00, 8515.19.00, 8515.21.00, 8515.29.00, 8515.31.10, "
85143100;279;123;".22.00, 8504.23.00, 8504.33.00, 8504.34.00, 8504.40.30, 8504.40.40, 8504.40.50, 8504.40.90, 8504.90.30, 8504.90.40, 8505.90.90, 8508.60.00, 8514.11.00, 8514.19.00, 8514.20.11, 8514.20.19, 8514.20.20, 8514.31.00, 8514.32.00, 8514.39.00, 8514.40.00, 8515.11.00, 8515.19.00, 8515.21.00, 8515.29.00, 8515.31.10, 8515.31.90, "
85143200;279;123;".23.00, 8504.33.00, 8504.34.00, 8504.40.30, 8504.40.40, 8504.40.50, 8504.40.90, 8504.90.30, 8504.90.40, 8505.90.90, 8508.60.00, 8514.11.00, 8514.19.00, 8514.20.11, 8514.20.19, 8514.20.20, 8514.31.00, 8514.32.00, 8514.39.00, 8514.40.00, 8515.11.00, 8515.19.00, 8515.21.00, 8515.29.00, 8515.31.10, 8515.31.90, 8515.39.00, "
85143900;279;123;".33.00, 8504.34.00, 8504.40.30, 8504.40.40, 8504.40.50, 8504.40.90, 8504.90.30, 8504.90.40, 8505.90.90, 8508.60.00, 8514.11.00, 8514.19.00, 8514.20.11, 8514.20.19, 8514.20.20, 8514.31.00, 8514.32.00, 8514.39.00, 8514.40.00, 8515.11.00, 8515.19.00, 8515.21.00, 8515.29.00, 8515.31.10, 8515.31.90, 8515.39.00, 8515.80.10, "
85144000;279;123;".34.00, 8504.40.30, 8504.40.40, 8504.40.50, 8504.40.90, 8504.90.30, 8504.90.40, 8505.90.90, 8508.60.00, 8514.11.00, 8514.19.00, 8514.20.11, 8514.20.19, 8514.20.20, 8514.31.00, 8514.32.00, 8514.39.00, 8514.40.00, 8515.11.00, 8515.19.00, 8515.21.00, 8515.29.00, 8515.31.10, 8515.31.90, 8515.39.00, 8515.80.10, 8515.80.90, "
85151100;279;123;".40.30, 8504.40.40, 8504.40.50, 8504.40.90, 8504.90.30, 8504.90.40, 8505.90.90, 8508.60.00, 8514.11.00, 8514.19.00, 8514.20.11, 8514.20.19, 8514.20.20, 8514.31.00, 8514.32.00, 8514.39.00, 8514.40.00, 8515.11.00, 8515.19.00, 8515.21.00, 8515.29.00, 8515.31.10, 8515.31.90, 8515.39.00, 8515.80.10, 8515.80.90, 8543.30.10, "
85151900;279;123;".40.40, 8504.40.50, 8504.40.90, 8504.90.30, 8504.90.40, 8505.90.90, 8508.60.00, 8514.11.00, 8514.19.00, 8514.20.11, 8514.20.19, 8514.20.20, 8514.31.00, 8514.32.00, 8514.39.00, 8514.40.00, 8515.11.00, 8515.19.00, 8515.21.00, 8515.29.00, 8515.31.10, 8515.31.90, 8515.39.00, 8515.80.10, 8515.80.90, 8543.30.10, 8543.30.90, "
85152100;279;123;".40.50, 8504.40.90, 8504.90.30, 8504.90.40, 8505.90.90, 8508.60.00, 8514.11.00, 8514.19.00, 8514.20.11, 8514.20.19, 8514.20.20, 8514.31.00, 8514.32.00, 8514.39.00, 8514.40.00, 8515.11.00, 8515.19.00, 8515.21.00, 8515.29.00, 8515.31.10, 8515.31.90, 8515.39.00, 8515.80.10, 8515.80.90, 8543.30.10, 8543.30.90, 8601.10.00, "
85152900;279;123;".40.90, 8504.90.30, 8504.90.40, 8505.90.90, 8508.60.00, 8514.11.00, 8514.19.00, 8514.20.11, 8514.20.19, 8514.20.20, 8514.31.00, 8514.32.00, 8514.39.00, 8514.40.00, 8515.11.00, 8515.19.00, 8515.21.00, 8515.29.00, 8515.31.10, 8515.31.90, 8515.39.00, 8515.80.10, 8515.80.90, 8543.30.10, 8543.30.90, 8601.10.00, 8602.10.00, "
85153110;279;123;".90.30, 8504.90.40, 8505.90.90, 8508.60.00, 8514.11.00, 8514.19.00, 8514.20.11, 8514.20.19, 8514.20.20, 8514.31.00, 8514.32.00, 8514.39.00, 8514.40.00, 8515.11.00, 8515.19.00, 8515.21.00, 8515.29.00, 8515.31.10, 8515.31.90, 8515.39.00, 8515.80.10, 8515.80.90, 8543.30.10, 8543.30.90, 8601.10.00, 8602.10.00, 8604.00.90, "
85153190;279;123;".90.40, 8505.90.90, 8508.60.00, 8514.11.00, 8514.19.00, 8514.20.11, 8514.20.19, 8514.20.20, 8514.31.00, 8514.32.00, 8514.39.00, 8514.40.00, 8515.11.00, 8515.19.00, 8515.21.00, 8515.29.00, 8515.31.10, 8515.31.90, 8515.39.00, 8515.80.10, 8515.80.90, 8543.30.10, 8543.30.90, 8601.10.00, 8602.10.00, 8604.00.90, 8701.10.00, "
85153900;279;123;".90.90, 8508.60.00, 8514.11.00, 8514.19.00, 8514.20.11, 8514.20.19, 8514.20.20, 8514.31.00, 8514.32.00, 8514.39.00, 8514.40.00, 8515.11.00, 8515.19.00, 8515.21.00, 8515.29.00, 8515.31.10, 8515.31.90, 8515.39.00, 8515.80.10, 8515.80.90, 8543.30.10, 8543.30.90, 8601.10.00, 8602.10.00, 8604.00.90, 8701.10.00, 8701.30.00, "
85158010;279;123;".60.00, 8514.11.00, 8514.19.00, 8514.20.11, 8514.20.19, 8514.20.20, 8514.31.00, 8514.32.00, 8514.39.00, 8514.40.00, 8515.11.00, 8515.19.00, 8515.21.00, 8515.29.00, 8515.31.10, 8515.31.90, 8515.39.00, 8515.80.10, 8515.80.90, 8543.30.10, 8543.30.90, 8601.10.00, 8602.10.00, 8604.00.90, 8701.10.00, 8701.30.00, 8701.94.10, "
85158090;279;123;".11.00, 8514.19.00, 8514.20.11, 8514.20.19, 8514.20.20, 8514.31.00, 8514.32.00, 8514.39.00, 8514.40.00, 8515.11.00, 8515.19.00, 8515.21.00, 8515.29.00, 8515.31.10, 8515.31.90, 8515.39.00, 8515.80.10, 8515.80.90, 8543.30.10, 8543.30.90, 8601.10.00, 8602.10.00, 8604.00.90, 8701.10.00, 8701.30.00, 8701.94.10, 8701.95.10, "
85433010;279;123;".19.00, 8514.20.11, 8514.20.19, 8514.20.20, 8514.31.00, 8514.32.00, 8514.39.00, 8514.40.00, 8515.11.00, 8515.19.00, 8515.21.00, 8515.29.00, 8515.31.10, 8515.31.90, 8515.39.00, 8515.80.10, 8515.80.90, 8543.30.10, 8543.30.90, 8601.10.00, 8602.10.00, 8604.00.90, 8701.10.00, 8701.30.00, 8701.94.10, 8701.95.10, 8701.91.00, "
85433090;279;123;".20.11, 8514.20.19, 8514.20.20, 8514.31.00, 8514.32.00, 8514.39.00, 8514.40.00, 8515.11.00, 8515.19.00, 8515.21.00, 8515.29.00, 8515.31.10, 8515.31.90, 8515.39.00, 8515.80.10, 8515.80.90, 8543.30.10, 8543.30.90, 8601.10.00, 8602.10.00, 8604.00.90, 8701.10.00, 8701.30.00, 8701.94.10, 8701.95.10, 8701.91.00, 98701.92.00,"
86011000;279;123;".20.19, 8514.20.20, 8514.31.00, 8514.32.00, 8514.39.00, 8514.40.00, 8515.11.00, 8515.19.00, 8515.21.00, 8515.29.00, 8515.31.10, 8515.31.90, 8515.39.00, 8515.80.10, 8515.80.90, 8543.30.10, 8543.30.90, 8601.10.00, 8602.10.00, 8604.00.90, 8701.10.00, 8701.30.00, 8701.94.10, 8701.95.10, 8701.91.00, 98701.92.00, 8701.93.00,"
86021000;279;123;".20.20, 8514.31.00, 8514.32.00, 8514.39.00, 8514.40.00, 8515.11.00, 8515.19.00, 8515.21.00, 8515.29.00, 8515.31.10, 8515.31.90, 8515.39.00, 8515.80.10, 8515.80.90, 8543.30.10, 8543.30.90, 8601.10.00, 8602.10.00, 8604.00.90, 8701.10.00, 8701.30.00, 8701.94.10, 8701.95.10, 8701.91.00, 98701.92.00, 8701.93.00, 8701.94.90,"
86040090;279;123;".31.00, 8514.32.00, 8514.39.00, 8514.40.00, 8515.11.00, 8515.19.00, 8515.21.00, 8515.29.00, 8515.31.10, 8515.31.90, 8515.39.00, 8515.80.10, 8515.80.90, 8543.30.10, 8543.30.90, 8601.10.00, 8602.10.00, 8604.00.90, 8701.10.00, 8701.30.00, 8701.94.10, 8701.95.10, 8701.91.00, 98701.92.00, 8701.93.00, 8701.94.90, 8701.95.90,"
87011000;279;123;".32.00, 8514.39.00, 8514.40.00, 8515.11.00, 8515.19.00, 8515.21.00, 8515.29.00, 8515.31.10, 8515.31.90, 8515.39.00, 8515.80.10, 8515.80.90, 8543.30.10, 8543.30.90, 8601.10.00, 8602.10.00, 8604.00.90, 8701.10.00, 8701.30.00, 8701.94.10, 8701.95.10, 8701.91.00, 98701.92.00, 8701.93.00, 8701.94.90, 8701.95.90, 8705.10.10,"
87013000;279;123;".39.00, 8514.40.00, 8515.11.00, 8515.19.00, 8515.21.00, 8515.29.00, 8515.31.10, 8515.31.90, 8515.39.00, 8515.80.10, 8515.80.90, 8543.30.10, 8543.30.90, 8601.10.00, 8602.10.00, 8604.00.90, 8701.10.00, 8701.30.00, 8701.94.10, 8701.95.10, 8701.91.00, 98701.92.00, 8701.93.00, 8701.94.90, 8701.95.90, 8705.10.10, 8705.10.90,"
87019410;279;123;".40.00, 8515.11.00, 8515.19.00, 8515.21.00, 8515.29.00, 8515.31.10, 8515.31.90, 8515.39.00, 8515.80.10, 8515.80.90, 8543.30.10, 8543.30.90, 8601.10.00, 8602.10.00, 8604.00.90, 8701.10.00, 8701.30.00, 8701.94.10, 8701.95.10, 8701.91.00, 98701.92.00, 8701.93.00, 8701.94.90, 8701.95.90, 8705.10.10, 8705.10.90, 8705.20.00,"
87019510;279;123;".11.00, 8515.19.00, 8515.21.00, 8515.29.00, 8515.31.10, 8515.31.90, 8515.39.00, 8515.80.10, 8515.80.90, 8543.30.10, 8543.30.90, 8601.10.00, 8602.10.00, 8604.00.90, 8701.10.00, 8701.30.00, 8701.94.10, 8701.95.10, 8701.91.00, 98701.92.00, 8701.93.00, 8701.94.90, 8701.95.90, 8705.10.10, 8705.10.90, 8705.20.00, 8705.30.00,"
87019100;279;123;".19.00, 8515.21.00, 8515.29.00, 8515.31.10, 8515.31.90, 8515.39.00, 8515.80.10, 8515.80.90, 8543.30.10, 8543.30.90, 8601.10.00, 8602.10.00, 8604.00.90, 8701.10.00, 8701.30.00, 8701.94.10, 8701.95.10, 8701.91.00, 98701.92.00, 8701.93.00, 8701.94.90, 8701.95.90, 8705.10.10, 8705.10.90, 8705.20.00, 8705.30.00, 8705.40.00,"
87019300;279;123;"29.00, 8515.31.10, 8515.31.90, 8515.39.00, 8515.80.10, 8515.80.90, 8543.30.10, 8543.30.90, 8601.10.00, 8602.10.00, 8604.00.90, 8701.10.00, 8701.30.00, 8701.94.10, 8701.95.10, 8701.91.00, 98701.92.00, 8701.93.00, 8701.94.90, 8701.95.90, 8705.10.10, 8705.10.90, 8705.20.00, 8705.30.00, 8705.40.00, 8705.90.10, 8705.90.90, "
87019490;279;123;"31.10, 8515.31.90, 8515.39.00, 8515.80.10, 8515.80.90, 8543.30.10, 8543.30.90, 8601.10.00, 8602.10.00, 8604.00.90, 8701.10.00, 8701.30.00, 8701.94.10, 8701.95.10, 8701.91.00, 98701.92.00, 8701.93.00, 8701.94.90, 8701.95.90, 8705.10.10, 8705.10.90, 8705.20.00, 8705.30.00, 8705.40.00, 8705.90.10, 8705.90.90, 8716.20.00, "
87019590;279;123;"31.90, 8515.39.00, 8515.80.10, 8515.80.90, 8543.30.10, 8543.30.90, 8601.10.00, 8602.10.00, 8604.00.90, 8701.10.00, 8701.30.00, 8701.94.10, 8701.95.10, 8701.91.00, 98701.92.00, 8701.93.00, 8701.94.90, 8701.95.90, 8705.10.10, 8705.10.90, 8705.20.00, 8705.30.00, 8705.40.00, 8705.90.10, 8705.90.90, 8716.20.00, 9017.30.10, "
87051010;279;123;"39.00, 8515.80.10, 8515.80.90, 8543.30.10, 8543.30.90, 8601.10.00, 8602.10.00, 8604.00.90, 8701.10.00, 8701.30.00, 8701.94.10, 8701.95.10, 8701.91.00, 98701.92.00, 8701.93.00, 8701.94.90, 8701.95.90, 8705.10.10, 8705.10.90, 8705.20.00, 8705.30.00, 8705.40.00, 8705.90.10, 8705.90.90, 8716.20.00, 9017.30.10, 9017.30.20, "
87051090;279;123;"80.10, 8515.80.90, 8543.30.10, 8543.30.90, 8601.10.00, 8602.10.00, 8604.00.90, 8701.10.00, 8701.30.00, 8701.94.10, 8701.95.10, 8701.91.00, 98701.92.00, 8701.93.00, 8701.94.90, 8701.95.90, 8705.10.10, 8705.10.90, 8705.20.00, 8705.30.00, 8705.40.00, 8705.90.10, 8705.90.90, 8716.20.00, 9017.30.10, 9017.30.20, 9017.30.90, "
87052000;279;123;"80.90, 8543.30.10, 8543.30.90, 8601.10.00, 8602.10.00, 8604.00.90, 8701.10.00, 8701.30.00, 8701.94.10, 8701.95.10, 8701.91.00, 98701.92.00, 8701.93.00, 8701.94.90, 8701.95.90, 8705.10.10, 8705.10.90, 8705.20.00, 8705.30.00, 8705.40.00, 8705.90.10, 8705.90.90, 8716.20.00, 9017.30.10, 9017.30.20, 9017.30.90, 9024.10.10, "
87053000;279;123;"30.10, 8543.30.90, 8601.10.00, 8602.10.00, 8604.00.90, 8701.10.00, 8701.30.00, 8701.94.10, 8701.95.10, 8701.91.00, 98701.92.00, 8701.93.00, 8701.94.90, 8701.95.90, 8705.10.10, 8705.10.90, 8705.20.00, 8705.30.00, 8705.40.00, 8705.90.10, 8705.90.90, 8716.20.00, 9017.30.10, 9017.30.20, 9017.30.90, 9024.10.10, 9024.10.20, "
87054000;279;123;"30.90, 8601.10.00, 8602.10.00, 8604.00.90, 8701.10.00, 8701.30.00, 8701.94.10, 8701.95.10, 8701.91.00, 98701.92.00, 8701.93.00, 8701.94.90, 8701.95.90, 8705.10.10, 8705.10.90, 8705.20.00, 8705.30.00, 8705.40.00, 8705.90.10, 8705.90.90, 8716.20.00, 9017.30.10, 9017.30.20, 9017.30.90, 9024.10.10, 9024.10.20, 9024.10.90, "
87059010;279;123;"10.00, 8602.10.00, 8604.00.90, 8701.10.00, 8701.30.00, 8701.94.10, 8701.95.10, 8701.91.00, 98701.92.00, 8701.93.00, 8701.94.90, 8701.95.90, 8705.10.10, 8705.10.90, 8705.20.00, 8705.30.00, 8705.40.00, 8705.90.10, 8705.90.90, 8716.20.00, 9017.30.10, 9017.30.20, 9017.30.90, 9024.10.10, 9024.10.20, 9024.10.90, 9024.80.11, "
87059090;279;123;"10.00, 8604.00.90, 8701.10.00, 8701.30.00, 8701.94.10, 8701.95.10, 8701.91.00, 98701.92.00, 8701.93.00, 8701.94.90, 8701.95.90, 8705.10.10, 8705.10.90, 8705.20.00, 8705.30.00, 8705.40.00, 8705.90.10, 8705.90.90, 8716.20.00, 9017.30.10, 9017.30.20, 9017.30.90, 9024.10.10, 9024.10.20, 9024.10.90, 9024.80.11, 9024.80.19, "
87162000;279;123;"00.90, 8701.10.00, 8701.30.00, 8701.94.10, 8701.95.10, 8701.91.00, 98701.92.00, 8701.93.00, 8701.94.90, 8701.95.90, 8705.10.10, 8705.10.90, 8705.20.00, 8705.30.00, 8705.40.00, 8705.90.10, 8705.90.90, 8716.20.00, 9017.30.10, 9017.30.20, 9017.30.90, 9024.10.10, 9024.10.20, 9024.10.90, 9024.80.11, 9024.80.19, 9024.80.21, "
90173010;279;123;"10.00, 8701.30.00, 8701.94.10, 8701.95.10, 8701.91.00, 98701.92.00, 8701.93.00, 8701.94.90, 8701.95.90, 8705.10.10, 8705.10.90, 8705.20.00, 8705.30.00, 8705.40.00, 8705.90.10, 8705.90.90, 8716.20.00, 9017.30.10, 9017.30.20, 9017.30.90, 9024.10.10, 9024.10.20, 9024.10.90, 9024.80.11, 9024.80.19, 9024.80.21, 9024.80.29, "
90173020;279;123;"30.00, 8701.94.10, 8701.95.10, 8701.91.00, 98701.92.00, 8701.93.00, 8701.94.90, 8701.95.90, 8705.10.10, 8705.10.90, 8705.20.00, 8705.30.00, 8705.40.00, 8705.90.10, 8705.90.90, 8716.20.00, 9017.30.10, 9017.30.20, 9017.30.90, 9024.10.10, 9024.10.20, 9024.10.90, 9024.80.11, 9024.80.19, 9024.80.21, 9024.80.29, 9024.80.90, "
90173090;279;123;"94.10, 8701.95.10, 8701.91.00, 98701.92.00, 8701.93.00, 8701.94.90, 8701.95.90, 8705.10.10, 8705.10.90, 8705.20.00, 8705.30.00, 8705.40.00, 8705.90.10, 8705.90.90, 8716.20.00, 9017.30.10, 9017.30.20, 9017.30.90, 9024.10.10, 9024.10.20, 9024.10.90, 9024.80.11, 9024.80.19, 9024.80.21, 9024.80.29, 9024.80.90, 9024.90.00, "
90241010;279;123;"95.10, 8701.91.00, 98701.92.00, 8701.93.00, 8701.94.90, 8701.95.90, 8705.10.10, 8705.10.90, 8705.20.00, 8705.30.00, 8705.40.00, 8705.90.10, 8705.90.90, 8716.20.00, 9017.30.10, 9017.30.20, 9017.30.90, 9024.10.10, 9024.10.20, 9024.10.90, 9024.80.11, 9024.80.19, 9024.80.21, 9024.80.29, 9024.80.90, 9024.90.00, 9025.19.10, "
90241020;279;123;"91.00, 98701.92.00, 8701.93.00, 8701.94.90, 8701.95.90, 8705.10.10, 8705.10.90, 8705.20.00, 8705.30.00, 8705.40.00, 8705.90.10, 8705.90.90, 8716.20.00, 9017.30.10, 9017.30.20, 9017.30.90, 9024.10.10, 9024.10.20, 9024.10.90, 9024.80.11, 9024.80.19, 9024.80.21, 9024.80.29, 9024.80.90, 9024.90.00, 9025.19.10, 9025.19.90, "
90241090;279;123;".92.00, 8701.93.00, 8701.94.90, 8701.95.90, 8705.10.10, 8705.10.90, 8705.20.00, 8705.30.00, 8705.40.00, 8705.90.10, 8705.90.90, 8716.20.00, 9017.30.10, 9017.30.20, 9017.30.90, 9024.10.10, 9024.10.20, 9024.10.90, 9024.80.11, 9024.80.19, 9024.80.21, 9024.80.29, 9024.80.90, 9024.90.00, 9025.19.10, 9025.19.90, 9025.80.00, "
90248011;279;123;".93.00, 8701.94.90, 8701.95.90, 8705.10.10, 8705.10.90, 8705.20.00, 8705.30.00, 8705.40.00, 8705.90.10, 8705.90.90, 8716.20.00, 9017.30.10, 9017.30.20, 9017.30.90, 9024.10.10, 9024.10.20, 9024.10.90, 9024.80.11, 9024.80.19, 9024.80.21, 9024.80.29, 9024.80.90, 9024.90.00, 9025.19.10, 9025.19.90, 9025.80.00, 9025.90.10, "
90248019;279;123;".94.90, 8701.95.90, 8705.10.10, 8705.10.90, 8705.20.00, 8705.30.00, 8705.40.00, 8705.90.10, 8705.90.90, 8716.20.00, 9017.30.10, 9017.30.20, 9017.30.90, 9024.10.10, 9024.10.20, 9024.10.90, 9024.80.11, 9024.80.19, 9024.80.21, 9024.80.29, 9024.80.90, 9024.90.00, 9025.19.10, 9025.19.90, 9025.80.00, 9025.90.10, 9025.90.90, "
90248021;279;123;".95.90, 8705.10.10, 8705.10.90, 8705.20.00, 8705.30.00, 8705.40.00, 8705.90.10, 8705.90.90, 8716.20.00, 9017.30.10, 9017.30.20, 9017.30.90, 9024.10.10, 9024.10.20, 9024.10.90, 9024.80.11, 9024.80.19, 9024.80.21, 9024.80.29, 9024.80.90, 9024.90.00, 9025.19.10, 9025.19.90, 9025.80.00, 9025.90.10, 9025.90.90, 9026.10.19, "
90248029;279;123;".10.10, 8705.10.90, 8705.20.00, 8705.30.00, 8705.40.00, 8705.90.10, 8705.90.90, 8716.20.00, 9017.30.10, 9017.30.20, 9017.30.90, 9024.10.10, 9024.10.20, 9024.10.90, 9024.80.11, 9024.80.19, 9024.80.21, 9024.80.29, 9024.80.90, 9024.90.00, 9025.19.10, 9025.19.90, 9025.80.00, 9025.90.10, 9025.90.90, 9026.10.19, 9026.10.21, "
90248090;279;123;".10.90, 8705.20.00, 8705.30.00, 8705.40.00, 8705.90.10, 8705.90.90, 8716.20.00, 9017.30.10, 9017.30.20, 9017.30.90, 9024.10.10, 9024.10.20, 9024.10.90, 9024.80.11, 9024.80.19, 9024.80.21, 9024.80.29, 9024.80.90, 9024.90.00, 9025.19.10, 9025.19.90, 9025.80.00, 9025.90.10, 9025.90.90, 9026.10.19, 9026.10.21, 9026.10.29, "
90249000;279;123;".20.00, 8705.30.00, 8705.40.00, 8705.90.10, 8705.90.90, 8716.20.00, 9017.30.10, 9017.30.20, 9017.30.90, 9024.10.10, 9024.10.20, 9024.10.90, 9024.80.11, 9024.80.19, 9024.80.21, 9024.80.29, 9024.80.90, 9024.90.00, 9025.19.10, 9025.19.90, 9025.80.00, 9025.90.10, 9025.90.90, 9026.10.19, 9026.10.21, 9026.10.29, 9026.20.10, "
90251910;279;123;".30.00, 8705.40.00, 8705.90.10, 8705.90.90, 8716.20.00, 9017.30.10, 9017.30.20, 9017.30.90, 9024.10.10, 9024.10.20, 9024.10.90, 9024.80.11, 9024.80.19, 9024.80.21, 9024.80.29, 9024.80.90, 9024.90.00, 9025.19.10, 9025.19.90, 9025.80.00, 9025.90.10, 9025.90.90, 9026.10.19, 9026.10.21, 9026.10.29, 9026.20.10, 9026.20.90, "
90251990;279;123;".40.00, 8705.90.10, 8705.90.90, 8716.20.00, 9017.30.10, 9017.30.20, 9017.30.90, 9024.10.10, 9024.10.20, 9024.10.90, 9024.80.11, 9024.80.19, 9024.80.21, 9024.80.29, 9024.80.90, 9024.90.00, 9025.19.10, 9025.19.90, 9025.80.00, 9025.90.10, 9025.90.90, 9026.10.19, 9026.10.21, 9026.10.29, 9026.20.10, 9026.20.90, 9026.80.00, "
90258000;279;123;".90.10, 8705.90.90, 8716.20.00, 9017.30.10, 9017.30.20, 9017.30.90, 9024.10.10, 9024.10.20, 9024.10.90, 9024.80.11, 9024.80.19, 9024.80.21, 9024.80.29, 9024.80.90, 9024.90.00, 9025.19.10, 9025.19.90, 9025.80.00, 9025.90.10, 9025.90.90, 9026.10.19, 9026.10.21, 9026.10.29, 9026.20.10, 9026.20.90, 9026.80.00, 9026.90.10, "
90259010;279;123;".90.90, 8716.20.00, 9017.30.10, 9017.30.20, 9017.30.90, 9024.10.10, 9024.10.20, 9024.10.90, 9024.80.11, 9024.80.19, 9024.80.21, 9024.80.29, 9024.80.90, 9024.90.00, 9025.19.10, 9025.19.90, 9025.80.00, 9025.90.10, 9025.90.90, 9026.10.19, 9026.10.21, 9026.10.29, 9026.20.10, 9026.20.90, 9026.80.00, 9026.90.10, 08/08/2026, "
90259090;279;123;".20.00, 9017.30.10, 9017.30.20, 9017.30.90, 9024.10.10, 9024.10.20, 9024.10.90, 9024.80.11, 9024.80.19, 9024.80.21, 9024.80.29, 9024.80.90, 9024.90.00, 9025.19.10, 9025.19.90, 9025.80.00, 9025.90.10, 9025.90.90, 9026.10.19, 9026.10.21, 9026.10.29, 9026.20.10, 9026.20.90, 9026.80.00, 9026.90.10, 08/08/2026, 09:51 INSTRU"
90261019;279;123;".30.10, 9017.30.20, 9017.30.90, 9024.10.10, 9024.10.20, 9024.10.90, 9024.80.11, 9024.80.19, 9024.80.21, 9024.80.29, 9024.80.90, 9024.90.00, 9025.19.10, 9025.19.90, 9025.80.00, 9025.90.10, 9025.90.90, 9026.10.19, 9026.10.21, 9026.10.29, 9026.20.10, 9026.20.90, 9026.80.00, 9026.90.10, 08/08/2026, 09:51 INSTRUÇÃO NORMATIV"
90261021;279;123;".30.20, 9017.30.90, 9024.10.10, 9024.10.20, 9024.10.90, 9024.80.11, 9024.80.19, 9024.80.21, 9024.80.29, 9024.80.90, 9024.90.00, 9025.19.10, 9025.19.90, 9025.80.00, 9025.90.10, 9025.90.90, 9026.10.19, 9026.10.21, 9026.10.29, 9026.20.10, 9026.20.90, 9026.80.00, 9026.90.10, 08/08/2026, 09:51 INSTRUÇÃO NORMATIVA RFB Nº 2.1"
90261029;279;123;".30.90, 9024.10.10, 9024.10.20, 9024.10.90, 9024.80.11, 9024.80.19, 9024.80.21, 9024.80.29, 9024.80.90, 9024.90.00, 9025.19.10, 9025.19.90, 9025.80.00, 9025.90.10, 9025.90.90, 9026.10.19, 9026.10.21, 9026.10.29, 9026.20.10, 9026.20.90, 9026.80.00, 9026.90.10, 08/08/2026, 09:51 INSTRUÇÃO NORMATIVA RFB Nº 2.121, DE 15 DE"
90262010;279;123;".10.10, 9024.10.20, 9024.10.90, 9024.80.11, 9024.80.19, 9024.80.21, 9024.80.29, 9024.80.90, 9024.90.00, 9025.19.10, 9025.19.90, 9025.80.00, 9025.90.10, 9025.90.90, 9026.10.19, 9026.10.21, 9026.10.29, 9026.20.10, 9026.20.90, 9026.80.00, 9026.90.10, 08/08/2026, 09:51 INSTRUÇÃO NORMATIVA RFB Nº 2.121, DE 15 DE DEZEMBRO DE"
90262090;279;123;".10.20, 9024.10.90, 9024.80.11, 9024.80.19, 9024.80.21, 9024.80.29, 9024.80.90, 9024.90.00, 9025.19.10, 9025.19.90, 9025.80.00, 9025.90.10, 9025.90.90, 9026.10.19, 9026.10.21, 9026.10.29, 9026.20.10, 9026.20.90, 9026.80.00, 9026.90.10, 08/08/2026, 09:51 INSTRUÇÃO NORMATIVA RFB Nº 2.121, DE 15 DE DEZEMBRO DE 2022 - INST"
90268000;279;123;".10.90, 9024.80.11, 9024.80.19, 9024.80.21, 9024.80.29, 9024.80.90, 9024.90.00, 9025.19.10, 9025.19.90, 9025.80.00, 9025.90.10, 9025.90.90, 9026.10.19, 9026.10.21, 9026.10.29, 9026.20.10, 9026.20.90, 9026.80.00, 9026.90.10, 08/08/2026, 09:51 INSTRUÇÃO NORMATIVA RFB Nº 2.121, DE 15 DE DEZEMBRO DE 2022 - INSTRUÇÃO NORMAT"
90269010;279;123;".80.11, 9024.80.19, 9024.80.21, 9024.80.29, 9024.80.90, 9024.90.00, 9025.19.10, 9025.19.90, 9025.80.00, 9025.90.10, 9025.90.90, 9026.10.19, 9026.10.21, 9026.10.29, 9026.20.10, 9026.20.90, 9026.80.00, 9026.90.10, 08/08/2026, 09:51 INSTRUÇÃO NORMATIVA RFB Nº 2.121, DE 15 DE DEZEMBRO DE 2022 - INSTRUÇÃO NORMATIVA RFB Nº 2"
90269020;279;123;" - INSTRUÇÃO NORMATIVA RFB Nº 2.121, DE 15 DE DEZEMBRO DE 2022 - DOU - Imprensa Nacional https://www.in.gov.br/en/web/dou/-/instrucao-normativa-rfb-n-2.121-de-15-de-dezembro-de-2022-452045866 122/316 9026.90.20, 9026.90.90, 9027.10.00, 9027.20.11, 9027.20.12, 9027.20.19, 9027.20.21, 9027.20.29, 9027.30.11, 9027.30.19, "
90269090;279;123;" NORMATIVA RFB Nº 2.121, DE 15 DE DEZEMBRO DE 2022 - DOU - Imprensa Nacional https://www.in.gov.br/en/web/dou/-/instrucao-normativa-rfb-n-2.121-de-15-de-dezembro-de-2022-452045866 122/316 9026.90.20, 9026.90.90, 9027.10.00, 9027.20.11, 9027.20.12, 9027.20.19, 9027.20.21, 9027.20.29, 9027.30.11, 9027.30.19, 9027.30.20, "
90271000;279;123;"FB Nº 2.121, DE 15 DE DEZEMBRO DE 2022 - DOU - Imprensa Nacional https://www.in.gov.br/en/web/dou/-/instrucao-normativa-rfb-n-2.121-de-15-de-dezembro-de-2022-452045866 122/316 9026.90.20, 9026.90.90, 9027.10.00, 9027.20.11, 9027.20.12, 9027.20.19, 9027.20.21, 9027.20.29, 9027.30.11, 9027.30.19, 9027.30.20, 9027.50.10, "
90272011;279;123;" DE 15 DE DEZEMBRO DE 2022 - DOU - Imprensa Nacional https://www.in.gov.br/en/web/dou/-/instrucao-normativa-rfb-n-2.121-de-15-de-dezembro-de-2022-452045866 122/316 9026.90.20, 9026.90.90, 9027.10.00, 9027.20.11, 9027.20.12, 9027.20.19, 9027.20.21, 9027.20.29, 9027.30.11, 9027.30.19, 9027.30.20, 9027.50.10, 9027.50.20, "
90272012;279;123;"ZEMBRO DE 2022 - DOU - Imprensa Nacional https://www.in.gov.br/en/web/dou/-/instrucao-normativa-rfb-n-2.121-de-15-de-dezembro-de-2022-452045866 122/316 9026.90.20, 9026.90.90, 9027.10.00, 9027.20.11, 9027.20.12, 9027.20.19, 9027.20.21, 9027.20.29, 9027.30.11, 9027.30.19, 9027.30.20, 9027.50.10, 9027.50.20, 9027.50.30, "
90272019;279;123;"22 - DOU - Imprensa Nacional https://www.in.gov.br/en/web/dou/-/instrucao-normativa-rfb-n-2.121-de-15-de-dezembro-de-2022-452045866 122/316 9026.90.20, 9026.90.90, 9027.10.00, 9027.20.11, 9027.20.12, 9027.20.19, 9027.20.21, 9027.20.29, 9027.30.11, 9027.30.19, 9027.30.20, 9027.50.10, 9027.50.20, 9027.50.30, 9027.50.40, "
90272021;279;123;"mprensa Nacional https://www.in.gov.br/en/web/dou/-/instrucao-normativa-rfb-n-2.121-de-15-de-dezembro-de-2022-452045866 122/316 9026.90.20, 9026.90.90, 9027.10.00, 9027.20.11, 9027.20.12, 9027.20.19, 9027.20.21, 9027.20.29, 9027.30.11, 9027.30.19, 9027.30.20, 9027.50.10, 9027.50.20, 9027.50.30, 9027.50.40, 9027.50.50, "
90272029;279;123;"onal https://www.in.gov.br/en/web/dou/-/instrucao-normativa-rfb-n-2.121-de-15-de-dezembro-de-2022-452045866 122/316 9026.90.20, 9026.90.90, 9027.10.00, 9027.20.11, 9027.20.12, 9027.20.19, 9027.20.21, 9027.20.29, 9027.30.11, 9027.30.19, 9027.30.20, 9027.50.10, 9027.50.20, 9027.50.30, 9027.50.40, 9027.50.50, 9027.50.90, "
90273011;279;123;"/www.in.gov.br/en/web/dou/-/instrucao-normativa-rfb-n-2.121-de-15-de-dezembro-de-2022-452045866 122/316 9026.90.20, 9026.90.90, 9027.10.00, 9027.20.11, 9027.20.12, 9027.20.19, 9027.20.21, 9027.20.29, 9027.30.11, 9027.30.19, 9027.30.20, 9027.50.10, 9027.50.20, 9027.50.30, 9027.50.40, 9027.50.50, 9027.50.90, 9027.89.11, "
90273019;279;123;"br/en/web/dou/-/instrucao-normativa-rfb-n-2.121-de-15-de-dezembro-de-2022-452045866 122/316 9026.90.20, 9026.90.90, 9027.10.00, 9027.20.11, 9027.20.12, 9027.20.19, 9027.20.21, 9027.20.29, 9027.30.11, 9027.30.19, 9027.30.20, 9027.50.10, 9027.50.20, 9027.50.30, 9027.50.40, 9027.50.50, 9027.50.90, 9027.89.11, 9027.89.12, "
90273020;279;123;"u/-/instrucao-normativa-rfb-n-2.121-de-15-de-dezembro-de-2022-452045866 122/316 9026.90.20, 9026.90.90, 9027.10.00, 9027.20.11, 9027.20.12, 9027.20.19, 9027.20.21, 9027.20.29, 9027.30.11, 9027.30.19, 9027.30.20, 9027.50.10, 9027.50.20, 9027.50.30, 9027.50.40, 9027.50.50, 9027.50.90, 9027.89.11, 9027.89.12, 9027.89.13, "
90275010;279;123;"o-normativa-rfb-n-2.121-de-15-de-dezembro-de-2022-452045866 122/316 9026.90.20, 9026.90.90, 9027.10.00, 9027.20.11, 9027.20.12, 9027.20.19, 9027.20.21, 9027.20.29, 9027.30.11, 9027.30.19, 9027.30.20, 9027.50.10, 9027.50.20, 9027.50.30, 9027.50.40, 9027.50.50, 9027.50.90, 9027.89.11, 9027.89.12, 9027.89.13, 9027.89.14, "
90275020;279;123;"rfb-n-2.121-de-15-de-dezembro-de-2022-452045866 122/316 9026.90.20, 9026.90.90, 9027.10.00, 9027.20.11, 9027.20.12, 9027.20.19, 9027.20.21, 9027.20.29, 9027.30.11, 9027.30.19, 9027.30.20, 9027.50.10, 9027.50.20, 9027.50.30, 9027.50.40, 9027.50.50, 9027.50.90, 9027.89.11, 9027.89.12, 9027.89.13, 9027.89.14, 9027.81.00, "
90275030;279;123;"de-15-de-dezembro-de-2022-452045866 122/316 9026.90.20, 9026.90.90, 9027.10.00, 9027.20.11, 9027.20.12, 9027.20.19, 9027.20.21, 9027.20.29, 9027.30.11, 9027.30.19, 9027.30.20, 9027.50.10, 9027.50.20, 9027.50.30, 9027.50.40, 9027.50.50, 9027.50.90, 9027.89.11, 9027.89.12, 9027.89.13, 9027.89.14, 9027.81.00, 9027.89.20, "
90275040;279;123;"embro-de-2022-452045866 122/316 9026.90.20, 9026.90.90, 9027.10.00, 9027.20.11, 9027.20.12, 9027.20.19, 9027.20.21, 9027.20.29, 9027.30.11, 9027.30.19, 9027.30.20, 9027.50.10, 9027.50.20, 9027.50.30, 9027.50.40, 9027.50.50, 9027.50.90, 9027.89.11, 9027.89.12, 9027.89.13, 9027.89.14, 9027.81.00, 9027.89.20, 9027.89.91, "
90275050;279;123;"2-452045866 122/316 9026.90.20, 9026.90.90, 9027.10.00, 9027.20.11, 9027.20.12, 9027.20.19, 9027.20.21, 9027.20.29, 9027.30.11, 9027.30.19, 9027.30.20, 9027.50.10, 9027.50.20, 9027.50.30, 9027.50.40, 9027.50.50, 9027.50.90, 9027.89.11, 9027.89.12, 9027.89.13, 9027.89.14, 9027.81.00, 9027.89.20, 9027.89.91, 9027.89.99, "
90275090;279;123;"122/316 9026.90.20, 9026.90.90, 9027.10.00, 9027.20.11, 9027.20.12, 9027.20.19, 9027.20.21, 9027.20.29, 9027.30.11, 9027.30.19, 9027.30.20, 9027.50.10, 9027.50.20, 9027.50.30, 9027.50.40, 9027.50.50, 9027.50.90, 9027.89.11, 9027.89.12, 9027.89.13, 9027.89.14, 9027.81.00, 9027.89.20, 9027.89.91, 9027.89.99, 9027.90.10, "
90278911;279;123;".90.20, 9026.90.90, 9027.10.00, 9027.20.11, 9027.20.12, 9027.20.19, 9027.20.21, 9027.20.29, 9027.30.11, 9027.30.19, 9027.30.20, 9027.50.10, 9027.50.20, 9027.50.30, 9027.50.40, 9027.50.50, 9027.50.90, 9027.89.11, 9027.89.12, 9027.89.13, 9027.89.14, 9027.81.00, 9027.89.20, 9027.89.91, 9027.89.99, 9027.90.10, 9027.90.91, "
90278912;279;123;".90.90, 9027.10.00, 9027.20.11, 9027.20.12, 9027.20.19, 9027.20.21, 9027.20.29, 9027.30.11, 9027.30.19, 9027.30.20, 9027.50.10, 9027.50.20, 9027.50.30, 9027.50.40, 9027.50.50, 9027.50.90, 9027.89.11, 9027.89.12, 9027.89.13, 9027.89.14, 9027.81.00, 9027.89.20, 9027.89.91, 9027.89.99, 9027.90.10, 9027.90.91, 9027.90.93, "
90278913;279;123;".10.00, 9027.20.11, 9027.20.12, 9027.20.19, 9027.20.21, 9027.20.29, 9027.30.11, 9027.30.19, 9027.30.20, 9027.50.10, 9027.50.20, 9027.50.30, 9027.50.40, 9027.50.50, 9027.50.90, 9027.89.11, 9027.89.12, 9027.89.13, 9027.89.14, 9027.81.00, 9027.89.20, 9027.89.91, 9027.89.99, 9027.90.10, 9027.90.91, 9027.90.93, 9027.90.99, "
90278914;279;123;".20.11, 9027.20.12, 9027.20.19, 9027.20.21, 9027.20.29, 9027.30.11, 9027.30.19, 9027.30.20, 9027.50.10, 9027.50.20, 9027.50.30, 9027.50.40, 9027.50.50, 9027.50.90, 9027.89.11, 9027.89.12, 9027.89.13, 9027.89.14, 9027.81.00, 9027.89.20, 9027.89.91, 9027.89.99, 9027.90.10, 9027.90.91, 9027.90.93, 9027.90.99, 9031.10.00, "
90278100;279;123;".20.12, 9027.20.19, 9027.20.21, 9027.20.29, 9027.30.11, 9027.30.19, 9027.30.20, 9027.50.10, 9027.50.20, 9027.50.30, 9027.50.40, 9027.50.50, 9027.50.90, 9027.89.11, 9027.89.12, 9027.89.13, 9027.89.14, 9027.81.00, 9027.89.20, 9027.89.91, 9027.89.99, 9027.90.10, 9027.90.91, 9027.90.93, 9027.90.99, 9031.10.00, 9031.20.10, "
90278920;279;123;".20.19, 9027.20.21, 9027.20.29, 9027.30.11, 9027.30.19, 9027.30.20, 9027.50.10, 9027.50.20, 9027.50.30, 9027.50.40, 9027.50.50, 9027.50.90, 9027.89.11, 9027.89.12, 9027.89.13, 9027.89.14, 9027.81.00, 9027.89.20, 9027.89.91, 9027.89.99, 9027.90.10, 9027.90.91, 9027.90.93, 9027.90.99, 9031.10.00, 9031.20.10, 9031.20.90, "
90278991;279;123;".20.21, 9027.20.29, 9027.30.11, 9027.30.19, 9027.30.20, 9027.50.10, 9027.50.20, 9027.50.30, 9027.50.40, 9027.50.50, 9027.50.90, 9027.89.11, 9027.89.12, 9027.89.13, 9027.89.14, 9027.81.00, 9027.89.20, 9027.89.91, 9027.89.99, 9027.90.10, 9027.90.91, 9027.90.93, 9027.90.99, 9031.10.00, 9031.20.10, 9031.20.90, 9031.41.00, "
90278999;279;123;".20.29, 9027.30.11, 9027.30.19, 9027.30.20, 9027.50.10, 9027.50.20, 9027.50.30, 9027.50.40, 9027.50.50, 9027.50.90, 9027.89.11, 9027.89.12, 9027.89.13, 9027.89.14, 9027.81.00, 9027.89.20, 9027.89.91, 9027.89.99, 9027.90.10, 9027.90.91, 9027.90.93, 9027.90.99, 9031.10.00, 9031.20.10, 9031.20.90, 9031.41.00, 9031.49.10, "
90279010;279;123;".30.11, 9027.30.19, 9027.30.20, 9027.50.10, 9027.50.20, 9027.50.30, 9027.50.40, 9027.50.50, 9027.50.90, 9027.89.11, 9027.89.12, 9027.89.13, 9027.89.14, 9027.81.00, 9027.89.20, 9027.89.91, 9027.89.99, 9027.90.10, 9027.90.91, 9027.90.93, 9027.90.99, 9031.10.00, 9031.20.10, 9031.20.90, 9031.41.00, 9031.49.10, 9031.49.20, "
90279091;279;123;".30.19, 9027.30.20, 9027.50.10, 9027.50.20, 9027.50.30, 9027.50.40, 9027.50.50, 9027.50.90, 9027.89.11, 9027.89.12, 9027.89.13, 9027.89.14, 9027.81.00, 9027.89.20, 9027.89.91, 9027.89.99, 9027.90.10, 9027.90.91, 9027.90.93, 9027.90.99, 9031.10.00, 9031.20.10, 9031.20.90, 9031.41.00, 9031.49.10, 9031.49.20, 9031.49.90, "
90279093;279;123;".30.20, 9027.50.10, 9027.50.20, 9027.50.30, 9027.50.40, 9027.50.50, 9027.50.90, 9027.89.11, 9027.89.12, 9027.89.13, 9027.89.14, 9027.81.00, 9027.89.20, 9027.89.91, 9027.89.99, 9027.90.10, 9027.90.91, 9027.90.93, 9027.90.99, 9031.10.00, 9031.20.10, 9031.20.90, 9031.41.00, 9031.49.10, 9031.49.20, 9031.49.90, 9031.80.11, "
90279099;279;123;".50.10, 9027.50.20, 9027.50.30, 9027.50.40, 9027.50.50, 9027.50.90, 9027.89.11, 9027.89.12, 9027.89.13, 9027.89.14, 9027.81.00, 9027.89.20, 9027.89.91, 9027.89.99, 9027.90.10, 9027.90.91, 9027.90.93, 9027.90.99, 9031.10.00, 9031.20.10, 9031.20.90, 9031.41.00, 9031.49.10, 9031.49.20, 9031.49.90, 9031.80.11, 9031.80.12, "
90311000;279;123;".50.20, 9027.50.30, 9027.50.40, 9027.50.50, 9027.50.90, 9027.89.11, 9027.89.12, 9027.89.13, 9027.89.14, 9027.81.00, 9027.89.20, 9027.89.91, 9027.89.99, 9027.90.10, 9027.90.91, 9027.90.93, 9027.90.99, 9031.10.00, 9031.20.10, 9031.20.90, 9031.41.00, 9031.49.10, 9031.49.20, 9031.49.90, 9031.80.11, 9031.80.12, 9031.80.20, "
90312010;279;123;".50.30, 9027.50.40, 9027.50.50, 9027.50.90, 9027.89.11, 9027.89.12, 9027.89.13, 9027.89.14, 9027.81.00, 9027.89.20, 9027.89.91, 9027.89.99, 9027.90.10, 9027.90.91, 9027.90.93, 9027.90.99, 9031.10.00, 9031.20.10, 9031.20.90, 9031.41.00, 9031.49.10, 9031.49.20, 9031.49.90, 9031.80.11, 9031.80.12, 9031.80.20, 9031.80.30, "
90312090;279;123;".50.40, 9027.50.50, 9027.50.90, 9027.89.11, 9027.89.12, 9027.89.13, 9027.89.14, 9027.81.00, 9027.89.20, 9027.89.91, 9027.89.99, 9027.90.10, 9027.90.91, 9027.90.93, 9027.90.99, 9031.10.00, 9031.20.10, 9031.20.90, 9031.41.00, 9031.49.10, 9031.49.20, 9031.49.90, 9031.80.11, 9031.80.12, 9031.80.20, 9031.80.30, 9031.80.40, "
90314100;279;123;".50.50, 9027.50.90, 9027.89.11, 9027.89.12, 9027.89.13, 9027.89.14, 9027.81.00, 9027.89.20, 9027.89.91, 9027.89.99, 9027.90.10, 9027.90.91, 9027.90.93, 9027.90.99, 9031.10.00, 9031.20.10, 9031.20.90, 9031.41.00, 9031.49.10, 9031.49.20, 9031.49.90, 9031.80.11, 9031.80.12, 9031.80.20, 9031.80.30, 9031.80.40, 9031.80.50, "
90314910;279;123;".50.90, 9027.89.11, 9027.89.12, 9027.89.13, 9027.89.14, 9027.81.00, 9027.89.20, 9027.89.91, 9027.89.99, 9027.90.10, 9027.90.91, 9027.90.93, 9027.90.99, 9031.10.00, 9031.20.10, 9031.20.90, 9031.41.00, 9031.49.10, 9031.49.20, 9031.49.90, 9031.80.11, 9031.80.12, 9031.80.20, 9031.80.30, 9031.80.40, 9031.80.50, 9031.80.60, "
90314920;279;123;".89.11, 9027.89.12, 9027.89.13, 9027.89.14, 9027.81.00, 9027.89.20, 9027.89.91, 9027.89.99, 9027.90.10, 9027.90.91, 9027.90.93, 9027.90.99, 9031.10.00, 9031.20.10, 9031.20.90, 9031.41.00, 9031.49.10, 9031.49.20, 9031.49.90, 9031.80.11, 9031.80.12, 9031.80.20, 9031.80.30, 9031.80.40, 9031.80.50, 9031.80.60, 9031.80.91, "
90314990;279;123;".89.12, 9027.89.13, 9027.89.14, 9027.81.00, 9027.89.20, 9027.89.91, 9027.89.99, 9027.90.10, 9027.90.91, 9027.90.93, 9027.90.99, 9031.10.00, 9031.20.10, 9031.20.90, 9031.41.00, 9031.49.10, 9031.49.20, 9031.49.90, 9031.80.11, 9031.80.12, 9031.80.20, 9031.80.30, 9031.80.40, 9031.80.50, 9031.80.60, 9031.80.91, 9031.80.99, "
90318011;279;123;".89.13, 9027.89.14, 9027.81.00, 9027.89.20, 9027.89.91, 9027.89.99, 9027.90.10, 9027.90.91, 9027.90.93, 9027.90.99, 9031.10.00, 9031.20.10, 9031.20.90, 9031.41.00, 9031.49.10, 9031.49.20, 9031.49.90, 9031.80.11, 9031.80.12, 9031.80.20, 9031.80.30, 9031.80.40, 9031.80.50, 9031.80.60, 9031.80.91, 9031.80.99, 9031.90.10, "
90318012;279;123;".89.14, 9027.81.00, 9027.89.20, 9027.89.91, 9027.89.99, 9027.90.10, 9027.90.91, 9027.90.93, 9027.90.99, 9031.10.00, 9031.20.10, 9031.20.90, 9031.41.00, 9031.49.10, 9031.49.20, 9031.49.90, 9031.80.11, 9031.80.12, 9031.80.20, 9031.80.30, 9031.80.40, 9031.80.50, 9031.80.60, 9031.80.91, 9031.80.99, 9031.90.10, 9031.90.90, "
90318020;279;123;".81.00, 9027.89.20, 9027.89.91, 9027.89.99, 9027.90.10, 9027.90.91, 9027.90.93, 9027.90.99, 9031.10.00, 9031.20.10, 9031.20.90, 9031.41.00, 9031.49.10, 9031.49.20, 9031.49.90, 9031.80.11, 9031.80.12, 9031.80.20, 9031.80.30, 9031.80.40, 9031.80.50, 9031.80.60, 9031.80.91, 9031.80.99, 9031.90.10, 9031.90.90, 9032.10.10, "
90318030;279;123;".89.20, 9027.89.91, 9027.89.99, 9027.90.10, 9027.90.91, 9027.90.93, 9027.90.99, 9031.10.00, 9031.20.10, 9031.20.90, 9031.41.00, 9031.49.10, 9031.49.20, 9031.49.90, 9031.80.11, 9031.80.12, 9031.80.20, 9031.80.30, 9031.80.40, 9031.80.50, 9031.80.60, 9031.80.91, 9031.80.99, 9031.90.10, 9031.90.90, 9032.10.10, 9032.10.90, "
90318040;279;123;".89.91, 9027.89.99, 9027.90.10, 9027.90.91, 9027.90.93, 9027.90.99, 9031.10.00, 9031.20.10, 9031.20.90, 9031.41.00, 9031.49.10, 9031.49.20, 9031.49.90, 9031.80.11, 9031.80.12, 9031.80.20, 9031.80.30, 9031.80.40, 9031.80.50, 9031.80.60, 9031.80.91, 9031.80.99, 9031.90.10, 9031.90.90, 9032.10.10, 9032.10.90, 9032.20.00, "
90318050;279;123;".89.99, 9027.90.10, 9027.90.91, 9027.90.93, 9027.90.99, 9031.10.00, 9031.20.10, 9031.20.90, 9031.41.00, 9031.49.10, 9031.49.20, 9031.49.90, 9031.80.11, 9031.80.12, 9031.80.20, 9031.80.30, 9031.80.40, 9031.80.50, 9031.80.60, 9031.80.91, 9031.80.99, 9031.90.10, 9031.90.90, 9032.10.10, 9032.10.90, 9032.20.00, 9032.81.00, "
90318060;279;123;".90.10, 9027.90.91, 9027.90.93, 9027.90.99, 9031.10.00, 9031.20.10, 9031.20.90, 9031.41.00, 9031.49.10, 9031.49.20, 9031.49.90, 9031.80.11, 9031.80.12, 9031.80.20, 9031.80.30, 9031.80.40, 9031.80.50, 9031.80.60, 9031.80.91, 9031.80.99, 9031.90.10, 9031.90.90, 9032.10.10, 9032.10.90, 9032.20.00, 9032.81.00, 9032.89.11, "
90318091;279;123;".90.91, 9027.90.93, 9027.90.99, 9031.10.00, 9031.20.10, 9031.20.90, 9031.41.00, 9031.49.10, 9031.49.20, 9031.49.90, 9031.80.11, 9031.80.12, 9031.80.20, 9031.80.30, 9031.80.40, 9031.80.50, 9031.80.60, 9031.80.91, 9031.80.99, 9031.90.10, 9031.90.90, 9032.10.10, 9032.10.90, 9032.20.00, 9032.81.00, 9032.89.11, 9032.89.29, "
90318099;279;123;".90.93, 9027.90.99, 9031.10.00, 9031.20.10, 9031.20.90, 9031.41.00, 9031.49.10, 9031.49.20, 9031.49.90, 9031.80.11, 9031.80.12, 9031.80.20, 9031.80.30, 9031.80.40, 9031.80.50, 9031.80.60, 9031.80.91, 9031.80.99, 9031.90.10, 9031.90.90, 9032.10.10, 9032.10.90, 9032.20.00, 9032.81.00, 9032.89.11, 9032.89.29, 9032.89.8, 9"
90319010;279;123;".90.99, 9031.10.00, 9031.20.10, 9031.20.90, 9031.41.00, 9031.49.10, 9031.49.20, 9031.49.90, 9031.80.11, 9031.80.12, 9031.80.20, 9031.80.30, 9031.80.40, 9031.80.50, 9031.80.60, 9031.80.91, 9031.80.99, 9031.90.10, 9031.90.90, 9032.10.10, 9032.10.90, 9032.20.00, 9032.81.00, 9032.89.11, 9032.89.29, 9032.89.8, 9032.89.90, 9"
90319090;279;123;".10.00, 9031.20.10, 9031.20.90, 9031.41.00, 9031.49.10, 9031.49.20, 9031.49.90, 9031.80.11, 9031.80.12, 9031.80.20, 9031.80.30, 9031.80.40, 9031.80.50, 9031.80.60, 9031.80.91, 9031.80.99, 9031.90.10, 9031.90.90, 9032.10.10, 9032.10.90, 9032.20.00, 9032.81.00, 9032.89.11, 9032.89.29, 9032.89.8, 9032.89.90, 9032.90.10, 9"
90321010;279;123;".20.10, 9031.20.90, 9031.41.00, 9031.49.10, 9031.49.20, 9031.49.90, 9031.80.11, 9031.80.12, 9031.80.20, 9031.80.30, 9031.80.40, 9031.80.50, 9031.80.60, 9031.80.91, 9031.80.99, 9031.90.10, 9031.90.90, 9032.10.10, 9032.10.90, 9032.20.00, 9032.81.00, 9032.89.11, 9032.89.29, 9032.89.8, 9032.89.90, 9032.90.10, 9032.90.99, 9"
90321090;279;123;".20.90, 9031.41.00, 9031.49.10, 9031.49.20, 9031.49.90, 9031.80.11, 9031.80.12, 9031.80.20, 9031.80.30, 9031.80.40, 9031.80.50, 9031.80.60, 9031.80.91, 9031.80.99, 9031.90.10, 9031.90.90, 9032.10.10, 9032.10.90, 9032.20.00, 9032.81.00, 9032.89.11, 9032.89.29, 9032.89.8, 9032.89.90, 9032.90.10, 9032.90.99, 9033.00.00, 9"
90322000;279;123;".41.00, 9031.49.10, 9031.49.20, 9031.49.90, 9031.80.11, 9031.80.12, 9031.80.20, 9031.80.30, 9031.80.40, 9031.80.50, 9031.80.60, 9031.80.91, 9031.80.99, 9031.90.10, 9031.90.90, 9032.10.10, 9032.10.90, 9032.20.00, 9032.81.00, 9032.89.11, 9032.89.29, 9032.89.8, 9032.89.90, 9032.90.10, 9032.90.99, 9033.00.00, 9506.91.00; V"
90328100;279;123;".49.10, 9031.49.20, 9031.49.90, 9031.80.11, 9031.80.12, 9031.80.20, 9031.80.30, 9031.80.40, 9031.80.50, 9031.80.60, 9031.80.91, 9031.80.99, 9031.90.10, 9031.90.90, 9032.10.10, 9032.10.90, 9032.20.00, 9032.81.00, 9032.89.11, 9032.89.29, 9032.89.8, 9032.89.90, 9032.90.10, 9032.90.99, 9033.00.00, 9506.91.00; VII - 02.03, "
90328911;279;123;".49.20, 9031.49.90, 9031.80.11, 9031.80.12, 9031.80.20, 9031.80.30, 9031.80.40, 9031.80.50, 9031.80.60, 9031.80.91, 9031.80.99, 9031.90.10, 9031.90.90, 9032.10.10, 9032.10.90, 9032.20.00, 9032.81.00, 9032.89.11, 9032.89.29, 9032.89.8, 9032.89.90, 9032.90.10, 9032.90.99, 9033.00.00, 9506.91.00; VII - 02.03, 0206.30.00, "
90328929;279;123;".49.90, 9031.80.11, 9031.80.12, 9031.80.20, 9031.80.30, 9031.80.40, 9031.80.50, 9031.80.60, 9031.80.91, 9031.80.99, 9031.90.10, 9031.90.90, 9032.10.10, 9032.10.90, 9032.20.00, 9032.81.00, 9032.89.11, 9032.89.29, 9032.89.8, 9032.89.90, 9032.90.10, 9032.90.99, 9033.00.00, 9506.91.00; VII - 02.03, 0206.30.00, 0206.4, 02.0"
90328990;279;123;"1.80.12, 9031.80.20, 9031.80.30, 9031.80.40, 9031.80.50, 9031.80.60, 9031.80.91, 9031.80.99, 9031.90.10, 9031.90.90, 9032.10.10, 9032.10.90, 9032.20.00, 9032.81.00, 9032.89.11, 9032.89.29, 9032.89.8, 9032.89.90, 9032.90.10, 9032.90.99, 9033.00.00, 9506.91.00; VII - 02.03, 0206.30.00, 0206.4, 02.07, 02.09, 0210.1, 0210."
90329010;279;123;"1.80.20, 9031.80.30, 9031.80.40, 9031.80.50, 9031.80.60, 9031.80.91, 9031.80.99, 9031.90.10, 9031.90.90, 9032.10.10, 9032.10.90, 9032.20.00, 9032.81.00, 9032.89.11, 9032.89.29, 9032.89.8, 9032.89.90, 9032.90.10, 9032.90.99, 9033.00.00, 9506.91.00; VII - 02.03, 0206.30.00, 0206.4, 02.07, 02.09, 0210.1, 0210.99.11; 0210."
90329099;279;123;"1.80.30, 9031.80.40, 9031.80.50, 9031.80.60, 9031.80.91, 9031.80.99, 9031.90.10, 9031.90.90, 9032.10.10, 9032.10.90, 9032.20.00, 9032.81.00, 9032.89.11, 9032.89.29, 9032.89.8, 9032.89.90, 9032.90.10, 9032.90.99, 9033.00.00, 9506.91.00; VII - 02.03, 0206.30.00, 0206.4, 02.07, 02.09, 0210.1, 0210.99.11; 0210.99.19; 0210."
90330000;279;123;"1.80.40, 9031.80.50, 9031.80.60, 9031.80.91, 9031.80.99, 9031.90.10, 9031.90.90, 9032.10.10, 9032.10.90, 9032.20.00, 9032.81.00, 9032.89.11, 9032.89.29, 9032.89.8, 9032.89.90, 9032.90.10, 9032.90.99, 9033.00.00, 9506.91.00; VII - 02.03, 0206.30.00, 0206.4, 02.07, 02.09, 0210.1, 0210.99.11; 0210.99.19; 0210.99.20, 0210."
95069100;279;123;"1.80.50, 9031.80.60, 9031.80.91, 9031.80.99, 9031.90.10, 9031.90.90, 9032.10.10, 9032.10.90, 9032.20.00, 9032.81.00, 9032.89.11, 9032.89.29, 9032.89.8, 9032.89.90, 9032.90.10, 9032.90.99, 9033.00.00, 9506.91.00; VII - 02.03, 0206.30.00, 0206.4, 02.07, 02.09, 0210.1, 0210.99.11; 0210.99.19; 0210.99.20, 0210.99.30, 0210."
02063000;279;123;".80.91, 9031.80.99, 9031.90.10, 9031.90.90, 9032.10.10, 9032.10.90, 9032.20.00, 9032.81.00, 9032.89.11, 9032.89.29, 9032.89.8, 9032.89.90, 9032.90.10, 9032.90.99, 9033.00.00, 9506.91.00; VII - 02.03, 0206.30.00, 0206.4, 02.07, 02.09, 0210.1, 0210.99.11; 0210.99.19; 0210.99.20, 0210.99.30, 0210.99.40, 0210.99.11, 0210.9"
02109911;279;123;", 9032.10.10, 9032.10.90, 9032.20.00, 9032.81.00, 9032.89.11, 9032.89.29, 9032.89.8, 9032.89.90, 9032.90.10, 9032.90.99, 9033.00.00, 9506.91.00; VII - 02.03, 0206.30.00, 0206.4, 02.07, 02.09, 0210.1, 0210.99.11; 0210.99.19; 0210.99.20, 0210.99.30, 0210.99.40, 0210.99.11, 0210.99.19, 0210.99.20, 0210.99.30, 0210.99.40, "
02109919;279;123;", 9032.10.90, 9032.20.00, 9032.81.00, 9032.89.11, 9032.89.29, 9032.89.8, 9032.89.90, 9032.90.10, 9032.90.99, 9033.00.00, 9506.91.00; VII - 02.03, 0206.30.00, 0206.4, 02.07, 02.09, 0210.1, 0210.99.11; 0210.99.19; 0210.99.20, 0210.99.30, 0210.99.40, 0210.99.11, 0210.99.19, 0210.99.20, 0210.99.30, 0210.99.40, 0210.99.90, "
02109920;279;123;", 9032.20.00, 9032.81.00, 9032.89.11, 9032.89.29, 9032.89.8, 9032.89.90, 9032.90.10, 9032.90.99, 9033.00.00, 9506.91.00; VII - 02.03, 0206.30.00, 0206.4, 02.07, 02.09, 0210.1, 0210.99.11; 0210.99.19; 0210.99.20, 0210.99.30, 0210.99.40, 0210.99.11, 0210.99.19, 0210.99.20, 0210.99.30, 0210.99.40, 0210.99.90, 1601.00.00, "
02109930;279;123;", 9032.81.00, 9032.89.11, 9032.89.29, 9032.89.8, 9032.89.90, 9032.90.10, 9032.90.99, 9033.00.00, 9506.91.00; VII - 02.03, 0206.30.00, 0206.4, 02.07, 02.09, 0210.1, 0210.99.11; 0210.99.19; 0210.99.20, 0210.99.30, 0210.99.40, 0210.99.11, 0210.99.19, 0210.99.20, 0210.99.30, 0210.99.40, 0210.99.90, 1601.00.00, 1602.3, 1602"
02109940;279;123;", 9032.89.11, 9032.89.29, 9032.89.8, 9032.89.90, 9032.90.10, 9032.90.99, 9033.00.00, 9506.91.00; VII - 02.03, 0206.30.00, 0206.4, 02.07, 02.09, 0210.1, 0210.99.11; 0210.99.19; 0210.99.20, 0210.99.30, 0210.99.40, 0210.99.11, 0210.99.19, 0210.99.20, 0210.99.30, 0210.99.40, 0210.99.90, 1601.00.00, 1602.3, 1602.4, 03.03, 0"
02109990;279;123;" 9033.00.00, 9506.91.00; VII - 02.03, 0206.30.00, 0206.4, 02.07, 02.09, 0210.1, 0210.99.11; 0210.99.19; 0210.99.20, 0210.99.30, 0210.99.40, 0210.99.11, 0210.99.19, 0210.99.20, 0210.99.30, 0210.99.40, 0210.99.90, 1601.00.00, 1602.3, 1602.4, 03.03, 03.04, 03.02, exceto 03.02.90.00; e VIII - 5004.00.00, 5005.00.00, 5006.0"
16010000;279;123;" 9506.91.00; VII - 02.03, 0206.30.00, 0206.4, 02.07, 02.09, 0210.1, 0210.99.11; 0210.99.19; 0210.99.20, 0210.99.30, 0210.99.40, 0210.99.11, 0210.99.19, 0210.99.20, 0210.99.30, 0210.99.40, 0210.99.90, 1601.00.00, 1602.3, 1602.4, 03.03, 03.04, 03.02, exceto 03.02.90.00; e VIII - 5004.00.00, 5005.00.00, 5006.00.00, 50.07,"
50040000;279;123;"; 0210.99.19; 0210.99.20, 0210.99.30, 0210.99.40, 0210.99.11, 0210.99.19, 0210.99.20, 0210.99.30, 0210.99.40, 0210.99.90, 1601.00.00, 1602.3, 1602.4, 03.03, 03.04, 03.02, exceto 03.02.90.00; e VIII - 5004.00.00, 5005.00.00, 5006.00.00, 50.07, 5104.00.00, 51.05, 51.06, 51.07, 51.08, 51.09, 5110.00.00, 51.11, 51.12, 5113"
50050000;279;123;"; 0210.99.20, 0210.99.30, 0210.99.40, 0210.99.11, 0210.99.19, 0210.99.20, 0210.99.30, 0210.99.40, 0210.99.90, 1601.00.00, 1602.3, 1602.4, 03.03, 03.04, 03.02, exceto 03.02.90.00; e VIII - 5004.00.00, 5005.00.00, 5006.00.00, 50.07, 5104.00.00, 51.05, 51.06, 51.07, 51.08, 51.09, 5110.00.00, 51.11, 51.12, 5113.00, 5203.00"
50060000;279;123;", 0210.99.30, 0210.99.40, 0210.99.11, 0210.99.19, 0210.99.20, 0210.99.30, 0210.99.40, 0210.99.90, 1601.00.00, 1602.3, 1602.4, 03.03, 03.04, 03.02, exceto 03.02.90.00; e VIII - 5004.00.00, 5005.00.00, 5006.00.00, 50.07, 5104.00.00, 51.05, 51.06, 51.07, 51.08, 51.09, 5110.00.00, 51.11, 51.12, 5113.00, 5203.00.00, 52.04, "
51040000;279;123;"99.40, 0210.99.11, 0210.99.19, 0210.99.20, 0210.99.30, 0210.99.40, 0210.99.90, 1601.00.00, 1602.3, 1602.4, 03.03, 03.04, 03.02, exceto 03.02.90.00; e VIII - 5004.00.00, 5005.00.00, 5006.00.00, 50.07, 5104.00.00, 51.05, 51.06, 51.07, 51.08, 51.09, 5110.00.00, 51.11, 51.12, 5113.00, 5203.00.00, 52.04, 52.05, 52.06, 52.07"
51100000;279;123;".99.30, 0210.99.40, 0210.99.90, 1601.00.00, 1602.3, 1602.4, 03.03, 03.04, 03.02, exceto 03.02.90.00; e VIII - 5004.00.00, 5005.00.00, 5006.00.00, 50.07, 5104.00.00, 51.05, 51.06, 51.07, 51.08, 51.09, 5110.00.00, 51.11, 51.12, 5113.00, 5203.00.00, 52.04, 52.05, 52.06, 52.07, 52.08, 52.09, 52.10, 52.11, 52.12, 53.06, 53."
52030000;279;123;"1.00.00, 1602.3, 1602.4, 03.03, 03.04, 03.02, exceto 03.02.90.00; e VIII - 5004.00.00, 5005.00.00, 5006.00.00, 50.07, 5104.00.00, 51.05, 51.06, 51.07, 51.08, 51.09, 5110.00.00, 51.11, 51.12, 5113.00, 5203.00.00, 52.04, 52.05, 52.06, 52.07, 52.08, 52.09, 52.10, 52.11, 52.12, 53.06, 53.07, 53.08, 53.09, 53.10, 5311.00.00"
53110000;279;123;" 50.07, 5104.00.00, 51.05, 51.06, 51.07, 51.08, 51.09, 5110.00.00, 51.11, 51.12, 5113.00, 5203.00.00, 52.04, 52.05, 52.06, 52.07, 52.08, 52.09, 52.10, 52.11, 52.12, 53.06, 53.07, 53.08, 53.09, 53.10, 5311.00.00, no capítulo 54, exceto os códigos 5402.46.00, 5402.47.10; 5402.47.20, 5402.47.10; 5402.47.20, 5402.47.90 e 5"
54024600;279;123;", 51.09, 5110.00.00, 51.11, 51.12, 5113.00, 5203.00.00, 52.04, 52.05, 52.06, 52.07, 52.08, 52.09, 52.10, 52.11, 52.12, 53.06, 53.07, 53.08, 53.09, 53.10, 5311.00.00, no capítulo 54, exceto os códigos 5402.46.00, 5402.47.10; 5402.47.20, 5402.47.10; 5402.47.20, 5402.47.90 e 5402.33.10, e nos capítulos 55 a 60. Parágrafo "
54024710;279;123;"0.00.00, 51.11, 51.12, 5113.00, 5203.00.00, 52.04, 52.05, 52.06, 52.07, 52.08, 52.09, 52.10, 52.11, 52.12, 53.06, 53.07, 53.08, 53.09, 53.10, 5311.00.00, no capítulo 54, exceto os códigos 5402.46.00, 5402.47.10; 5402.47.20, 5402.47.10; 5402.47.20, 5402.47.90 e 5402.33.10, e nos capítulos 55 a 60. Parágrafo único. O acr"
54024720;279;123;"11, 51.12, 5113.00, 5203.00.00, 52.04, 52.05, 52.06, 52.07, 52.08, 52.09, 52.10, 52.11, 52.12, 53.06, 53.07, 53.08, 53.09, 53.10, 5311.00.00, no capítulo 54, exceto os códigos 5402.46.00, 5402.47.10; 5402.47.20, 5402.47.10; 5402.47.20, 5402.47.90 e 5402.33.10, e nos capítulos 55 a 60. Parágrafo único. O acréscimo a que"
54024790;279;123;"4, 52.05, 52.06, 52.07, 52.08, 52.09, 52.10, 52.11, 52.12, 53.06, 53.07, 53.08, 53.09, 53.10, 5311.00.00, no capítulo 54, exceto os códigos 5402.46.00, 5402.47.10; 5402.47.20, 5402.47.10; 5402.47.20, 5402.47.90 e 5402.33.10, e nos capítulos 55 a 60. Parágrafo único. O acréscimo a que se refere o caput aplica-se inclusi"
54023310;279;123;"06, 52.07, 52.08, 52.09, 52.10, 52.11, 52.12, 53.06, 53.07, 53.08, 53.09, 53.10, 5311.00.00, no capítulo 54, exceto os códigos 5402.46.00, 5402.47.10; 5402.47.20, 5402.47.10; 5402.47.20, 5402.47.90 e 5402.33.10, e nos capítulos 55 a 60. Parágrafo único. O acréscimo a que se refere o caput aplica-se inclusive aos bens q"
21069010;284;;"a 0% (zero por cento) as alíquotas da Contribuição para o PIS/Pasep- Importação e da Co fi ns-Importação nas operações de importação de preparações compostas não alcoólicas, classi fi cadas no código 2106.90.10 Ex 01 da Tipi, destinadas à elaboração de bebidas pelas pessoas jurídicas industriais, nos termos do art. 490"
87100000;286;125;"o nas operações de importação de (Lei nº 10.865, de 2004, art. 8º, § 12, incisos XIV e XV, incluídos pela Lei nº 11.727, de 2008, art. 26): I - material de emprego militar classi fi cado nas posições 8710.00.00 e 8906.10.00 da Tipi; e 08/08/2026, 09:51 INSTRUÇÃO NORMATIVA RFB Nº 2.121, DE 15 DE DEZEMBRO DE 2022 - INSTR"
89061000;286;125;"es de importação de (Lei nº 10.865, de 2004, art. 8º, § 12, incisos XIV e XV, incluídos pela Lei nº 11.727, de 2008, art. 26): I - material de emprego militar classi fi cado nas posições 8710.00.00 e 8906.10.00 da Tipi; e 08/08/2026, 09:51 INSTRUÇÃO NORMATIVA RFB Nº 2.121, DE 15 DE DEZEMBRO DE 2022 - INSTRUÇÃO NORMATIV"
84433222;291;127;" IV - almofadas antiescaras classi fi cadas nos Capítulos 39, 40, 63 e 94 da Tipi; V - impressoras, aparelhos de copiar e aparelhos de telecopiar (fax) de caracteres Braille classi fi cados no código 8443.32.22 da Tipi; VI - máquinas de escrever em Braille classi fi cadas no código 8472.90.99 Ex01 da Tipi; VII - partes"
84729099;291;127;"V - impressoras, aparelhos de copiar e aparelhos de telecopiar (fax) de caracteres Braille classi fi cados no código 8443.32.22 da Tipi; VI - máquinas de escrever em Braille classi fi cadas no código 8472.90.99 Ex01 da Tipi; VII - partes e acessórios de cadeiras de rodas ou outros veículos para inválidos classi fi cado"
87142000;291;127;"ipi; VI - máquinas de escrever em Braille classi fi cadas no código 8472.90.99 Ex01 da Tipi; VII - partes e acessórios de cadeiras de rodas ou outros veículos para inválidos classi fi cados no código 8714.20.00 da Tipi; VIII - aparelhos para facilitar a audição dos surdos classi fi cados no código 9021.40.00 da Tipi; I"
90214000;291;127;"partes e acessórios de cadeiras de rodas ou outros veículos para inválidos classi fi cados no código 8714.20.00 da Tipi; VIII - aparelhos para facilitar a audição dos surdos classi fi cados no código 9021.40.00 da Tipi; IX - oclusores interauriculares classi fi cados no código 9021.90.13 da Tipi; 08/08/2026, 09:51 INST"
90219013;291;127;"ssi fi cados no código 8714.20.00 da Tipi; VIII - aparelhos para facilitar a audição dos surdos classi fi cados no código 9021.40.00 da Tipi; IX - oclusores interauriculares classi fi cados no código 9021.90.13 da Tipi; 08/08/2026, 09:51 INSTRUÇÃO NORMATIVA RFB Nº 2.121, DE 15 DE DEZEMBRO DE 2022 - INSTRUÇÃO NORMATIVA "
90219092;291;127;"al https://www.in.gov.br/en/web/dou/-/instrucao-normativa-rfb-n-2.121-de-15-de-dezembro-de-2022-452045866 126/316 X - partes e acessórios para facilitar a audição dos surdos classi fi cados no código 9021.90.92 da Tipi; XI - calculadoras equipadas com sintetizador de voz classi fi cadas no código 8470.10.00 Ex 01 da Ti"
84701000;291;127;"2045866 126/316 X - partes e acessórios para facilitar a audição dos surdos classi fi cados no código 9021.90.92 da Tipi; XI - calculadoras equipadas com sintetizador de voz classi fi cadas no código 8470.10.00 Ex 01 da Tipi; XII - teclados com adaptações especí fi cas para uso por pessoas com de fi ciência, classi fi "
84716052;291;127;"ras equipadas com sintetizador de voz classi fi cadas no código 8470.10.00 Ex 01 da Tipi; XII - teclados com adaptações especí fi cas para uso por pessoas com de fi ciência, classi fi cados no código 8471.60.52 da Tipi; XIII - indicador ou apontador - mouse - com adaptações especí fi cas para uso por pessoas com de fi "
84716053;291;127;" com de fi ciência, classi fi cados no código 8471.60.52 da Tipi; XIII - indicador ou apontador - mouse - com adaptações especí fi cas para uso por pessoas com de fi ciência, classi fi cado no código 8471.60.53 da Tipi; XIV - linhas Braille classi fi cadas no código 8471.60.90 Ex 01 da Tipi; XV - digitalizadores de ima"
84716090;291;127;"III - indicador ou apontador - mouse - com adaptações especí fi cas para uso por pessoas com de fi ciência, classi fi cado no código 8471.60.53 da Tipi; XIV - linhas Braille classi fi cadas no código 8471.60.90 Ex 01 da Tipi; XV - digitalizadores de imagens - scanners - equipados com sintetizador de voz classi fi cados"
84719014;291;127;"o 8471.60.53 da Tipi; XIV - linhas Braille classi fi cadas no código 8471.60.90 Ex 01 da Tipi; XV - digitalizadores de imagens - scanners - equipados com sintetizador de voz classi fi cados no código 8471.90.14 Ex 01 da Tipi; XVI - duplicadores Braille classi fi cados no código 8472.10.00 Ex 01 da Tipi; XVII - acionado"
84721000;291;127;" Ex 01 da Tipi; XV - digitalizadores de imagens - scanners - equipados com sintetizador de voz classi fi cados no código 8471.90.14 Ex 01 da Tipi; XVI - duplicadores Braille classi fi cados no código 8472.10.00 Ex 01 da Tipi; XVII - acionadores de pressão classi fi cados no código 8471.60.53 Ex 02 da Tipi; XVIII - lupa"
85258919;291;127;"1 da Tipi; XVII - acionadores de pressão classi fi cados no código 8471.60.53 Ex 02 da Tipi; XVIII - lupas eletrônicas do tipo utilizado por pessoas com de fi ciência visual classi fi cadas no código 8525.89.19 Ex 01 da Tipi; XIX - implantes cocleares classi fi cados no código 9021.40.00 da Tipi; XX - oculares classi f"
90213980;291;127;"or pessoas com de fi ciência visual classi fi cadas no código 8525.89.19 Ex 01 da Tipi; XIX - implantes cocleares classi fi cados no código 9021.40.00 da Tipi; XX - oculares classi fi cadas no código 9021.39.80 da Tipi; XXI - programas - softwares - de leitores de tela que convertem texto em voz sintetizada para auxíli"
90219019;291;127;"s - softwares - de leitores de tela que convertem texto em caracteres Braille, para utilização de surdos-cegos; e XXIII - neuroestimuladores para tremor essencial/Parkinson, classi fi cados no código 9021.90.19, e seus acessórios, classi fi cados nos códigos 9018.90.99, 9021.90.91 e 9021.90.99, todos da Tipi. CAPÍTULO "
90189099;291;127;"caracteres Braille, para utilização de surdos-cegos; e XXIII - neuroestimuladores para tremor essencial/Parkinson, classi fi cados no código 9021.90.19, e seus acessórios, classi fi cados nos códigos 9018.90.99, 9021.90.91 e 9021.90.99, todos da Tipi. CAPÍTULO XIII DO PADIS"
90219091;291;127;"raille, para utilização de surdos-cegos; e XXIII - neuroestimuladores para tremor essencial/Parkinson, classi fi cados no código 9021.90.19, e seus acessórios, classi fi cados nos códigos 9018.90.99, 9021.90.91 e 9021.90.99, todos da Tipi. CAPÍTULO XIII DO PADIS"
90219099;291;127;"utilização de surdos-cegos; e XXIII - neuroestimuladores para tremor essencial/Parkinson, classi fi cados no código 9021.90.19, e seus acessórios, classi fi cados nos códigos 9018.90.99, 9021.90.91 e 9021.90.99, todos da Tipi. CAPÍTULO XIII DO PADIS"
34011190;294;;"ão e da Co fi ns-Importação incidentes sobre a importação de (Lei nº 10.925, de 2004, art. 1º, com redação dada pela Lei nº 12.839, de 2013, art. 1º): I - sabões de toucador classi fi cados no código 3401.11.90 Ex 01 da Tipi; II - produtos para higiene bucal ou dentária classi fi cados na posição 33.06 da Tipi; e III -"
48181000;294;;"de toucador classi fi cados no código 3401.11.90 Ex 01 da Tipi; II - produtos para higiene bucal ou dentária classi fi cados na posição 33.06 da Tipi; e III - papel higiênico classi fi cado no código 4818.10.00 da Tipi. CAPÍTULO XVI DAS PARTES DE AEROGERADORES"
85030090;295;;". 295. Ficam reduzidas a 0% (zero por cento) as alíquotas da Contribuição para o PIS/Pasep- Importação e da Co fi ns-Importação incidentes na importação de produtos classi fi cados no Ex 01 do código 8503.00.90 da Tipi, exceto as pás eólicas, utilizados exclusiva ou principalmente em aerogeradores classi fi cados no có"
85023100;295;;"ão incidentes na importação de produtos classi fi cados no Ex 01 do código 8503.00.90 da Tipi, exceto as pás eólicas, utilizados exclusiva ou principalmente em aerogeradores classi fi cados no código 8502.31.00 da Tipi (Lei nº 10.865, de 2004, art. 8º, § 12, inciso XL, com redação dada pela Lei nº 13.169, de 2015, art."
27111910;333;;" de gasolina; II - óleo diesel e suas correntes, e nafta petroquímica destinada à produção ou formulação exclusivamente de óleo diesel; III - gás liquefeito de petróleo (GLP) classi fi cado no código 2711.19.10 da Tipi, derivado de petróleo e de gás natural; e IV - querosene de aviação. § 1º Para efeitos do inciso I do"
27111910;339;;" nº 11.116, de 2005, art. 4º): I - importadoras, fabricantes e encomendantes de gasolina e suas correntes, exceto gasolina de aviação, de óleo diesel e suas correntes, de GLP classi fi cado no código 2711.19.10 da Tipi, derivado de petróleo e de gás natural, e de querosene de aviação; II - produtoras, cooperativas de p"
27111910;340;141;" e gasolina ou exclusivamente de gasolina; II - óleo diesel e suas correntes, e nafta petroquímica destinada à produção ou formulação exclusivamente de óleo diesel; III - GLP classi fi cado no código 2711.19.10 da Tipi, derivado de petróleo e de gás natural; e IV - querosene de aviação. 08/08/2026, 09:51 INSTRUÇÃO NORM"
27111910;347;;") as alíquotas da Contribuição para o PIS/Pasep e da Co fi ns incidentes sobre a receita decorrente da venda de gasolinas, exceto gasolina de aviação, de óleo diesel e de GLP classi fi cado no código 2711.19.10 da Tipi, derivado de petróleo e de gás natural, auferida por distribuidores e comerciantes varejistas (Medida"
27101922;353;;", de 2008, art. 2º, caput). § 1º O disposto no caput aplica-se aos seguintes óleos combustíveis do tipo bunker (Lei nº 11.774, de 2008, art. 2º, caput): I - MF (Marine Fuel), classi fi cado no código 2710.19.22 da Tipi; II - MGO (Marine Gas Oil), classi fi cado no código 2710.19.21 da Tipi; e III - ODM (Óleo Diesel Mar"
27101921;353;;"ntes óleos combustíveis do tipo bunker (Lei nº 11.774, de 2008, art. 2º, caput): I - MF (Marine Fuel), classi fi cado no código 2710.19.22 da Tipi; II - MGO (Marine Gas Oil), classi fi cado no código 2710.19.21 da Tipi; e III - ODM (Óleo Diesel Marítimo), classi fi cado no código 2710.19.21 da Tipi. § 2º Os produtos re"
27111910;362;;" e gasolina ou exclusivamente de gasolina; II - óleo diesel e suas correntes, e nafta petroquímica destinada à produção ou formulação exclusivamente de óleo diesel; III - GLP classi fi cado no código 2711.19.10 da Tipi, derivado de petróleo e de gás natural; e IV - querosene de aviação. Seção II Da Suspensão do Pagamen"
27111100;386;;"mbro de 2022, fi cam reduzidas a 0% (zero por cento) as alíquotas da Contribuição para o PIS/Pasep e da Co fi ns incidentes sobre a receita na venda de gás natural veicular classi fi cado nos códigos 2711.11.00 ou 2711.21.00 da Tipi (Lei Complementar nº 192, de 2022, art. 9º-B, incluído pela Lei Complementar nº 194, de"
27112100;386;;"fi cam reduzidas a 0% (zero por cento) as alíquotas da Contribuição para o PIS/Pasep e da Co fi ns incidentes sobre a receita na venda de gás natural veicular classi fi cado nos códigos 2711.11.00 ou 2711.21.00 da Tipi (Lei Complementar nº 192, de 2022, art. 9º-B, incluído pela Lei Complementar nº 194, de 2022, art. 10"
27111100;387;;"de 2022, fi cam reduzidas a 0 (zero) as alíquotas da Contribuição para o PIS/Pasep-Importação e da Co fi ns-Importação incidentes sobre a importação de gás natural veicular classi fi cado nos códigos 2711.11.00 ou 2711.21.00 da Tipi (Lei Complementar nº 192, de 2022, art. 9º-B, incluído pela Lei Complementar nº 194, de"
27112100;387;;"m reduzidas a 0 (zero) as alíquotas da Contribuição para o PIS/Pasep-Importação e da Co fi ns-Importação incidentes sobre a importação de gás natural veicular classi fi cado nos códigos 2711.11.00 ou 2711.21.00 da Tipi (Lei Complementar nº 192, de 2022, art. 9º-B, incluído pela Lei Complementar nº 194, de 2022, art. 10"
38260000;395;;"referidas contribuições, devidas em cada período de apuração, crédito presumido calculado sobre a receita decorrente da venda no mercado interno ou da exportação de biodiesel classi fi cado no código 3826.00.00 da Tipi, nos termos do art. 595 (Lei nº 12.865, de 2013, art. 31, caput e §7º). Seção IV Dos Créditos Presumi"
76129012;416;159;"t. 416. A Contribuição para o PIS/Pasep e a Co fi ns devidas pelas pessoas jurídicas fabricantes e pelos importadores de máquinas, implementos e veículos classi fi cados nos códigos 7309.00, 7310.29, 7612.90.12, 8424.82, 84.29, 8430.69.90, 84.32, 84.33, 84.34, 84.35, 84.36, 84.37, 87.01, 87.02, 87.03, 87.04, 87.05, 870"
84306990;416;159;"o PIS/Pasep e a Co fi ns devidas pelas pessoas jurídicas fabricantes e pelos importadores de máquinas, implementos e veículos classi fi cados nos códigos 7309.00, 7310.29, 7612.90.12, 8424.82, 84.29, 8430.69.90, 84.32, 84.33, 84.34, 84.35, 84.36, 84.37, 87.01, 87.02, 87.03, 87.04, 87.05, 8706.00 e 8716.20.00 da Tipi, i"
87162000;416;159;"as, implementos e veículos classi fi cados nos códigos 7309.00, 7310.29, 7612.90.12, 8424.82, 84.29, 8430.69.90, 84.32, 84.33, 84.34, 84.35, 84.36, 84.37, 87.01, 87.02, 87.03, 87.04, 87.05, 8706.00 e 8716.20.00 da Tipi, incidentes sobre a receita decorrente da venda desses produtos, serão calculadas com base nas alíquo"
84324100;417;;"Art. 417. No caso de industrialização por encomenda das máquinas e veículos classi fi cados nos códigos 84.29, 8432.41.00, 8432.42.00, 84.32.80.00, 8433.20, 8433.30.00, 8433.40.00, 8433.5, 87.01, 87.02, 87.03, 87.04, 87.05 e 8706.0"
84324200;417;;"Art. 417. No caso de industrialização por encomenda das máquinas e veículos classi fi cados nos códigos 84.29, 8432.41.00, 8432.42.00, 84.32.80.00, 8433.20, 8433.30.00, 8433.40.00, 8433.5, 87.01, 87.02, 87.03, 87.04, 87.05 e 8706.00, da TIPI, "
84333000;417;;"Art. 417. No caso de industrialização por encomenda das máquinas e veículos classi fi cados nos códigos 84.29, 8432.41.00, 8432.42.00, 84.32.80.00, 8433.20, 8433.30.00, 8433.40.00, 8433.5, 87.01, 87.02, 87.03, 87.04, 87.05 e 8706.00, da TIPI, a Contribuição para o PIS/Pasep e "
84334000;417;;"Art. 417. No caso de industrialização por encomenda das máquinas e veículos classi fi cados nos códigos 84.29, 8432.41.00, 8432.42.00, 84.32.80.00, 8433.20, 8433.30.00, 8433.40.00, 8433.5, 87.01, 87.02, 87.03, 87.04, 87.05 e 8706.00, da TIPI, a Contribuição para o PIS/Pasep e a Co fi ns i"
73102920;422;161;" e quinhentos quilogramas), classi fi cados na posição 87.04 da Tipi; e II - em 48,1% (quarenta e oito inteiros e um décimo por cento), no caso de venda de produtos classi fi cados nos códigos 73.09, 7310.29.20, 7612.90.12, 8424.4, 8424.82, 84.29, 8430.69.90, 84.32, 84.33, 84.34, 84.35, 84.36, 84.37, 87.01, 8702.10.00 "
76129012;422;161;"s quilogramas), classi fi cados na posição 87.04 da Tipi; e II - em 48,1% (quarenta e oito inteiros e um décimo por cento), no caso de venda de produtos classi fi cados nos códigos 73.09, 7310.29.20, 7612.90.12, 8424.4, 8424.82, 84.29, 8430.69.90, 84.32, 84.33, 84.34, 84.35, 84.36, 84.37, 87.01, 8702.10.00 Ex 02, 8702."
84306990;422;161;"osição 87.04 da Tipi; e II - em 48,1% (quarenta e oito inteiros e um décimo por cento), no caso de venda de produtos classi fi cados nos códigos 73.09, 7310.29.20, 7612.90.12, 8424.4, 8424.82, 84.29, 8430.69.90, 84.32, 84.33, 84.34, 84.35, 84.36, 84.37, 87.01, 8702.10.00 Ex 02, 8702.20.00 Ex 02, 8702.30.00 Ex 02, 8702."
87021000;422;161;"os e um décimo por cento), no caso de venda de produtos classi fi cados nos códigos 73.09, 7310.29.20, 7612.90.12, 8424.4, 8424.82, 84.29, 8430.69.90, 84.32, 84.33, 84.34, 84.35, 84.36, 84.37, 87.01, 8702.10.00 Ex 02, 8702.20.00 Ex 02, 8702.30.00 Ex 02, 8702.40.90 Ex 02, 8702.90.00 Ex 02, 8704.10, 87.05, 8716.20.00 e 8"
87022000;422;161;" cento), no caso de venda de produtos classi fi cados nos códigos 73.09, 7310.29.20, 7612.90.12, 8424.4, 8424.82, 84.29, 8430.69.90, 84.32, 84.33, 84.34, 84.35, 84.36, 84.37, 87.01, 8702.10.00 Ex 02, 8702.20.00 Ex 02, 8702.30.00 Ex 02, 8702.40.90 Ex 02, 8702.90.00 Ex 02, 8704.10, 87.05, 8716.20.00 e 8706.00.10 Ex 01 (s"
87023000;422;161;"e venda de produtos classi fi cados nos códigos 73.09, 7310.29.20, 7612.90.12, 8424.4, 8424.82, 84.29, 8430.69.90, 84.32, 84.33, 84.34, 84.35, 84.36, 84.37, 87.01, 8702.10.00 Ex 02, 8702.20.00 Ex 02, 8702.30.00 Ex 02, 8702.40.90 Ex 02, 8702.90.00 Ex 02, 8704.10, 87.05, 8716.20.00 e 8706.00.10 Ex 01 (somente os destinad"
87024090;422;161;"s classi fi cados nos códigos 73.09, 7310.29.20, 7612.90.12, 8424.4, 8424.82, 84.29, 8430.69.90, 84.32, 84.33, 84.34, 84.35, 84.36, 84.37, 87.01, 8702.10.00 Ex 02, 8702.20.00 Ex 02, 8702.30.00 Ex 02, 8702.40.90 Ex 02, 8702.90.00 Ex 02, 8704.10, 87.05, 8716.20.00 e 8706.00.10 Ex 01 (somente os destinados aos produtos cl"
87029000;422;161;"nos códigos 73.09, 7310.29.20, 7612.90.12, 8424.4, 8424.82, 84.29, 8430.69.90, 84.32, 84.33, 84.34, 84.35, 84.36, 84.37, 87.01, 8702.10.00 Ex 02, 8702.20.00 Ex 02, 8702.30.00 Ex 02, 8702.40.90 Ex 02, 8702.90.00 Ex 02, 8704.10, 87.05, 8716.20.00 e 8706.00.10 Ex 01 (somente os destinados aos produtos classi fi cados nos "
87162000;422;161;"2.90.12, 8424.4, 8424.82, 84.29, 8430.69.90, 84.32, 84.33, 84.34, 84.35, 84.36, 84.37, 87.01, 8702.10.00 Ex 02, 8702.20.00 Ex 02, 8702.30.00 Ex 02, 8702.40.90 Ex 02, 8702.90.00 Ex 02, 8704.10, 87.05, 8716.20.00 e 8706.00.10 Ex 01 (somente os destinados aos produtos classi fi cados nos Ex 02 dos códigos 8702.10.00, 8702"
87060010;422;161;".4, 8424.82, 84.29, 8430.69.90, 84.32, 84.33, 84.34, 84.35, 84.36, 84.37, 87.01, 8702.10.00 Ex 02, 8702.20.00 Ex 02, 8702.30.00 Ex 02, 8702.40.90 Ex 02, 8702.90.00 Ex 02, 8704.10, 87.05, 8716.20.00 e 8706.00.10 Ex 01 (somente os destinados aos produtos classi fi cados nos Ex 02 dos códigos 8702.10.00, 8702.20.00, 8702."
84324100;423;;"Art. 423. As pessoas jurídicas importadoras das máquinas e veículos classi fi cados nos códigos 84.29, 8432.41.00, 8432.42.00, 8432.80.00, 8433.20, 8433.30.00, 8433.40.00, 8433.5, 87.01, 87.02, 87.03, 87.04, 87.05 e 8706.00"
84324200;423;;"Art. 423. As pessoas jurídicas importadoras das máquinas e veículos classi fi cados nos códigos 84.29, 8432.41.00, 8432.42.00, 8432.80.00, 8433.20, 8433.30.00, 8433.40.00, 8433.5, 87.01, 87.02, 87.03, 87.04, 87.05 e 8706.00, todos da T"
84328000;423;;"Art. 423. As pessoas jurídicas importadoras das máquinas e veículos classi fi cados nos códigos 84.29, 8432.41.00, 8432.42.00, 8432.80.00, 8433.20, 8433.30.00, 8433.40.00, 8433.5, 87.01, 87.02, 87.03, 87.04, 87.05 e 8706.00, todos da Tipi, poderão"
84333000;423;;"Art. 423. As pessoas jurídicas importadoras das máquinas e veículos classi fi cados nos códigos 84.29, 8432.41.00, 8432.42.00, 8432.80.00, 8433.20, 8433.30.00, 8433.40.00, 8433.5, 87.01, 87.02, 87.03, 87.04, 87.05 e 8706.00, todos da Tipi, poderão descontar créditos, "
84334000;423;;"Art. 423. As pessoas jurídicas importadoras das máquinas e veículos classi fi cados nos códigos 84.29, 8432.41.00, 8432.42.00, 8432.80.00, 8433.20, 8433.30.00, 8433.40.00, 8433.5, 87.01, 87.02, 87.03, 87.04, 87.05 e 8706.00, todos da Tipi, poderão descontar créditos, para fi ns d"
84324100;426;162;"Art. 426. As alíquotas da Contribuição para o PIS/Pasep-Importação e da Co fi ns-Importação, no caso de importação de máquinas e veículos, classi fi cados nos códigos 84.29, 8432.41.00, 8432.42.00, 8432.80.00, 8433.20, 8433.30.00, 8433.40.00, 8433.5, 87.01, 87.02, 87.03, 87.04, 87.05 e 8706.00"
84324200;426;162;"Art. 426. As alíquotas da Contribuição para o PIS/Pasep-Importação e da Co fi ns-Importação, no caso de importação de máquinas e veículos, classi fi cados nos códigos 84.29, 8432.41.00, 8432.42.00, 8432.80.00, 8433.20, 8433.30.00, 8433.40.00, 8433.5, 87.01, 87.02, 87.03, 87.04, 87.05 e 8706.00 da Tipi, sã"
84328000;426;162;"Art. 426. As alíquotas da Contribuição para o PIS/Pasep-Importação e da Co fi ns-Importação, no caso de importação de máquinas e veículos, classi fi cados nos códigos 84.29, 8432.41.00, 8432.42.00, 8432.80.00, 8433.20, 8433.30.00, 8433.40.00, 8433.5, 87.01, 87.02, 87.03, 87.04, 87.05 e 8706.00 da Tipi, são de (Lei nº"
84333000;426;162;"tas da Contribuição para o PIS/Pasep-Importação e da Co fi ns-Importação, no caso de importação de máquinas e veículos, classi fi cados nos códigos 84.29, 8432.41.00, 8432.42.00, 8432.80.00, 8433.20, 8433.30.00, 8433.40.00, 8433.5, 87.01, 87.02, 87.03, 87.04, 87.05 e 8706.00 da Tipi, são de (Lei nº 10.865, de 2004, art"
84334000;426;162;"ibuição para o PIS/Pasep-Importação e da Co fi ns-Importação, no caso de importação de máquinas e veículos, classi fi cados nos códigos 84.29, 8432.41.00, 8432.42.00, 8432.80.00, 8433.20, 8433.30.00, 8433.40.00, 8433.5, 87.01, 87.02, 87.03, 87.04, 87.05 e 8706.00 da Tipi, são de (Lei nº 10.865, de 2004, art. 8º, § 3º, "
40115000;445;;"r cento) as alíquotas da Contribuição para o PIS/Pasep e da Co fi ns, nos regimes de apuração cumulativa e não cumulativa, incidentes sobre a receita de venda dos produtos classi fi cados nos códigos 4011.50.00 e 4013.20.00 da Tipi (Lei nº 13.097, de 2015, art. 147). Parágrafo único. A redução a que se refere o caput a"
40132000;445;;"líquotas da Contribuição para o PIS/Pasep e da Co fi ns, nos regimes de apuração cumulativa e não cumulativa, incidentes sobre a receita de venda dos produtos classi fi cados nos códigos 4011.50.00 e 4013.20.00 da Tipi (Lei nº 13.097, de 2015, art. 147). Parágrafo único. A redução a que se refere o caput aplica-se às r"
29141100;450;169;"o da Contribuição para o PIS/Pasep e da Co fi ns, nos regimes de apuração cumulativa e não cumulativa, incidentes sobre a receita bruta de venda no mercado interno de acetona classi fi cada no código 2914.11.00 da Tipi, destinada exclusivamente à produção de Mipa utilizada na elaboração de defensivos agropecuários clas"
29141100;451;;"Art. 451. Fica suspenso o pagamento da Contribuição para o PIS/Pasep-Importação e da Co fi ns- Importação incidentes sobre a importação de acetona classi fi cada no código 2914.11.00 da Tipi destinada exclusivamente à produção de Mipa utilizada na elaboração de defensivos agropecuários class"
30039056;452;170;"s sobre a receita decorrente das vendas efetuadas pelas pessoas jurídicas produtoras e pelos importadores de produtos farmacêuticos classi fi cados na Tipi nas posições 30.01; 30.03, exceto no código 3003.90.56; 30.04, exceto no código 3004.90.46; nos códigos 3002.11.00, 3002.12.1, 3002.12.2, 3002.12.3, 3002.13.00, 300"
30049046;452;170;"das efetuadas pelas pessoas jurídicas produtoras e pelos importadores de produtos farmacêuticos classi fi cados na Tipi nas posições 30.01; 30.03, exceto no código 3003.90.56; 30.04, exceto no código 3004.90.46; nos códigos 3002.11.00, 3002.12.1, 3002.12.2, 3002.12.3, 3002.13.00, 3002.14.00, 3002.15, 3002.41.1, 3002.41"
30021100;452;170;"oas jurídicas produtoras e pelos importadores de produtos farmacêuticos classi fi cados na Tipi nas posições 30.01; 30.03, exceto no código 3003.90.56; 30.04, exceto no código 3004.90.46; nos códigos 3002.11.00, 3002.12.1, 3002.12.2, 3002.12.3, 3002.13.00, 3002.14.00, 3002.15, 3002.41.1, 3002.41.2, 3002.49.10, 3002.49."
30021300;452;170;" de produtos farmacêuticos classi fi cados na Tipi nas posições 30.01; 30.03, exceto no código 3003.90.56; 30.04, exceto no código 3004.90.46; nos códigos 3002.11.00, 3002.12.1, 3002.12.2, 3002.12.3, 3002.13.00, 3002.14.00, 3002.15, 3002.41.1, 3002.41.2, 3002.49.10, 3002.49.92, 3002.49.99, 3002.59.00, 3002.90.00, 3005."
30021400;452;170;" farmacêuticos classi fi cados na Tipi nas posições 30.01; 30.03, exceto no código 3003.90.56; 30.04, exceto no código 3004.90.46; nos códigos 3002.11.00, 3002.12.1, 3002.12.2, 3002.12.3, 3002.13.00, 3002.14.00, 3002.15, 3002.41.1, 3002.41.2, 3002.49.10, 3002.49.92, 3002.49.99, 3002.59.00, 3002.90.00, 3005.10.10, 3006."
30024910;452;170;"posições 30.01; 30.03, exceto no código 3003.90.56; 30.04, exceto no código 3004.90.46; nos códigos 3002.11.00, 3002.12.1, 3002.12.2, 3002.12.3, 3002.13.00, 3002.14.00, 3002.15, 3002.41.1, 3002.41.2, 3002.49.10, 3002.49.92, 3002.49.99, 3002.59.00, 3002.90.00, 3005.10.10, 3006.30.1, 3006.30.2 e 3006.60.00, 3822.11.00 e "
30024992;452;170;"01; 30.03, exceto no código 3003.90.56; 30.04, exceto no código 3004.90.46; nos códigos 3002.11.00, 3002.12.1, 3002.12.2, 3002.12.3, 3002.13.00, 3002.14.00, 3002.15, 3002.41.1, 3002.41.2, 3002.49.10, 3002.49.92, 3002.49.99, 3002.59.00, 3002.90.00, 3005.10.10, 3006.30.1, 3006.30.2 e 3006.60.00, 3822.11.00 e 3822.19.40 s"
30024999;452;170;"xceto no código 3003.90.56; 30.04, exceto no código 3004.90.46; nos códigos 3002.11.00, 3002.12.1, 3002.12.2, 3002.12.3, 3002.13.00, 3002.14.00, 3002.15, 3002.41.1, 3002.41.2, 3002.49.10, 3002.49.92, 3002.49.99, 3002.59.00, 3002.90.00, 3005.10.10, 3006.30.1, 3006.30.2 e 3006.60.00, 3822.11.00 e 3822.19.40 serão calcula"
30025900;452;170;"igo 3003.90.56; 30.04, exceto no código 3004.90.46; nos códigos 3002.11.00, 3002.12.1, 3002.12.2, 3002.12.3, 3002.13.00, 3002.14.00, 3002.15, 3002.41.1, 3002.41.2, 3002.49.10, 3002.49.92, 3002.49.99, 3002.59.00, 3002.90.00, 3005.10.10, 3006.30.1, 3006.30.2 e 3006.60.00, 3822.11.00 e 3822.19.40 serão calculadas com base"
30029000;452;170;"56; 30.04, exceto no código 3004.90.46; nos códigos 3002.11.00, 3002.12.1, 3002.12.2, 3002.12.3, 3002.13.00, 3002.14.00, 3002.15, 3002.41.1, 3002.41.2, 3002.49.10, 3002.49.92, 3002.49.99, 3002.59.00, 3002.90.00, 3005.10.10, 3006.30.1, 3006.30.2 e 3006.60.00, 3822.11.00 e 3822.19.40 serão calculadas com base nas alíquot"
30051010;452;170;"xceto no código 3004.90.46; nos códigos 3002.11.00, 3002.12.1, 3002.12.2, 3002.12.3, 3002.13.00, 3002.14.00, 3002.15, 3002.41.1, 3002.41.2, 3002.49.10, 3002.49.92, 3002.49.99, 3002.59.00, 3002.90.00, 3005.10.10, 3006.30.1, 3006.30.2 e 3006.60.00, 3822.11.00 e 3822.19.40 serão calculadas com base nas alíquotas de (Lei n"
30066000;452;170;"igos 3002.11.00, 3002.12.1, 3002.12.2, 3002.12.3, 3002.13.00, 3002.14.00, 3002.15, 3002.41.1, 3002.41.2, 3002.49.10, 3002.49.92, 3002.49.99, 3002.59.00, 3002.90.00, 3005.10.10, 3006.30.1, 3006.30.2 e 3006.60.00, 3822.11.00 e 3822.19.40 serão calculadas com base nas alíquotas de (Lei nº 10.147, de 2000, art. 1º, inciso "
38221100;452;170;".00, 3002.12.1, 3002.12.2, 3002.12.3, 3002.13.00, 3002.14.00, 3002.15, 3002.41.1, 3002.41.2, 3002.49.10, 3002.49.92, 3002.49.99, 3002.59.00, 3002.90.00, 3005.10.10, 3006.30.1, 3006.30.2 e 3006.60.00, 3822.11.00 e 3822.19.40 serão calculadas com base nas alíquotas de (Lei nº 10.147, de 2000, art. 1º, inciso I, 'a', com "
38221940;452;170;"1, 3002.12.2, 3002.12.3, 3002.13.00, 3002.14.00, 3002.15, 3002.41.1, 3002.41.2, 3002.49.10, 3002.49.92, 3002.49.99, 3002.59.00, 3002.90.00, 3005.10.10, 3006.30.1, 3006.30.2 e 3006.60.00, 3822.11.00 e 3822.19.40 serão calculadas com base nas alíquotas de (Lei nº 10.147, de 2000, art. 1º, inciso I, 'a', com redação dada "
30069300;458;;"cam reduzidas a 0% (zero por cento) as alíquotas da Contribuição para o PIS/Pasep e da Co fi ns incidentes sobre a receita bruta da venda de produtos classi fi cados nas posições 30.02, 30.06, exceto 3006.93.00, 3822.11.00, 3822.13.00, 3822.19.40, 39.26, 40.15 e 90.18 da Tipi, relacionados no Anexo V, destinados ao uso"
38221100;458;;"s a 0% (zero por cento) as alíquotas da Contribuição para o PIS/Pasep e da Co fi ns incidentes sobre a receita bruta da venda de produtos classi fi cados nas posições 30.02, 30.06, exceto 3006.93.00, 3822.11.00, 3822.13.00, 3822.19.40, 39.26, 40.15 e 90.18 da Tipi, relacionados no Anexo V, destinados ao uso em hospitai"
38221300;458;;" por cento) as alíquotas da Contribuição para o PIS/Pasep e da Co fi ns incidentes sobre a receita bruta da venda de produtos classi fi cados nas posições 30.02, 30.06, exceto 3006.93.00, 3822.11.00, 3822.13.00, 3822.19.40, 39.26, 40.15 e 90.18 da Tipi, relacionados no Anexo V, destinados ao uso em hospitais, clínicas,"
38221940;458;;"as alíquotas da Contribuição para o PIS/Pasep e da Co fi ns incidentes sobre a receita bruta da venda de produtos classi fi cados nas posições 30.02, 30.06, exceto 3006.93.00, 3822.11.00, 3822.13.00, 3822.19.40, 39.26, 40.15 e 90.18 da Tipi, relacionados no Anexo V, destinados ao uso em hospitais, clínicas, e consultór"
30039056;460;172;", art. 3º, com redação dada pela Lei nº 10.548, de 2002, art. 1º; e Decreto nº 3.803, de 2001, art. 1º, e Anexo, Categorias I a III): I - classi fi cados na Tipi, nas posições 30.03, exceto no código 3003.90.56; e 30.04, exceto no código 3004.90.46; e nos códigos 3001.20.90, 3001.90.10, 3001.90.90, 3002.11.00, 3002.12."
30049046;460;172;"º 10.548, de 2002, art. 1º; e Decreto nº 3.803, de 2001, art. 1º, e Anexo, Categorias I a III): I - classi fi cados na Tipi, nas posições 30.03, exceto no código 3003.90.56; e 30.04, exceto no código 3004.90.46; e nos códigos 3001.20.90, 3001.90.10, 3001.90.90, 3002.11.00, 3002.12.1; 3002.12.2, 3002.12.3, 3002.13.00, 3"
30012090;460;172;"; e Decreto nº 3.803, de 2001, art. 1º, e Anexo, Categorias I a III): I - classi fi cados na Tipi, nas posições 30.03, exceto no código 3003.90.56; e 30.04, exceto no código 3004.90.46; e nos códigos 3001.20.90, 3001.90.10, 3001.90.90, 3002.11.00, 3002.12.1; 3002.12.2, 3002.12.3, 3002.13.00, 3002.14.00, 3002.15, 3002.4"
30019010;460;172;"nº 3.803, de 2001, art. 1º, e Anexo, Categorias I a III): I - classi fi cados na Tipi, nas posições 30.03, exceto no código 3003.90.56; e 30.04, exceto no código 3004.90.46; e nos códigos 3001.20.90, 3001.90.10, 3001.90.90, 3002.11.00, 3002.12.1; 3002.12.2, 3002.12.3, 3002.13.00, 3002.14.00, 3002.15, 3002.41.1, 3002.41"
30019090;460;172;" 2001, art. 1º, e Anexo, Categorias I a III): I - classi fi cados na Tipi, nas posições 30.03, exceto no código 3003.90.56; e 30.04, exceto no código 3004.90.46; e nos códigos 3001.20.90, 3001.90.10, 3001.90.90, 3002.11.00, 3002.12.1; 3002.12.2, 3002.12.3, 3002.13.00, 3002.14.00, 3002.15, 3002.41.1, 3002.41.2, 3002.49."
30021100;460;172;"1º, e Anexo, Categorias I a III): I - classi fi cados na Tipi, nas posições 30.03, exceto no código 3003.90.56; e 30.04, exceto no código 3004.90.46; e nos códigos 3001.20.90, 3001.90.10, 3001.90.90, 3002.11.00, 3002.12.1; 3002.12.2, 3002.12.3, 3002.13.00, 3002.14.00, 3002.15, 3002.41.1, 3002.41.2, 3002.49.10, 3002.49."
30021300;460;172;"fi cados na Tipi, nas posições 30.03, exceto no código 3003.90.56; e 30.04, exceto no código 3004.90.46; e nos códigos 3001.20.90, 3001.90.10, 3001.90.90, 3002.11.00, 3002.12.1; 3002.12.2, 3002.12.3, 3002.13.00, 3002.14.00, 3002.15, 3002.41.1, 3002.41.2, 3002.49.10, 3002.49.92, 3002.49.99, 3002.59.00, 3002.90.00, 3005."
30021400;460;172;"Tipi, nas posições 30.03, exceto no código 3003.90.56; e 30.04, exceto no código 3004.90.46; e nos códigos 3001.20.90, 3001.90.10, 3001.90.90, 3002.11.00, 3002.12.1; 3002.12.2, 3002.12.3, 3002.13.00, 3002.14.00, 3002.15, 3002.41.1, 3002.41.2, 3002.49.10, 3002.49.92, 3002.49.99, 3002.59.00, 3002.90.00, 3005.10.10, 3006."
30024910;460;172;"3003.90.56; e 30.04, exceto no código 3004.90.46; e nos códigos 3001.20.90, 3001.90.10, 3001.90.90, 3002.11.00, 3002.12.1; 3002.12.2, 3002.12.3, 3002.13.00, 3002.14.00, 3002.15, 3002.41.1, 3002.41.2, 3002.49.10, 3002.49.92, 3002.49.99, 3002.59.00, 3002.90.00, 3005.10.10, 3006.30.1, 3006.30.2, 3006.60.00, 3822.11.00 e 3"
30024992;460;172;"e 30.04, exceto no código 3004.90.46; e nos códigos 3001.20.90, 3001.90.10, 3001.90.90, 3002.11.00, 3002.12.1; 3002.12.2, 3002.12.3, 3002.13.00, 3002.14.00, 3002.15, 3002.41.1, 3002.41.2, 3002.49.10, 3002.49.92, 3002.49.99, 3002.59.00, 3002.90.00, 3005.10.10, 3006.30.1, 3006.30.2, 3006.60.00, 3822.11.00 e 3822.19.40; e"
30024999;460;172;"eto no código 3004.90.46; e nos códigos 3001.20.90, 3001.90.10, 3001.90.90, 3002.11.00, 3002.12.1; 3002.12.2, 3002.12.3, 3002.13.00, 3002.14.00, 3002.15, 3002.41.1, 3002.41.2, 3002.49.10, 3002.49.92, 3002.49.99, 3002.59.00, 3002.90.00, 3005.10.10, 3006.30.1, 3006.30.2, 3006.60.00, 3822.11.00 e 3822.19.40; e II - formul"
30025900;460;172;"o 3004.90.46; e nos códigos 3001.20.90, 3001.90.10, 3001.90.90, 3002.11.00, 3002.12.1; 3002.12.2, 3002.12.3, 3002.13.00, 3002.14.00, 3002.15, 3002.41.1, 3002.41.2, 3002.49.10, 3002.49.92, 3002.49.99, 3002.59.00, 3002.90.00, 3005.10.10, 3006.30.1, 3006.30.2, 3006.60.00, 3822.11.00 e 3822.19.40; e II - formulados: a) com"
30029000;460;172;"; e nos códigos 3001.20.90, 3001.90.10, 3001.90.90, 3002.11.00, 3002.12.1; 3002.12.2, 3002.12.3, 3002.13.00, 3002.14.00, 3002.15, 3002.41.1, 3002.41.2, 3002.49.10, 3002.49.92, 3002.49.99, 3002.59.00, 3002.90.00, 3005.10.10, 3006.30.1, 3006.30.2, 3006.60.00, 3822.11.00 e 3822.19.40; e II - formulados: a) como monodrogas"
30051010;460;172;"gos 3001.20.90, 3001.90.10, 3001.90.90, 3002.11.00, 3002.12.1; 3002.12.2, 3002.12.3, 3002.13.00, 3002.14.00, 3002.15, 3002.41.1, 3002.41.2, 3002.49.10, 3002.49.92, 3002.49.99, 3002.59.00, 3002.90.00, 3005.10.10, 3006.30.1, 3006.30.2, 3006.60.00, 3822.11.00 e 3822.19.40; e II - formulados: a) como monodrogas, com uma e "
30066000;460;172;"0.90, 3002.11.00, 3002.12.1; 3002.12.2, 3002.12.3, 3002.13.00, 3002.14.00, 3002.15, 3002.41.1, 3002.41.2, 3002.49.10, 3002.49.92, 3002.49.99, 3002.59.00, 3002.90.00, 3005.10.10, 3006.30.1, 3006.30.2, 3006.60.00, 3822.11.00 e 3822.19.40; e II - formulados: a) como monodrogas, com uma e somente uma das substâncias listad"
38221100;460;172;"1.00, 3002.12.1; 3002.12.2, 3002.12.3, 3002.13.00, 3002.14.00, 3002.15, 3002.41.1, 3002.41.2, 3002.49.10, 3002.49.92, 3002.49.99, 3002.59.00, 3002.90.00, 3005.10.10, 3006.30.1, 3006.30.2, 3006.60.00, 3822.11.00 e 3822.19.40; e II - formulados: a) como monodrogas, com uma e somente uma das substâncias listadas no Anexo "
38221940;460;172;".1; 3002.12.2, 3002.12.3, 3002.13.00, 3002.14.00, 3002.15, 3002.41.1, 3002.41.2, 3002.49.10, 3002.49.92, 3002.49.99, 3002.59.00, 3002.90.00, 3005.10.10, 3006.30.1, 3006.30.2, 3006.60.00, 3822.11.00 e 3822.19.40; e II - formulados: a) como monodrogas, com uma e somente uma das substâncias listadas no Anexo XIII; 08/08/2"
30039056;478;;" as alíquotas da Contribuição para o PIS/Pasep-Importação e da Co fi ns-Importação, no caso de importação de produtos farmacêuticos classi fi cados na Tipi nas posições 30.01, 30.03, exceto no código 3003.90.56, 30.04, exceto no código 3004.90.46, nos códigos 3002.11.00, 3002.12.1, 3002.12.2, 3002.12.3, 3002.13.00, 300"
30049046;478;;" PIS/Pasep-Importação e da Co fi ns-Importação, no caso de importação de produtos farmacêuticos classi fi cados na Tipi nas posições 30.01, 30.03, exceto no código 3003.90.56, 30.04, exceto no código 3004.90.46, nos códigos 3002.11.00, 3002.12.1, 3002.12.2, 3002.12.3, 3002.13.00, 3002.14.00, 3002.15, 3002.41.1, 3002.41"
30021100;478;;"da Co fi ns-Importação, no caso de importação de produtos farmacêuticos classi fi cados na Tipi nas posições 30.01, 30.03, exceto no código 3003.90.56, 30.04, exceto no código 3004.90.46, nos códigos 3002.11.00, 3002.12.1, 3002.12.2, 3002.12.3, 3002.13.00, 3002.14.00, 3002.15, 3002.41.1, 3002.41.2, 3002.49.10, 3002.49."
30021300;478;;" de produtos farmacêuticos classi fi cados na Tipi nas posições 30.01, 30.03, exceto no código 3003.90.56, 30.04, exceto no código 3004.90.46, nos códigos 3002.11.00, 3002.12.1, 3002.12.2, 3002.12.3, 3002.13.00, 3002.14.00, 3002.15, 3002.41.1, 3002.41.2, 3002.49.10, 3002.49.92, 3002.49.99, 3002.59.00, 3002.90.00, 3005."
30021400;478;;" farmacêuticos classi fi cados na Tipi nas posições 30.01, 30.03, exceto no código 3003.90.56, 30.04, exceto no código 3004.90.46, nos códigos 3002.11.00, 3002.12.1, 3002.12.2, 3002.12.3, 3002.13.00, 3002.14.00, 3002.15, 3002.41.1, 3002.41.2, 3002.49.10, 3002.49.92, 3002.49.99, 3002.59.00, 3002.90.00, 3005.10.10, 3006."
30024910;478;;"posições 30.01, 30.03, exceto no código 3003.90.56, 30.04, exceto no código 3004.90.46, nos códigos 3002.11.00, 3002.12.1, 3002.12.2, 3002.12.3, 3002.13.00, 3002.14.00, 3002.15, 3002.41.1, 3002.41.2, 3002.49.10, 3002.49.92, 3002.49.99, 3002.59.00, 3002.90.00, 3005.10.10, 3006.30.1, 3006.30.2, 3006.60.00, 3822.11.00 e 3"
30024992;478;;"01, 30.03, exceto no código 3003.90.56, 30.04, exceto no código 3004.90.46, nos códigos 3002.11.00, 3002.12.1, 3002.12.2, 3002.12.3, 3002.13.00, 3002.14.00, 3002.15, 3002.41.1, 3002.41.2, 3002.49.10, 3002.49.92, 3002.49.99, 3002.59.00, 3002.90.00, 3005.10.10, 3006.30.1, 3006.30.2, 3006.60.00, 3822.11.00 e 3822.19.40, s"
30024999;478;;"xceto no código 3003.90.56, 30.04, exceto no código 3004.90.46, nos códigos 3002.11.00, 3002.12.1, 3002.12.2, 3002.12.3, 3002.13.00, 3002.14.00, 3002.15, 3002.41.1, 3002.41.2, 3002.49.10, 3002.49.92, 3002.49.99, 3002.59.00, 3002.90.00, 3005.10.10, 3006.30.1, 3006.30.2, 3006.60.00, 3822.11.00 e 3822.19.40, são de (Lei n"
30025900;478;;"igo 3003.90.56, 30.04, exceto no código 3004.90.46, nos códigos 3002.11.00, 3002.12.1, 3002.12.2, 3002.12.3, 3002.13.00, 3002.14.00, 3002.15, 3002.41.1, 3002.41.2, 3002.49.10, 3002.49.92, 3002.49.99, 3002.59.00, 3002.90.00, 3005.10.10, 3006.30.1, 3006.30.2, 3006.60.00, 3822.11.00 e 3822.19.40, são de (Lei nº 10.865, de"
30029000;478;;"56, 30.04, exceto no código 3004.90.46, nos códigos 3002.11.00, 3002.12.1, 3002.12.2, 3002.12.3, 3002.13.00, 3002.14.00, 3002.15, 3002.41.1, 3002.41.2, 3002.49.10, 3002.49.92, 3002.49.99, 3002.59.00, 3002.90.00, 3005.10.10, 3006.30.1, 3006.30.2, 3006.60.00, 3822.11.00 e 3822.19.40, são de (Lei nº 10.865, de 2004, art. "
30051010;478;;"xceto no código 3004.90.46, nos códigos 3002.11.00, 3002.12.1, 3002.12.2, 3002.12.3, 3002.13.00, 3002.14.00, 3002.15, 3002.41.1, 3002.41.2, 3002.49.10, 3002.49.92, 3002.49.99, 3002.59.00, 3002.90.00, 3005.10.10, 3006.30.1, 3006.30.2, 3006.60.00, 3822.11.00 e 3822.19.40, são de (Lei nº 10.865, de 2004, art. 8º, § 1º, co"
30066000;478;;"digos 3002.11.00, 3002.12.1, 3002.12.2, 3002.12.3, 3002.13.00, 3002.14.00, 3002.15, 3002.41.1, 3002.41.2, 3002.49.10, 3002.49.92, 3002.49.99, 3002.59.00, 3002.90.00, 3005.10.10, 3006.30.1, 3006.30.2, 3006.60.00, 3822.11.00 e 3822.19.40, são de (Lei nº 10.865, de 2004, art. 8º, § 1º, com redação dada pela Lei nº 13.137,"
38221100;478;;"1.00, 3002.12.1, 3002.12.2, 3002.12.3, 3002.13.00, 3002.14.00, 3002.15, 3002.41.1, 3002.41.2, 3002.49.10, 3002.49.92, 3002.49.99, 3002.59.00, 3002.90.00, 3005.10.10, 3006.30.1, 3006.30.2, 3006.60.00, 3822.11.00 e 3822.19.40, são de (Lei nº 10.865, de 2004, art. 8º, § 1º, com redação dada pela Lei nº 13.137, de 2015): I"
38221940;478;;".1, 3002.12.2, 3002.12.3, 3002.13.00, 3002.14.00, 3002.15, 3002.41.1, 3002.41.2, 3002.49.10, 3002.49.92, 3002.49.99, 3002.59.00, 3002.90.00, 3005.10.10, 3006.30.1, 3006.30.2, 3006.60.00, 3822.11.00 e 3822.19.40, são de (Lei nº 10.865, de 2004, art. 8º, § 1º, com redação dada pela Lei nº 13.137, de 2015): I - 2,76% (doi"
30021100;479;;"a Tipi (Lei nº 10.865, de 2004, art. 8º, § 11, inciso I; Decreto nº 6.426, de 2008, art. 2º; e Ato Declaratório Interpretativo nº 7, de 27 de dezembro de 2018): I - na posição 30.01; II - nos códigos 3002.11.00, 3002.12.1, 3002.12.2, 3002.12.3, 3002.13.00, 3002.14.00, 3002.15, 3002.41.1, 3002.41.2, 3002.49.10, 3002.49."
30021300;479;;", inciso I; Decreto nº 6.426, de 2008, art. 2º; e Ato Declaratório Interpretativo nº 7, de 27 de dezembro de 2018): I - na posição 30.01; II - nos códigos 3002.11.00, 3002.12.1, 3002.12.2, 3002.12.3, 3002.13.00, 3002.14.00, 3002.15, 3002.41.1, 3002.41.2, 3002.49.10, 3002.49.92, 3002.49.99, 3002.59.00, 3002.90.00, 3822."
30021400;479;;"Decreto nº 6.426, de 2008, art. 2º; e Ato Declaratório Interpretativo nº 7, de 27 de dezembro de 2018): I - na posição 30.01; II - nos códigos 3002.11.00, 3002.12.1, 3002.12.2, 3002.12.3, 3002.13.00, 3002.14.00, 3002.15, 3002.41.1, 3002.41.2, 3002.49.10, 3002.49.92, 3002.49.99, 3002.59.00, 3002.90.00, 3822.11.00 e 3822"
30024910;479;;"eclaratório Interpretativo nº 7, de 27 de dezembro de 2018): I - na posição 30.01; II - nos códigos 3002.11.00, 3002.12.1, 3002.12.2, 3002.12.3, 3002.13.00, 3002.14.00, 3002.15, 3002.41.1, 3002.41.2, 3002.49.10, 3002.49.92, 3002.49.99, 3002.59.00, 3002.90.00, 3822.11.00 e 3822.19.40; III - na posição 30.03, exceto no c"
30024992;479;;"Interpretativo nº 7, de 27 de dezembro de 2018): I - na posição 30.01; II - nos códigos 3002.11.00, 3002.12.1, 3002.12.2, 3002.12.3, 3002.13.00, 3002.14.00, 3002.15, 3002.41.1, 3002.41.2, 3002.49.10, 3002.49.92, 3002.49.99, 3002.59.00, 3002.90.00, 3822.11.00 e 3822.19.40; III - na posição 30.03, exceto no código 3003.9"
30024999;479;;"vo nº 7, de 27 de dezembro de 2018): I - na posição 30.01; II - nos códigos 3002.11.00, 3002.12.1, 3002.12.2, 3002.12.3, 3002.13.00, 3002.14.00, 3002.15, 3002.41.1, 3002.41.2, 3002.49.10, 3002.49.92, 3002.49.99, 3002.59.00, 3002.90.00, 3822.11.00 e 3822.19.40; III - na posição 30.03, exceto no código 3003.90.56; IV - n"
30025900;479;;"27 de dezembro de 2018): I - na posição 30.01; II - nos códigos 3002.11.00, 3002.12.1, 3002.12.2, 3002.12.3, 3002.13.00, 3002.14.00, 3002.15, 3002.41.1, 3002.41.2, 3002.49.10, 3002.49.92, 3002.49.99, 3002.59.00, 3002.90.00, 3822.11.00 e 3822.19.40; III - na posição 30.03, exceto no código 3003.90.56; IV - na posição 30"
30029000;479;;"ro de 2018): I - na posição 30.01; II - nos códigos 3002.11.00, 3002.12.1, 3002.12.2, 3002.12.3, 3002.13.00, 3002.14.00, 3002.15, 3002.41.1, 3002.41.2, 3002.49.10, 3002.49.92, 3002.49.99, 3002.59.00, 3002.90.00, 3822.11.00 e 3822.19.40; III - na posição 30.03, exceto no código 3003.90.56; IV - na posição 30.04, exceto "
38221100;479;;" I - na posição 30.01; II - nos códigos 3002.11.00, 3002.12.1, 3002.12.2, 3002.12.3, 3002.13.00, 3002.14.00, 3002.15, 3002.41.1, 3002.41.2, 3002.49.10, 3002.49.92, 3002.49.99, 3002.59.00, 3002.90.00, 3822.11.00 e 3822.19.40; III - na posição 30.03, exceto no código 3003.90.56; IV - na posição 30.04, exceto no código 30"
38221940;479;;"ão 30.01; II - nos códigos 3002.11.00, 3002.12.1, 3002.12.2, 3002.12.3, 3002.13.00, 3002.14.00, 3002.15, 3002.41.1, 3002.41.2, 3002.49.10, 3002.49.92, 3002.49.99, 3002.59.00, 3002.90.00, 3822.11.00 e 3822.19.40; III - na posição 30.03, exceto no código 3003.90.56; IV - na posição 30.04, exceto no código 3004.90.46; V -"
30039056;479;;"2.12.2, 3002.12.3, 3002.13.00, 3002.14.00, 3002.15, 3002.41.1, 3002.41.2, 3002.49.10, 3002.49.92, 3002.49.99, 3002.59.00, 3002.90.00, 3822.11.00 e 3822.19.40; III - na posição 30.03, exceto no código 3003.90.56; IV - na posição 30.04, exceto no código 3004.90.46; V - no código 3005.10.10; e VI - nos códigos 3006.30.1; "
30049046;479;;"3002.41.1, 3002.41.2, 3002.49.10, 3002.49.92, 3002.49.99, 3002.59.00, 3002.90.00, 3822.11.00 e 3822.19.40; III - na posição 30.03, exceto no código 3003.90.56; IV - na posição 30.04, exceto no código 3004.90.46; V - no código 3005.10.10; e VI - nos códigos 3006.30.1; 3006.30.2 e 3006.60.00."
30051010;479;;".49.10, 3002.49.92, 3002.49.99, 3002.59.00, 3002.90.00, 3822.11.00 e 3822.19.40; III - na posição 30.03, exceto no código 3003.90.56; IV - na posição 30.04, exceto no código 3004.90.46; V - no código 3005.10.10; e VI - nos códigos 3006.30.1; 3006.30.2 e 3006.60.00."
30066000;479;;", 3822.11.00 e 3822.19.40; III - na posição 30.03, exceto no código 3003.90.56; IV - na posição 30.04, exceto no código 3004.90.46; V - no código 3005.10.10; e VI - nos códigos 3006.30.1; 3006.30.2 e 3006.60.00."
38221300;480;;"icam reduzidas a 0% (zero por cento) as alíquotas da Contribuição para o PIS/Pasep- Importação e da Co fi ns-Importação incidentes na importação de produtos classi fi cados nas posições 30.02, 30.06, 3822.13.00, 3822.19.30, 39.26, 40.15 e 90.18 da Tipi, relacionados no Anexo V, destinados ao uso em hospitais, clínicas "
38221930;480;;"as a 0% (zero por cento) as alíquotas da Contribuição para o PIS/Pasep- Importação e da Co fi ns-Importação incidentes na importação de produtos classi fi cados nas posições 30.02, 30.06, 3822.13.00, 3822.19.30, 39.26, 40.15 e 90.18 da Tipi, relacionados no Anexo V, destinados ao uso em hospitais, clínicas e consultóri"
34011190;481;176;" 2.121, DE 15 DE DEZEMBRO DE 2022 - DOU - Imprensa Nacional https://www.in.gov.br/en/web/dou/-/instrucao-normativa-rfb-n-2.121-de-15-de-dezembro-de-2022-452045866 175/316 posição 33.06, e nos códigos 3401.11.90, exceto 3401.11.90 Ex 01, 3401.20.10 e 9603.21.00, da Tipi, serão calculadas com base nas alíquotas de (Lei n"
34012010;481;176;"OU - Imprensa Nacional https://www.in.gov.br/en/web/dou/-/instrucao-normativa-rfb-n-2.121-de-15-de-dezembro-de-2022-452045866 175/316 posição 33.06, e nos códigos 3401.11.90, exceto 3401.11.90 Ex 01, 3401.20.10 e 9603.21.00, da Tipi, serão calculadas com base nas alíquotas de (Lei nº 10.147, de 2000, art. 1º, inciso I,"
96032100;481;176;" Nacional https://www.in.gov.br/en/web/dou/-/instrucao-normativa-rfb-n-2.121-de-15-de-dezembro-de-2022-452045866 175/316 posição 33.06, e nos códigos 3401.11.90, exceto 3401.11.90 Ex 01, 3401.20.10 e 9603.21.00, da Tipi, serão calculadas com base nas alíquotas de (Lei nº 10.147, de 2000, art. 1º, inciso I, 'b', com red"
34011190;489;;"ção e da Co fi ns-Importação incidentes na importação de produtos de perfumaria, de toucador ou de higiene pessoal classi fi cados nas posições 3303.00 a 33.07, exceto na posição 33.06; e nos códigos 3401.11.90, exceto 3401.11.90 Ex 01; 3401.20.10; e 9603.21.00, da Tipi, são de (Lei nº 10.865, de 2004, art. 8º, § 2º, c"
34012010;489;;"es na importação de produtos de perfumaria, de toucador ou de higiene pessoal classi fi cados nas posições 3303.00 a 33.07, exceto na posição 33.06; e nos códigos 3401.11.90, exceto 3401.11.90 Ex 01; 3401.20.10; e 9603.21.00, da Tipi, são de (Lei nº 10.865, de 2004, art. 8º, § 2º, com redação dada pela Lei nº 13.137, d"
96032100;489;;"ão de produtos de perfumaria, de toucador ou de higiene pessoal classi fi cados nas posições 3303.00 a 33.07, exceto na posição 33.06; e nos códigos 3401.11.90, exceto 3401.11.90 Ex 01; 3401.20.10; e 9603.21.00, da Tipi, são de (Lei nº 10.865, de 2004, art. 8º, § 2º, com redação dada pela Lei nº 13.137, de 2015, art. 1"
21069010;490;178;"zação ou comercialização dos produtos classi fi cados nos seguintes códigos da Tipi serão exigidas nos termos do Decreto nº 8.442, de 29 de abril de 2015 (Lei nº 13.097, de 2015, art. 14, caput): I - 2106.90.10 Ex 02; II - 22.01, exceto os Ex 01 e Ex 02 do código 2201.10.00; III - 22.02, exceto os Ex 01 e Ex 02 do códi"
22011000;490;178;"tes códigos da Tipi serão exigidas nos termos do Decreto nº 8.442, de 29 de abril de 2015 (Lei nº 13.097, de 2015, art. 14, caput): I - 2106.90.10 Ex 02; II - 22.01, exceto os Ex 01 e Ex 02 do código 2201.10.00; III - 22.02, exceto os Ex 01 e Ex 02 do código 2202.99.00; e IV - 22.03. Parágrafo único. O disposto no capu"
22029900;490;178;" 8.442, de 29 de abril de 2015 (Lei nº 13.097, de 2015, art. 14, caput): I - 2106.90.10 Ex 02; II - 22.01, exceto os Ex 01 e Ex 02 do código 2201.10.00; III - 22.02, exceto os Ex 01 e Ex 02 do código 2202.99.00; e IV - 22.03. Parágrafo único. O disposto no caput, em relação às posições 22.01 e 22.02 da Tipi, alcança ex"
22011000;491;;". Ficam reduzidas a 0% (zero por cento) as alíquotas da Contribuição para o PIS/Pasep e da Co fi ns incidentes sobre a receita decorrente da venda de águas minerais naturais classi fi cadas no código 2201.10.00 Ex 01 e Ex 02 da Tipi (Lei nº 12.715, de 2012, art. 76). CAPÍTULO II DA VENDA E DA IMPORTAÇÃO DE PREPARAÇÕES "
21069010;492;;"S/Pasep-Importação e da Co fi ns-Importação incidentes, respectivamente, sobre a receita de venda no mercado interno e na importação de preparações compostas não alcoólicas, classi fi cadas no código 2106.90.10 Ex 01 da Tipi, destinadas à elaboração de bebidas pelas pessoas jurídicas industriais dos produtos referidos "
27111910;526;;"esel e gasolina, ou exclusivamente de gasolina; b) óleo diesel e suas correntes, e nafta petroquímica destinada à produção ou formulação exclusivamente de óleo diesel; c) GLP classi fi cado no código 2711.19.10 da Tipi, derivado de petróleo e de gás natural; e d) querosene de aviação; II - produtor, cooperativa de prod"
27111910;527;187;"esel e gasolina, ou exclusivamente de gasolina; b) óleo diesel e suas correntes, e nafta petroquímica destinada à produção ou formulação exclusivamente de óleo diesel; c) GLP classi fi cado no código 2711.19.10 da Tipi, derivado de petróleo e de gás natural; e d) querosene de aviação; II - produtor, cooperativa de prod"
27111910;529;189;"016): I - gasolinas e suas correntes, exceto gasolina da aviação, referidos na alínea 'a' do inciso III do parágrafo único do art. 528; II - óleo diesel e suas correntes; GLP classi fi cado no código 2711.19.10 da Tipi, derivado de petróleo e de gás natural; e querosene de aviação, referidos na alínea 'a' do inciso III"
27111910;530;190;"e gasolina, ou exclusivamente de gasolina; II - óleo diesel e suas correntes, e nafta petroquímica destinada à produção ou formulação exclusivamente de óleo diesel; III - GLP classi fi cado no código 2711.19.10 da Tipi, derivado de petróleo e de gás natural; IV - querosene de aviação; V - álcool; VI - produtos sujeitos"
27111910;531;191;"e gasolina, ou exclusivamente de gasolina; II - óleo diesel e suas correntes, e nafta petroquímica destinada à produção ou formulação exclusivamente de óleo diesel; III - GLP classi fi cado no código 2711.19.10 da Tipi, derivado de petróleo e de gás natural; IV - querosene de aviação; V - álcool; VI - produtos sujeitos"
27111910;533;192;"e-15-de-dezembro-de-2022-452045866 191/316 II - óleo diesel e suas correntes, e nafta petroquímica destinada à produção ou formulação exclusivamente de óleo diesel; III - GLP classi fi cado no código 2711.19.10 da Tipi, derivado de petróleo e de gás natural; IV - querosene de aviação; V - álcool; VI - produtos sujeitos"
27111910;535;194;"e gasolina, ou exclusivamente de gasolina; II - óleo diesel e suas correntes, e nafta petroquímica destinada à produção ou formulação exclusivamente de óleo diesel; III - GLP classi fi cado no código 2711.19.10 da Tipi, derivado de petróleo e de gás natural; IV - querosene de aviação; V - álcool; VI - produtos sujeitos"
18010000;558;;", art. 9º, inciso I, com redação dada pela Lei nº 12.865, de 2013, art. 33; Lei nº 12.599, de 2012, art. 7º, parágrafo único): I - 10.01 a 10.08 (cereais), exceto os códigos 1006.20 e 1006.30; e II - 1801.00.00 (cacau). Parágrafo único. Para efeito do disposto no caput, entende-se por cerealista, a pessoa jurídica que "
02061000;560;199;"t. 13; Lei nº 12.599, de 2012, art. 7º, parágrafo único; Lei nº 12.839, de 2013, art. 2º, e Lei nº 12.865, de 2013, art. 30): I - no Capítulo 2 (carnes), exceto os códigos 02.01, 02.02, 02.03, 02.04, 0206.10.00, 0206.21, 0206.29, 0206.30.00, 0206.4, 0206.80.00, 02.07 e 0210.1; II - no Capítulo 3 (pescados), exceto os c"
02063000;560;199;" art. 7º, parágrafo único; Lei nº 12.839, de 2013, art. 2º, e Lei nº 12.865, de 2013, art. 30): I - no Capítulo 2 (carnes), exceto os códigos 02.01, 02.02, 02.03, 02.04, 0206.10.00, 0206.21, 0206.29, 0206.30.00, 0206.4, 0206.80.00, 02.07 e 0210.1; II - no Capítulo 3 (pescados), exceto os códigos 03.02, 03.03, 03.04 e o"
02068000;560;199;"único; Lei nº 12.839, de 2013, art. 2º, e Lei nº 12.865, de 2013, art. 30): I - no Capítulo 2 (carnes), exceto os códigos 02.01, 02.02, 02.03, 02.04, 0206.10.00, 0206.21, 0206.29, 0206.30.00, 0206.4, 0206.80.00, 02.07 e 0210.1; II - no Capítulo 3 (pescados), exceto os códigos 03.02, 03.03, 03.04 e os produtos vivos des"
04051000;560;199;"206.80.00, 02.07 e 0210.1; II - no Capítulo 3 (pescados), exceto os códigos 03.02, 03.03, 03.04 e os produtos vivos desse Capítulo; III - no Capítulo 4 (leite, laticínios, ovos, mel), exceto o código 0405.10.00; IV - nos códigos 0504.00 (miúdos), 0701.90.00, 0702.00.00, 0706.10.00, 07.08, 0709.9, 07.10, 07.12 a 07.14 ("
07019000;560;199;"pescados), exceto os códigos 03.02, 03.03, 03.04 e os produtos vivos desse Capítulo; III - no Capítulo 4 (leite, laticínios, ovos, mel), exceto o código 0405.10.00; IV - nos códigos 0504.00 (miúdos), 0701.90.00, 0702.00.00, 0706.10.00, 07.08, 0709.9, 07.10, 07.12 a 07.14 (produtos hortícolas, plantas e tubérculos), exc"
07020000;560;199;"xceto os códigos 03.02, 03.03, 03.04 e os produtos vivos desse Capítulo; III - no Capítulo 4 (leite, laticínios, ovos, mel), exceto o código 0405.10.00; IV - nos códigos 0504.00 (miúdos), 0701.90.00, 0702.00.00, 0706.10.00, 07.08, 0709.9, 07.10, 07.12 a 07.14 (produtos hortícolas, plantas e tubérculos), exceto os códig"
07061000;560;199;"igos 03.02, 03.03, 03.04 e os produtos vivos desse Capítulo; III - no Capítulo 4 (leite, laticínios, ovos, mel), exceto o código 0405.10.00; IV - nos códigos 0504.00 (miúdos), 0701.90.00, 0702.00.00, 0706.10.00, 07.08, 0709.9, 07.10, 07.12 a 07.14 (produtos hortícolas, plantas e tubérculos), exceto os códigos 0713.33.1"
07133319;560;199;", exceto o código 0405.10.00; IV - nos códigos 0504.00 (miúdos), 0701.90.00, 0702.00.00, 0706.10.00, 07.08, 0709.9, 07.10, 07.12 a 07.14 (produtos hortícolas, plantas e tubérculos), exceto os códigos 0713.33.19, 0713.33.29 e 0713.33.99; V - no Capítulo 8 (frutas); VI - no Capítulo 9, exceto a posição 09.01 (café); VII "
07133329;560;199;"ódigo 0405.10.00; IV - nos códigos 0504.00 (miúdos), 0701.90.00, 0702.00.00, 0706.10.00, 07.08, 0709.9, 07.10, 07.12 a 07.14 (produtos hortícolas, plantas e tubérculos), exceto os códigos 0713.33.19, 0713.33.29 e 0713.33.99; V - no Capítulo 8 (frutas); VI - no Capítulo 9, exceto a posição 09.01 (café); VII - nos Capítu"
07133399;560;199;".00; IV - nos códigos 0504.00 (miúdos), 0701.90.00, 0702.00.00, 0706.10.00, 07.08, 0709.9, 07.10, 07.12 a 07.14 (produtos hortícolas, plantas e tubérculos), exceto os códigos 0713.33.19, 0713.33.29 e 0713.33.99; V - no Capítulo 8 (frutas); VI - no Capítulo 9, exceto a posição 09.01 (café); VII - nos Capítulos 10 a 12 ("
12081000;560;199;"3.33.29 e 0713.33.99; V - no Capítulo 8 (frutas); VI - no Capítulo 9, exceto a posição 09.01 (café); VII - nos Capítulos 10 a 12 (cereais, farinhas, grãos, sementes, frutos), exceto os códigos 12.01, 1208.10.00; VIII - no Capítulo 15 (gorduras e óleos animais ou vegetais), exceto os códigos 1502.10.1, 15.07 a 15.14, e "
15171000;560;199;" 10 a 12 (cereais, farinhas, grãos, sementes, frutos), exceto os códigos 12.01, 1208.10.00; VIII - no Capítulo 15 (gorduras e óleos animais ou vegetais), exceto os códigos 1502.10.1, 15.07 a 15.14, e 1517.10.00; IX - no Capítulo 16 (preparações de carnes e pescados); X - nos códigos 1701.13.00, 1701.14.00, 1702.90.00, "
17011300;560;199;".10.00; VIII - no Capítulo 15 (gorduras e óleos animais ou vegetais), exceto os códigos 1502.10.1, 15.07 a 15.14, e 1517.10.00; IX - no Capítulo 16 (preparações de carnes e pescados); X - nos códigos 1701.13.00, 1701.14.00, 1702.90.00, 1801.00.00, 18.03, 1804.00.00, 1805.00.00, 20.09 e 2209.00.00 (açúcares, cacau, suco"
17011400;560;199;" - no Capítulo 15 (gorduras e óleos animais ou vegetais), exceto os códigos 1502.10.1, 15.07 a 15.14, e 1517.10.00; IX - no Capítulo 16 (preparações de carnes e pescados); X - nos códigos 1701.13.00, 1701.14.00, 1702.90.00, 1801.00.00, 18.03, 1804.00.00, 1805.00.00, 20.09 e 2209.00.00 (açúcares, cacau, suco de frutas, "
17029000;560;199;"lo 15 (gorduras e óleos animais ou vegetais), exceto os códigos 1502.10.1, 15.07 a 15.14, e 1517.10.00; IX - no Capítulo 16 (preparações de carnes e pescados); X - nos códigos 1701.13.00, 1701.14.00, 1702.90.00, 1801.00.00, 18.03, 1804.00.00, 1805.00.00, 20.09 e 2209.00.00 (açúcares, cacau, suco de frutas, vinagres); e"
18010000;560;199;"ras e óleos animais ou vegetais), exceto os códigos 1502.10.1, 15.07 a 15.14, e 1517.10.00; IX - no Capítulo 16 (preparações de carnes e pescados); X - nos códigos 1701.13.00, 1701.14.00, 1702.90.00, 1801.00.00, 18.03, 1804.00.00, 1805.00.00, 20.09 e 2209.00.00 (açúcares, cacau, suco de frutas, vinagres); e XI - no Cap"
18040000;560;199;" ou vegetais), exceto os códigos 1502.10.1, 15.07 a 15.14, e 1517.10.00; IX - no Capítulo 16 (preparações de carnes e pescados); X - nos códigos 1701.13.00, 1701.14.00, 1702.90.00, 1801.00.00, 18.03, 1804.00.00, 1805.00.00, 20.09 e 2209.00.00 (açúcares, cacau, suco de frutas, vinagres); e XI - no Capítulo 23 (resíduos "
18050000;560;199;"), exceto os códigos 1502.10.1, 15.07 a 15.14, e 1517.10.00; IX - no Capítulo 16 (preparações de carnes e pescados); X - nos códigos 1701.13.00, 1701.14.00, 1702.90.00, 1801.00.00, 18.03, 1804.00.00, 1805.00.00, 20.09 e 2209.00.00 (açúcares, cacau, suco de frutas, vinagres); e XI - no Capítulo 23 (resíduos alimentares,"
22090000;560;199;" 1502.10.1, 15.07 a 15.14, e 1517.10.00; IX - no Capítulo 16 (preparações de carnes e pescados); X - nos códigos 1701.13.00, 1701.14.00, 1702.90.00, 1801.00.00, 18.03, 1804.00.00, 1805.00.00, 20.09 e 2209.00.00 (açúcares, cacau, suco de frutas, vinagres); e XI - no Capítulo 23 (resíduos alimentares, alimentos preparado"
02061000;567;;"assi fi cados nas posições 01.02 e 01.04 da Tipi, efetuada por pessoa jurídica, inclusive cooperativa, para pessoas jurídicas que produzam mercadorias classi fi cada nas posições 02.01, 02.02, 02.04, 0206.10.00, 0206.21, 0206.29, 0206.80.00, 0210.20.00, 0506.90.00, 0510.00.10 e 1502.10.1 da Tipi (Lei nº 12.058, de 2009"
02068000;567;;"02 e 01.04 da Tipi, efetuada por pessoa jurídica, inclusive cooperativa, para pessoas jurídicas que produzam mercadorias classi fi cada nas posições 02.01, 02.02, 02.04, 0206.10.00, 0206.21, 0206.29, 0206.80.00, 0210.20.00, 0506.90.00, 0510.00.10 e 1502.10.1 da Tipi (Lei nº 12.058, de 2009, art. 32, caput, com redação "
02102000;567;;"a Tipi, efetuada por pessoa jurídica, inclusive cooperativa, para pessoas jurídicas que produzam mercadorias classi fi cada nas posições 02.01, 02.02, 02.04, 0206.10.00, 0206.21, 0206.29, 0206.80.00, 0210.20.00, 0506.90.00, 0510.00.10 e 1502.10.1 da Tipi (Lei nº 12.058, de 2009, art. 32, caput, com redação dada pela Le"
05069000;567;;"uada por pessoa jurídica, inclusive cooperativa, para pessoas jurídicas que produzam mercadorias classi fi cada nas posições 02.01, 02.02, 02.04, 0206.10.00, 0206.21, 0206.29, 0206.80.00, 0210.20.00, 0506.90.00, 0510.00.10 e 1502.10.1 da Tipi (Lei nº 12.058, de 2009, art. 32, caput, com redação dada pela Lei nº 12.839,"
05100010;567;;"soa jurídica, inclusive cooperativa, para pessoas jurídicas que produzam mercadorias classi fi cada nas posições 02.01, 02.02, 02.04, 0206.10.00, 0206.21, 0206.29, 0206.80.00, 0210.20.00, 0506.90.00, 0510.00.10 e 1502.10.1 da Tipi (Lei nº 12.058, de 2009, art. 32, caput, com redação dada pela Lei nº 12.839, de 2013, ar"
02063000;569;;"digos 1006.20 e 1006.30, e na posição 23.06 da Tipi, quando efetuada por pessoa jurídica, inclusive cooperativa, para: a) pessoas jurídicas que produzam mercadorias classi fi cadas nos códigos 02.03, 0206.30.00, 0206.4, 02.07 e 0210.1, todos da Tipi; b) pessoas jurídicas que produzam preparações dos tipos utilizados na"
12081000;573;;"573. Fica suspenso o pagamento da Contribuição para o PIS/Pasep e da Co fi ns sobre as receitas decorrentes da venda de soja classi fi cada na posição 12.01 e dos produtos classi fi cados nos códigos 1208.10.00 e 2304.00 da Tipi (Lei nº 12.865, de 2013, art. 29). TÍTULO II DOS CRÉDITOS PRESUMIDOS CAPÍTULO I DOS CRÉDITO"
18010000;574;203;"ativamente as atividades de limpar, padronizar, armazenar e comercializar os produtos in natura de origem vegetal classi fi cados nos códigos 10.01 a 10.08, exceto os dos códigos 1006.20 e 1006.30, e 1801.00.00, todos da Tipi; IV - pessoa jurídica que exerça cumulativamente as atividades de transporte, resfriamento e v"
02061000;575;204;"8, de 2009, art. 37; Lei nº 12.350, de 2010, art. 57; e Lei nº 12.839, de 2013, art. 2º): a) aos produtos de origem animal classi fi cados no Capítulo 2, exceto os códigos 02.01, 02.02, 02.03, 02.04, 0206.10.00, 0206.21, 0206.29, 0206.30.00, 0206.4, 02.07 e 0210.1 da Tipi; b) aos produtos de origem animal classi fi cad"
02063000;575;204;".350, de 2010, art. 57; e Lei nº 12.839, de 2013, art. 2º): a) aos produtos de origem animal classi fi cados no Capítulo 2, exceto os códigos 02.01, 02.02, 02.03, 02.04, 0206.10.00, 0206.21, 0206.29, 0206.30.00, 0206.4, 02.07 e 0210.1 da Tipi; b) aos produtos de origem animal classi fi cados no Capítulos 3, exceto as p"
04051000;575;204;" 0210.1 da Tipi; b) aos produtos de origem animal classi fi cados no Capítulos 3, exceto as posições 03.02, 03.03, 03.04, da Tipi, e os produtos vivos desse Capítulo, e no Capítulo 4, exceto o código 0405.10.00, da Tipi, e o leite in natura; c) aos produtos de origem animal classi fi cados nos códigos 15.01 a 15.06 e 1"
15171000;575;204;"classi fi cados nos códigos 15.01 a 15.06 e 1516.10, exceto o código 1502.10.1, todos da Tipi; d) às misturas ou preparações de gorduras ou de óleos animais dos códigos 15.17 e 15.18, exceto o código 1517.10.00, da Tipi; e e) aos produtos de origem animal classi fi cados no Capítulo 16; II - 0,5775% (cinco mil e setece"
02061000;577;;"to presumido calculado sobre o valor dos bens classi fi cados nas posições 01.02 e 01.04 da Tipi, utilizados como insumos na fabricação de mercadorias classi fi cadas nos códigos 02.01, 02.02, 02.04, 0206.10.00, 0206.21, 0206.29, 0206.80.00, 0210.20.00, 0506.90.00, 0510.00.10 e 1502.10.1 da Tipi, destinados à exportaçã"
02068000;577;;" valor dos bens classi fi cados nas posições 01.02 e 01.04 da Tipi, utilizados como insumos na fabricação de mercadorias classi fi cadas nos códigos 02.01, 02.02, 02.04, 0206.10.00, 0206.21, 0206.29, 0206.80.00, 0210.20.00, 0506.90.00, 0510.00.10 e 1502.10.1 da Tipi, destinados à exportação ou vendidos à empresa comerc"
02102000;577;;"ens classi fi cados nas posições 01.02 e 01.04 da Tipi, utilizados como insumos na fabricação de mercadorias classi fi cadas nos códigos 02.01, 02.02, 02.04, 0206.10.00, 0206.21, 0206.29, 0206.80.00, 0210.20.00, 0506.90.00, 0510.00.10 e 1502.10.1 da Tipi, destinados à exportação ou vendidos à empresa comercial exportad"
05069000;577;;"i cados nas posições 01.02 e 01.04 da Tipi, utilizados como insumos na fabricação de mercadorias classi fi cadas nos códigos 02.01, 02.02, 02.04, 0206.10.00, 0206.21, 0206.29, 0206.80.00, 0210.20.00, 0506.90.00, 0510.00.10 e 1502.10.1 da Tipi, destinados à exportação ou vendidos à empresa comercial exportadora com o fi"
05100010;577;;"posições 01.02 e 01.04 da Tipi, utilizados como insumos na fabricação de mercadorias classi fi cadas nos códigos 02.01, 02.02, 02.04, 0206.10.00, 0206.21, 0206.29, 0206.80.00, 0210.20.00, 0506.90.00, 0510.00.10 e 1502.10.1 da Tipi, destinados à exportação ou vendidos à empresa comercial exportadora com o fi m especí fi"
02061000;580;;", art. 5º). § 2º A receita de exportação e a receita bruta total de que trata o § 1º correspondem apenas às receitas decorrentes da venda dos produtos classi fi cados nos códigos 02.01, 02.02, 02.04, 0206.10.00, 0206.21, 0206.29, 0210.20.00, 0506.90.00, 0510.00.10 e 1502.10.1 da Tipi (Lei nº 12.058, de 2009, art. 33, §"
02102000;580;;"exportação e a receita bruta total de que trata o § 1º correspondem apenas às receitas decorrentes da venda dos produtos classi fi cados nos códigos 02.01, 02.02, 02.04, 0206.10.00, 0206.21, 0206.29, 0210.20.00, 0506.90.00, 0510.00.10 e 1502.10.1 da Tipi (Lei nº 12.058, de 2009, art. 33, § 7º, com redação dada pela Lei"
05069000;580;;" a receita bruta total de que trata o § 1º correspondem apenas às receitas decorrentes da venda dos produtos classi fi cados nos códigos 02.01, 02.02, 02.04, 0206.10.00, 0206.21, 0206.29, 0210.20.00, 0506.90.00, 0510.00.10 e 1502.10.1 da Tipi (Lei nº 12.058, de 2009, art. 33, § 7º, com redação dada pela Lei nº 12.839, "
05100010;580;;"ruta total de que trata o § 1º correspondem apenas às receitas decorrentes da venda dos produtos classi fi cados nos códigos 02.01, 02.02, 02.04, 0206.10.00, 0206.21, 0206.29, 0210.20.00, 0506.90.00, 0510.00.10 e 1502.10.1 da Tipi (Lei nº 12.058, de 2009, art. 33, § 7º, com redação dada pela Lei nº 12.839, de 2013, art"
02063000;584;207;"e da Co fi ns, devidas em cada período de apuração, crédito presumido calculado sobre o valor de aquisição dos bens utilizados como insumos na produção dos produtos classi fi cados nos códigos 02.03, 0206.30.00, 0206.4, 02.07 e 0210.1 da Tipi, destinados à exportação ou vendidos à empresa comercial exportadora com o fi"
02063000;585;;"r (Lei nº 12.350, de 2010, art. 55, caput): I - de aquisição dos bens relacionados nos incisos do caput do art. 584 utilizados como insumos na produção dos produtos classi fi cados nos códigos 02.03, 0206.30.00, 0206.4, 02.07 e 0210.1 da Tipi, destinados à exportação ou vendidos a empresa comercial exportadora com o fi"
02063000;586;;"350, de 2010, art. 55, § 8º). § 3º A receita de exportação e a receita bruta total de que trata o § 2º correspondem apenas àquelas decorrentes da venda dos produtos classi fi cados nos códigos 02.03, 0206.30.00, 0206.4, 02.07 e 0210.1 da Tipi (Lei nº 12.350, de 2010, art. 55, § 8º). Seção II Produtos Adquiridos para In"
12081000;595;210;"RO DE 2022 - DOU - Imprensa Nacional https://www.in.gov.br/en/web/dou/-/instrucao-normativa-rfb-n-2.121-de-15-de-dezembro-de-2022-452045866 209/316 exportação dos produtos classi fi cados nos códigos 1208.10.00, 15.07, 1517.10.00, 2304.00, 2309.10.00 e 3826.00.00 e de lecitina de soja classi fi cada no código 2923.20.0"
15171000;595;210;"Imprensa Nacional https://www.in.gov.br/en/web/dou/-/instrucao-normativa-rfb-n-2.121-de-15-de-dezembro-de-2022-452045866 209/316 exportação dos produtos classi fi cados nos códigos 1208.10.00, 15.07, 1517.10.00, 2304.00, 2309.10.00 e 3826.00.00 e de lecitina de soja classi fi cada no código 2923.20.00, todos da Tipi (L"
23091000;595;210;"ps://www.in.gov.br/en/web/dou/-/instrucao-normativa-rfb-n-2.121-de-15-de-dezembro-de-2022-452045866 209/316 exportação dos produtos classi fi cados nos códigos 1208.10.00, 15.07, 1517.10.00, 2304.00, 2309.10.00 e 3826.00.00 e de lecitina de soja classi fi cada no código 2923.20.00, todos da Tipi (Lei nº 12.865, de 2013"
38260000;595;210;"ov.br/en/web/dou/-/instrucao-normativa-rfb-n-2.121-de-15-de-dezembro-de-2022-452045866 209/316 exportação dos produtos classi fi cados nos códigos 1208.10.00, 15.07, 1517.10.00, 2304.00, 2309.10.00 e 3826.00.00 e de lecitina de soja classi fi cada no código 2923.20.00, todos da Tipi (Lei nº 12.865, de 2013, art. 31, ca"
29232000;595;210;"e-dezembro-de-2022-452045866 209/316 exportação dos produtos classi fi cados nos códigos 1208.10.00, 15.07, 1517.10.00, 2304.00, 2309.10.00 e 3826.00.00 e de lecitina de soja classi fi cada no código 2923.20.00, todos da Tipi (Lei nº 12.865, de 2013, art. 31, caput). § 1º O crédito presumido a que se refere o caput pod"
12081000;596;211;"te por cento), no caso de comercialização de óleo de soja classi fi cado no código 15.07 da Tipi; II - 27% (vinte e sete por cento), no caso de comercialização de produtos classi fi cados nos códigos 1208.10.00 e 2304.00 da Tipi; III - 10% (dez por cento), no caso de comercialização de margarina classi fi cada no códig"
15171000;596;211;"or cento), no caso de comercialização de produtos classi fi cados nos códigos 1208.10.00 e 2304.00 da Tipi; III - 10% (dez por cento), no caso de comercialização de margarina classi fi cada no código 1517.10.00 da Tipi; IV - 5% (cinco por cento), no caso de comercialização de rações classi fi cadas no código 2309.10.00"
23091000;596;211;"I - 10% (dez por cento), no caso de comercialização de margarina classi fi cada no código 1517.10.00 da Tipi; IV - 5% (cinco por cento), no caso de comercialização de rações classi fi cadas no código 2309.10.00 da Tipi; V - 45% (quarenta e cinco por cento), no caso de comercialização de biodiesel classi fi cado no códi"
38260000;596;211;"o por cento), no caso de comercialização de rações classi fi cadas no código 2309.10.00 da Tipi; V - 45% (quarenta e cinco por cento), no caso de comercialização de biodiesel classi fi cado no código 3826.00.00 da Tipi; ou VI - 13% (treze por cento), no caso de comercialização de lecitina de soja classi fi cada no códi"
29232000;596;211;"por cento), no caso de comercialização de biodiesel classi fi cado no código 3826.00.00 da Tipi; ou VI - 13% (treze por cento), no caso de comercialização de lecitina de soja classi fi cada no código 2923.20.00 da Tipi. § 1º Para efeito de cálculo do crédito presumido de que trata este artigo, o ICMS destacado no docum"
07133319;605;214;"gosto de 2003, e de produtos de natureza biológica utilizados em sua produção; IV - corretivo de solo de origem mineral classi fi cado no Capítulo 25 da Tipi; V - produtos classi fi cados nos códigos 0713.33.19, 0713.33.29, 0713.33.99, 1006.20, 1006.30 e 1106.20.00, todos da Tipi; VI - inoculantes agrícolas produzidos "
07133329;605;214;"3, e de produtos de natureza biológica utilizados em sua produção; IV - corretivo de solo de origem mineral classi fi cado no Capítulo 25 da Tipi; V - produtos classi fi cados nos códigos 0713.33.19, 0713.33.29, 0713.33.99, 1006.20, 1006.30 e 1106.20.00, todos da Tipi; VI - inoculantes agrícolas produzidos a partir de "
07133399;605;214;"utos de natureza biológica utilizados em sua produção; IV - corretivo de solo de origem mineral classi fi cado no Capítulo 25 da Tipi; V - produtos classi fi cados nos códigos 0713.33.19, 0713.33.29, 0713.33.99, 1006.20, 1006.30 e 1106.20.00, todos da Tipi; VI - inoculantes agrícolas produzidos a partir de bactérias fi"
11062000;605;214;"izados em sua produção; IV - corretivo de solo de origem mineral classi fi cado no Capítulo 25 da Tipi; V - produtos classi fi cados nos códigos 0713.33.19, 0713.33.29, 0713.33.99, 1006.20, 1006.30 e 1106.20.00, todos da Tipi; VI - inoculantes agrícolas produzidos a partir de bactérias fi xadoras de nitrogênio, classi "
30024999;605;214;"gos 0713.33.19, 0713.33.29, 0713.33.99, 1006.20, 1006.30 e 1106.20.00, todos da Tipi; VI - inoculantes agrícolas produzidos a partir de bactérias fi xadoras de nitrogênio, classi fi cados nos códigos 3002.49.99, 3002.59.00, 3002.90.00 da Tipi; VII - produtos classi fi cados no código 3002.42 da Tipi; VIII - farinha, gr"
30025900;605;214;"19, 0713.33.29, 0713.33.99, 1006.20, 1006.30 e 1106.20.00, todos da Tipi; VI - inoculantes agrícolas produzidos a partir de bactérias fi xadoras de nitrogênio, classi fi cados nos códigos 3002.49.99, 3002.59.00, 3002.90.00 da Tipi; VII - produtos classi fi cados no código 3002.42 da Tipi; VIII - farinha, grumos e sêmol"
30029000;605;214;"29, 0713.33.99, 1006.20, 1006.30 e 1106.20.00, todos da Tipi; VI - inoculantes agrícolas produzidos a partir de bactérias fi xadoras de nitrogênio, classi fi cados nos códigos 3002.49.99, 3002.59.00, 3002.90.00 da Tipi; VII - produtos classi fi cados no código 3002.42 da Tipi; VIII - farinha, grumos e sêmolas, grãos es"
11031300;605;214;"00 da Tipi; VII - produtos classi fi cados no código 3002.42 da Tipi; VIII - farinha, grumos e sêmolas, grãos esmagados ou em fl ocos, de milho, classi fi cados, respectivamente, nos códigos 1102.20, 1103.13.00 e 1104.19.00, todos da Tipi; IX - pintos de 1 (um) dia classi fi cados no código 0105.11 da Tipi; X - leite f"
11041900;605;214;"II - produtos classi fi cados no código 3002.42 da Tipi; VIII - farinha, grumos e sêmolas, grãos esmagados ou em fl ocos, de milho, classi fi cados, respectivamente, nos códigos 1102.20, 1103.13.00 e 1104.19.00, todos da Tipi; IX - pintos de 1 (um) dia classi fi cados no código 0105.11 da Tipi; X - leite fl uido pasteu"
11010010;605;214;"ueijo fresco não maturado e queijo do reino; XII - soro de leite fl uido a ser empregado na industrialização de produtos destinados ao consumo humano; XIII - farinha de trigo classi fi cada no código 1101.00.10 da Tipi; XIV - trigo classi fi cado na posição 10.01 da Tipi; 08/08/2026, 09:51 INSTRUÇÃO NORMATIVA RFB Nº 2."
19012000;605;214;"web/dou/-/instrucao-normativa-rfb-n-2.121-de-15-de-dezembro-de-2022-452045866 213/316 XV - pré-misturas próprias para fabricação de pão comum e pão comum classi fi cados, respectivamente, nos códigos 1901.20.00 Ex 01 e 1905.90.90 Ex 01 da Tipi; XVI - produtos hortícolas e frutas, classi fi cados nos Capítulos 7 e 8, e "
19059090;605;214;"-normativa-rfb-n-2.121-de-15-de-dezembro-de-2022-452045866 213/316 XV - pré-misturas próprias para fabricação de pão comum e pão comum classi fi cados, respectivamente, nos códigos 1901.20.00 Ex 01 e 1905.90.90 Ex 01 da Tipi; XVI - produtos hortícolas e frutas, classi fi cados nos Capítulos 7 e 8, e ovos, classi fi cad"
02061000;605;214;"alimentícias classi fi cadas na posição 19.02 da Tipi. XIX - carnes bovina, suína, ovina, caprina e de aves e produtos de origem animal classi fi cados nos seguintes códigos da Tipi: a) 02.01, 02.02, 0206.10.00, 0206.2, 0210.20.00, 0506.90.00, 0510.00.10 e 1502.10.1; b) 02.03, 0206.30.00, 0206.4, 02.07, 02.09 e 0210.1 "
02102000;605;214;"fi cadas na posição 19.02 da Tipi. XIX - carnes bovina, suína, ovina, caprina e de aves e produtos de origem animal classi fi cados nos seguintes códigos da Tipi: a) 02.01, 02.02, 0206.10.00, 0206.2, 0210.20.00, 0506.90.00, 0510.00.10 e 1502.10.1; b) 02.03, 0206.30.00, 0206.4, 02.07, 02.09 e 0210.1 e carne de frango cl"
05069000;605;214;"posição 19.02 da Tipi. XIX - carnes bovina, suína, ovina, caprina e de aves e produtos de origem animal classi fi cados nos seguintes códigos da Tipi: a) 02.01, 02.02, 0206.10.00, 0206.2, 0210.20.00, 0506.90.00, 0510.00.10 e 1502.10.1; b) 02.03, 0206.30.00, 0206.4, 02.07, 02.09 e 0210.1 e carne de frango classi fi cada"
05100010;605;214;"2 da Tipi. XIX - carnes bovina, suína, ovina, caprina e de aves e produtos de origem animal classi fi cados nos seguintes códigos da Tipi: a) 02.01, 02.02, 0206.10.00, 0206.2, 0210.20.00, 0506.90.00, 0510.00.10 e 1502.10.1; b) 02.03, 0206.30.00, 0206.4, 02.07, 02.09 e 0210.1 e carne de frango classi fi cada nos códigos"
02063000;605;214;"ína, ovina, caprina e de aves e produtos de origem animal classi fi cados nos seguintes códigos da Tipi: a) 02.01, 02.02, 0206.10.00, 0206.2, 0210.20.00, 0506.90.00, 0510.00.10 e 1502.10.1; b) 02.03, 0206.30.00, 0206.4, 02.07, 02.09 e 0210.1 e carne de frango classi fi cada nos códigos 0210.99.00; e c) 02.04 e miudezas"
02109900;605;214;" códigos da Tipi: a) 02.01, 02.02, 0206.10.00, 0206.2, 0210.20.00, 0506.90.00, 0510.00.10 e 1502.10.1; b) 02.03, 0206.30.00, 0206.4, 02.07, 02.09 e 0210.1 e carne de frango classi fi cada nos códigos 0210.99.00; e c) 02.04 e miudezas comestíveis de ovinos e caprinos classi fi cadas no código 0206.80.00; XX - peixes e o"
02068000;605;214;"502.10.1; b) 02.03, 0206.30.00, 0206.4, 02.07, 02.09 e 0210.1 e carne de frango classi fi cada nos códigos 0210.99.00; e c) 02.04 e miudezas comestíveis de ovinos e caprinos classi fi cadas no código 0206.80.00; XX - peixes e outros produtos classi fi cados nos seguintes códigos da Tipi: a) 03.02, exceto 0302.91.00; e "
03029100;605;214;" 0210.99.00; e c) 02.04 e miudezas comestíveis de ovinos e caprinos classi fi cadas no código 0206.80.00; XX - peixes e outros produtos classi fi cados nos seguintes códigos da Tipi: a) 03.02, exceto 0302.91.00; e b) 03.03 e 03.04; XXI - café classi fi cado nos códigos 09.01 e 2101.1 da Tipi; XXII - açúcar classi fi ca"
17011400;605;214;" classi fi cados nos seguintes códigos da Tipi: a) 03.02, exceto 0302.91.00; e b) 03.03 e 03.04; XXI - café classi fi cado nos códigos 09.01 e 2101.1 da Tipi; XXII - açúcar classi fi cado nos códigos 1701.14.00 e 1701.99.00 da Tipi; XXIII - óleo de soja classi fi cado na posição 15.07 da Tipi e outros óleos vegetais cl"
17019900;605;214;"dos nos seguintes códigos da Tipi: a) 03.02, exceto 0302.91.00; e b) 03.03 e 03.04; XXI - café classi fi cado nos códigos 09.01 e 2101.1 da Tipi; XXII - açúcar classi fi cado nos códigos 1701.14.00 e 1701.99.00 da Tipi; XXIII - óleo de soja classi fi cado na posição 15.07 da Tipi e outros óleos vegetais classi fi cados"
04051000;605;214;"e 1701.99.00 da Tipi; XXIII - óleo de soja classi fi cado na posição 15.07 da Tipi e outros óleos vegetais classi fi cados nas posições 15.08 a 15.14 da Tipi; XXIV - manteiga classi fi cada no código 0405.10.00 da Tipi; e XXV - margarina classi fi cada no código 1517.10.00 da Tipi. § 1º A redução de alíquotas prevista "
15171000;605;214;"sição 15.07 da Tipi e outros óleos vegetais classi fi cados nas posições 15.08 a 15.14 da Tipi; XXIV - manteiga classi fi cada no código 0405.10.00 da Tipi; e XXV - margarina classi fi cada no código 1517.10.00 da Tipi. § 1º A redução de alíquotas prevista no caput não se aplica à receita decorrente da venda de produto"
84333000;811;264;"2-452045866 263/316 ANEXO II AUTOPEÇAS 1. Tubos de borracha vulcanizada não endurecida da posição 40.09, com acessórios, próprias para máquinas e veículos autopropulsados das posições 84.29, 8433.20, 8433.30.00, 8433.40.00, 8433.5, 87.01, 87.02, 87.03, 87.04, 87.05 e 8706.00; 2. Partes da posição 84.31, reconhecíveis c"
84334000;811;264;"263/316 ANEXO II AUTOPEÇAS 1. Tubos de borracha vulcanizada não endurecida da posição 40.09, com acessórios, próprias para máquinas e veículos autopropulsados das posições 84.29, 8433.20, 8433.30.00, 8433.40.00, 8433.5, 87.01, 87.02, 87.03, 87.04, 87.05 e 8706.00; 2. Partes da posição 84.31, reconhecíveis como exclusiv"
84089090;811;264;".5, 87.01, 87.02, 87.03, 87.04, 87.05 e 8706.00; 2. Partes da posição 84.31, reconhecíveis como exclusiva ou principalmente destinadas às máquinas e aparelhos das posições 84.29; 3. Motores do código 8408.90.90, próprios para máquinas dos códigos 84.29, 8433.20, 8433.30.00, 8433.40.00 e 8433.5; 4. Cilindros hidráulicos"
84122110;811;264;"das às máquinas e aparelhos das posições 84.29; 3. Motores do código 8408.90.90, próprios para máquinas dos códigos 84.29, 8433.20, 8433.30.00, 8433.40.00 e 8433.5; 4. Cilindros hidráulicos do código 8412.21.10, próprios para máquinas dos códigos 84.29, 8433.20, 8433.30.00, 8433.40.00 e 8433.5; 5. Outros motores hidráu"
84122190;811;264;"indros hidráulicos do código 8412.21.10, próprios para máquinas dos códigos 84.29, 8433.20, 8433.30.00, 8433.40.00 e 8433.5; 5. Outros motores hidráulicos de movimento retilíneo (cilindros) do código 8412.21.90, próprios para máquinas dos códigos 84.29, 8433.20, 8433.30.00, 8433.40.00 e 8433.5; 08/08/2026, 09:51 INSTRU"
84123110;811;264;", DE 15 DE DEZEMBRO DE 2022 - DOU - Imprensa Nacional https://www.in.gov.br/en/web/dou/-/instrucao-normativa-rfb-n-2.121-de-15-de-dezembro-de-2022-452045866 264/316 6. Cilindros pneumáticos do código 8412.31.10, próprios para produtos dos códigos 8701.20.00, 87.02 e 87.04; 7. Bombas volumétricas rotativas do código 841"
87012000;811;264;"cional https://www.in.gov.br/en/web/dou/-/instrucao-normativa-rfb-n-2.121-de-15-de-dezembro-de-2022-452045866 264/316 6. Cilindros pneumáticos do código 8412.31.10, próprios para produtos dos códigos 8701.20.00, 87.02 e 87.04; 7. Bombas volumétricas rotativas do código 8413.60.19, próprias para produtos dos códigos 84."
84136019;811;264;"121-de-15-de-dezembro-de-2022-452045866 264/316 6. Cilindros pneumáticos do código 8412.31.10, próprios para produtos dos códigos 8701.20.00, 87.02 e 87.04; 7. Bombas volumétricas rotativas do código 8413.60.19, próprias para produtos dos códigos 84.29, 8433.20, 8433.30.00, 8433.40.00, 8433.5, 8701.20.00, 87.02 e 87.04"
84148019;811;264;"4; 7. Bombas volumétricas rotativas do código 8413.60.19, próprias para produtos dos códigos 84.29, 8433.20, 8433.30.00, 8433.40.00, 8433.5, 8701.20.00, 87.02 e 87.04; 8. Compressores de ar do código 8414.80.19, próprios para produtos dos códigos 8701.21.00, 8701.22.00, 8701.23.00, 8701.24.00, 8701.29.00, 87.02 e 87.04"
87012100;811;264;"413.60.19, próprias para produtos dos códigos 84.29, 8433.20, 8433.30.00, 8433.40.00, 8433.5, 8701.20.00, 87.02 e 87.04; 8. Compressores de ar do código 8414.80.19, próprios para produtos dos códigos 8701.21.00, 8701.22.00, 8701.23.00, 8701.24.00, 8701.29.00, 87.02 e 87.04; 9. Caixas de ventilação para veículos autopro"
87012200;811;264;"róprias para produtos dos códigos 84.29, 8433.20, 8433.30.00, 8433.40.00, 8433.5, 8701.20.00, 87.02 e 87.04; 8. Compressores de ar do código 8414.80.19, próprios para produtos dos códigos 8701.21.00, 8701.22.00, 8701.23.00, 8701.24.00, 8701.29.00, 87.02 e 87.04; 9. Caixas de ventilação para veículos autopropulsados, cl"
87012300;811;264;" produtos dos códigos 84.29, 8433.20, 8433.30.00, 8433.40.00, 8433.5, 8701.20.00, 87.02 e 87.04; 8. Compressores de ar do código 8414.80.19, próprios para produtos dos códigos 8701.21.00, 8701.22.00, 8701.23.00, 8701.24.00, 8701.29.00, 87.02 e 87.04; 9. Caixas de ventilação para veículos autopropulsados, classi fi cada"
87012400;811;264;"s códigos 84.29, 8433.20, 8433.30.00, 8433.40.00, 8433.5, 8701.20.00, 87.02 e 87.04; 8. Compressores de ar do código 8414.80.19, próprios para produtos dos códigos 8701.21.00, 8701.22.00, 8701.23.00, 8701.24.00, 8701.29.00, 87.02 e 87.04; 9. Caixas de ventilação para veículos autopropulsados, classi fi cadas no código "
87012900;811;264;".29, 8433.20, 8433.30.00, 8433.40.00, 8433.5, 8701.20.00, 87.02 e 87.04; 8. Compressores de ar do código 8414.80.19, próprios para produtos dos códigos 8701.21.00, 8701.22.00, 8701.23.00, 8701.24.00, 8701.29.00, 87.02 e 87.04; 9. Caixas de ventilação para veículos autopropulsados, classi fi cadas no código 8414.90.39; "
84149039;811;264;"4.80.19, próprios para produtos dos códigos 8701.21.00, 8701.22.00, 8701.23.00, 8701.24.00, 8701.29.00, 87.02 e 87.04; 9. Caixas de ventilação para veículos autopropulsados, classi fi cadas no código 8414.90.39; 10. Partes classi fi cadas no código 8432.90.00, de máquinas das posições 8432.41.00, 8432.42.00 e 8432.80.0"
84329000;811;264;"21.00, 8701.22.00, 8701.23.00, 8701.24.00, 8701.29.00, 87.02 e 87.04; 9. Caixas de ventilação para veículos autopropulsados, classi fi cadas no código 8414.90.39; 10. Partes classi fi cadas no código 8432.90.00, de máquinas das posições 8432.41.00, 8432.42.00 e 8432.80.00; 11. Válvulas redutoras de pressão classi fi ca"
84324100;811;264;"4.00, 8701.29.00, 87.02 e 87.04; 9. Caixas de ventilação para veículos autopropulsados, classi fi cadas no código 8414.90.39; 10. Partes classi fi cadas no código 8432.90.00, de máquinas das posições 8432.41.00, 8432.42.00 e 8432.80.00; 11. Válvulas redutoras de pressão classi fi cadas no código 8481.10.00, próprias pa"
84324200;811;264;"9.00, 87.02 e 87.04; 9. Caixas de ventilação para veículos autopropulsados, classi fi cadas no código 8414.90.39; 10. Partes classi fi cadas no código 8432.90.00, de máquinas das posições 8432.41.00, 8432.42.00 e 8432.80.00; 11. Válvulas redutoras de pressão classi fi cadas no código 8481.10.00, próprias para máquinas "
84328000;811;264;" 87.04; 9. Caixas de ventilação para veículos autopropulsados, classi fi cadas no código 8414.90.39; 10. Partes classi fi cadas no código 8432.90.00, de máquinas das posições 8432.41.00, 8432.42.00 e 8432.80.00; 11. Válvulas redutoras de pressão classi fi cadas no código 8481.10.00, próprias para máquinas e veículos au"
84811000;811;264;" cadas no código 8414.90.39; 10. Partes classi fi cadas no código 8432.90.00, de máquinas das posições 8432.41.00, 8432.42.00 e 8432.80.00; 11. Válvulas redutoras de pressão classi fi cadas no código 8481.10.00, próprias para máquinas e veículos autopropulsados dos códigos 84.29, 8433.20, 8433.30.00, 8433.40.00, 8433.5"
84812090;811;264;"sados dos códigos 84.29, 8433.20, 8433.30.00, 8433.40.00, 8433.5, 87.01, 87.02, 87.03, 87.04, 87.05 e 8706.00; 12. Válvulas para transmissões óleo-hidráulicas ou pneumáticas classi fi cadas no código 8481.20.90, próprias para máquinas dos códigos 84.29, 8433.20, 8433.30.00, 8433.40.00 e 8433.5; 13. Válvulas solenóides "
84818092;811;264;"-hidráulicas ou pneumáticas classi fi cadas no código 8481.20.90, próprias para máquinas dos códigos 84.29, 8433.20, 8433.30.00, 8433.40.00 e 8433.5; 13. Válvulas solenóides classi fi cadas no código 8481.80.92, próprias para máquinas e veículos autopropulsados das posições 84.29, 8433.20, 8433.30.00, 8433.40.00, 8433."
85011019;811;264;", 87.05 e 8706.00; 14. Embreagens de fricção do código 8483.60.1, próprias para máquinas dos códigos 84.29, 8433.20, 8433.30.00, 8433.40.00 e 8433.5; 15. Outros motores de corrente contínua do código 8501.10.19, próprios para acionamento elétrico de vidros de veículos autopropulsados. ANEXO III PRODUTOS QUÍMICOS DO CAP"
30021221;811;264;" CITOLÓGICA OU DE ANÁLISES CLÍNICAS, EM HOSPITAIS, CLÍNICAS E CONSULTÓRIOS MÉDICOS E ODONTOLÓGICOS E EM CAMPANHAS DE SAÚDE REALIZADAS PELO PODER PÚBLICO Nº PRODUTO CÓDIGO NCM 1 Imunoglobulina anti-Rh 3002.12.21 2 Outras imunoglobulinas séricas 3002.12.22 3 Concentrado de fator VIII 3002.12.23 4 Outros 3002.12.29 5 Reag"
30021222;811;264;"ITAIS, CLÍNICAS E CONSULTÓRIOS MÉDICOS E ODONTOLÓGICOS E EM CAMPANHAS DE SAÚDE REALIZADAS PELO PODER PÚBLICO Nº PRODUTO CÓDIGO NCM 1 Imunoglobulina anti-Rh 3002.12.21 2 Outras imunoglobulinas séricas 3002.12.22 3 Concentrado de fator VIII 3002.12.23 4 Outros 3002.12.29 5 Reagentes de origem microbiana para diagnóstico "
30021223;811;264;"E ODONTOLÓGICOS E EM CAMPANHAS DE SAÚDE REALIZADAS PELO PODER PÚBLICO Nº PRODUTO CÓDIGO NCM 1 Imunoglobulina anti-Rh 3002.12.21 2 Outras imunoglobulinas séricas 3002.12.22 3 Concentrado de fator VIII 3002.12.23 4 Outros 3002.12.29 5 Reagentes de origem microbiana para diagnóstico 3822.19.30 6 Materiais para suturas cir"
30021229;811;264;" CAMPANHAS DE SAÚDE REALIZADAS PELO PODER PÚBLICO Nº PRODUTO CÓDIGO NCM 1 Imunoglobulina anti-Rh 3002.12.21 2 Outras imunoglobulinas séricas 3002.12.22 3 Concentrado de fator VIII 3002.12.23 4 Outros 3002.12.29 5 Reagentes de origem microbiana para diagnóstico 3822.19.30 6 Materiais para suturas cirúrgicas, de polidiex"
38221930;811;264;"CÓDIGO NCM 1 Imunoglobulina anti-Rh 3002.12.21 2 Outras imunoglobulinas séricas 3002.12.22 3 Concentrado de fator VIII 3002.12.23 4 Outros 3002.12.29 5 Reagentes de origem microbiana para diagnóstico 3822.19.30 6 Materiais para suturas cirúrgicas, de polidiexanona 3006.10.10 7 Materiais para suturas cirúrgicas, de aço "
30061010;811;264;"ulinas séricas 3002.12.22 3 Concentrado de fator VIII 3002.12.23 4 Outros 3002.12.29 5 Reagentes de origem microbiana para diagnóstico 3822.19.30 6 Materiais para suturas cirúrgicas, de polidiexanona 3006.10.10 7 Materiais para suturas cirúrgicas, de aço inoxidável 3006.10.20 8 Outros 3006.10.90 9 Reagentes destinados "
30061020;811;264;" Outros 3002.12.29 5 Reagentes de origem microbiana para diagnóstico 3822.19.30 6 Materiais para suturas cirúrgicas, de polidiexanona 3006.10.10 7 Materiais para suturas cirúrgicas, de aço inoxidável 3006.10.20 8 Outros 3006.10.90 9 Reagentes destinados à determinação dos grupos ou dos fatores sanguíneos 3822.13.00 10 "
30061090;811;264;" Reagentes de origem microbiana para diagnóstico 3822.19.30 6 Materiais para suturas cirúrgicas, de polidiexanona 3006.10.10 7 Materiais para suturas cirúrgicas, de aço inoxidável 3006.10.20 8 Outros 3006.10.90 9 Reagentes destinados à determinação dos grupos ou dos fatores sanguíneos 3822.13.00 10 À base de somatolibe"
38221300;811;264;"irúrgicas, de polidiexanona 3006.10.10 7 Materiais para suturas cirúrgicas, de aço inoxidável 3006.10.20 8 Outros 3006.10.90 9 Reagentes destinados à determinação dos grupos ou dos fatores sanguíneos 3822.13.00 10 À base de somatoliberina 3006.30.21 11 Outros 3006.30.29 12 Cimentos 3006.40.11 13 Outros produtos para ob"
30063021;811;264;"7 Materiais para suturas cirúrgicas, de aço inoxidável 3006.10.20 8 Outros 3006.10.90 9 Reagentes destinados à determinação dos grupos ou dos fatores sanguíneos 3822.13.00 10 À base de somatoliberina 3006.30.21 11 Outros 3006.30.29 12 Cimentos 3006.40.11 13 Outros produtos para obturação dentária 3006.40.12 14 Cimentos"
30063029;811;264;"ras cirúrgicas, de aço inoxidável 3006.10.20 8 Outros 3006.10.90 9 Reagentes destinados à determinação dos grupos ou dos fatores sanguíneos 3822.13.00 10 À base de somatoliberina 3006.30.21 11 Outros 3006.30.29 12 Cimentos 3006.40.11 13 Outros produtos para obturação dentária 3006.40.12 14 Cimentos para reconstituição "
30064011;811;264;"inoxidável 3006.10.20 8 Outros 3006.10.90 9 Reagentes destinados à determinação dos grupos ou dos fatores sanguíneos 3822.13.00 10 À base de somatoliberina 3006.30.21 11 Outros 3006.30.29 12 Cimentos 3006.40.11 13 Outros produtos para obturação dentária 3006.40.12 14 Cimentos para reconstituição óssea 3006.40.20 15 Pre"
30064012;811;264;"destinados à determinação dos grupos ou dos fatores sanguíneos 3822.13.00 10 À base de somatoliberina 3006.30.21 11 Outros 3006.30.29 12 Cimentos 3006.40.11 13 Outros produtos para obturação dentária 3006.40.12 14 Cimentos para reconstituição óssea 3006.40.20 15 Preparações em gel, concebidas para uso em medicina human"
30064020;811;264;"es sanguíneos 3822.13.00 10 À base de somatoliberina 3006.30.21 11 Outros 3006.30.29 12 Cimentos 3006.40.11 13 Outros produtos para obturação dentária 3006.40.12 14 Cimentos para reconstituição óssea 3006.40.20 15 Preparações em gel, concebidas para uso em medicina humana ou veterinária, como lubri fi cante para certas"
30067000;811;264;" uso em medicina humana ou veterinária, como lubri fi cante para certas partes do corpo em intervenções cirúrgicas ou exames médicos, ou como agente de ligação entre o corpo e os instrumentos médicos 3006.70.00 16 Bolsas para uso em colostomia, ileostomia e urostomia 3006.91.10 17 Outros 3006.91.90 18 Bolsas para uso e"
30069110;811;264;"tas partes do corpo em intervenções cirúrgicas ou exames médicos, ou como agente de ligação entre o corpo e os instrumentos médicos 3006.70.00 16 Bolsas para uso em colostomia, ileostomia e urostomia 3006.91.10 17 Outros 3006.91.90 18 Bolsas para uso em medicina (hemodiálise e usos semelhantes) 3926.90.30 19 Artigos de"
30069190;811;264;"m intervenções cirúrgicas ou exames médicos, ou como agente de ligação entre o corpo e os instrumentos médicos 3006.70.00 16 Bolsas para uso em colostomia, ileostomia e urostomia 3006.91.10 17 Outros 3006.91.90 18 Bolsas para uso em medicina (hemodiálise e usos semelhantes) 3926.90.30 19 Artigos de laboratório ou de fa"
39269030;811;264;"e o corpo e os instrumentos médicos 3006.70.00 16 Bolsas para uso em colostomia, ileostomia e urostomia 3006.91.10 17 Outros 3006.91.90 18 Bolsas para uso em medicina (hemodiálise e usos semelhantes) 3926.90.30 19 Artigos de laboratório ou de farmácia 3926.90.40 20 Acessórios dos tipos utilizados em linhas de sangue pa"
39269040;811;264;"lsas para uso em colostomia, ileostomia e urostomia 3006.91.10 17 Outros 3006.91.90 18 Bolsas para uso em medicina (hemodiálise e usos semelhantes) 3926.90.30 19 Artigos de laboratório ou de farmácia 3926.90.40 20 Acessórios dos tipos utilizados em linhas de sangue para hemodiálise, tais como: obturadores, incluídos os"
39269050;811;264;" Artigos de laboratório ou de farmácia 3926.90.40 20 Acessórios dos tipos utilizados em linhas de sangue para hemodiálise, tais como: obturadores, incluídos os reguláveis (clamps), clipes e similares 3926.90.50 21 Outras 3926.90.90 22 Vestuário e seus acessórios, de borracha vulcanizada não endurecida, para uso em labo"
39269090;811;264;"io ou de farmácia 3926.90.40 20 Acessórios dos tipos utilizados em linhas de sangue para hemodiálise, tais como: obturadores, incluídos os reguláveis (clamps), clipes e similares 3926.90.50 21 Outras 3926.90.90 22 Vestuário e seus acessórios, de borracha vulcanizada não endurecida, para uso em laboratórios ou clínicas."
90183111;811;264;"similares 3926.90.50 21 Outras 3926.90.90 22 Vestuário e seus acessórios, de borracha vulcanizada não endurecida, para uso em laboratórios ou clínicas. 40.15 23 De capacidade inferior ou igual a 2cm3 9018.31.11 08/08/2026, 09:51 INSTRUÇÃO NORMATIVA RFB Nº 2.121, DE 15 DE DEZEMBRO DE 2022 - INSTRUÇÃO NORMATIVA RFB Nº 2."
90183119;811;264;"ÃO NORMATIVA RFB Nº 2.121, DE 15 DE DEZEMBRO DE 2022 - DOU - Imprensa Nacional https://www.in.gov.br/en/web/dou/-/instrucao-normativa-rfb-n-2.121-de-15-de-dezembro-de-2022-452045866 310/316 24 Outras 9018.31.19 25 Outras 9018.31.90 26 Gengivais 9018.32.11 27 De aço cromo-níquel, bisel trifacetado e diâmetro exterior su"
90183190;811;264;".121, DE 15 DE DEZEMBRO DE 2022 - DOU - Imprensa Nacional https://www.in.gov.br/en/web/dou/-/instrucao-normativa-rfb-n-2.121-de-15-de-dezembro-de-2022-452045866 310/316 24 Outras 9018.31.19 25 Outras 9018.31.90 26 Gengivais 9018.32.11 27 De aço cromo-níquel, bisel trifacetado e diâmetro exterior superior ou igual a 1,6"
90183211;811;264;"DE 2022 - DOU - Imprensa Nacional https://www.in.gov.br/en/web/dou/-/instrucao-normativa-rfb-n-2.121-de-15-de-dezembro-de-2022-452045866 310/316 24 Outras 9018.31.19 25 Outras 9018.31.90 26 Gengivais 9018.32.11 27 De aço cromo-níquel, bisel trifacetado e diâmetro exterior superior ou igual a 1,6mm, do tipo das utilizad"
90183212;811;264;" 24 Outras 9018.31.19 25 Outras 9018.31.90 26 Gengivais 9018.32.11 27 De aço cromo-níquel, bisel trifacetado e diâmetro exterior superior ou igual a 1,6mm, do tipo das utilizadas com bolsas de sangue 9018.32.12 28 Outras 9018.32.19 29 Para suturas 9018.32.20 30 Agulhas 9018.39.10 31 De borracha 9018.39.21 32 Cateteres "
90183219;811;264;" 25 Outras 9018.31.90 26 Gengivais 9018.32.11 27 De aço cromo-níquel, bisel trifacetado e diâmetro exterior superior ou igual a 1,6mm, do tipo das utilizadas com bolsas de sangue 9018.32.12 28 Outras 9018.32.19 29 Para suturas 9018.32.20 30 Agulhas 9018.39.10 31 De borracha 9018.39.21 32 Cateteres de poli(cloreto de vi"
90183220;811;264;"ngivais 9018.32.11 27 De aço cromo-níquel, bisel trifacetado e diâmetro exterior superior ou igual a 1,6mm, do tipo das utilizadas com bolsas de sangue 9018.32.12 28 Outras 9018.32.19 29 Para suturas 9018.32.20 30 Agulhas 9018.39.10 31 De borracha 9018.39.21 32 Cateteres de poli(cloreto de vinila), para embolectomia ar"
90183910;811;264;"De aço cromo-níquel, bisel trifacetado e diâmetro exterior superior ou igual a 1,6mm, do tipo das utilizadas com bolsas de sangue 9018.32.12 28 Outras 9018.32.19 29 Para suturas 9018.32.20 30 Agulhas 9018.39.10 31 De borracha 9018.39.21 32 Cateteres de poli(cloreto de vinila), para embolectomia arterial 9018.39.22 33 C"
90183921;811;264;" trifacetado e diâmetro exterior superior ou igual a 1,6mm, do tipo das utilizadas com bolsas de sangue 9018.32.12 28 Outras 9018.32.19 29 Para suturas 9018.32.20 30 Agulhas 9018.39.10 31 De borracha 9018.39.21 32 Cateteres de poli(cloreto de vinila), para embolectomia arterial 9018.39.22 33 Cateteres de poli(cloreto d"
90183922;811;264;"das com bolsas de sangue 9018.32.12 28 Outras 9018.32.19 29 Para suturas 9018.32.20 30 Agulhas 9018.39.10 31 De borracha 9018.39.21 32 Cateteres de poli(cloreto de vinila), para embolectomia arterial 9018.39.22 33 Cateteres de poli(cloreto de vinila), para termodiluição 9018.39.23 34 Cateteres intravenosos periféricos,"
90183923;811;264;"s 9018.32.20 30 Agulhas 9018.39.10 31 De borracha 9018.39.21 32 Cateteres de poli(cloreto de vinila), para embolectomia arterial 9018.39.22 33 Cateteres de poli(cloreto de vinila), para termodiluição 9018.39.23 34 Cateteres intravenosos periféricos, de poliuretano ou de copolímero de etilenotetra fl uoretileno (ETFE) 9"
90183924;811;264;" arterial 9018.39.22 33 Cateteres de poli(cloreto de vinila), para termodiluição 9018.39.23 34 Cateteres intravenosos periféricos, de poliuretano ou de copolímero de etilenotetra fl uoretileno (ETFE) 9018.39.24 35 Outros 9018.39.29 36 Lancetas para vacinação e cautérios 9018.39.30 37 Artigos para fístula arteriovenosa,"
90183929;811;264;"33 Cateteres de poli(cloreto de vinila), para termodiluição 9018.39.23 34 Cateteres intravenosos periféricos, de poliuretano ou de copolímero de etilenotetra fl uoretileno (ETFE) 9018.39.24 35 Outros 9018.39.29 36 Lancetas para vacinação e cautérios 9018.39.30 37 Artigos para fístula arteriovenosa, compostos de agulha,"
90183930;811;264;"odiluição 9018.39.23 34 Cateteres intravenosos periféricos, de poliuretano ou de copolímero de etilenotetra fl uoretileno (ETFE) 9018.39.24 35 Outros 9018.39.29 36 Lancetas para vacinação e cautérios 9018.39.30 37 Artigos para fístula arteriovenosa, compostos de agulha, base de fi xação tipo borboleta, tubo plástico co"
90183991;811;264;"Outros 9018.39.29 36 Lancetas para vacinação e cautérios 9018.39.30 37 Artigos para fístula arteriovenosa, compostos de agulha, base de fi xação tipo borboleta, tubo plástico com conector e obturador 9018.39.91 38 Outros 9018.39.99 39 De carboneto de tungstênio (volfrâmio) 9018.49.11 40 De aço-vanádio 9018.49.12 41 Out"
90183999;811;264;"Lancetas para vacinação e cautérios 9018.39.30 37 Artigos para fístula arteriovenosa, compostos de agulha, base de fi xação tipo borboleta, tubo plástico com conector e obturador 9018.39.91 38 Outros 9018.39.99 39 De carboneto de tungstênio (volfrâmio) 9018.49.11 40 De aço-vanádio 9018.49.12 41 Outras 9018.49.19 42 Lim"
90184911;811;264;"igos para fístula arteriovenosa, compostos de agulha, base de fi xação tipo borboleta, tubo plástico com conector e obturador 9018.39.91 38 Outros 9018.39.99 39 De carboneto de tungstênio (volfrâmio) 9018.49.11 40 De aço-vanádio 9018.49.12 41 Outras 9018.49.19 42 Limas 9018.49.20 43 Grampos e clipes, seus aplicadores e"
90184912;811;264;"sa, compostos de agulha, base de fi xação tipo borboleta, tubo plástico com conector e obturador 9018.39.91 38 Outros 9018.39.99 39 De carboneto de tungstênio (volfrâmio) 9018.49.11 40 De aço-vanádio 9018.49.12 41 Outras 9018.49.19 42 Limas 9018.49.20 43 Grampos e clipes, seus aplicadores e extratores 9018.90.95 44 Out"
90184919;811;264;"ha, base de fi xação tipo borboleta, tubo plástico com conector e obturador 9018.39.91 38 Outros 9018.39.99 39 De carboneto de tungstênio (volfrâmio) 9018.49.11 40 De aço-vanádio 9018.49.12 41 Outras 9018.49.19 42 Limas 9018.49.20 43 Grampos e clipes, seus aplicadores e extratores 9018.90.95 44 Outros 9018.90.99 08/08/"
90184920;811;264;" tipo borboleta, tubo plástico com conector e obturador 9018.39.91 38 Outros 9018.39.99 39 De carboneto de tungstênio (volfrâmio) 9018.49.11 40 De aço-vanádio 9018.49.12 41 Outras 9018.49.19 42 Limas 9018.49.20 43 Grampos e clipes, seus aplicadores e extratores 9018.90.95 44 Outros 9018.90.99 08/08/2026, 09:51 INSTRUÇÃ"
90189095;811;264;"9.91 38 Outros 9018.39.99 39 De carboneto de tungstênio (volfrâmio) 9018.49.11 40 De aço-vanádio 9018.49.12 41 Outras 9018.49.19 42 Limas 9018.49.20 43 Grampos e clipes, seus aplicadores e extratores 9018.90.95 44 Outros 9018.90.99 08/08/2026, 09:51 INSTRUÇÃO NORMATIVA RFB Nº 2.121, DE 15 DE DEZEMBRO DE 2022 - INSTRUÇÃ"
90189099;811;264;"9.99 39 De carboneto de tungstênio (volfrâmio) 9018.49.11 40 De aço-vanádio 9018.49.12 41 Outras 9018.49.19 42 Limas 9018.49.20 43 Grampos e clipes, seus aplicadores e extratores 9018.90.95 44 Outros 9018.90.99 08/08/2026, 09:51 INSTRUÇÃO NORMATIVA RFB Nº 2.121, DE 15 DE DEZEMBRO DE 2022 - INSTRUÇÃO NORMATIVA RFB Nº 2."