ncm;regime;cst;norma;dispositivo;trecho
27101159;monofasico;02/04;"Tabela 4.3.10 - Tabela Produtos Sujeitos à Alíquotas Diferenciadas: Incidência Monofásica e por Pauta (Bebidas Frias) (CST 02 e 04). Versão 1.25 - Atualizada em 30.03.2026";"Codigo da natureza da receita 101";"Gasolinas, Exceto Gasolina de Aviação"
27101259;monofasico;02/04;"Tabela 4.3.10 - Tabela Produtos Sujeitos à Alíquotas Diferenciadas: Incidência Monofásica e por Pauta (Bebidas Frias) (CST 02 e 04). Versão 1.25 - Atualizada em 30.03.2026";"Codigo da natureza da receita 101";"Gasolinas, Exceto Gasolina de Aviação"
27101921;monofasico;02/04;"Tabela 4.3.10 - Tabela Produtos Sujeitos à Alíquotas Diferenciadas: Incidência Monofásica e por Pauta (Bebidas Frias) (CST 02 e 04). Versão 1.25 - Atualizada em 30.03.2026";"Codigo da natureza da receita 102";"Óleo Diesel"
27111910;monofasico;02/04;"Tabela 4.3.10 - Tabela Produtos Sujeitos à Alíquotas Diferenciadas: Incidência Monofásica e por Pauta (Bebidas Frias) (CST 02 e 04). Versão 1.25 - Atualizada em 30.03.2026";"Codigo da natureza da receita 103";"Gás Liqüefeito de Petróleo – GLP"
27101911;monofasico;02/04;"Tabela 4.3.10 - Tabela Produtos Sujeitos à Alíquotas Diferenciadas: Incidência Monofásica e por Pauta (Bebidas Frias) (CST 02 e 04). Versão 1.25 - Atualizada em 30.03.2026";"Codigo da natureza da receita 104";"Querosene de Aviação"
38249029;monofasico;02/04;"Tabela 4.3.10 - Tabela Produtos Sujeitos à Alíquotas Diferenciadas: Incidência Monofásica e por Pauta (Bebidas Frias) (CST 02 e 04). Versão 1.25 - Atualizada em 30.03.2026";"Codigo da natureza da receita 109";"Biodiesel"
38260000;monofasico;02/04;"Tabela 4.3.10 - Tabela Produtos Sujeitos à Alíquotas Diferenciadas: Incidência Monofásica e por Pauta (Bebidas Frias) (CST 02 e 04). Versão 1.25 - Atualizada em 30.03.2026";"Codigo da natureza da receita 109";"Biodiesel"
22072010;monofasico;02/04;"Tabela 4.3.10 - Tabela Produtos Sujeitos à Alíquotas Diferenciadas: Incidência Monofásica e por Pauta (Bebidas Frias) (CST 02 e 04). Versão 1.25 - Atualizada em 30.03.2026";"Codigo da natureza da receita 112";"Álcool, Inclusive para Fins Carburantes – Venda por Produtor ou Importador."
22071000;monofasico;02/04;"Tabela 4.3.10 - Tabela Produtos Sujeitos à Alíquotas Diferenciadas: Incidência Monofásica e por Pauta (Bebidas Frias) (CST 02 e 04). Versão 1.25 - Atualizada em 30.03.2026";"Codigo da natureza da receita 112";"Álcool, Inclusive para Fins Carburantes – Venda por Produtor ou Importador."
22089000;monofasico;02/04;"Tabela 4.3.10 - Tabela Produtos Sujeitos à Alíquotas Diferenciadas: Incidência Monofásica e por Pauta (Bebidas Frias) (CST 02 e 04). Versão 1.25 - Atualizada em 30.03.2026";"Codigo da natureza da receita 112";"Álcool, Inclusive para Fins Carburantes – Venda por Produtor ou Importador."
220710;monofasico;02/04;"Tabela 4.3.10 - Tabela Produtos Sujeitos à Alíquotas Diferenciadas: Incidência Monofásica e por Pauta (Bebidas Frias) (CST 02 e 04). Versão 1.25 - Atualizada em 30.03.2026";"Codigo da natureza da receita 112";"Álcool, Inclusive para Fins Carburantes – Venda por Produtor ou Importador."
2207201;monofasico;02/04;"Tabela 4.3.10 - Tabela Produtos Sujeitos à Alíquotas Diferenciadas: Incidência Monofásica e por Pauta (Bebidas Frias) (CST 02 e 04). Versão 1.25 - Atualizada em 30.03.2026";"Codigo da natureza da receita 112";"Álcool, Inclusive para Fins Carburantes – Venda por Produtor ou Importador."
22089000;monofasico;02/04;"Tabela 4.3.10 - Tabela Produtos Sujeitos à Alíquotas Diferenciadas: Incidência Monofásica e por Pauta (Bebidas Frias) (CST 02 e 04). Versão 1.25 - Atualizada em 30.03.2026";"Codigo da natureza da receita 112";"Álcool, Inclusive para Fins Carburantes – Venda por Produtor ou Importador."
220710;monofasico;02/04;"Tabela 4.3.10 - Tabela Produtos Sujeitos à Alíquotas Diferenciadas: Incidência Monofásica e por Pauta (Bebidas Frias) (CST 02 e 04). Versão 1.25 - Atualizada em 30.03.2026";"Codigo da natureza da receita 112";"Álcool, Inclusive para Fins Carburantes – Venda por Produtor ou Importador."
2207201;monofasico;02/04;"Tabela 4.3.10 - Tabela Produtos Sujeitos à Alíquotas Diferenciadas: Incidência Monofásica e por Pauta (Bebidas Frias) (CST 02 e 04). Versão 1.25 - Atualizada em 30.03.2026";"Codigo da natureza da receita 112";"Álcool, Inclusive para Fins Carburantes – Venda por Produtor ou Importador."
22089000;monofasico;02/04;"Tabela 4.3.10 - Tabela Produtos Sujeitos à Alíquotas Diferenciadas: Incidência Monofásica e por Pauta (Bebidas Frias) (CST 02 e 04). Versão 1.25 - Atualizada em 30.03.2026";"Codigo da natureza da receita 112";"Álcool, Inclusive para Fins Carburantes – Venda por Produtor ou Importador."
22072010;monofasico;02/04;"Tabela 4.3.10 - Tabela Produtos Sujeitos à Alíquotas Diferenciadas: Incidência Monofásica e por Pauta (Bebidas Frias) (CST 02 e 04). Versão 1.25 - Atualizada em 30.03.2026";"Codigo da natureza da receita 113";"Álcool, Inclusive para Fins Carburantes – Venda por Distribuidor ou Comerciante Não Varejista."
22071000;monofasico;02/04;"Tabela 4.3.10 - Tabela Produtos Sujeitos à Alíquotas Diferenciadas: Incidência Monofásica e por Pauta (Bebidas Frias) (CST 02 e 04). Versão 1.25 - Atualizada em 30.03.2026";"Codigo da natureza da receita 113";"Álcool, Inclusive para Fins Carburantes – Venda por Distribuidor ou Comerciante Não Varejista."
22089000;monofasico;02/04;"Tabela 4.3.10 - Tabela Produtos Sujeitos à Alíquotas Diferenciadas: Incidência Monofásica e por Pauta (Bebidas Frias) (CST 02 e 04). Versão 1.25 - Atualizada em 30.03.2026";"Codigo da natureza da receita 113";"Álcool, Inclusive para Fins Carburantes – Venda por Distribuidor ou Comerciante Não Varejista."
220710;monofasico;02/04;"Tabela 4.3.10 - Tabela Produtos Sujeitos à Alíquotas Diferenciadas: Incidência Monofásica e por Pauta (Bebidas Frias) (CST 02 e 04). Versão 1.25 - Atualizada em 30.03.2026";"Codigo da natureza da receita 113";"Álcool, Inclusive para Fins Carburantes – Venda por Distribuidor ou Comerciante Não Varejista."
2207201;monofasico;02/04;"Tabela 4.3.10 - Tabela Produtos Sujeitos à Alíquotas Diferenciadas: Incidência Monofásica e por Pauta (Bebidas Frias) (CST 02 e 04). Versão 1.25 - Atualizada em 30.03.2026";"Codigo da natureza da receita 113";"Álcool, Inclusive para Fins Carburantes – Venda por Distribuidor ou Comerciante Não Varejista."
22089000;monofasico;02/04;"Tabela 4.3.10 - Tabela Produtos Sujeitos à Alíquotas Diferenciadas: Incidência Monofásica e por Pauta (Bebidas Frias) (CST 02 e 04). Versão 1.25 - Atualizada em 30.03.2026";"Codigo da natureza da receita 113";"Álcool, Inclusive para Fins Carburantes – Venda por Distribuidor ou Comerciante Não Varejista."
22072010;monofasico;02/04;"Tabela 4.3.10 - Tabela Produtos Sujeitos à Alíquotas Diferenciadas: Incidência Monofásica e por Pauta (Bebidas Frias) (CST 02 e 04). Versão 1.25 - Atualizada em 30.03.2026";"Codigo da natureza da receita 117";"Álcool, Inclusive para Fins Carburantes – Venda efetuada diretamente do produtor ou do importador para as pessoas jurídicas de que tratam os incisos II e III do caput do art. 68-B da Lei nº 9.478, de 6 de agosto de 1997"
22071000;monofasico;02/04;"Tabela 4.3.10 - Tabela Produtos Sujeitos à Alíquotas Diferenciadas: Incidência Monofásica e por Pauta (Bebidas Frias) (CST 02 e 04). Versão 1.25 - Atualizada em 30.03.2026";"Codigo da natureza da receita 117";"Álcool, Inclusive para Fins Carburantes – Venda efetuada diretamente do produtor ou do importador para as pessoas jurídicas de que tratam os incisos II e III do caput do art. 68-B da Lei nº 9.478, de 6 de agosto de 1997"
22089000;monofasico;02/04;"Tabela 4.3.10 - Tabela Produtos Sujeitos à Alíquotas Diferenciadas: Incidência Monofásica e por Pauta (Bebidas Frias) (CST 02 e 04). Versão 1.25 - Atualizada em 30.03.2026";"Codigo da natureza da receita 117";"Álcool, Inclusive para Fins Carburantes – Venda efetuada diretamente do produtor ou do importador para as pessoas jurídicas de que tratam os incisos II e III do caput do art. 68-B da Lei nº 9.478, de 6 de agosto de 1997"
22072010;monofasico;02/04;"Tabela 4.3.10 - Tabela Produtos Sujeitos à Alíquotas Diferenciadas: Incidência Monofásica e por Pauta (Bebidas Frias) (CST 02 e 04). Versão 1.25 - Atualizada em 30.03.2026";"Codigo da natureza da receita 117";"Álcool, Inclusive para Fins Carburantes – Venda efetuada diretamente do produtor ou do importador para as pessoas jurídicas de que tratam os incisos II e III do caput do art. 68-B da Lei nº 9.478, de 6 de agosto de 1997"
22071000;monofasico;02/04;"Tabela 4.3.10 - Tabela Produtos Sujeitos à Alíquotas Diferenciadas: Incidência Monofásica e por Pauta (Bebidas Frias) (CST 02 e 04). Versão 1.25 - Atualizada em 30.03.2026";"Codigo da natureza da receita 117";"Álcool, Inclusive para Fins Carburantes – Venda efetuada diretamente do produtor ou do importador para as pessoas jurídicas de que tratam os incisos II e III do caput do art. 68-B da Lei nº 9.478, de 6 de agosto de 1997"
22089000;monofasico;02/04;"Tabela 4.3.10 - Tabela Produtos Sujeitos à Alíquotas Diferenciadas: Incidência Monofásica e por Pauta (Bebidas Frias) (CST 02 e 04). Versão 1.25 - Atualizada em 30.03.2026";"Codigo da natureza da receita 117";"Álcool, Inclusive para Fins Carburantes – Venda efetuada diretamente do produtor ou do importador para as pessoas jurídicas de que tratam os incisos II e III do caput do art. 68-B da Lei nº 9.478, de 6 de agosto de 1997"
3002102;monofasico;02/04;"Tabela 4.3.10 - Tabela Produtos Sujeitos à Alíquotas Diferenciadas: Incidência Monofásica e por Pauta (Bebidas Frias) (CST 02 e 04). Versão 1.25 - Atualizada em 30.03.2026";"Codigo da natureza da receita 201";"Produtos Farmacêuticos"
3002201;monofasico;02/04;"Tabela 4.3.10 - Tabela Produtos Sujeitos à Alíquotas Diferenciadas: Incidência Monofásica e por Pauta (Bebidas Frias) (CST 02 e 04). Versão 1.25 - Atualizada em 30.03.2026";"Codigo da natureza da receita 201";"Produtos Farmacêuticos"
30029092;monofasico;02/04;"Tabela 4.3.10 - Tabela Produtos Sujeitos à Alíquotas Diferenciadas: Incidência Monofásica e por Pauta (Bebidas Frias) (CST 02 e 04). Versão 1.25 - Atualizada em 30.03.2026";"Codigo da natureza da receita 201";"Produtos Farmacêuticos"
3006301;monofasico;02/04;"Tabela 4.3.10 - Tabela Produtos Sujeitos à Alíquotas Diferenciadas: Incidência Monofásica e por Pauta (Bebidas Frias) (CST 02 e 04). Versão 1.25 - Atualizada em 30.03.2026";"Codigo da natureza da receita 201";"Produtos Farmacêuticos"
3002101;monofasico;02/04;"Tabela 4.3.10 - Tabela Produtos Sujeitos à Alíquotas Diferenciadas: Incidência Monofásica e por Pauta (Bebidas Frias) (CST 02 e 04). Versão 1.25 - Atualizada em 30.03.2026";"Codigo da natureza da receita 201";"Produtos Farmacêuticos"
3002202;monofasico;02/04;"Tabela 4.3.10 - Tabela Produtos Sujeitos à Alíquotas Diferenciadas: Incidência Monofásica e por Pauta (Bebidas Frias) (CST 02 e 04). Versão 1.25 - Atualizada em 30.03.2026";"Codigo da natureza da receita 201";"Produtos Farmacêuticos"
30049046;monofasico;02/04;"Tabela 4.3.10 - Tabela Produtos Sujeitos à Alíquotas Diferenciadas: Incidência Monofásica e por Pauta (Bebidas Frias) (CST 02 e 04). Versão 1.25 - Atualizada em 30.03.2026";"Codigo da natureza da receita 201";"Produtos Farmacêuticos"
30051010;monofasico;02/04;"Tabela 4.3.10 - Tabela Produtos Sujeitos à Alíquotas Diferenciadas: Incidência Monofásica e por Pauta (Bebidas Frias) (CST 02 e 04). Versão 1.25 - Atualizada em 30.03.2026";"Codigo da natureza da receita 201";"Produtos Farmacêuticos"
3006302;monofasico;02/04;"Tabela 4.3.10 - Tabela Produtos Sujeitos à Alíquotas Diferenciadas: Incidência Monofásica e por Pauta (Bebidas Frias) (CST 02 e 04). Versão 1.25 - Atualizada em 30.03.2026";"Codigo da natureza da receita 201";"Produtos Farmacêuticos"
30029099;monofasico;02/04;"Tabela 4.3.10 - Tabela Produtos Sujeitos à Alíquotas Diferenciadas: Incidência Monofásica e por Pauta (Bebidas Frias) (CST 02 e 04). Versão 1.25 - Atualizada em 30.03.2026";"Codigo da natureza da receita 201";"Produtos Farmacêuticos"
30066000;monofasico;02/04;"Tabela 4.3.10 - Tabela Produtos Sujeitos à Alíquotas Diferenciadas: Incidência Monofásica e por Pauta (Bebidas Frias) (CST 02 e 04). Versão 1.25 - Atualizada em 30.03.2026";"Codigo da natureza da receita 201";"Produtos Farmacêuticos"
30039056;monofasico;02/04;"Tabela 4.3.10 - Tabela Produtos Sujeitos à Alíquotas Diferenciadas: Incidência Monofásica e por Pauta (Bebidas Frias) (CST 02 e 04). Versão 1.25 - Atualizada em 30.03.2026";"Codigo da natureza da receita 201";"Produtos Farmacêuticos"
3002103;monofasico;02/04;"Tabela 4.3.10 - Tabela Produtos Sujeitos à Alíquotas Diferenciadas: Incidência Monofásica e por Pauta (Bebidas Frias) (CST 02 e 04). Versão 1.25 - Atualizada em 30.03.2026";"Codigo da natureza da receita 201";"Produtos Farmacêuticos"
30029020;monofasico;02/04;"Tabela 4.3.10 - Tabela Produtos Sujeitos à Alíquotas Diferenciadas: Incidência Monofásica e por Pauta (Bebidas Frias) (CST 02 e 04). Versão 1.25 - Atualizada em 30.03.2026";"Codigo da natureza da receita 201";"Produtos Farmacêuticos"
34012010;monofasico;02/04;"Tabela 4.3.10 - Tabela Produtos Sujeitos à Alíquotas Diferenciadas: Incidência Monofásica e por Pauta (Bebidas Frias) (CST 02 e 04). Versão 1.25 - Atualizada em 30.03.2026";"Codigo da natureza da receita 202";"Produtos de Perfumaria, de Toucador ou de Higiene Pessoal."
34011190;monofasico;02/04;"Tabela 4.3.10 - Tabela Produtos Sujeitos à Alíquotas Diferenciadas: Incidência Monofásica e por Pauta (Bebidas Frias) (CST 02 e 04). Versão 1.25 - Atualizada em 30.03.2026";"Codigo da natureza da receita 202";"Produtos de Perfumaria, de Toucador ou de Higiene Pessoal."
34012010;monofasico;02/04;"Tabela 4.3.10 - Tabela Produtos Sujeitos à Alíquotas Diferenciadas: Incidência Monofásica e por Pauta (Bebidas Frias) (CST 02 e 04). Versão 1.25 - Atualizada em 30.03.2026";"Codigo da natureza da receita 202";"Produtos de Perfumaria, de Toucador ou de Higiene Pessoal."
34011190;monofasico;02/04;"Tabela 4.3.10 - Tabela Produtos Sujeitos à Alíquotas Diferenciadas: Incidência Monofásica e por Pauta (Bebidas Frias) (CST 02 e 04). Versão 1.25 - Atualizada em 30.03.2026";"Codigo da natureza da receita 202";"Produtos de Perfumaria, de Toucador ou de Higiene Pessoal."
84324000;monofasico;02/04;"Tabela 4.3.10 - Tabela Produtos Sujeitos à Alíquotas Diferenciadas: Incidência Monofásica e por Pauta (Bebidas Frias) (CST 02 e 04). Versão 1.25 - Atualizada em 30.03.2026";"Codigo da natureza da receita 301";"Veículos Automotores e Máquinas Agrícolas Autopropulsadas (*) Relativamente aos produtos classificados no Capítulo 84 da TIPI, aplica-se exclusivamente aos produtos autopropulsados."
843320;monofasico;02/04;"Tabela 4.3.10 - Tabela Produtos Sujeitos à Alíquotas Diferenciadas: Incidência Monofásica e por Pauta (Bebidas Frias) (CST 02 e 04). Versão 1.25 - Atualizada em 30.03.2026";"Codigo da natureza da receita 301";"Veículos Automotores e Máquinas Agrícolas Autopropulsadas (*) Relativamente aos produtos classificados no Capítulo 84 da TIPI, aplica-se exclusivamente aos produtos autopropulsados."
84333000;monofasico;02/04;"Tabela 4.3.10 - Tabela Produtos Sujeitos à Alíquotas Diferenciadas: Incidência Monofásica e por Pauta (Bebidas Frias) (CST 02 e 04). Versão 1.25 - Atualizada em 30.03.2026";"Codigo da natureza da receita 301";"Veículos Automotores e Máquinas Agrícolas Autopropulsadas (*) Relativamente aos produtos classificados no Capítulo 84 da TIPI, aplica-se exclusivamente aos produtos autopropulsados."
84335;monofasico;02/04;"Tabela 4.3.10 - Tabela Produtos Sujeitos à Alíquotas Diferenciadas: Incidência Monofásica e por Pauta (Bebidas Frias) (CST 02 e 04). Versão 1.25 - Atualizada em 30.03.2026";"Codigo da natureza da receita 301";"Veículos Automotores e Máquinas Agrícolas Autopropulsadas (*) Relativamente aos produtos classificados no Capítulo 84 da TIPI, aplica-se exclusivamente aos produtos autopropulsados."
84334000;monofasico;02/04;"Tabela 4.3.10 - Tabela Produtos Sujeitos à Alíquotas Diferenciadas: Incidência Monofásica e por Pauta (Bebidas Frias) (CST 02 e 04). Versão 1.25 - Atualizada em 30.03.2026";"Codigo da natureza da receita 301";"Veículos Automotores e Máquinas Agrícolas Autopropulsadas (*) Relativamente aos produtos classificados no Capítulo 84 da TIPI, aplica-se exclusivamente aos produtos autopropulsados."
731029;monofasico;02/04;"Tabela 4.3.10 - Tabela Produtos Sujeitos à Alíquotas Diferenciadas: Incidência Monofásica e por Pauta (Bebidas Frias) (CST 02 e 04). Versão 1.25 - Atualizada em 30.03.2026";"Codigo da natureza da receita 301";"Veículos Automotores e Máquinas Agrícolas (*) Relativamente aos produtos classificados no Capítulo 84 da TIPI, aplica-se aos produtos autopropulsados ou não."
76129012;monofasico;02/04;"Tabela 4.3.10 - Tabela Produtos Sujeitos à Alíquotas Diferenciadas: Incidência Monofásica e por Pauta (Bebidas Frias) (CST 02 e 04). Versão 1.25 - Atualizada em 30.03.2026";"Codigo da natureza da receita 301";"Veículos Automotores e Máquinas Agrícolas (*) Relativamente aos produtos classificados no Capítulo 84 da TIPI, aplica-se aos produtos autopropulsados ou não."
842481;monofasico;02/04;"Tabela 4.3.10 - Tabela Produtos Sujeitos à Alíquotas Diferenciadas: Incidência Monofásica e por Pauta (Bebidas Frias) (CST 02 e 04). Versão 1.25 - Atualizada em 30.03.2026";"Codigo da natureza da receita 301";"Veículos Automotores e Máquinas Agrícolas (*) Relativamente aos produtos classificados no Capítulo 84 da TIPI, aplica-se aos produtos autopropulsados ou não."
84306990;monofasico;02/04;"Tabela 4.3.10 - Tabela Produtos Sujeitos à Alíquotas Diferenciadas: Incidência Monofásica e por Pauta (Bebidas Frias) (CST 02 e 04). Versão 1.25 - Atualizada em 30.03.2026";"Codigo da natureza da receita 301";"Veículos Automotores e Máquinas Agrícolas (*) Relativamente aos produtos classificados no Capítulo 84 da TIPI, aplica-se aos produtos autopropulsados ou não."
87162000;monofasico;02/04;"Tabela 4.3.10 - Tabela Produtos Sujeitos à Alíquotas Diferenciadas: Incidência Monofásica e por Pauta (Bebidas Frias) (CST 02 e 04). Versão 1.25 - Atualizada em 30.03.2026";"Codigo da natureza da receita 301";"Veículos Automotores e Máquinas Agrícolas (*) Relativamente aos produtos classificados no Capítulo 84 da TIPI, aplica-se aos produtos autopropulsados ou não."
22011000;monofasico;02/04;"Tabela 4.3.10 - Tabela Produtos Sujeitos à Alíquotas Diferenciadas: Incidência Monofásica e por Pauta (Bebidas Frias) (CST 02 e 04). Versão 1.25 - Atualizada em 30.03.2026";"Codigo da natureza da receita 401";"Águas Minerais Artificiais e Águas Gaseificadas Artificiais"
22011000;monofasico;02/04;"Tabela 4.3.10 - Tabela Produtos Sujeitos à Alíquotas Diferenciadas: Incidência Monofásica e por Pauta (Bebidas Frias) (CST 02 e 04). Versão 1.25 - Atualizada em 30.03.2026";"Codigo da natureza da receita 402";"Águas Minerais Naturais, Incluídas as Naturalmente Gaseificadas"
24021000;st;05;"Tabela 4.3.12 - Tabela Produtos Sujeitos à Substituição Tributária da Contribuição Social (CST 05) - Versão 1.0.4 - Atualizada em 17/11/2014";"Codigo da natureza da receita 102";"Cigarrilhas"
31;zero;06;"Tabela 4.3.13 – Produtos Sujeitos à Alíquota Zero da Contribuição Social CST 06 – Versão 1.34- Atualizada em 16/04/2025";"Codigo da natureza da receita 101";"Adubos ou fertilizantes classificados no Capítulo 31, exceto os produtos de uso veterinário, da TIPI, e suas matérias-primas"
25;zero;06;"Tabela 4.3.13 – Produtos Sujeitos à Alíquota Zero da Contribuição Social CST 06 – Versão 1.34- Atualizada em 16/04/2025";"Codigo da natureza da receita 104";"Corretivo de solo de origem mineral classificado no Capítulo 25 da TIPI"
110620;zero;06;"Tabela 4.3.13 – Produtos Sujeitos à Alíquota Zero da Contribuição Social CST 06 – Versão 1.34- Atualizada em 16/04/2025";"Codigo da natureza da receita 105";"Legumes de vagem, secos, em grão, mesmo pelados ou partidos; arroz; farinhas e sêmolas"
07133399;zero;06;"Tabela 4.3.13 – Produtos Sujeitos à Alíquota Zero da Contribuição Social CST 06 – Versão 1.34- Atualizada em 16/04/2025";"Codigo da natureza da receita 105";"Legumes de vagem, secos, em grão, mesmo pelados ou partidos; arroz; farinhas e sêmolas"
100620;zero;06;"Tabela 4.3.13 – Produtos Sujeitos à Alíquota Zero da Contribuição Social CST 06 – Versão 1.34- Atualizada em 16/04/2025";"Codigo da natureza da receita 105";"Legumes de vagem, secos, em grão, mesmo pelados ou partidos; arroz; farinhas e sêmolas"
07133329;zero;06;"Tabela 4.3.13 – Produtos Sujeitos à Alíquota Zero da Contribuição Social CST 06 – Versão 1.34- Atualizada em 16/04/2025";"Codigo da natureza da receita 105";"Legumes de vagem, secos, em grão, mesmo pelados ou partidos; arroz; farinhas e sêmolas"
07133319;zero;06;"Tabela 4.3.13 – Produtos Sujeitos à Alíquota Zero da Contribuição Social CST 06 – Versão 1.34- Atualizada em 16/04/2025";"Codigo da natureza da receita 105";"Legumes de vagem, secos, em grão, mesmo pelados ou partidos; arroz; farinhas e sêmolas"
100630;zero;06;"Tabela 4.3.13 – Produtos Sujeitos à Alíquota Zero da Contribuição Social CST 06 – Versão 1.34- Atualizada em 16/04/2025";"Codigo da natureza da receita 105";"Legumes de vagem, secos, em grão, mesmo pelados ou partidos; arroz; farinhas e sêmolas"
30029099;zero;06;"Tabela 4.3.13 – Produtos Sujeitos à Alíquota Zero da Contribuição Social CST 06 – Versão 1.34- Atualizada em 16/04/2025";"Codigo da natureza da receita 106";"Inoculantes agrícolas produzidos a partir de bactérias fixadoras de nitrogênio, classificados no código 3002.90.99 da TIPI"
300230;zero;06;"Tabela 4.3.13 – Produtos Sujeitos à Alíquota Zero da Contribuição Social CST 06 – Versão 1.34- Atualizada em 16/04/2025";"Codigo da natureza da receita 107";"Vacinas para medicina veterinária"
110220;zero;06;"Tabela 4.3.13 – Produtos Sujeitos à Alíquota Zero da Contribuição Social CST 06 – Versão 1.34- Atualizada em 16/04/2025";"Codigo da natureza da receita 108";"Farinha, grumos e sêmolas, grãos esmagados ou em flocos, de milho, classificados, respectivamente, nos códigos 1102.20, 1103.13 e 1104.19, todos da TIPI"
110313;zero;06;"Tabela 4.3.13 – Produtos Sujeitos à Alíquota Zero da Contribuição Social CST 06 – Versão 1.34- Atualizada em 16/04/2025";"Codigo da natureza da receita 108";"Farinha, grumos e sêmolas, grãos esmagados ou em flocos, de milho, classificados, respectivamente, nos códigos 1102.20, 1103.13 e 1104.19, todos da TIPI"
010511;zero;06;"Tabela 4.3.13 – Produtos Sujeitos à Alíquota Zero da Contribuição Social CST 06 – Versão 1.34- Atualizada em 16/04/2025";"Codigo da natureza da receita 109";"Pintos de 1 (um) dia"
11010010;zero;06;"Tabela 4.3.13 – Produtos Sujeitos à Alíquota Zero da Contribuição Social CST 06 – Versão 1.34- Atualizada em 16/04/2025";"Codigo da natureza da receita 113";"Farinha de trigo"
19059090;zero;06;"Tabela 4.3.13 – Produtos Sujeitos à Alíquota Zero da Contribuição Social CST 06 – Versão 1.34- Atualizada em 16/04/2025";"Codigo da natureza da receita 115";"Pré-misturas próprias para fabricação de pão comum e pão comum"
19012000;zero;06;"Tabela 4.3.13 – Produtos Sujeitos à Alíquota Zero da Contribuição Social CST 06 – Versão 1.34- Atualizada em 16/04/2025";"Codigo da natureza da receita 115";"Pré-misturas próprias para fabricação de pão comum e pão comum"
05119920;zero;06;"Tabela 4.3.13 – Produtos Sujeitos à Alíquota Zero da Contribuição Social CST 06 – Versão 1.34- Atualizada em 16/04/2025";"Codigo da natureza da receita 118";"Venda de semens e embriões"
05119910;zero;06;"Tabela 4.3.13 – Produtos Sujeitos à Alíquota Zero da Contribuição Social CST 06 – Versão 1.34- Atualizada em 16/04/2025";"Codigo da natureza da receita 118";"Venda de semens e embriões"
19023000;zero;06;"Tabela 4.3.13 – Produtos Sujeitos à Alíquota Zero da Contribuição Social CST 06 – Versão 1.34- Atualizada em 16/04/2025";"Codigo da natureza da receita 119";"Massas alimentícias classificadas na posição 19.02 da TIPI."
19021100;zero;06;"Tabela 4.3.13 – Produtos Sujeitos à Alíquota Zero da Contribuição Social CST 06 – Versão 1.34- Atualizada em 16/04/2025";"Codigo da natureza da receita 119";"Massas alimentícias classificadas na posição 19.02 da TIPI."
19021900;zero;06;"Tabela 4.3.13 – Produtos Sujeitos à Alíquota Zero da Contribuição Social CST 06 – Versão 1.34- Atualizada em 16/04/2025";"Codigo da natureza da receita 119";"Massas alimentícias classificadas na posição 19.02 da TIPI."
19022000;zero;06;"Tabela 4.3.13 – Produtos Sujeitos à Alíquota Zero da Contribuição Social CST 06 – Versão 1.34- Atualizada em 16/04/2025";"Codigo da natureza da receita 119";"Massas alimentícias classificadas na posição 19.02 da TIPI."
02061000;zero;06;"Tabela 4.3.13 – Produtos Sujeitos à Alíquota Zero da Contribuição Social CST 06 – Versão 1.34- Atualizada em 16/04/2025";"Codigo da natureza da receita 121";"Carnes bovina, suína, ovina, caprina e de aves e produtos de origem animal classificados nos seguintes códigos da TIPI: a) 02.01, 02.02, 0206.10.00, 0206.2, 0210.20.00, 0506.90.00, 0510.00.10 e 1502.10.1; b) 02.03, 0206.30.00, 0206.4, 02.07, 02.09 e 0210.1 e carne de frango classificada no código 0210.99.00; e c) 02.04 e miudezas comestíveis de ovinos e caprinos classificadas no código 0206.80.00;"
05100010;zero;06;"Tabela 4.3.13 – Produtos Sujeitos à Alíquota Zero da Contribuição Social CST 06 – Versão 1.34- Atualizada em 16/04/2025";"Codigo da natureza da receita 121";"Carnes bovina, suína, ovina, caprina e de aves e produtos de origem animal classificados nos seguintes códigos da TIPI: a) 02.01, 02.02, 0206.10.00, 0206.2, 0210.20.00, 0506.90.00, 0510.00.10 e 1502.10.1; b) 02.03, 0206.30.00, 0206.4, 02.07, 02.09 e 0210.1 e carne de frango classificada no código 0210.99.00; e c) 02.04 e miudezas comestíveis de ovinos e caprinos classificadas no código 0206.80.00;"
02064;zero;06;"Tabela 4.3.13 – Produtos Sujeitos à Alíquota Zero da Contribuição Social CST 06 – Versão 1.34- Atualizada em 16/04/2025";"Codigo da natureza da receita 121";"Carnes bovina, suína, ovina, caprina e de aves e produtos de origem animal classificados nos seguintes códigos da TIPI: a) 02.01, 02.02, 0206.10.00, 0206.2, 0210.20.00, 0506.90.00, 0510.00.10 e 1502.10.1; b) 02.03, 0206.30.00, 0206.4, 02.07, 02.09 e 0210.1 e carne de frango classificada no código 0210.99.00; e c) 02.04 e miudezas comestíveis de ovinos e caprinos classificadas no código 0206.80.00;"
02063000;zero;06;"Tabela 4.3.13 – Produtos Sujeitos à Alíquota Zero da Contribuição Social CST 06 – Versão 1.34- Atualizada em 16/04/2025";"Codigo da natureza da receita 121";"Carnes bovina, suína, ovina, caprina e de aves e produtos de origem animal classificados nos seguintes códigos da TIPI: a) 02.01, 02.02, 0206.10.00, 0206.2, 0210.20.00, 0506.90.00, 0510.00.10 e 1502.10.1; b) 02.03, 0206.30.00, 0206.4, 02.07, 02.09 e 0210.1 e carne de frango classificada no código 0210.99.00; e c) 02.04 e miudezas comestíveis de ovinos e caprinos classificadas no código 0206.80.00;"
05069000;zero;06;"Tabela 4.3.13 – Produtos Sujeitos à Alíquota Zero da Contribuição Social CST 06 – Versão 1.34- Atualizada em 16/04/2025";"Codigo da natureza da receita 121";"Carnes bovina, suína, ovina, caprina e de aves e produtos de origem animal classificados nos seguintes códigos da TIPI: a) 02.01, 02.02, 0206.10.00, 0206.2, 0210.20.00, 0506.90.00, 0510.00.10 e 1502.10.1; b) 02.03, 0206.30.00, 0206.4, 02.07, 02.09 e 0210.1 e carne de frango classificada no código 0210.99.00; e c) 02.04 e miudezas comestíveis de ovinos e caprinos classificadas no código 0206.80.00;"
1502101;zero;06;"Tabela 4.3.13 – Produtos Sujeitos à Alíquota Zero da Contribuição Social CST 06 – Versão 1.34- Atualizada em 16/04/2025";"Codigo da natureza da receita 121";"Carnes bovina, suína, ovina, caprina e de aves e produtos de origem animal classificados nos seguintes códigos da TIPI: a) 02.01, 02.02, 0206.10.00, 0206.2, 0210.20.00, 0506.90.00, 0510.00.10 e 1502.10.1; b) 02.03, 0206.30.00, 0206.4, 02.07, 02.09 e 0210.1 e carne de frango classificada no código 0210.99.00; e c) 02.04 e miudezas comestíveis de ovinos e caprinos classificadas no código 0206.80.00;"
02102000;zero;06;"Tabela 4.3.13 – Produtos Sujeitos à Alíquota Zero da Contribuição Social CST 06 – Versão 1.34- Atualizada em 16/04/2025";"Codigo da natureza da receita 121";"Carnes bovina, suína, ovina, caprina e de aves e produtos de origem animal classificados nos seguintes códigos da TIPI: a) 02.01, 02.02, 0206.10.00, 0206.2, 0210.20.00, 0506.90.00, 0510.00.10 e 1502.10.1; b) 02.03, 0206.30.00, 0206.4, 02.07, 02.09 e 0210.1 e carne de frango classificada no código 0210.99.00; e c) 02.04 e miudezas comestíveis de ovinos e caprinos classificadas no código 0206.80.00;"
02101;zero;06;"Tabela 4.3.13 – Produtos Sujeitos à Alíquota Zero da Contribuição Social CST 06 – Versão 1.34- Atualizada em 16/04/2025";"Codigo da natureza da receita 121";"Carnes bovina, suína, ovina, caprina e de aves e produtos de origem animal classificados nos seguintes códigos da TIPI: a) 02.01, 02.02, 0206.10.00, 0206.2, 0210.20.00, 0506.90.00, 0510.00.10 e 1502.10.1; b) 02.03, 0206.30.00, 0206.4, 02.07, 02.09 e 0210.1 e carne de frango classificada no código 0210.99.00; e c) 02.04 e miudezas comestíveis de ovinos e caprinos classificadas no código 0206.80.00;"
02062;zero;06;"Tabela 4.3.13 – Produtos Sujeitos à Alíquota Zero da Contribuição Social CST 06 – Versão 1.34- Atualizada em 16/04/2025";"Codigo da natureza da receita 121";"Carnes bovina, suína, ovina, caprina e de aves e produtos de origem animal classificados nos seguintes códigos da TIPI: a) 02.01, 02.02, 0206.10.00, 0206.2, 0210.20.00, 0506.90.00, 0510.00.10 e 1502.10.1; b) 02.03, 0206.30.00, 0206.4, 02.07, 02.09 e 0210.1 e carne de frango classificada no código 0210.99.00; e c) 02.04 e miudezas comestíveis de ovinos e caprinos classificadas no código 0206.80.00;"
03029000;zero;06;"Tabela 4.3.13 – Produtos Sujeitos à Alíquota Zero da Contribuição Social CST 06 – Versão 1.34- Atualizada em 16/04/2025";"Codigo da natureza da receita 122";"Peixes e outros produtos classificados nos seguintes códigos da TIPI:"
17019900;zero;06;"Tabela 4.3.13 – Produtos Sujeitos à Alíquota Zero da Contribuição Social CST 06 – Versão 1.34- Atualizada em 16/04/2025";"Codigo da natureza da receita 124";"Açúcar classificado nos códigos 1701.14.00 e 1701.99.00 da TIPI"
17011400;zero;06;"Tabela 4.3.13 – Produtos Sujeitos à Alíquota Zero da Contribuição Social CST 06 – Versão 1.34- Atualizada em 16/04/2025";"Codigo da natureza da receita 124";"Açúcar classificado nos códigos 1701.14.00 e 1701.99.00 da TIPI"
1508;zero;06;"Tabela 4.3.13 – Produtos Sujeitos à Alíquota Zero da Contribuição Social CST 06 – Versão 1.34- Atualizada em 16/04/2025";"Codigo da natureza da receita 125";"Óleo de soja classificado na posição 15.07 da TIPI e outros óleos vegetais classificados nas posições 15.08 a 15.14 da TIPI"
04051000;zero;06;"Tabela 4.3.13 – Produtos Sujeitos à Alíquota Zero da Contribuição Social CST 06 – Versão 1.34- Atualizada em 16/04/2025";"Codigo da natureza da receita 126";"Manteiga classificada no código 0405.10.00 da TIPI"
15171000;zero;06;"Tabela 4.3.13 – Produtos Sujeitos à Alíquota Zero da Contribuição Social CST 06 – Versão 1.34- Atualizada em 16/04/2025";"Codigo da natureza da receita 127";"Margarina classificada no código 1517.10.00"
34011190;zero;06;"Tabela 4.3.13 – Produtos Sujeitos à Alíquota Zero da Contribuição Social CST 06 – Versão 1.34- Atualizada em 16/04/2025";"Codigo da natureza da receita 128";"Sabões de toucador classificados no código 3401.11.90 Ex 01 da TIPI"
48181000;zero;06;"Tabela 4.3.13 – Produtos Sujeitos à Alíquota Zero da Contribuição Social CST 06 – Versão 1.34- Atualizada em 16/04/2025";"Codigo da natureza da receita 130";"Papel higiênico classificado no código 4818.10.00 da TIPI"
8703;zero;06;"Tabela 4.3.13 – Produtos Sujeitos à Alíquota Zero da Contribuição Social CST 06 – Versão 1.34- Atualizada em 16/04/2025";"Codigo da natureza da receita 207";"Valores recebidos pelos concessionários de que trata a Lei nº 6.729/1979, pela intermediação ou entrega dos veículos classificados nas posições 87.03 e 87.04 da TIPI, vendidos diretamente ao consumidor final"
8704;zero;06;"Tabela 4.3.13 – Produtos Sujeitos à Alíquota Zero da Contribuição Social CST 06 – Versão 1.34- Atualizada em 16/04/2025";"Codigo da natureza da receita 207";"Valores recebidos pelos concessionários de que trata a Lei nº 6.729/1979, pela intermediação ou entrega dos veículos classificados nas posições 87.03 e 87.04 da TIPI, vendidos diretamente ao consumidor final"
87021000;zero;06;"Tabela 4.3.13 – Produtos Sujeitos à Alíquota Zero da Contribuição Social CST 06 – Versão 1.34- Atualizada em 16/04/2025";"Codigo da natureza da receita 208";"Veículos novos montados sobre chassis, com capacidade para vinte e três a quarenta e quatro passageiros, classificados no código 8702.10.00 Ex. 02 e 8702.90.90 Ex 02, da TIPI, destinados ao transporte escolar para a educação básica na zona rural das redes estadual, municipal e distrital, quando adquiridos pelos Estados, Municípios e pelo Distrito Federal"
87029090;zero;06;"Tabela 4.3.13 – Produtos Sujeitos à Alíquota Zero da Contribuição Social CST 06 – Versão 1.34- Atualizada em 16/04/2025";"Codigo da natureza da receita 208";"Veículos novos montados sobre chassis, com capacidade para vinte e três a quarenta e quatro passageiros, classificados no código 8702.10.00 Ex. 02 e 8702.90.90 Ex 02, da TIPI, destinados ao transporte escolar para a educação básica na zona rural das redes estadual, municipal e distrital, quando adquiridos pelos Estados, Municípios e pelo Distrito Federal"
89019000;zero;06;"Tabela 4.3.13 – Produtos Sujeitos à Alíquota Zero da Contribuição Social CST 06 – Versão 1.34- Atualizada em 16/04/2025";"Codigo da natureza da receita 209";"Embarcações novas, com capacidade para vinte a trinta e cinco passageiros, classificadas no código 8901.90.00 da TIPI, destinadas ao transporte escolar para a educação básica na zona rural das redes estadual, municipal e distrital, quando adquiridos pelos Estados, Municípios e pelo Distrito Federal"
87100000;zero;06;"Tabela 4.3.13 – Produtos Sujeitos à Alíquota Zero da Contribuição Social CST 06 – Versão 1.34- Atualizada em 16/04/2025";"Codigo da natureza da receita 211";"Veículos e carros blindados de combate, novos, armados ou não, e suas partes, produzidos no Brasil, com peso bruto total até 30 (trinta) toneladas, classificados na posição 8710.00.00 da TIPI, destinados ao uso das Forças Armadas ou órgãos de segurança pública brasileiros, quando adquiridos por órgãos e entidades da administração pública direta"
27111910;zero;06;"Tabela 4.3.13 – Produtos Sujeitos à Alíquota Zero da Contribuição Social CST 06 – Versão 1.34- Atualizada em 16/04/2025";"Codigo da natureza da receita 219";"GLP* quando destinado ao uso doméstico e envasado em recipientes de até treze quilogramas."
85023100;zero;06;"Tabela 4.3.13 – Produtos Sujeitos à Alíquota Zero da Contribuição Social CST 06 – Versão 1.34- Atualizada em 16/04/2025";"Codigo da natureza da receita 223";"Receitas decorrentes da venda de produtos classificados no Ex 01 do código 8503.00.90 da Tipi, exceto pás eólicas. utilizados exclusiva ou principalmente em aerogeradores classificados no código 8502.31.00 da Tipi."
85030090;zero;06;"Tabela 4.3.13 – Produtos Sujeitos à Alíquota Zero da Contribuição Social CST 06 – Versão 1.34- Atualizada em 16/04/2025";"Codigo da natureza da receita 223";"Receitas decorrentes da venda de produtos classificados no Ex 01 do código 8503.00.90 da Tipi, exceto pás eólicas. utilizados exclusiva ou principalmente em aerogeradores classificados no código 8502.31.00 da Tipi."
94;zero;06;"Tabela 4.3.13 – Produtos Sujeitos à Alíquota Zero da Contribuição Social CST 06 – Versão 1.34- Atualizada em 16/04/2025";"Codigo da natureza da receita 304";"Almofadas antiescaras classificadas nos Capítulos 39, 40, 63 e 94 da NCM"
63;zero;06;"Tabela 4.3.13 – Produtos Sujeitos à Alíquota Zero da Contribuição Social CST 06 – Versão 1.34- Atualizada em 16/04/2025";"Codigo da natureza da receita 304";"Almofadas antiescaras classificadas nos Capítulos 39, 40, 63 e 94 da NCM"
39;zero;06;"Tabela 4.3.13 – Produtos Sujeitos à Alíquota Zero da Contribuição Social CST 06 – Versão 1.34- Atualizada em 16/04/2025";"Codigo da natureza da receita 304";"Almofadas antiescaras classificadas nos Capítulos 39, 40, 63 e 94 da NCM"
40;zero;06;"Tabela 4.3.13 – Produtos Sujeitos à Alíquota Zero da Contribuição Social CST 06 – Versão 1.34- Atualizada em 16/04/2025";"Codigo da natureza da receita 304";"Almofadas antiescaras classificadas nos Capítulos 39, 40, 63 e 94 da NCM"
29;zero;06;"Tabela 4.3.13 – Produtos Sujeitos à Alíquota Zero da Contribuição Social CST 06 – Versão 1.34- Atualizada em 16/04/2025";"Codigo da natureza da receita 306";"Produtos químicosclassificados no Capítulo 29 da Nomenclatura Comum do Mercosul – NCM"
29;zero;06;"Tabela 4.3.13 – Produtos Sujeitos à Alíquota Zero da Contribuição Social CST 06 – Versão 1.34- Atualizada em 16/04/2025";"Codigo da natureza da receita 307";"Produtos químicos intermediários de síntese, classificados no Capítulo 29 da NCM"
4015;zero;06;"Tabela 4.3.13 – Produtos Sujeitos à Alíquota Zero da Contribuição Social CST 06 – Versão 1.34- Atualizada em 16/04/2025";"Codigo da natureza da receita 308";"Produtos destinados ao uso em hospitais, clínicas e consultórios médicos e odontológicos, campanhas de saúde realizadas pelo poder público, laboratório de anatomia patológica, citológica ou de análises clínicas, classificados nas posições 30.02, 30.06, 39.26, 40.15 e 90.18, da NCM"
3006;zero;06;"Tabela 4.3.13 – Produtos Sujeitos à Alíquota Zero da Contribuição Social CST 06 – Versão 1.34- Atualizada em 16/04/2025";"Codigo da natureza da receita 308";"Produtos destinados ao uso em hospitais, clínicas e consultórios médicos e odontológicos, campanhas de saúde realizadas pelo poder público, laboratório de anatomia patológica, citológica ou de análises clínicas, classificados nas posições 30.02, 30.06, 39.26, 40.15 e 90.18, da NCM"
9018;zero;06;"Tabela 4.3.13 – Produtos Sujeitos à Alíquota Zero da Contribuição Social CST 06 – Versão 1.34- Atualizada em 16/04/2025";"Codigo da natureza da receita 308";"Produtos destinados ao uso em hospitais, clínicas e consultórios médicos e odontológicos, campanhas de saúde realizadas pelo poder público, laboratório de anatomia patológica, citológica ou de análises clínicas, classificados nas posições 30.02, 30.06, 39.26, 40.15 e 90.18, da NCM"
3002;zero;06;"Tabela 4.3.13 – Produtos Sujeitos à Alíquota Zero da Contribuição Social CST 06 – Versão 1.34- Atualizada em 16/04/2025";"Codigo da natureza da receita 308";"Produtos destinados ao uso em hospitais, clínicas e consultórios médicos e odontológicos, campanhas de saúde realizadas pelo poder público, laboratório de anatomia patológica, citológica ou de análises clínicas, classificados nas posições 30.02, 30.06, 39.26, 40.15 e 90.18, da NCM"
3926;zero;06;"Tabela 4.3.13 – Produtos Sujeitos à Alíquota Zero da Contribuição Social CST 06 – Versão 1.34- Atualizada em 16/04/2025";"Codigo da natureza da receita 308";"Produtos destinados ao uso em hospitais, clínicas e consultórios médicos e odontológicos, campanhas de saúde realizadas pelo poder público, laboratório de anatomia patológica, citológica ou de análises clínicas, classificados nas posições 30.02, 30.06, 39.26, 40.15 e 90.18, da NCM"
90214000;zero;06;"Tabela 4.3.13 – Produtos Sujeitos à Alíquota Zero da Contribuição Social CST 06 – Versão 1.34- Atualizada em 16/04/2025";"Codigo da natureza da receita 309";"Produtos classificados nos códigos 8443.32.22, 8469.00.39 Ex 01, 8714.20.00, 9021.40.00, 9021.90.82 e 9021.90.92, todos da Tipi"
90219092;zero;06;"Tabela 4.3.13 – Produtos Sujeitos à Alíquota Zero da Contribuição Social CST 06 – Versão 1.34- Atualizada em 16/04/2025";"Codigo da natureza da receita 309";"Produtos classificados nos códigos 8443.32.22, 8469.00.39 Ex 01, 8714.20.00, 9021.40.00, 9021.90.82 e 9021.90.92, todos da Tipi"
87142000;zero;06;"Tabela 4.3.13 – Produtos Sujeitos à Alíquota Zero da Contribuição Social CST 06 – Versão 1.34- Atualizada em 16/04/2025";"Codigo da natureza da receita 309";"Produtos classificados nos códigos 8443.32.22, 8469.00.39 Ex 01, 8714.20.00, 9021.40.00, 9021.90.82 e 9021.90.92, todos da Tipi"
84433222;zero;06;"Tabela 4.3.13 – Produtos Sujeitos à Alíquota Zero da Contribuição Social CST 06 – Versão 1.34- Atualizada em 16/04/2025";"Codigo da natureza da receita 309";"Produtos classificados nos códigos 8443.32.22, 8469.00.39 Ex 01, 8714.20.00, 9021.40.00, 9021.90.82 e 9021.90.92, todos da Tipi"
84690039;zero;06;"Tabela 4.3.13 – Produtos Sujeitos à Alíquota Zero da Contribuição Social CST 06 – Versão 1.34- Atualizada em 16/04/2025";"Codigo da natureza da receita 309";"Produtos classificados nos códigos 8443.32.22, 8469.00.39 Ex 01, 8714.20.00, 9021.40.00, 9021.90.82 e 9021.90.92, todos da Tipi"
90219082;zero;06;"Tabela 4.3.13 – Produtos Sujeitos à Alíquota Zero da Contribuição Social CST 06 – Versão 1.34- Atualizada em 16/04/2025";"Codigo da natureza da receita 309";"Produtos classificados nos códigos 8443.32.22, 8469.00.39 Ex 01, 8714.20.00, 9021.40.00, 9021.90.82 e 9021.90.92, todos da Tipi"
84701000;zero;06;"Tabela 4.3.13 – Produtos Sujeitos à Alíquota Zero da Contribuição Social CST 06 – Versão 1.34- Atualizada em 16/04/2025";"Codigo da natureza da receita 310";"Calculadoras equipadas com sintetizador de voz classificadas no código 8470.10.00 Ex 01 da TIPI"
84716052;zero;06;"Tabela 4.3.13 – Produtos Sujeitos à Alíquota Zero da Contribuição Social CST 06 – Versão 1.34- Atualizada em 16/04/2025";"Codigo da natureza da receita 311";"Teclados com colmeia classificados no código 8471.60.52 da TIPI"
84716053;zero;06;"Tabela 4.3.13 – Produtos Sujeitos à Alíquota Zero da Contribuição Social CST 06 – Versão 1.34- Atualizada em 16/04/2025";"Codigo da natureza da receita 312";"Indicadores ou apontadores - mouses - com entrada para acionador classificados no código 8471.60.53 da TIPI"
84716090;zero;06;"Tabela 4.3.13 – Produtos Sujeitos à Alíquota Zero da Contribuição Social CST 06 – Versão 1.34- Atualizada em 16/04/2025";"Codigo da natureza da receita 313";"Linhas braile classificadas no código 8471.60.90 Ex 01da TIPI"
84719014;zero;06;"Tabela 4.3.13 – Produtos Sujeitos à Alíquota Zero da Contribuição Social CST 06 – Versão 1.34- Atualizada em 16/04/2025";"Codigo da natureza da receita 314";"Digitalizadores de imagens - scanners - equipados com sintetizador de voz classificados no código 8471.90.14 Ex 01 da TIPI"
84721000;zero;06;"Tabela 4.3.13 – Produtos Sujeitos à Alíquota Zero da Contribuição Social CST 06 – Versão 1.34- Atualizada em 16/04/2025";"Codigo da natureza da receita 315";"Duplicadores braile classificados no código 8472.10.00 Ex 01 da TIPI"
84716053;zero;06;"Tabela 4.3.13 – Produtos Sujeitos à Alíquota Zero da Contribuição Social CST 06 – Versão 1.34- Atualizada em 16/04/2025";"Codigo da natureza da receita 316";"Acionadores de pressão classificados no código 8471.60.53 Ex.02 da TIPI"
85258019;zero;06;"Tabela 4.3.13 – Produtos Sujeitos à Alíquota Zero da Contribuição Social CST 06 – Versão 1.34- Atualizada em 16/04/2025";"Codigo da natureza da receita 317";"Lupas eletrônicas do tipo utilizado por pessoas com deficiência visual classificadas no código 8525.80.19 Ex 01 da TIPI"
90214000;zero;06;"Tabela 4.3.13 – Produtos Sujeitos à Alíquota Zero da Contribuição Social CST 06 – Versão 1.34- Atualizada em 16/04/2025";"Codigo da natureza da receita 318";"Implantes cocleares classificados no código 9021.40.00 da TIPI"
90213980;zero;06;"Tabela 4.3.13 – Produtos Sujeitos à Alíquota Zero da Contribuição Social CST 06 – Versão 1.34- Atualizada em 16/04/2025";"Codigo da natureza da receita 319";"Próteses oculares classificadas no código 9021.39.80 da TIPI"
90189099;zero;06;"Tabela 4.3.13 – Produtos Sujeitos à Alíquota Zero da Contribuição Social CST 06 – Versão 1.34- Atualizada em 16/04/2025";"Codigo da natureza da receita 322";"Neuroestimuladores para tremor essencial/Parkinson, classificados no código 9021.90.19, e seus acessórios, classificados nos códigos 9018.90.99, 9021.90.91 e 9021.90.99, todos da Tipi."
90219019;zero;06;"Tabela 4.3.13 – Produtos Sujeitos à Alíquota Zero da Contribuição Social CST 06 – Versão 1.34- Atualizada em 16/04/2025";"Codigo da natureza da receita 322";"Neuroestimuladores para tremor essencial/Parkinson, classificados no código 9021.90.19, e seus acessórios, classificados nos códigos 9018.90.99, 9021.90.91 e 9021.90.99, todos da Tipi."
90219099;zero;06;"Tabela 4.3.13 – Produtos Sujeitos à Alíquota Zero da Contribuição Social CST 06 – Versão 1.34- Atualizada em 16/04/2025";"Codigo da natureza da receita 322";"Neuroestimuladores para tremor essencial/Parkinson, classificados no código 9021.90.19, e seus acessórios, classificados nos códigos 9018.90.99, 9021.90.91 e 9021.90.99, todos da Tipi."
90219091;zero;06;"Tabela 4.3.13 – Produtos Sujeitos à Alíquota Zero da Contribuição Social CST 06 – Versão 1.34- Atualizada em 16/04/2025";"Codigo da natureza da receita 322";"Neuroestimuladores para tremor essencial/Parkinson, classificados no código 9021.90.19, e seus acessórios, classificados nos códigos 9018.90.99, 9021.90.91 e 9021.90.99, todos da Tipi."
21069010;zero;06;"Tabela 4.3.13 – Produtos Sujeitos à Alíquota Zero da Contribuição Social CST 06 – Versão 1.34- Atualizada em 16/04/2025";"Codigo da natureza da receita 904";"Preparações compostas não-alcoólicas, classificadas no código 2106.90.10 Ex 01 da TIPI, destinadas à elaboração de bebidas pelas pessoas jurídicas industriais dos produtos referidos no art. 58-A da Lei n o 10.833/2003"
8710;zero;06;"Tabela 4.3.13 – Produtos Sujeitos à Alíquota Zero da Contribuição Social CST 06 – Versão 1.34- Atualizada em 16/04/2025";"Codigo da natureza da receita 905";"Material de defesa, classificado nas posições 87.10.00.00 e 89.06.10.00 da TIPI, além de partes, peças, componentes, ferramentais, insumos, equipamentos e matérias-primas a serem empregados na sua industrialização, montagem, manutenção, modernização e conversão"
22011000;zero;06;"Tabela 4.3.13 – Produtos Sujeitos à Alíquota Zero da Contribuição Social CST 06 – Versão 1.34- Atualizada em 16/04/2025";"Codigo da natureza da receita 914";"R eceita decorrente da venda de águas minerais naturais comercializadas em recipientes com capacidade nominal inferior a 10 (dez) litros ou igual ou superior a 10 (dez) litros classificadas no código 2201.10.00 Ex 01 e Ex 02 da Tipi, aprovada pelo Decreto n o 7.660, de 23 de dezembro de 2011."
22029000;zero;06;"Tabela 4.3.13 – Produtos Sujeitos à Alíquota Zero da Contribuição Social CST 06 – Versão 1.34- Atualizada em 16/04/2025";"Codigo da natureza da receita 918";"R eceita decorrente da venda de bebidas frias, classificadas nos códigos 2106.90.10 Ex02; 22.01 ( exceto os Ex 01 e Ex 02 do código 2201.10.00); 22.02 (exceto os Ex 01, Ex 02 e Ex 03 do código 2202.90.00); e 22.02.90.00 Ex 03 e 22.03 da TIPI, quando auferida pela pessoa jurídica varejista, assim considerada, a pessoa jurídica cuja receita decorrente de venda de bens e serviços a consumidor final no ano-calendário imediatamente anterior ao da operação houver sido igual ou superior a 75% (setenta e cinco por cento) de sua receita total de venda de bens e serviços no mesmo período, depois de excluídos os impostos e contribuições incidentes sobre a venda."
21069010;zero;06;"Tabela 4.3.13 – Produtos Sujeitos à Alíquota Zero da Contribuição Social CST 06 – Versão 1.34- Atualizada em 16/04/2025";"Codigo da natureza da receita 918";"R eceita decorrente da venda de bebidas frias, classificadas nos códigos 2106.90.10 Ex02; 22.01 ( exceto os Ex 01 e Ex 02 do código 2201.10.00); 22.02 (exceto os Ex 01, Ex 02 e Ex 03 do código 2202.90.00); e 22.02.90.00 Ex 03 e 22.03 da TIPI, quando auferida pela pessoa jurídica varejista, assim considerada, a pessoa jurídica cuja receita decorrente de venda de bens e serviços a consumidor final no ano-calendário imediatamente anterior ao da operação houver sido igual ou superior a 75% (setenta e cinco por cento) de sua receita total de venda de bens e serviços no mesmo período, depois de excluídos os impostos e contribuições incidentes sobre a venda."
22011000;zero;06;"Tabela 4.3.13 – Produtos Sujeitos à Alíquota Zero da Contribuição Social CST 06 – Versão 1.34- Atualizada em 16/04/2025";"Codigo da natureza da receita 918";"R eceita decorrente da venda de bebidas frias, classificadas nos códigos 2106.90.10 Ex02; 22.01 ( exceto os Ex 01 e Ex 02 do código 2201.10.00); 22.02 (exceto os Ex 01, Ex 02 e Ex 03 do código 2202.90.00); e 22.02.90.00 Ex 03 e 22.03 da TIPI, quando auferida pela pessoa jurídica varejista, assim considerada, a pessoa jurídica cuja receita decorrente de venda de bens e serviços a consumidor final no ano-calendário imediatamente anterior ao da operação houver sido igual ou superior a 75% (setenta e cinco por cento) de sua receita total de venda de bens e serviços no mesmo período, depois de excluídos os impostos e contribuições incidentes sobre a venda."
40132000;zero;06;"Tabela 4.3.13 – Produtos Sujeitos à Alíquota Zero da Contribuição Social CST 06 – Versão 1.34- Atualizada em 16/04/2025";"Codigo da natureza da receita 919";"Receita auferida na venda de pneumáticos e câmaras de ar de borracha para bicicletas classificados nos códigos 4011.50.00 e 4013.20.00 da Tipi, quando efetuada por PJ fabricante que utilizar no processo de industrialização, em estabelecimentos implantados na ZFM, de acordo com o processo produtivo básico fixado em legislação específica, borracha natural produzida por extrativismo não madeireiro na Região Norte"
40115000;zero;06;"Tabela 4.3.13 – Produtos Sujeitos à Alíquota Zero da Contribuição Social CST 06 – Versão 1.34- Atualizada em 16/04/2025";"Codigo da natureza da receita 919";"Receita auferida na venda de pneumáticos e câmaras de ar de borracha para bicicletas classificados nos códigos 4011.50.00 e 4013.20.00 da Tipi, quando efetuada por PJ fabricante que utilizar no processo de industrialização, em estabelecimentos implantados na ZFM, de acordo com o processo produtivo básico fixado em legislação específica, borracha natural produzida por extrativismo não madeireiro na Região Norte"
0090;isencao;07;"Tabela 4.3.14 - Tabela Operações com Isenção da Contribuição Social (CST 07) - Versão 1.0.4 - Atualizada em 28/04/2026";"Codigo da natureza da receita 904";"Desperdícios, resíduos ou aparas de plástico, de papel ou cartão, de vidro, de ferro ou aço, de cobre, de níquel, de alumínio, de chumbo, de zinco e de estanho, e demais desperdícios e resíduos metálicos do Capítulo 81 da Tipi, quando vendidos para pessoa jurídica que apure o imposto de renda com base no lucro real e que utilize os referidos insumos como matéria-prima ou material secundário ."
2200;isencao;07;"Tabela 4.3.14 - Tabela Operações com Isenção da Contribuição Social (CST 07) - Versão 1.0.4 - Atualizada em 28/04/2026";"Codigo da natureza da receita 904";"Desperdícios, resíduos ou aparas de plástico, de papel ou cartão, de vidro, de ferro ou aço, de cobre, de níquel, de alumínio, de chumbo, de zinco e de estanho, e demais desperdícios e resíduos metálicos do Capítulo 81 da Tipi, quando vendidos para pessoa jurídica que apure o imposto de renda com base no lucro real e que utilize os referidos insumos como matéria-prima ou material secundário ."
8111;isencao;07;"Tabela 4.3.14 - Tabela Operações com Isenção da Contribuição Social (CST 07) - Versão 1.0.4 - Atualizada em 28/04/2026";"Codigo da natureza da receita 904";"Desperdícios, resíduos ou aparas de plástico, de papel ou cartão, de vidro, de ferro ou aço, de cobre, de níquel, de alumínio, de chumbo, de zinco e de estanho, e demais desperdícios e resíduos metálicos do Capítulo 81 da Tipi, quando vendidos para pessoa jurídica que apure o imposto de renda com base no lucro real e que utilize os referidos insumos como matéria-prima ou material secundário ."
9200;isencao;07;"Tabela 4.3.14 - Tabela Operações com Isenção da Contribuição Social (CST 07) - Versão 1.0.4 - Atualizada em 28/04/2026";"Codigo da natureza da receita 904";"Desperdícios, resíduos ou aparas de plástico, de papel ou cartão, de vidro, de ferro ou aço, de cobre, de níquel, de alumínio, de chumbo, de zinco e de estanho, e demais desperdícios e resíduos metálicos do Capítulo 81 da Tipi, quando vendidos para pessoa jurídica que apure o imposto de renda com base no lucro real e que utilize os referidos insumos como matéria-prima ou material secundário ."
8107;isencao;07;"Tabela 4.3.14 - Tabela Operações com Isenção da Contribuição Social (CST 07) - Versão 1.0.4 - Atualizada em 28/04/2026";"Codigo da natureza da receita 904";"Desperdícios, resíduos ou aparas de plástico, de papel ou cartão, de vidro, de ferro ou aço, de cobre, de níquel, de alumínio, de chumbo, de zinco e de estanho, e demais desperdícios e resíduos metálicos do Capítulo 81 da Tipi, quando vendidos para pessoa jurídica que apure o imposto de renda com base no lucro real e que utilize os referidos insumos como matéria-prima ou material secundário ."
8105;isencao;07;"Tabela 4.3.14 - Tabela Operações com Isenção da Contribuição Social (CST 07) - Versão 1.0.4 - Atualizada em 28/04/2026";"Codigo da natureza da receita 904";"Desperdícios, resíduos ou aparas de plástico, de papel ou cartão, de vidro, de ferro ou aço, de cobre, de níquel, de alumínio, de chumbo, de zinco e de estanho, e demais desperdícios e resíduos metálicos do Capítulo 81 da Tipi, quando vendidos para pessoa jurídica que apure o imposto de renda com base no lucro real e que utilize os referidos insumos como matéria-prima ou material secundário ."
9700;isencao;07;"Tabela 4.3.14 - Tabela Operações com Isenção da Contribuição Social (CST 07) - Versão 1.0.4 - Atualizada em 28/04/2026";"Codigo da natureza da receita 904";"Desperdícios, resíduos ou aparas de plástico, de papel ou cartão, de vidro, de ferro ou aço, de cobre, de níquel, de alumínio, de chumbo, de zinco e de estanho, e demais desperdícios e resíduos metálicos do Capítulo 81 da Tipi, quando vendidos para pessoa jurídica que apure o imposto de renda com base no lucro real e que utilize os referidos insumos como matéria-prima ou material secundário ."
8103;isencao;07;"Tabela 4.3.14 - Tabela Operações com Isenção da Contribuição Social (CST 07) - Versão 1.0.4 - Atualizada em 28/04/2026";"Codigo da natureza da receita 904";"Desperdícios, resíduos ou aparas de plástico, de papel ou cartão, de vidro, de ferro ou aço, de cobre, de níquel, de alumínio, de chumbo, de zinco e de estanho, e demais desperdícios e resíduos metálicos do Capítulo 81 da Tipi, quando vendidos para pessoa jurídica que apure o imposto de renda com base no lucro real e que utilize os referidos insumos como matéria-prima ou material secundário ."
2000;isencao;07;"Tabela 4.3.14 - Tabela Operações com Isenção da Contribuição Social (CST 07) - Versão 1.0.4 - Atualizada em 28/04/2026";"Codigo da natureza da receita 904";"Desperdícios, resíduos ou aparas de plástico, de papel ou cartão, de vidro, de ferro ou aço, de cobre, de níquel, de alumínio, de chumbo, de zinco e de estanho, e demais desperdícios e resíduos metálicos do Capítulo 81 da Tipi, quando vendidos para pessoa jurídica que apure o imposto de renda com base no lucro real e que utilize os referidos insumos como matéria-prima ou material secundário ."
3000;isencao;07;"Tabela 4.3.14 - Tabela Operações com Isenção da Contribuição Social (CST 07) - Versão 1.0.4 - Atualizada em 28/04/2026";"Codigo da natureza da receita 904";"Desperdícios, resíduos ou aparas de plástico, de papel ou cartão, de vidro, de ferro ou aço, de cobre, de níquel, de alumínio, de chumbo, de zinco e de estanho, e demais desperdícios e resíduos metálicos do Capítulo 81 da Tipi, quando vendidos para pessoa jurídica que apure o imposto de renda com base no lucro real e que utilize os referidos insumos como matéria-prima ou material secundário ."
8108;isencao;07;"Tabela 4.3.14 - Tabela Operações com Isenção da Contribuição Social (CST 07) - Versão 1.0.4 - Atualizada em 28/04/2026";"Codigo da natureza da receita 904";"Desperdícios, resíduos ou aparas de plástico, de papel ou cartão, de vidro, de ferro ou aço, de cobre, de níquel, de alumínio, de chumbo, de zinco e de estanho, e demais desperdícios e resíduos metálicos do Capítulo 81 da Tipi, quando vendidos para pessoa jurídica que apure o imposto de renda com base no lucro real e que utilize os referidos insumos como matéria-prima ou material secundário ."
8102;isencao;07;"Tabela 4.3.14 - Tabela Operações com Isenção da Contribuição Social (CST 07) - Versão 1.0.4 - Atualizada em 28/04/2026";"Codigo da natureza da receita 904";"Desperdícios, resíduos ou aparas de plástico, de papel ou cartão, de vidro, de ferro ou aço, de cobre, de níquel, de alumínio, de chumbo, de zinco e de estanho, e demais desperdícios e resíduos metálicos do Capítulo 81 da Tipi, quando vendidos para pessoa jurídica que apure o imposto de renda com base no lucro real e que utilize os referidos insumos como matéria-prima ou material secundário ."
1300;isencao;07;"Tabela 4.3.14 - Tabela Operações com Isenção da Contribuição Social (CST 07) - Versão 1.0.4 - Atualizada em 28/04/2026";"Codigo da natureza da receita 904";"Desperdícios, resíduos ou aparas de plástico, de papel ou cartão, de vidro, de ferro ou aço, de cobre, de níquel, de alumínio, de chumbo, de zinco e de estanho, e demais desperdícios e resíduos metálicos do Capítulo 81 da Tipi, quando vendidos para pessoa jurídica que apure o imposto de renda com base no lucro real e que utilize os referidos insumos como matéria-prima ou material secundário ."
8104;isencao;07;"Tabela 4.3.14 - Tabela Operações com Isenção da Contribuição Social (CST 07) - Versão 1.0.4 - Atualizada em 28/04/2026";"Codigo da natureza da receita 904";"Desperdícios, resíduos ou aparas de plástico, de papel ou cartão, de vidro, de ferro ou aço, de cobre, de níquel, de alumínio, de chumbo, de zinco e de estanho, e demais desperdícios e resíduos metálicos do Capítulo 81 da Tipi, quando vendidos para pessoa jurídica que apure o imposto de renda com base no lucro real e que utilize os referidos insumos como matéria-prima ou material secundário ."
5200;isencao;07;"Tabela 4.3.14 - Tabela Operações com Isenção da Contribuição Social (CST 07) - Versão 1.0.4 - Atualizada em 28/04/2026";"Codigo da natureza da receita 904";"Desperdícios, resíduos ou aparas de plástico, de papel ou cartão, de vidro, de ferro ou aço, de cobre, de níquel, de alumínio, de chumbo, de zinco e de estanho, e demais desperdícios e resíduos metálicos do Capítulo 81 da Tipi, quando vendidos para pessoa jurídica que apure o imposto de renda com base no lucro real e que utilize os referidos insumos como matéria-prima ou material secundário ."
8109;isencao;07;"Tabela 4.3.14 - Tabela Operações com Isenção da Contribuição Social (CST 07) - Versão 1.0.4 - Atualizada em 28/04/2026";"Codigo da natureza da receita 904";"Desperdícios, resíduos ou aparas de plástico, de papel ou cartão, de vidro, de ferro ou aço, de cobre, de níquel, de alumínio, de chumbo, de zinco e de estanho, e demais desperdícios e resíduos metálicos do Capítulo 81 da Tipi, quando vendidos para pessoa jurídica que apure o imposto de renda com base no lucro real e que utilize os referidos insumos como matéria-prima ou material secundário ."
8113;isencao;07;"Tabela 4.3.14 - Tabela Operações com Isenção da Contribuição Social (CST 07) - Versão 1.0.4 - Atualizada em 28/04/2026";"Codigo da natureza da receita 904";"Desperdícios, resíduos ou aparas de plástico, de papel ou cartão, de vidro, de ferro ou aço, de cobre, de níquel, de alumínio, de chumbo, de zinco e de estanho, e demais desperdícios e resíduos metálicos do Capítulo 81 da Tipi, quando vendidos para pessoa jurídica que apure o imposto de renda com base no lucro real e que utilize os referidos insumos como matéria-prima ou material secundário ."
8101;isencao;07;"Tabela 4.3.14 - Tabela Operações com Isenção da Contribuição Social (CST 07) - Versão 1.0.4 - Atualizada em 28/04/2026";"Codigo da natureza da receita 904";"Desperdícios, resíduos ou aparas de plástico, de papel ou cartão, de vidro, de ferro ou aço, de cobre, de níquel, de alumínio, de chumbo, de zinco e de estanho, e demais desperdícios e resíduos metálicos do Capítulo 81 da Tipi, quando vendidos para pessoa jurídica que apure o imposto de renda com base no lucro real e que utilize os referidos insumos como matéria-prima ou material secundário ."
8112;isencao;07;"Tabela 4.3.14 - Tabela Operações com Isenção da Contribuição Social (CST 07) - Versão 1.0.4 - Atualizada em 28/04/2026";"Codigo da natureza da receita 904";"Desperdícios, resíduos ou aparas de plástico, de papel ou cartão, de vidro, de ferro ou aço, de cobre, de níquel, de alumínio, de chumbo, de zinco e de estanho, e demais desperdícios e resíduos metálicos do Capítulo 81 da Tipi, quando vendidos para pessoa jurídica que apure o imposto de renda com base no lucro real e que utilize os referidos insumos como matéria-prima ou material secundário ."
8110;isencao;07;"Tabela 4.3.14 - Tabela Operações com Isenção da Contribuição Social (CST 07) - Versão 1.0.4 - Atualizada em 28/04/2026";"Codigo da natureza da receita 904";"Desperdícios, resíduos ou aparas de plástico, de papel ou cartão, de vidro, de ferro ou aço, de cobre, de níquel, de alumínio, de chumbo, de zinco e de estanho, e demais desperdícios e resíduos metálicos do Capítulo 81 da Tipi, quando vendidos para pessoa jurídica que apure o imposto de renda com base no lucro real e que utilize os referidos insumos como matéria-prima ou material secundário ."
8106;isencao;07;"Tabela 4.3.14 - Tabela Operações com Isenção da Contribuição Social (CST 07) - Versão 1.0.4 - Atualizada em 28/04/2026";"Codigo da natureza da receita 904";"Desperdícios, resíduos ou aparas de plástico, de papel ou cartão, de vidro, de ferro ou aço, de cobre, de níquel, de alumínio, de chumbo, de zinco e de estanho, e demais desperdícios e resíduos metálicos do Capítulo 81 da Tipi, quando vendidos para pessoa jurídica que apure o imposto de renda com base no lucro real e que utilize os referidos insumos como matéria-prima ou material secundário ."
87100000;suspensao;09;"Tabela 4.3.16 - Tabela Operações com Suspensão da Contribuição Social (CST 09) - Versão 1.18 - Atualizada em 28/04/2026.";"Codigo da natureza da receita 102";"Vendas a fabricante de veículos e carros blindados de combate, (NCM 8710.00.00) para uso pelas forças armadas ou órgãos de segurança pública brasileiros."
050400;suspensao;09;"Tabela 4.3.16 - Tabela Operações com Suspensão da Contribuição Social (CST 09) - Versão 1.18 - Atualizada em 28/04/2026.";"Codigo da natureza da receita 201";"Insumos de origem animal, utilizados na fabricação de produtos destinados à alimentação humana ou animal, classificados na NCM capítulos 2 (exceto os códigos 02.01, 02.02, 02.03, 0206.10.00, 0206.20, 0206.21, 0206.29, 0206.30.00, 0206.4, 02.07, 0210.1), 3 (exceto os produtos vivos desse capítulo), 4, 8 a 12, 15 (exceto o código 0901.1, 1502.00.1), 16 e 23 (exceto as preparações dos tipos utilizados na alimentação de animais vivos classificados nas posições 01.03 e 01.05, classificadas no código 2309.90) e nos códigos 0504.00, 0701.90.00, 0702.00.00, 0706.10.00, 07.08, 0709.90, 07.10, 07.12 a 07.14 (exceto os códigos 0713.33.19, 0713.33.29 e 0713.33.99), 1701.11.00, 1701.99.00, 1702.90.00, 18.01, 18.03, 1804.00.00, 1805.00.00, 20.09 e 2209.00.00."
18050000;suspensao;09;"Tabela 4.3.16 - Tabela Operações com Suspensão da Contribuição Social (CST 09) - Versão 1.18 - Atualizada em 28/04/2026.";"Codigo da natureza da receita 201";"Insumos de origem animal, utilizados na fabricação de produtos destinados à alimentação humana ou animal, classificados na NCM capítulos 2 (exceto os códigos 02.01, 02.02, 02.03, 0206.10.00, 0206.20, 0206.21, 0206.29, 0206.30.00, 0206.4, 02.07, 0210.1), 3 (exceto os produtos vivos desse capítulo), 4, 8 a 12, 15 (exceto o código 0901.1, 1502.00.1), 16 e 23 (exceto as preparações dos tipos utilizados na alimentação de animais vivos classificados nas posições 01.03 e 01.05, classificadas no código 2309.90) e nos códigos 0504.00, 0701.90.00, 0702.00.00, 0706.10.00, 07.08, 0709.90, 07.10, 07.12 a 07.14 (exceto os códigos 0713.33.19, 0713.33.29 e 0713.33.99), 1701.11.00, 1701.99.00, 1702.90.00, 18.01, 18.03, 1804.00.00, 1805.00.00, 20.09 e 2209.00.00."
0105;suspensao;09;"Tabela 4.3.16 - Tabela Operações com Suspensão da Contribuição Social (CST 09) - Versão 1.18 - Atualizada em 28/04/2026.";"Codigo da natureza da receita 201";"Insumos de origem animal, utilizados na fabricação de produtos destinados à alimentação humana ou animal, classificados na NCM capítulos 2 (exceto os códigos 02.01, 02.02, 02.03, 0206.10.00, 0206.20, 0206.21, 0206.29, 0206.30.00, 0206.4, 02.07, 0210.1), 3 (exceto os produtos vivos desse capítulo), 4, 8 a 12, 15 (exceto o código 0901.1, 1502.00.1), 16 e 23 (exceto as preparações dos tipos utilizados na alimentação de animais vivos classificados nas posições 01.03 e 01.05, classificadas no código 2309.90) e nos códigos 0504.00, 0701.90.00, 0702.00.00, 0706.10.00, 07.08, 0709.90, 07.10, 07.12 a 07.14 (exceto os códigos 0713.33.19, 0713.33.29 e 0713.33.99), 1701.11.00, 1701.99.00, 1702.90.00, 18.01, 18.03, 1804.00.00, 1805.00.00, 20.09 e 2209.00.00."
020621;suspensao;09;"Tabela 4.3.16 - Tabela Operações com Suspensão da Contribuição Social (CST 09) - Versão 1.18 - Atualizada em 28/04/2026.";"Codigo da natureza da receita 201";"Insumos de origem animal, utilizados na fabricação de produtos destinados à alimentação humana ou animal, classificados na NCM capítulos 2 (exceto os códigos 02.01, 02.02, 02.03, 0206.10.00, 0206.20, 0206.21, 0206.29, 0206.30.00, 0206.4, 02.07, 0210.1), 3 (exceto os produtos vivos desse capítulo), 4, 8 a 12, 15 (exceto o código 0901.1, 1502.00.1), 16 e 23 (exceto as preparações dos tipos utilizados na alimentação de animais vivos classificados nas posições 01.03 e 01.05, classificadas no código 2309.90) e nos códigos 0504.00, 0701.90.00, 0702.00.00, 0706.10.00, 07.08, 0709.90, 07.10, 07.12 a 07.14 (exceto os códigos 0713.33.19, 0713.33.29 e 0713.33.99), 1701.11.00, 1701.99.00, 1702.90.00, 18.01, 18.03, 1804.00.00, 1805.00.00, 20.09 e 2209.00.00."
07133329;suspensao;09;"Tabela 4.3.16 - Tabela Operações com Suspensão da Contribuição Social (CST 09) - Versão 1.18 - Atualizada em 28/04/2026.";"Codigo da natureza da receita 201";"Insumos de origem animal, utilizados na fabricação de produtos destinados à alimentação humana ou animal, classificados na NCM capítulos 2 (exceto os códigos 02.01, 02.02, 02.03, 0206.10.00, 0206.20, 0206.21, 0206.29, 0206.30.00, 0206.4, 02.07, 0210.1), 3 (exceto os produtos vivos desse capítulo), 4, 8 a 12, 15 (exceto o código 0901.1, 1502.00.1), 16 e 23 (exceto as preparações dos tipos utilizados na alimentação de animais vivos classificados nas posições 01.03 e 01.05, classificadas no código 2309.90) e nos códigos 0504.00, 0701.90.00, 0702.00.00, 0706.10.00, 07.08, 0709.90, 07.10, 07.12 a 07.14 (exceto os códigos 0713.33.19, 0713.33.29 e 0713.33.99), 1701.11.00, 1701.99.00, 1702.90.00, 18.01, 18.03, 1804.00.00, 1805.00.00, 20.09 e 2209.00.00."
020629;suspensao;09;"Tabela 4.3.16 - Tabela Operações com Suspensão da Contribuição Social (CST 09) - Versão 1.18 - Atualizada em 28/04/2026.";"Codigo da natureza da receita 201";"Insumos de origem animal, utilizados na fabricação de produtos destinados à alimentação humana ou animal, classificados na NCM capítulos 2 (exceto os códigos 02.01, 02.02, 02.03, 0206.10.00, 0206.20, 0206.21, 0206.29, 0206.30.00, 0206.4, 02.07, 0210.1), 3 (exceto os produtos vivos desse capítulo), 4, 8 a 12, 15 (exceto o código 0901.1, 1502.00.1), 16 e 23 (exceto as preparações dos tipos utilizados na alimentação de animais vivos classificados nas posições 01.03 e 01.05, classificadas no código 2309.90) e nos códigos 0504.00, 0701.90.00, 0702.00.00, 0706.10.00, 07.08, 0709.90, 07.10, 07.12 a 07.14 (exceto os códigos 0713.33.19, 0713.33.29 e 0713.33.99), 1701.11.00, 1701.99.00, 1702.90.00, 18.01, 18.03, 1804.00.00, 1805.00.00, 20.09 e 2209.00.00."
07061000;suspensao;09;"Tabela 4.3.16 - Tabela Operações com Suspensão da Contribuição Social (CST 09) - Versão 1.18 - Atualizada em 28/04/2026.";"Codigo da natureza da receita 201";"Insumos de origem animal, utilizados na fabricação de produtos destinados à alimentação humana ou animal, classificados na NCM capítulos 2 (exceto os códigos 02.01, 02.02, 02.03, 0206.10.00, 0206.20, 0206.21, 0206.29, 0206.30.00, 0206.4, 02.07, 0210.1), 3 (exceto os produtos vivos desse capítulo), 4, 8 a 12, 15 (exceto o código 0901.1, 1502.00.1), 16 e 23 (exceto as preparações dos tipos utilizados na alimentação de animais vivos classificados nas posições 01.03 e 01.05, classificadas no código 2309.90) e nos códigos 0504.00, 0701.90.00, 0702.00.00, 0706.10.00, 07.08, 0709.90, 07.10, 07.12 a 07.14 (exceto os códigos 0713.33.19, 0713.33.29 e 0713.33.99), 1701.11.00, 1701.99.00, 1702.90.00, 18.01, 18.03, 1804.00.00, 1805.00.00, 20.09 e 2209.00.00."
17029000;suspensao;09;"Tabela 4.3.16 - Tabela Operações com Suspensão da Contribuição Social (CST 09) - Versão 1.18 - Atualizada em 28/04/2026.";"Codigo da natureza da receita 201";"Insumos de origem animal, utilizados na fabricação de produtos destinados à alimentação humana ou animal, classificados na NCM capítulos 2 (exceto os códigos 02.01, 02.02, 02.03, 0206.10.00, 0206.20, 0206.21, 0206.29, 0206.30.00, 0206.4, 02.07, 0210.1), 3 (exceto os produtos vivos desse capítulo), 4, 8 a 12, 15 (exceto o código 0901.1, 1502.00.1), 16 e 23 (exceto as preparações dos tipos utilizados na alimentação de animais vivos classificados nas posições 01.03 e 01.05, classificadas no código 2309.90) e nos códigos 0504.00, 0701.90.00, 0702.00.00, 0706.10.00, 07.08, 0709.90, 07.10, 07.12 a 07.14 (exceto os códigos 0713.33.19, 0713.33.29 e 0713.33.99), 1701.11.00, 1701.99.00, 1702.90.00, 18.01, 18.03, 1804.00.00, 1805.00.00, 20.09 e 2209.00.00."
070990;suspensao;09;"Tabela 4.3.16 - Tabela Operações com Suspensão da Contribuição Social (CST 09) - Versão 1.18 - Atualizada em 28/04/2026.";"Codigo da natureza da receita 201";"Insumos de origem animal, utilizados na fabricação de produtos destinados à alimentação humana ou animal, classificados na NCM capítulos 2 (exceto os códigos 02.01, 02.02, 02.03, 0206.10.00, 0206.20, 0206.21, 0206.29, 0206.30.00, 0206.4, 02.07, 0210.1), 3 (exceto os produtos vivos desse capítulo), 4, 8 a 12, 15 (exceto o código 0901.1, 1502.00.1), 16 e 23 (exceto as preparações dos tipos utilizados na alimentação de animais vivos classificados nas posições 01.03 e 01.05, classificadas no código 2309.90) e nos códigos 0504.00, 0701.90.00, 0702.00.00, 0706.10.00, 07.08, 0709.90, 07.10, 07.12 a 07.14 (exceto os códigos 0713.33.19, 0713.33.29 e 0713.33.99), 1701.11.00, 1701.99.00, 1702.90.00, 18.01, 18.03, 1804.00.00, 1805.00.00, 20.09 e 2209.00.00."
150200;suspensao;09;"Tabela 4.3.16 - Tabela Operações com Suspensão da Contribuição Social (CST 09) - Versão 1.18 - Atualizada em 28/04/2026.";"Codigo da natureza da receita 201";"Insumos de origem animal, utilizados na fabricação de produtos destinados à alimentação humana ou animal, classificados na NCM capítulos 2 (exceto os códigos 02.01, 02.02, 02.03, 0206.10.00, 0206.20, 0206.21, 0206.29, 0206.30.00, 0206.4, 02.07, 0210.1), 3 (exceto os produtos vivos desse capítulo), 4, 8 a 12, 15 (exceto o código 0901.1, 1502.00.1), 16 e 23 (exceto as preparações dos tipos utilizados na alimentação de animais vivos classificados nas posições 01.03 e 01.05, classificadas no código 2309.90) e nos códigos 0504.00, 0701.90.00, 0702.00.00, 0706.10.00, 07.08, 0709.90, 07.10, 07.12 a 07.14 (exceto os códigos 0713.33.19, 0713.33.29 e 0713.33.99), 1701.11.00, 1701.99.00, 1702.90.00, 18.01, 18.03, 1804.00.00, 1805.00.00, 20.09 e 2209.00.00."
0103;suspensao;09;"Tabela 4.3.16 - Tabela Operações com Suspensão da Contribuição Social (CST 09) - Versão 1.18 - Atualizada em 28/04/2026.";"Codigo da natureza da receita 201";"Insumos de origem animal, utilizados na fabricação de produtos destinados à alimentação humana ou animal, classificados na NCM capítulos 2 (exceto os códigos 02.01, 02.02, 02.03, 0206.10.00, 0206.20, 0206.21, 0206.29, 0206.30.00, 0206.4, 02.07, 0210.1), 3 (exceto os produtos vivos desse capítulo), 4, 8 a 12, 15 (exceto o código 0901.1, 1502.00.1), 16 e 23 (exceto as preparações dos tipos utilizados na alimentação de animais vivos classificados nas posições 01.03 e 01.05, classificadas no código 2309.90) e nos códigos 0504.00, 0701.90.00, 0702.00.00, 0706.10.00, 07.08, 0709.90, 07.10, 07.12 a 07.14 (exceto os códigos 0713.33.19, 0713.33.29 e 0713.33.99), 1701.11.00, 1701.99.00, 1702.90.00, 18.01, 18.03, 1804.00.00, 1805.00.00, 20.09 e 2209.00.00."
07133399;suspensao;09;"Tabela 4.3.16 - Tabela Operações com Suspensão da Contribuição Social (CST 09) - Versão 1.18 - Atualizada em 28/04/2026.";"Codigo da natureza da receita 201";"Insumos de origem animal, utilizados na fabricação de produtos destinados à alimentação humana ou animal, classificados na NCM capítulos 2 (exceto os códigos 02.01, 02.02, 02.03, 0206.10.00, 0206.20, 0206.21, 0206.29, 0206.30.00, 0206.4, 02.07, 0210.1), 3 (exceto os produtos vivos desse capítulo), 4, 8 a 12, 15 (exceto o código 0901.1, 1502.00.1), 16 e 23 (exceto as preparações dos tipos utilizados na alimentação de animais vivos classificados nas posições 01.03 e 01.05, classificadas no código 2309.90) e nos códigos 0504.00, 0701.90.00, 0702.00.00, 0706.10.00, 07.08, 0709.90, 07.10, 07.12 a 07.14 (exceto os códigos 0713.33.19, 0713.33.29 e 0713.33.99), 1701.11.00, 1701.99.00, 1702.90.00, 18.01, 18.03, 1804.00.00, 1805.00.00, 20.09 e 2209.00.00."
020620;suspensao;09;"Tabela 4.3.16 - Tabela Operações com Suspensão da Contribuição Social (CST 09) - Versão 1.18 - Atualizada em 28/04/2026.";"Codigo da natureza da receita 201";"Insumos de origem animal, utilizados na fabricação de produtos destinados à alimentação humana ou animal, classificados na NCM capítulos 2 (exceto os códigos 02.01, 02.02, 02.03, 0206.10.00, 0206.20, 0206.21, 0206.29, 0206.30.00, 0206.4, 02.07, 0210.1), 3 (exceto os produtos vivos desse capítulo), 4, 8 a 12, 15 (exceto o código 0901.1, 1502.00.1), 16 e 23 (exceto as preparações dos tipos utilizados na alimentação de animais vivos classificados nas posições 01.03 e 01.05, classificadas no código 2309.90) e nos códigos 0504.00, 0701.90.00, 0702.00.00, 0706.10.00, 07.08, 0709.90, 07.10, 07.12 a 07.14 (exceto os códigos 0713.33.19, 0713.33.29 e 0713.33.99), 1701.11.00, 1701.99.00, 1702.90.00, 18.01, 18.03, 1804.00.00, 1805.00.00, 20.09 e 2209.00.00."
18040000;suspensao;09;"Tabela 4.3.16 - Tabela Operações com Suspensão da Contribuição Social (CST 09) - Versão 1.18 - Atualizada em 28/04/2026.";"Codigo da natureza da receita 201";"Insumos de origem animal, utilizados na fabricação de produtos destinados à alimentação humana ou animal, classificados na NCM capítulos 2 (exceto os códigos 02.01, 02.02, 02.03, 0206.10.00, 0206.20, 0206.21, 0206.29, 0206.30.00, 0206.4, 02.07, 0210.1), 3 (exceto os produtos vivos desse capítulo), 4, 8 a 12, 15 (exceto o código 0901.1, 1502.00.1), 16 e 23 (exceto as preparações dos tipos utilizados na alimentação de animais vivos classificados nas posições 01.03 e 01.05, classificadas no código 2309.90) e nos códigos 0504.00, 0701.90.00, 0702.00.00, 0706.10.00, 07.08, 0709.90, 07.10, 07.12 a 07.14 (exceto os códigos 0713.33.19, 0713.33.29 e 0713.33.99), 1701.11.00, 1701.99.00, 1702.90.00, 18.01, 18.03, 1804.00.00, 1805.00.00, 20.09 e 2209.00.00."
07020000;suspensao;09;"Tabela 4.3.16 - Tabela Operações com Suspensão da Contribuição Social (CST 09) - Versão 1.18 - Atualizada em 28/04/2026.";"Codigo da natureza da receita 201";"Insumos de origem animal, utilizados na fabricação de produtos destinados à alimentação humana ou animal, classificados na NCM capítulos 2 (exceto os códigos 02.01, 02.02, 02.03, 0206.10.00, 0206.20, 0206.21, 0206.29, 0206.30.00, 0206.4, 02.07, 0210.1), 3 (exceto os produtos vivos desse capítulo), 4, 8 a 12, 15 (exceto o código 0901.1, 1502.00.1), 16 e 23 (exceto as preparações dos tipos utilizados na alimentação de animais vivos classificados nas posições 01.03 e 01.05, classificadas no código 2309.90) e nos códigos 0504.00, 0701.90.00, 0702.00.00, 0706.10.00, 07.08, 0709.90, 07.10, 07.12 a 07.14 (exceto os códigos 0713.33.19, 0713.33.29 e 0713.33.99), 1701.11.00, 1701.99.00, 1702.90.00, 18.01, 18.03, 1804.00.00, 1805.00.00, 20.09 e 2209.00.00."
17011100;suspensao;09;"Tabela 4.3.16 - Tabela Operações com Suspensão da Contribuição Social (CST 09) - Versão 1.18 - Atualizada em 28/04/2026.";"Codigo da natureza da receita 201";"Insumos de origem animal, utilizados na fabricação de produtos destinados à alimentação humana ou animal, classificados na NCM capítulos 2 (exceto os códigos 02.01, 02.02, 02.03, 0206.10.00, 0206.20, 0206.21, 0206.29, 0206.30.00, 0206.4, 02.07, 0210.1), 3 (exceto os produtos vivos desse capítulo), 4, 8 a 12, 15 (exceto o código 0901.1, 1502.00.1), 16 e 23 (exceto as preparações dos tipos utilizados na alimentação de animais vivos classificados nas posições 01.03 e 01.05, classificadas no código 2309.90) e nos códigos 0504.00, 0701.90.00, 0702.00.00, 0706.10.00, 07.08, 0709.90, 07.10, 07.12 a 07.14 (exceto os códigos 0713.33.19, 0713.33.29 e 0713.33.99), 1701.11.00, 1701.99.00, 1702.90.00, 18.01, 18.03, 1804.00.00, 1805.00.00, 20.09 e 2209.00.00."
07133319;suspensao;09;"Tabela 4.3.16 - Tabela Operações com Suspensão da Contribuição Social (CST 09) - Versão 1.18 - Atualizada em 28/04/2026.";"Codigo da natureza da receita 201";"Insumos de origem animal, utilizados na fabricação de produtos destinados à alimentação humana ou animal, classificados na NCM capítulos 2 (exceto os códigos 02.01, 02.02, 02.03, 0206.10.00, 0206.20, 0206.21, 0206.29, 0206.30.00, 0206.4, 02.07, 0210.1), 3 (exceto os produtos vivos desse capítulo), 4, 8 a 12, 15 (exceto o código 0901.1, 1502.00.1), 16 e 23 (exceto as preparações dos tipos utilizados na alimentação de animais vivos classificados nas posições 01.03 e 01.05, classificadas no código 2309.90) e nos códigos 0504.00, 0701.90.00, 0702.00.00, 0706.10.00, 07.08, 0709.90, 07.10, 07.12 a 07.14 (exceto os códigos 0713.33.19, 0713.33.29 e 0713.33.99), 1701.11.00, 1701.99.00, 1702.90.00, 18.01, 18.03, 1804.00.00, 1805.00.00, 20.09 e 2209.00.00."
17019900;suspensao;09;"Tabela 4.3.16 - Tabela Operações com Suspensão da Contribuição Social (CST 09) - Versão 1.18 - Atualizada em 28/04/2026.";"Codigo da natureza da receita 201";"Insumos de origem animal, utilizados na fabricação de produtos destinados à alimentação humana ou animal, classificados na NCM capítulos 2 (exceto os códigos 02.01, 02.02, 02.03, 0206.10.00, 0206.20, 0206.21, 0206.29, 0206.30.00, 0206.4, 02.07, 0210.1), 3 (exceto os produtos vivos desse capítulo), 4, 8 a 12, 15 (exceto o código 0901.1, 1502.00.1), 16 e 23 (exceto as preparações dos tipos utilizados na alimentação de animais vivos classificados nas posições 01.03 e 01.05, classificadas no código 2309.90) e nos códigos 0504.00, 0701.90.00, 0702.00.00, 0706.10.00, 07.08, 0709.90, 07.10, 07.12 a 07.14 (exceto os códigos 0713.33.19, 0713.33.29 e 0713.33.99), 1701.11.00, 1701.99.00, 1702.90.00, 18.01, 18.03, 1804.00.00, 1805.00.00, 20.09 e 2209.00.00."
07019000;suspensao;09;"Tabela 4.3.16 - Tabela Operações com Suspensão da Contribuição Social (CST 09) - Versão 1.18 - Atualizada em 28/04/2026.";"Codigo da natureza da receita 201";"Insumos de origem animal, utilizados na fabricação de produtos destinados à alimentação humana ou animal, classificados na NCM capítulos 2 (exceto os códigos 02.01, 02.02, 02.03, 0206.10.00, 0206.20, 0206.21, 0206.29, 0206.30.00, 0206.4, 02.07, 0210.1), 3 (exceto os produtos vivos desse capítulo), 4, 8 a 12, 15 (exceto o código 0901.1, 1502.00.1), 16 e 23 (exceto as preparações dos tipos utilizados na alimentação de animais vivos classificados nas posições 01.03 e 01.05, classificadas no código 2309.90) e nos códigos 0504.00, 0701.90.00, 0702.00.00, 0706.10.00, 07.08, 0709.90, 07.10, 07.12 a 07.14 (exceto os códigos 0713.33.19, 0713.33.29 e 0713.33.99), 1701.11.00, 1701.99.00, 1702.90.00, 18.01, 18.03, 1804.00.00, 1805.00.00, 20.09 e 2209.00.00."
02061000;suspensao;09;"Tabela 4.3.16 - Tabela Operações com Suspensão da Contribuição Social (CST 09) - Versão 1.18 - Atualizada em 28/04/2026.";"Codigo da natureza da receita 201";"Insumos de origem animal, utilizados na fabricação de produtos destinados à alimentação humana ou animal, classificados na NCM capítulos 2 (exceto os códigos 02.01, 02.02, 02.03, 0206.10.00, 0206.20, 0206.21, 0206.29, 0206.30.00, 0206.4, 02.07, 0210.1), 3 (exceto os produtos vivos desse capítulo), 4, 8 a 12, 15 (exceto o código 0901.1, 1502.00.1), 16 e 23 (exceto as preparações dos tipos utilizados na alimentação de animais vivos classificados nas posições 01.03 e 01.05, classificadas no código 2309.90) e nos códigos 0504.00, 0701.90.00, 0702.00.00, 0706.10.00, 07.08, 0709.90, 07.10, 07.12 a 07.14 (exceto os códigos 0713.33.19, 0713.33.29 e 0713.33.99), 1701.11.00, 1701.99.00, 1702.90.00, 18.01, 18.03, 1804.00.00, 1805.00.00, 20.09 e 2209.00.00."
22090000;suspensao;09;"Tabela 4.3.16 - Tabela Operações com Suspensão da Contribuição Social (CST 09) - Versão 1.18 - Atualizada em 28/04/2026.";"Codigo da natureza da receita 201";"Insumos de origem animal, utilizados na fabricação de produtos destinados à alimentação humana ou animal, classificados na NCM capítulos 2 (exceto os códigos 02.01, 02.02, 02.03, 0206.10.00, 0206.20, 0206.21, 0206.29, 0206.30.00, 0206.4, 02.07, 0210.1), 3 (exceto os produtos vivos desse capítulo), 4, 8 a 12, 15 (exceto o código 0901.1, 1502.00.1), 16 e 23 (exceto as preparações dos tipos utilizados na alimentação de animais vivos classificados nas posições 01.03 e 01.05, classificadas no código 2309.90) e nos códigos 0504.00, 0701.90.00, 0702.00.00, 0706.10.00, 07.08, 0709.90, 07.10, 07.12 a 07.14 (exceto os códigos 0713.33.19, 0713.33.29 e 0713.33.99), 1701.11.00, 1701.99.00, 1702.90.00, 18.01, 18.03, 1804.00.00, 1805.00.00, 20.09 e 2209.00.00."
02063000;suspensao;09;"Tabela 4.3.16 - Tabela Operações com Suspensão da Contribuição Social (CST 09) - Versão 1.18 - Atualizada em 28/04/2026.";"Codigo da natureza da receita 201";"Insumos de origem animal, utilizados na fabricação de produtos destinados à alimentação humana ou animal, classificados na NCM capítulos 2 (exceto os códigos 02.01, 02.02, 02.03, 0206.10.00, 0206.20, 0206.21, 0206.29, 0206.30.00, 0206.4, 02.07, 0210.1), 3 (exceto os produtos vivos desse capítulo), 4, 8 a 12, 15 (exceto o código 0901.1, 1502.00.1), 16 e 23 (exceto as preparações dos tipos utilizados na alimentação de animais vivos classificados nas posições 01.03 e 01.05, classificadas no código 2309.90) e nos códigos 0504.00, 0701.90.00, 0702.00.00, 0706.10.00, 07.08, 0709.90, 07.10, 07.12 a 07.14 (exceto os códigos 0713.33.19, 0713.33.29 e 0713.33.99), 1701.11.00, 1701.99.00, 1702.90.00, 18.01, 18.03, 1804.00.00, 1805.00.00, 20.09 e 2209.00.00."
230990;suspensao;09;"Tabela 4.3.16 - Tabela Operações com Suspensão da Contribuição Social (CST 09) - Versão 1.18 - Atualizada em 28/04/2026.";"Codigo da natureza da receita 201";"Insumos de origem animal, utilizados na fabricação de produtos destinados à alimentação humana ou animal, classificados na NCM capítulos 2 (exceto os códigos 02.01, 02.02, 02.03, 0206.10.00, 0206.20, 0206.21, 0206.29, 0206.30.00, 0206.4, 02.07, 0210.1), 3 (exceto os produtos vivos desse capítulo), 4, 8 a 12, 15 (exceto o código 0901.1, 1502.00.1), 16 e 23 (exceto as preparações dos tipos utilizados na alimentação de animais vivos classificados nas posições 01.03 e 01.05, classificadas no código 2309.90) e nos códigos 0504.00, 0701.90.00, 0702.00.00, 0706.10.00, 07.08, 0709.90, 07.10, 07.12 a 07.14 (exceto os códigos 0713.33.19, 0713.33.29 e 0713.33.99), 1701.11.00, 1701.99.00, 1702.90.00, 18.01, 18.03, 1804.00.00, 1805.00.00, 20.09 e 2209.00.00."
050400;suspensao;09;"Tabela 4.3.16 - Tabela Operações com Suspensão da Contribuição Social (CST 09) - Versão 1.18 - Atualizada em 28/04/2026.";"Codigo da natureza da receita 202";"Insumos de origem vegetal, utilizados na fabricação de produtos destinados à alimentação humana ou animal, classificados na NCM capítulos 2 (exceto os códigos 02.01, 02.02, 02.03, 0206.10.00, 0206.20, 0206.21, 0206.29, 0206.30.00, 0206.4, 02.07, 0210.1), 3 (exceto os produtos vivos desse capítulo), 4, 8 a 12 (exceto os produtos classificados nos códigos 12.01 e 1208.10.00) , 15 (exceto o código 0901.1, 1502.00.1), 16 e 23 (exceto os produtos classificados nos códigos 2304.00 e 2309.10.00, bem como as preparações dos tipos utilizados na alimentação de animais vivos classificados nas posições 01.03 e 01.05, classificadas no código 2309.90) e nos códigos 0504.00, 0701.90.00, 0702.00.00, 0706.10.00, 07.08, 0709.90, 07.10, 07.12 a 07.14 (exceto os códigos 0713.33.19, 0713.33.29 e 0713.33.99), 1701.11.00, 1701.99.00, 1702.90.00, 18.01, 18.03, 1804.00.00, 1805.00.00, 20.09 e 2209.00.00."
18050000;suspensao;09;"Tabela 4.3.16 - Tabela Operações com Suspensão da Contribuição Social (CST 09) - Versão 1.18 - Atualizada em 28/04/2026.";"Codigo da natureza da receita 202";"Insumos de origem vegetal, utilizados na fabricação de produtos destinados à alimentação humana ou animal, classificados na NCM capítulos 2 (exceto os códigos 02.01, 02.02, 02.03, 0206.10.00, 0206.20, 0206.21, 0206.29, 0206.30.00, 0206.4, 02.07, 0210.1), 3 (exceto os produtos vivos desse capítulo), 4, 8 a 12 (exceto os produtos classificados nos códigos 12.01 e 1208.10.00) , 15 (exceto o código 0901.1, 1502.00.1), 16 e 23 (exceto os produtos classificados nos códigos 2304.00 e 2309.10.00, bem como as preparações dos tipos utilizados na alimentação de animais vivos classificados nas posições 01.03 e 01.05, classificadas no código 2309.90) e nos códigos 0504.00, 0701.90.00, 0702.00.00, 0706.10.00, 07.08, 0709.90, 07.10, 07.12 a 07.14 (exceto os códigos 0713.33.19, 0713.33.29 e 0713.33.99), 1701.11.00, 1701.99.00, 1702.90.00, 18.01, 18.03, 1804.00.00, 1805.00.00, 20.09 e 2209.00.00."
0105;suspensao;09;"Tabela 4.3.16 - Tabela Operações com Suspensão da Contribuição Social (CST 09) - Versão 1.18 - Atualizada em 28/04/2026.";"Codigo da natureza da receita 202";"Insumos de origem vegetal, utilizados na fabricação de produtos destinados à alimentação humana ou animal, classificados na NCM capítulos 2 (exceto os códigos 02.01, 02.02, 02.03, 0206.10.00, 0206.20, 0206.21, 0206.29, 0206.30.00, 0206.4, 02.07, 0210.1), 3 (exceto os produtos vivos desse capítulo), 4, 8 a 12 (exceto os produtos classificados nos códigos 12.01 e 1208.10.00) , 15 (exceto o código 0901.1, 1502.00.1), 16 e 23 (exceto os produtos classificados nos códigos 2304.00 e 2309.10.00, bem como as preparações dos tipos utilizados na alimentação de animais vivos classificados nas posições 01.03 e 01.05, classificadas no código 2309.90) e nos códigos 0504.00, 0701.90.00, 0702.00.00, 0706.10.00, 07.08, 0709.90, 07.10, 07.12 a 07.14 (exceto os códigos 0713.33.19, 0713.33.29 e 0713.33.99), 1701.11.00, 1701.99.00, 1702.90.00, 18.01, 18.03, 1804.00.00, 1805.00.00, 20.09 e 2209.00.00."
230400;suspensao;09;"Tabela 4.3.16 - Tabela Operações com Suspensão da Contribuição Social (CST 09) - Versão 1.18 - Atualizada em 28/04/2026.";"Codigo da natureza da receita 202";"Insumos de origem vegetal, utilizados na fabricação de produtos destinados à alimentação humana ou animal, classificados na NCM capítulos 2 (exceto os códigos 02.01, 02.02, 02.03, 0206.10.00, 0206.20, 0206.21, 0206.29, 0206.30.00, 0206.4, 02.07, 0210.1), 3 (exceto os produtos vivos desse capítulo), 4, 8 a 12 (exceto os produtos classificados nos códigos 12.01 e 1208.10.00) , 15 (exceto o código 0901.1, 1502.00.1), 16 e 23 (exceto os produtos classificados nos códigos 2304.00 e 2309.10.00, bem como as preparações dos tipos utilizados na alimentação de animais vivos classificados nas posições 01.03 e 01.05, classificadas no código 2309.90) e nos códigos 0504.00, 0701.90.00, 0702.00.00, 0706.10.00, 07.08, 0709.90, 07.10, 07.12 a 07.14 (exceto os códigos 0713.33.19, 0713.33.29 e 0713.33.99), 1701.11.00, 1701.99.00, 1702.90.00, 18.01, 18.03, 1804.00.00, 1805.00.00, 20.09 e 2209.00.00."
020621;suspensao;09;"Tabela 4.3.16 - Tabela Operações com Suspensão da Contribuição Social (CST 09) - Versão 1.18 - Atualizada em 28/04/2026.";"Codigo da natureza da receita 202";"Insumos de origem vegetal, utilizados na fabricação de produtos destinados à alimentação humana ou animal, classificados na NCM capítulos 2 (exceto os códigos 02.01, 02.02, 02.03, 0206.10.00, 0206.20, 0206.21, 0206.29, 0206.30.00, 0206.4, 02.07, 0210.1), 3 (exceto os produtos vivos desse capítulo), 4, 8 a 12 (exceto os produtos classificados nos códigos 12.01 e 1208.10.00) , 15 (exceto o código 0901.1, 1502.00.1), 16 e 23 (exceto os produtos classificados nos códigos 2304.00 e 2309.10.00, bem como as preparações dos tipos utilizados na alimentação de animais vivos classificados nas posições 01.03 e 01.05, classificadas no código 2309.90) e nos códigos 0504.00, 0701.90.00, 0702.00.00, 0706.10.00, 07.08, 0709.90, 07.10, 07.12 a 07.14 (exceto os códigos 0713.33.19, 0713.33.29 e 0713.33.99), 1701.11.00, 1701.99.00, 1702.90.00, 18.01, 18.03, 1804.00.00, 1805.00.00, 20.09 e 2209.00.00."
07133329;suspensao;09;"Tabela 4.3.16 - Tabela Operações com Suspensão da Contribuição Social (CST 09) - Versão 1.18 - Atualizada em 28/04/2026.";"Codigo da natureza da receita 202";"Insumos de origem vegetal, utilizados na fabricação de produtos destinados à alimentação humana ou animal, classificados na NCM capítulos 2 (exceto os códigos 02.01, 02.02, 02.03, 0206.10.00, 0206.20, 0206.21, 0206.29, 0206.30.00, 0206.4, 02.07, 0210.1), 3 (exceto os produtos vivos desse capítulo), 4, 8 a 12 (exceto os produtos classificados nos códigos 12.01 e 1208.10.00) , 15 (exceto o código 0901.1, 1502.00.1), 16 e 23 (exceto os produtos classificados nos códigos 2304.00 e 2309.10.00, bem como as preparações dos tipos utilizados na alimentação de animais vivos classificados nas posições 01.03 e 01.05, classificadas no código 2309.90) e nos códigos 0504.00, 0701.90.00, 0702.00.00, 0706.10.00, 07.08, 0709.90, 07.10, 07.12 a 07.14 (exceto os códigos 0713.33.19, 0713.33.29 e 0713.33.99), 1701.11.00, 1701.99.00, 1702.90.00, 18.01, 18.03, 1804.00.00, 1805.00.00, 20.09 e 2209.00.00."
020629;suspensao;09;"Tabela 4.3.16 - Tabela Operações com Suspensão da Contribuição Social (CST 09) - Versão 1.18 - Atualizada em 28/04/2026.";"Codigo da natureza da receita 202";"Insumos de origem vegetal, utilizados na fabricação de produtos destinados à alimentação humana ou animal, classificados na NCM capítulos 2 (exceto os códigos 02.01, 02.02, 02.03, 0206.10.00, 0206.20, 0206.21, 0206.29, 0206.30.00, 0206.4, 02.07, 0210.1), 3 (exceto os produtos vivos desse capítulo), 4, 8 a 12 (exceto os produtos classificados nos códigos 12.01 e 1208.10.00) , 15 (exceto o código 0901.1, 1502.00.1), 16 e 23 (exceto os produtos classificados nos códigos 2304.00 e 2309.10.00, bem como as preparações dos tipos utilizados na alimentação de animais vivos classificados nas posições 01.03 e 01.05, classificadas no código 2309.90) e nos códigos 0504.00, 0701.90.00, 0702.00.00, 0706.10.00, 07.08, 0709.90, 07.10, 07.12 a 07.14 (exceto os códigos 0713.33.19, 0713.33.29 e 0713.33.99), 1701.11.00, 1701.99.00, 1702.90.00, 18.01, 18.03, 1804.00.00, 1805.00.00, 20.09 e 2209.00.00."
07133319;suspensao;09;"Tabela 4.3.16 - Tabela Operações com Suspensão da Contribuição Social (CST 09) - Versão 1.18 - Atualizada em 28/04/2026.";"Codigo da natureza da receita 202";"Insumos de origem vegetal, utilizados na fabricação de produtos destinados à alimentação humana ou animal, classificados na NCM capítulos 2 (exceto os códigos 02.01, 02.02, 02.03, 0206.10.00, 0206.20, 0206.21, 0206.29, 0206.30.00, 0206.4, 02.07, 0210.1), 3 (exceto os produtos vivos desse capítulo), 4, 8 a 12 (exceto os produtos classificados nos códigos 12.01 e 1208.10.00) , 15 (exceto o código 0901.1, 1502.00.1), 16 e 23 (exceto os produtos classificados nos códigos 2304.00 e 2309.10.00, bem como as preparações dos tipos utilizados na alimentação de animais vivos classificados nas posições 01.03 e 01.05, classificadas no código 2309.90) e nos códigos 0504.00, 0701.90.00, 0702.00.00, 0706.10.00, 07.08, 0709.90, 07.10, 07.12 a 07.14 (exceto os códigos 0713.33.19, 0713.33.29 e 0713.33.99), 1701.11.00, 1701.99.00, 1702.90.00, 18.01, 18.03, 1804.00.00, 1805.00.00, 20.09 e 2209.00.00."
17029000;suspensao;09;"Tabela 4.3.16 - Tabela Operações com Suspensão da Contribuição Social (CST 09) - Versão 1.18 - Atualizada em 28/04/2026.";"Codigo da natureza da receita 202";"Insumos de origem vegetal, utilizados na fabricação de produtos destinados à alimentação humana ou animal, classificados na NCM capítulos 2 (exceto os códigos 02.01, 02.02, 02.03, 0206.10.00, 0206.20, 0206.21, 0206.29, 0206.30.00, 0206.4, 02.07, 0210.1), 3 (exceto os produtos vivos desse capítulo), 4, 8 a 12 (exceto os produtos classificados nos códigos 12.01 e 1208.10.00) , 15 (exceto o código 0901.1, 1502.00.1), 16 e 23 (exceto os produtos classificados nos códigos 2304.00 e 2309.10.00, bem como as preparações dos tipos utilizados na alimentação de animais vivos classificados nas posições 01.03 e 01.05, classificadas no código 2309.90) e nos códigos 0504.00, 0701.90.00, 0702.00.00, 0706.10.00, 07.08, 0709.90, 07.10, 07.12 a 07.14 (exceto os códigos 0713.33.19, 0713.33.29 e 0713.33.99), 1701.11.00, 1701.99.00, 1702.90.00, 18.01, 18.03, 1804.00.00, 1805.00.00, 20.09 e 2209.00.00."
070990;suspensao;09;"Tabela 4.3.16 - Tabela Operações com Suspensão da Contribuição Social (CST 09) - Versão 1.18 - Atualizada em 28/04/2026.";"Codigo da natureza da receita 202";"Insumos de origem vegetal, utilizados na fabricação de produtos destinados à alimentação humana ou animal, classificados na NCM capítulos 2 (exceto os códigos 02.01, 02.02, 02.03, 0206.10.00, 0206.20, 0206.21, 0206.29, 0206.30.00, 0206.4, 02.07, 0210.1), 3 (exceto os produtos vivos desse capítulo), 4, 8 a 12 (exceto os produtos classificados nos códigos 12.01 e 1208.10.00) , 15 (exceto o código 0901.1, 1502.00.1), 16 e 23 (exceto os produtos classificados nos códigos 2304.00 e 2309.10.00, bem como as preparações dos tipos utilizados na alimentação de animais vivos classificados nas posições 01.03 e 01.05, classificadas no código 2309.90) e nos códigos 0504.00, 0701.90.00, 0702.00.00, 0706.10.00, 07.08, 0709.90, 07.10, 07.12 a 07.14 (exceto os códigos 0713.33.19, 0713.33.29 e 0713.33.99), 1701.11.00, 1701.99.00, 1702.90.00, 18.01, 18.03, 1804.00.00, 1805.00.00, 20.09 e 2209.00.00."
150200;suspensao;09;"Tabela 4.3.16 - Tabela Operações com Suspensão da Contribuição Social (CST 09) - Versão 1.18 - Atualizada em 28/04/2026.";"Codigo da natureza da receita 202";"Insumos de origem vegetal, utilizados na fabricação de produtos destinados à alimentação humana ou animal, classificados na NCM capítulos 2 (exceto os códigos 02.01, 02.02, 02.03, 0206.10.00, 0206.20, 0206.21, 0206.29, 0206.30.00, 0206.4, 02.07, 0210.1), 3 (exceto os produtos vivos desse capítulo), 4, 8 a 12 (exceto os produtos classificados nos códigos 12.01 e 1208.10.00) , 15 (exceto o código 0901.1, 1502.00.1), 16 e 23 (exceto os produtos classificados nos códigos 2304.00 e 2309.10.00, bem como as preparações dos tipos utilizados na alimentação de animais vivos classificados nas posições 01.03 e 01.05, classificadas no código 2309.90) e nos códigos 0504.00, 0701.90.00, 0702.00.00, 0706.10.00, 07.08, 0709.90, 07.10, 07.12 a 07.14 (exceto os códigos 0713.33.19, 0713.33.29 e 0713.33.99), 1701.11.00, 1701.99.00, 1702.90.00, 18.01, 18.03, 1804.00.00, 1805.00.00, 20.09 e 2209.00.00."
07061000;suspensao;09;"Tabela 4.3.16 - Tabela Operações com Suspensão da Contribuição Social (CST 09) - Versão 1.18 - Atualizada em 28/04/2026.";"Codigo da natureza da receita 202";"Insumos de origem vegetal, utilizados na fabricação de produtos destinados à alimentação humana ou animal, classificados na NCM capítulos 2 (exceto os códigos 02.01, 02.02, 02.03, 0206.10.00, 0206.20, 0206.21, 0206.29, 0206.30.00, 0206.4, 02.07, 0210.1), 3 (exceto os produtos vivos desse capítulo), 4, 8 a 12 (exceto os produtos classificados nos códigos 12.01 e 1208.10.00) , 15 (exceto o código 0901.1, 1502.00.1), 16 e 23 (exceto os produtos classificados nos códigos 2304.00 e 2309.10.00, bem como as preparações dos tipos utilizados na alimentação de animais vivos classificados nas posições 01.03 e 01.05, classificadas no código 2309.90) e nos códigos 0504.00, 0701.90.00, 0702.00.00, 0706.10.00, 07.08, 0709.90, 07.10, 07.12 a 07.14 (exceto os códigos 0713.33.19, 0713.33.29 e 0713.33.99), 1701.11.00, 1701.99.00, 1702.90.00, 18.01, 18.03, 1804.00.00, 1805.00.00, 20.09 e 2209.00.00."
07133399;suspensao;09;"Tabela 4.3.16 - Tabela Operações com Suspensão da Contribuição Social (CST 09) - Versão 1.18 - Atualizada em 28/04/2026.";"Codigo da natureza da receita 202";"Insumos de origem vegetal, utilizados na fabricação de produtos destinados à alimentação humana ou animal, classificados na NCM capítulos 2 (exceto os códigos 02.01, 02.02, 02.03, 0206.10.00, 0206.20, 0206.21, 0206.29, 0206.30.00, 0206.4, 02.07, 0210.1), 3 (exceto os produtos vivos desse capítulo), 4, 8 a 12 (exceto os produtos classificados nos códigos 12.01 e 1208.10.00) , 15 (exceto o código 0901.1, 1502.00.1), 16 e 23 (exceto os produtos classificados nos códigos 2304.00 e 2309.10.00, bem como as preparações dos tipos utilizados na alimentação de animais vivos classificados nas posições 01.03 e 01.05, classificadas no código 2309.90) e nos códigos 0504.00, 0701.90.00, 0702.00.00, 0706.10.00, 07.08, 0709.90, 07.10, 07.12 a 07.14 (exceto os códigos 0713.33.19, 0713.33.29 e 0713.33.99), 1701.11.00, 1701.99.00, 1702.90.00, 18.01, 18.03, 1804.00.00, 1805.00.00, 20.09 e 2209.00.00."
020620;suspensao;09;"Tabela 4.3.16 - Tabela Operações com Suspensão da Contribuição Social (CST 09) - Versão 1.18 - Atualizada em 28/04/2026.";"Codigo da natureza da receita 202";"Insumos de origem vegetal, utilizados na fabricação de produtos destinados à alimentação humana ou animal, classificados na NCM capítulos 2 (exceto os códigos 02.01, 02.02, 02.03, 0206.10.00, 0206.20, 0206.21, 0206.29, 0206.30.00, 0206.4, 02.07, 0210.1), 3 (exceto os produtos vivos desse capítulo), 4, 8 a 12 (exceto os produtos classificados nos códigos 12.01 e 1208.10.00) , 15 (exceto o código 0901.1, 1502.00.1), 16 e 23 (exceto os produtos classificados nos códigos 2304.00 e 2309.10.00, bem como as preparações dos tipos utilizados na alimentação de animais vivos classificados nas posições 01.03 e 01.05, classificadas no código 2309.90) e nos códigos 0504.00, 0701.90.00, 0702.00.00, 0706.10.00, 07.08, 0709.90, 07.10, 07.12 a 07.14 (exceto os códigos 0713.33.19, 0713.33.29 e 0713.33.99), 1701.11.00, 1701.99.00, 1702.90.00, 18.01, 18.03, 1804.00.00, 1805.00.00, 20.09 e 2209.00.00."
18040000;suspensao;09;"Tabela 4.3.16 - Tabela Operações com Suspensão da Contribuição Social (CST 09) - Versão 1.18 - Atualizada em 28/04/2026.";"Codigo da natureza da receita 202";"Insumos de origem vegetal, utilizados na fabricação de produtos destinados à alimentação humana ou animal, classificados na NCM capítulos 2 (exceto os códigos 02.01, 02.02, 02.03, 0206.10.00, 0206.20, 0206.21, 0206.29, 0206.30.00, 0206.4, 02.07, 0210.1), 3 (exceto os produtos vivos desse capítulo), 4, 8 a 12 (exceto os produtos classificados nos códigos 12.01 e 1208.10.00) , 15 (exceto o código 0901.1, 1502.00.1), 16 e 23 (exceto os produtos classificados nos códigos 2304.00 e 2309.10.00, bem como as preparações dos tipos utilizados na alimentação de animais vivos classificados nas posições 01.03 e 01.05, classificadas no código 2309.90) e nos códigos 0504.00, 0701.90.00, 0702.00.00, 0706.10.00, 07.08, 0709.90, 07.10, 07.12 a 07.14 (exceto os códigos 0713.33.19, 0713.33.29 e 0713.33.99), 1701.11.00, 1701.99.00, 1702.90.00, 18.01, 18.03, 1804.00.00, 1805.00.00, 20.09 e 2209.00.00."
07019000;suspensao;09;"Tabela 4.3.16 - Tabela Operações com Suspensão da Contribuição Social (CST 09) - Versão 1.18 - Atualizada em 28/04/2026.";"Codigo da natureza da receita 202";"Insumos de origem vegetal, utilizados na fabricação de produtos destinados à alimentação humana ou animal, classificados na NCM capítulos 2 (exceto os códigos 02.01, 02.02, 02.03, 0206.10.00, 0206.20, 0206.21, 0206.29, 0206.30.00, 0206.4, 02.07, 0210.1), 3 (exceto os produtos vivos desse capítulo), 4, 8 a 12 (exceto os produtos classificados nos códigos 12.01 e 1208.10.00) , 15 (exceto o código 0901.1, 1502.00.1), 16 e 23 (exceto os produtos classificados nos códigos 2304.00 e 2309.10.00, bem como as preparações dos tipos utilizados na alimentação de animais vivos classificados nas posições 01.03 e 01.05, classificadas no código 2309.90) e nos códigos 0504.00, 0701.90.00, 0702.00.00, 0706.10.00, 07.08, 0709.90, 07.10, 07.12 a 07.14 (exceto os códigos 0713.33.19, 0713.33.29 e 0713.33.99), 1701.11.00, 1701.99.00, 1702.90.00, 18.01, 18.03, 1804.00.00, 1805.00.00, 20.09 e 2209.00.00."
17011100;suspensao;09;"Tabela 4.3.16 - Tabela Operações com Suspensão da Contribuição Social (CST 09) - Versão 1.18 - Atualizada em 28/04/2026.";"Codigo da natureza da receita 202";"Insumos de origem vegetal, utilizados na fabricação de produtos destinados à alimentação humana ou animal, classificados na NCM capítulos 2 (exceto os códigos 02.01, 02.02, 02.03, 0206.10.00, 0206.20, 0206.21, 0206.29, 0206.30.00, 0206.4, 02.07, 0210.1), 3 (exceto os produtos vivos desse capítulo), 4, 8 a 12 (exceto os produtos classificados nos códigos 12.01 e 1208.10.00) , 15 (exceto o código 0901.1, 1502.00.1), 16 e 23 (exceto os produtos classificados nos códigos 2304.00 e 2309.10.00, bem como as preparações dos tipos utilizados na alimentação de animais vivos classificados nas posições 01.03 e 01.05, classificadas no código 2309.90) e nos códigos 0504.00, 0701.90.00, 0702.00.00, 0706.10.00, 07.08, 0709.90, 07.10, 07.12 a 07.14 (exceto os códigos 0713.33.19, 0713.33.29 e 0713.33.99), 1701.11.00, 1701.99.00, 1702.90.00, 18.01, 18.03, 1804.00.00, 1805.00.00, 20.09 e 2209.00.00."
17019900;suspensao;09;"Tabela 4.3.16 - Tabela Operações com Suspensão da Contribuição Social (CST 09) - Versão 1.18 - Atualizada em 28/04/2026.";"Codigo da natureza da receita 202";"Insumos de origem vegetal, utilizados na fabricação de produtos destinados à alimentação humana ou animal, classificados na NCM capítulos 2 (exceto os códigos 02.01, 02.02, 02.03, 0206.10.00, 0206.20, 0206.21, 0206.29, 0206.30.00, 0206.4, 02.07, 0210.1), 3 (exceto os produtos vivos desse capítulo), 4, 8 a 12 (exceto os produtos classificados nos códigos 12.01 e 1208.10.00) , 15 (exceto o código 0901.1, 1502.00.1), 16 e 23 (exceto os produtos classificados nos códigos 2304.00 e 2309.10.00, bem como as preparações dos tipos utilizados na alimentação de animais vivos classificados nas posições 01.03 e 01.05, classificadas no código 2309.90) e nos códigos 0504.00, 0701.90.00, 0702.00.00, 0706.10.00, 07.08, 0709.90, 07.10, 07.12 a 07.14 (exceto os códigos 0713.33.19, 0713.33.29 e 0713.33.99), 1701.11.00, 1701.99.00, 1702.90.00, 18.01, 18.03, 1804.00.00, 1805.00.00, 20.09 e 2209.00.00."
0103;suspensao;09;"Tabela 4.3.16 - Tabela Operações com Suspensão da Contribuição Social (CST 09) - Versão 1.18 - Atualizada em 28/04/2026.";"Codigo da natureza da receita 202";"Insumos de origem vegetal, utilizados na fabricação de produtos destinados à alimentação humana ou animal, classificados na NCM capítulos 2 (exceto os códigos 02.01, 02.02, 02.03, 0206.10.00, 0206.20, 0206.21, 0206.29, 0206.30.00, 0206.4, 02.07, 0210.1), 3 (exceto os produtos vivos desse capítulo), 4, 8 a 12 (exceto os produtos classificados nos códigos 12.01 e 1208.10.00) , 15 (exceto o código 0901.1, 1502.00.1), 16 e 23 (exceto os produtos classificados nos códigos 2304.00 e 2309.10.00, bem como as preparações dos tipos utilizados na alimentação de animais vivos classificados nas posições 01.03 e 01.05, classificadas no código 2309.90) e nos códigos 0504.00, 0701.90.00, 0702.00.00, 0706.10.00, 07.08, 0709.90, 07.10, 07.12 a 07.14 (exceto os códigos 0713.33.19, 0713.33.29 e 0713.33.99), 1701.11.00, 1701.99.00, 1702.90.00, 18.01, 18.03, 1804.00.00, 1805.00.00, 20.09 e 2209.00.00."
12081000;suspensao;09;"Tabela 4.3.16 - Tabela Operações com Suspensão da Contribuição Social (CST 09) - Versão 1.18 - Atualizada em 28/04/2026.";"Codigo da natureza da receita 202";"Insumos de origem vegetal, utilizados na fabricação de produtos destinados à alimentação humana ou animal, classificados na NCM capítulos 2 (exceto os códigos 02.01, 02.02, 02.03, 0206.10.00, 0206.20, 0206.21, 0206.29, 0206.30.00, 0206.4, 02.07, 0210.1), 3 (exceto os produtos vivos desse capítulo), 4, 8 a 12 (exceto os produtos classificados nos códigos 12.01 e 1208.10.00) , 15 (exceto o código 0901.1, 1502.00.1), 16 e 23 (exceto os produtos classificados nos códigos 2304.00 e 2309.10.00, bem como as preparações dos tipos utilizados na alimentação de animais vivos classificados nas posições 01.03 e 01.05, classificadas no código 2309.90) e nos códigos 0504.00, 0701.90.00, 0702.00.00, 0706.10.00, 07.08, 0709.90, 07.10, 07.12 a 07.14 (exceto os códigos 0713.33.19, 0713.33.29 e 0713.33.99), 1701.11.00, 1701.99.00, 1702.90.00, 18.01, 18.03, 1804.00.00, 1805.00.00, 20.09 e 2209.00.00."
02061000;suspensao;09;"Tabela 4.3.16 - Tabela Operações com Suspensão da Contribuição Social (CST 09) - Versão 1.18 - Atualizada em 28/04/2026.";"Codigo da natureza da receita 202";"Insumos de origem vegetal, utilizados na fabricação de produtos destinados à alimentação humana ou animal, classificados na NCM capítulos 2 (exceto os códigos 02.01, 02.02, 02.03, 0206.10.00, 0206.20, 0206.21, 0206.29, 0206.30.00, 0206.4, 02.07, 0210.1), 3 (exceto os produtos vivos desse capítulo), 4, 8 a 12 (exceto os produtos classificados nos códigos 12.01 e 1208.10.00) , 15 (exceto o código 0901.1, 1502.00.1), 16 e 23 (exceto os produtos classificados nos códigos 2304.00 e 2309.10.00, bem como as preparações dos tipos utilizados na alimentação de animais vivos classificados nas posições 01.03 e 01.05, classificadas no código 2309.90) e nos códigos 0504.00, 0701.90.00, 0702.00.00, 0706.10.00, 07.08, 0709.90, 07.10, 07.12 a 07.14 (exceto os códigos 0713.33.19, 0713.33.29 e 0713.33.99), 1701.11.00, 1701.99.00, 1702.90.00, 18.01, 18.03, 1804.00.00, 1805.00.00, 20.09 e 2209.00.00."
22090000;suspensao;09;"Tabela 4.3.16 - Tabela Operações com Suspensão da Contribuição Social (CST 09) - Versão 1.18 - Atualizada em 28/04/2026.";"Codigo da natureza da receita 202";"Insumos de origem vegetal, utilizados na fabricação de produtos destinados à alimentação humana ou animal, classificados na NCM capítulos 2 (exceto os códigos 02.01, 02.02, 02.03, 0206.10.00, 0206.20, 0206.21, 0206.29, 0206.30.00, 0206.4, 02.07, 0210.1), 3 (exceto os produtos vivos desse capítulo), 4, 8 a 12 (exceto os produtos classificados nos códigos 12.01 e 1208.10.00) , 15 (exceto o código 0901.1, 1502.00.1), 16 e 23 (exceto os produtos classificados nos códigos 2304.00 e 2309.10.00, bem como as preparações dos tipos utilizados na alimentação de animais vivos classificados nas posições 01.03 e 01.05, classificadas no código 2309.90) e nos códigos 0504.00, 0701.90.00, 0702.00.00, 0706.10.00, 07.08, 0709.90, 07.10, 07.12 a 07.14 (exceto os códigos 0713.33.19, 0713.33.29 e 0713.33.99), 1701.11.00, 1701.99.00, 1702.90.00, 18.01, 18.03, 1804.00.00, 1805.00.00, 20.09 e 2209.00.00."
07020000;suspensao;09;"Tabela 4.3.16 - Tabela Operações com Suspensão da Contribuição Social (CST 09) - Versão 1.18 - Atualizada em 28/04/2026.";"Codigo da natureza da receita 202";"Insumos de origem vegetal, utilizados na fabricação de produtos destinados à alimentação humana ou animal, classificados na NCM capítulos 2 (exceto os códigos 02.01, 02.02, 02.03, 0206.10.00, 0206.20, 0206.21, 0206.29, 0206.30.00, 0206.4, 02.07, 0210.1), 3 (exceto os produtos vivos desse capítulo), 4, 8 a 12 (exceto os produtos classificados nos códigos 12.01 e 1208.10.00) , 15 (exceto o código 0901.1, 1502.00.1), 16 e 23 (exceto os produtos classificados nos códigos 2304.00 e 2309.10.00, bem como as preparações dos tipos utilizados na alimentação de animais vivos classificados nas posições 01.03 e 01.05, classificadas no código 2309.90) e nos códigos 0504.00, 0701.90.00, 0702.00.00, 0706.10.00, 07.08, 0709.90, 07.10, 07.12 a 07.14 (exceto os códigos 0713.33.19, 0713.33.29 e 0713.33.99), 1701.11.00, 1701.99.00, 1702.90.00, 18.01, 18.03, 1804.00.00, 1805.00.00, 20.09 e 2209.00.00."
23091000;suspensao;09;"Tabela 4.3.16 - Tabela Operações com Suspensão da Contribuição Social (CST 09) - Versão 1.18 - Atualizada em 28/04/2026.";"Codigo da natureza da receita 202";"Insumos de origem vegetal, utilizados na fabricação de produtos destinados à alimentação humana ou animal, classificados na NCM capítulos 2 (exceto os códigos 02.01, 02.02, 02.03, 0206.10.00, 0206.20, 0206.21, 0206.29, 0206.30.00, 0206.4, 02.07, 0210.1), 3 (exceto os produtos vivos desse capítulo), 4, 8 a 12 (exceto os produtos classificados nos códigos 12.01 e 1208.10.00) , 15 (exceto o código 0901.1, 1502.00.1), 16 e 23 (exceto os produtos classificados nos códigos 2304.00 e 2309.10.00, bem como as preparações dos tipos utilizados na alimentação de animais vivos classificados nas posições 01.03 e 01.05, classificadas no código 2309.90) e nos códigos 0504.00, 0701.90.00, 0702.00.00, 0706.10.00, 07.08, 0709.90, 07.10, 07.12 a 07.14 (exceto os códigos 0713.33.19, 0713.33.29 e 0713.33.99), 1701.11.00, 1701.99.00, 1702.90.00, 18.01, 18.03, 1804.00.00, 1805.00.00, 20.09 e 2209.00.00."
02063000;suspensao;09;"Tabela 4.3.16 - Tabela Operações com Suspensão da Contribuição Social (CST 09) - Versão 1.18 - Atualizada em 28/04/2026.";"Codigo da natureza da receita 202";"Insumos de origem vegetal, utilizados na fabricação de produtos destinados à alimentação humana ou animal, classificados na NCM capítulos 2 (exceto os códigos 02.01, 02.02, 02.03, 0206.10.00, 0206.20, 0206.21, 0206.29, 0206.30.00, 0206.4, 02.07, 0210.1), 3 (exceto os produtos vivos desse capítulo), 4, 8 a 12 (exceto os produtos classificados nos códigos 12.01 e 1208.10.00) , 15 (exceto o código 0901.1, 1502.00.1), 16 e 23 (exceto os produtos classificados nos códigos 2304.00 e 2309.10.00, bem como as preparações dos tipos utilizados na alimentação de animais vivos classificados nas posições 01.03 e 01.05, classificadas no código 2309.90) e nos códigos 0504.00, 0701.90.00, 0702.00.00, 0706.10.00, 07.08, 0709.90, 07.10, 07.12 a 07.14 (exceto os códigos 0713.33.19, 0713.33.29 e 0713.33.99), 1701.11.00, 1701.99.00, 1702.90.00, 18.01, 18.03, 1804.00.00, 1805.00.00, 20.09 e 2209.00.00."
230990;suspensao;09;"Tabela 4.3.16 - Tabela Operações com Suspensão da Contribuição Social (CST 09) - Versão 1.18 - Atualizada em 28/04/2026.";"Codigo da natureza da receita 202";"Insumos de origem vegetal, utilizados na fabricação de produtos destinados à alimentação humana ou animal, classificados na NCM capítulos 2 (exceto os códigos 02.01, 02.02, 02.03, 0206.10.00, 0206.20, 0206.21, 0206.29, 0206.30.00, 0206.4, 02.07, 0210.1), 3 (exceto os produtos vivos desse capítulo), 4, 8 a 12 (exceto os produtos classificados nos códigos 12.01 e 1208.10.00) , 15 (exceto o código 0901.1, 1502.00.1), 16 e 23 (exceto os produtos classificados nos códigos 2304.00 e 2309.10.00, bem como as preparações dos tipos utilizados na alimentação de animais vivos classificados nas posições 01.03 e 01.05, classificadas no código 2309.90) e nos códigos 0504.00, 0701.90.00, 0702.00.00, 0706.10.00, 07.08, 0709.90, 07.10, 07.12 a 07.14 (exceto os códigos 0713.33.19, 0713.33.29 e 0713.33.99), 1701.11.00, 1701.99.00, 1702.90.00, 18.01, 18.03, 1804.00.00, 1805.00.00, 20.09 e 2209.00.00."
100620;suspensao;09;"Tabela 4.3.16 - Tabela Operações com Suspensão da Contribuição Social (CST 09) - Versão 1.18 - Atualizada em 28/04/2026.";"Codigo da natureza da receita 204";"Venda de cerealista que exerça cumulativamente as atividades de limpar, padronizar, armazenar e comercializar os produtos in natura de origem vegetal, classificados nos códigos 09.01, 10.01 a 10.08, (exceto os dos códigos 1006.20 e 1006.30, 12.01 e 18.01) da NCM."
100630;suspensao;09;"Tabela 4.3.16 - Tabela Operações com Suspensão da Contribuição Social (CST 09) - Versão 1.18 - Atualizada em 28/04/2026.";"Codigo da natureza da receita 204";"Venda de cerealista que exerça cumulativamente as atividades de limpar, padronizar, armazenar e comercializar os produtos in natura de origem vegetal, classificados nos códigos 09.01, 10.01 a 10.08, (exceto os dos códigos 1006.20 e 1006.30, 12.01 e 18.01) da NCM."
02061000;suspensao;09;"Tabela 4.3.16 - Tabela Operações com Suspensão da Contribuição Social (CST 09) - Versão 1.18 - Atualizada em 28/04/2026.";"Codigo da natureza da receita 207";"Venda de animais vivos classificados nas posições 01.02 e 01.04 à pessoa jurídica que produza mercadorias classificadas nos códigos 02.01, 02.02, 02.04 , 0206.10.00, 0206.20, 0206.21, 0206.29, 0206.80.00, 0210.20.00, 0506.90.00, 0510.00.10 e 1502.00.1 da NCM"
150200;suspensao;09;"Tabela 4.3.16 - Tabela Operações com Suspensão da Contribuição Social (CST 09) - Versão 1.18 - Atualizada em 28/04/2026.";"Codigo da natureza da receita 207";"Venda de animais vivos classificados nas posições 01.02 e 01.04 à pessoa jurídica que produza mercadorias classificadas nos códigos 02.01, 02.02, 02.04 , 0206.10.00, 0206.20, 0206.21, 0206.29, 0206.80.00, 0210.20.00, 0506.90.00, 0510.00.10 e 1502.00.1 da NCM"
020629;suspensao;09;"Tabela 4.3.16 - Tabela Operações com Suspensão da Contribuição Social (CST 09) - Versão 1.18 - Atualizada em 28/04/2026.";"Codigo da natureza da receita 207";"Venda de animais vivos classificados nas posições 01.02 e 01.04 à pessoa jurídica que produza mercadorias classificadas nos códigos 02.01, 02.02, 02.04 , 0206.10.00, 0206.20, 0206.21, 0206.29, 0206.80.00, 0210.20.00, 0506.90.00, 0510.00.10 e 1502.00.1 da NCM"
020620;suspensao;09;"Tabela 4.3.16 - Tabela Operações com Suspensão da Contribuição Social (CST 09) - Versão 1.18 - Atualizada em 28/04/2026.";"Codigo da natureza da receita 207";"Venda de animais vivos classificados nas posições 01.02 e 01.04 à pessoa jurídica que produza mercadorias classificadas nos códigos 02.01, 02.02, 02.04 , 0206.10.00, 0206.20, 0206.21, 0206.29, 0206.80.00, 0210.20.00, 0506.90.00, 0510.00.10 e 1502.00.1 da NCM"
05100010;suspensao;09;"Tabela 4.3.16 - Tabela Operações com Suspensão da Contribuição Social (CST 09) - Versão 1.18 - Atualizada em 28/04/2026.";"Codigo da natureza da receita 207";"Venda de animais vivos classificados nas posições 01.02 e 01.04 à pessoa jurídica que produza mercadorias classificadas nos códigos 02.01, 02.02, 02.04 , 0206.10.00, 0206.20, 0206.21, 0206.29, 0206.80.00, 0210.20.00, 0506.90.00, 0510.00.10 e 1502.00.1 da NCM"
0102;suspensao;09;"Tabela 4.3.16 - Tabela Operações com Suspensão da Contribuição Social (CST 09) - Versão 1.18 - Atualizada em 28/04/2026.";"Codigo da natureza da receita 207";"Venda de animais vivos classificados nas posições 01.02 e 01.04 à pessoa jurídica que produza mercadorias classificadas nos códigos 02.01, 02.02, 02.04 , 0206.10.00, 0206.20, 0206.21, 0206.29, 0206.80.00, 0210.20.00, 0506.90.00, 0510.00.10 e 1502.00.1 da NCM"
0104;suspensao;09;"Tabela 4.3.16 - Tabela Operações com Suspensão da Contribuição Social (CST 09) - Versão 1.18 - Atualizada em 28/04/2026.";"Codigo da natureza da receita 207";"Venda de animais vivos classificados nas posições 01.02 e 01.04 à pessoa jurídica que produza mercadorias classificadas nos códigos 02.01, 02.02, 02.04 , 0206.10.00, 0206.20, 0206.21, 0206.29, 0206.80.00, 0210.20.00, 0506.90.00, 0510.00.10 e 1502.00.1 da NCM"
02068000;suspensao;09;"Tabela 4.3.16 - Tabela Operações com Suspensão da Contribuição Social (CST 09) - Versão 1.18 - Atualizada em 28/04/2026.";"Codigo da natureza da receita 207";"Venda de animais vivos classificados nas posições 01.02 e 01.04 à pessoa jurídica que produza mercadorias classificadas nos códigos 02.01, 02.02, 02.04 , 0206.10.00, 0206.20, 0206.21, 0206.29, 0206.80.00, 0210.20.00, 0506.90.00, 0510.00.10 e 1502.00.1 da NCM"
020621;suspensao;09;"Tabela 4.3.16 - Tabela Operações com Suspensão da Contribuição Social (CST 09) - Versão 1.18 - Atualizada em 28/04/2026.";"Codigo da natureza da receita 207";"Venda de animais vivos classificados nas posições 01.02 e 01.04 à pessoa jurídica que produza mercadorias classificadas nos códigos 02.01, 02.02, 02.04 , 0206.10.00, 0206.20, 0206.21, 0206.29, 0206.80.00, 0210.20.00, 0506.90.00, 0510.00.10 e 1502.00.1 da NCM"
05069000;suspensao;09;"Tabela 4.3.16 - Tabela Operações com Suspensão da Contribuição Social (CST 09) - Versão 1.18 - Atualizada em 28/04/2026.";"Codigo da natureza da receita 207";"Venda de animais vivos classificados nas posições 01.02 e 01.04 à pessoa jurídica que produza mercadorias classificadas nos códigos 02.01, 02.02, 02.04 , 0206.10.00, 0206.20, 0206.21, 0206.29, 0206.80.00, 0210.20.00, 0506.90.00, 0510.00.10 e 1502.00.1 da NCM"
02102000;suspensao;09;"Tabela 4.3.16 - Tabela Operações com Suspensão da Contribuição Social (CST 09) - Versão 1.18 - Atualizada em 28/04/2026.";"Codigo da natureza da receita 207";"Venda de animais vivos classificados nas posições 01.02 e 01.04 à pessoa jurídica que produza mercadorias classificadas nos códigos 02.01, 02.02, 02.04 , 0206.10.00, 0206.20, 0206.21, 0206.29, 0206.80.00, 0210.20.00, 0506.90.00, 0510.00.10 e 1502.00.1 da NCM"
100620;suspensao;09;"Tabela 4.3.16 - Tabela Operações com Suspensão da Contribuição Social (CST 09) - Versão 1.18 - Atualizada em 28/04/2026.";"Codigo da natureza da receita 209";"Receita bruta da venda, no mercado interno, de: I – insumos de origem vegetal, classificados nas posições 10.01 a 10.08, exceto os dos códigos 1006.20 e 1006.30, e nas posições 12.01, 23.04 e 23.06 da Nomenclatura Comum do Mercosul ( NCM), quando efetuada por pessoa jurídica, inclusive cooperativa, vendidos: a) para pessoas jurídicas que produzam mercadorias classificadas nos códigos 02.03, 0206.30.00, 0206.4, 02.07 e 0210.1 da NCM; b) para pessoas jurídicas que produzam preparações dos tipos utilizados na alimentação de animais vivos classificados nas posições 01.03 e 01.05, classificadas no código 2309.90 da NCM; e c) para pessoas físicas; II – preparações dos tipos utilizados na alimentação de animais vivos classificados nas posições 01.03 e 01.05, classificadas no código 2309.90 da NCM; III – animais vivos classificados nas posições 01.03 e 01.05 da NCM, quando efetuada por pessoa jurídica, inclusive cooperativa, vendidos para pessoas jurídicas que produzam mercadorias classificadas nos códigos 02.03, 0206.30.00, 0206.4, 02.07 e 0210.1 da NCM; IV – produtos classificados nos códigos 02.03, 0206.30.00, 0206.4, 02.07, 0210.1 e carne de frango classificada no código 0210.99.00 da NCM, quando efetuada por pessoa jurídica que revenda tais produtos, ou que industrialize bens e produtos classificados nas posições 01.03 e 01.05 da NCM"
1001;suspensao;09;"Tabela 4.3.16 - Tabela Operações com Suspensão da Contribuição Social (CST 09) - Versão 1.18 - Atualizada em 28/04/2026.";"Codigo da natureza da receita 209";"Receita bruta da venda, no mercado interno, de: I – insumos de origem vegetal, classificados nas posições 10.01 a 10.08, exceto os dos códigos 1006.20 e 1006.30, e nas posições 12.01, 23.04 e 23.06 da Nomenclatura Comum do Mercosul ( NCM), quando efetuada por pessoa jurídica, inclusive cooperativa, vendidos: a) para pessoas jurídicas que produzam mercadorias classificadas nos códigos 02.03, 0206.30.00, 0206.4, 02.07 e 0210.1 da NCM; b) para pessoas jurídicas que produzam preparações dos tipos utilizados na alimentação de animais vivos classificados nas posições 01.03 e 01.05, classificadas no código 2309.90 da NCM; e c) para pessoas físicas; II – preparações dos tipos utilizados na alimentação de animais vivos classificados nas posições 01.03 e 01.05, classificadas no código 2309.90 da NCM; III – animais vivos classificados nas posições 01.03 e 01.05 da NCM, quando efetuada por pessoa jurídica, inclusive cooperativa, vendidos para pessoas jurídicas que produzam mercadorias classificadas nos códigos 02.03, 0206.30.00, 0206.4, 02.07 e 0210.1 da NCM; IV – produtos classificados nos códigos 02.03, 0206.30.00, 0206.4, 02.07, 0210.1 e carne de frango classificada no código 0210.99.00 da NCM, quando efetuada por pessoa jurídica que revenda tais produtos, ou que industrialize bens e produtos classificados nas posições 01.03 e 01.05 da NCM"
0103;suspensao;09;"Tabela 4.3.16 - Tabela Operações com Suspensão da Contribuição Social (CST 09) - Versão 1.18 - Atualizada em 28/04/2026.";"Codigo da natureza da receita 209";"Receita bruta da venda, no mercado interno, de: I – insumos de origem vegetal, classificados nas posições 10.01 a 10.08, exceto os dos códigos 1006.20 e 1006.30, e nas posições 12.01, 23.04 e 23.06 da Nomenclatura Comum do Mercosul ( NCM), quando efetuada por pessoa jurídica, inclusive cooperativa, vendidos: a) para pessoas jurídicas que produzam mercadorias classificadas nos códigos 02.03, 0206.30.00, 0206.4, 02.07 e 0210.1 da NCM; b) para pessoas jurídicas que produzam preparações dos tipos utilizados na alimentação de animais vivos classificados nas posições 01.03 e 01.05, classificadas no código 2309.90 da NCM; e c) para pessoas físicas; II – preparações dos tipos utilizados na alimentação de animais vivos classificados nas posições 01.03 e 01.05, classificadas no código 2309.90 da NCM; III – animais vivos classificados nas posições 01.03 e 01.05 da NCM, quando efetuada por pessoa jurídica, inclusive cooperativa, vendidos para pessoas jurídicas que produzam mercadorias classificadas nos códigos 02.03, 0206.30.00, 0206.4, 02.07 e 0210.1 da NCM; IV – produtos classificados nos códigos 02.03, 0206.30.00, 0206.4, 02.07, 0210.1 e carne de frango classificada no código 0210.99.00 da NCM, quando efetuada por pessoa jurídica que revenda tais produtos, ou que industrialize bens e produtos classificados nas posições 01.03 e 01.05 da NCM"
1201;suspensao;09;"Tabela 4.3.16 - Tabela Operações com Suspensão da Contribuição Social (CST 09) - Versão 1.18 - Atualizada em 28/04/2026.";"Codigo da natureza da receita 209";"Receita bruta da venda, no mercado interno, de: I – insumos de origem vegetal, classificados nas posições 10.01 a 10.08, exceto os dos códigos 1006.20 e 1006.30, e nas posições 12.01, 23.04 e 23.06 da Nomenclatura Comum do Mercosul ( NCM), quando efetuada por pessoa jurídica, inclusive cooperativa, vendidos: a) para pessoas jurídicas que produzam mercadorias classificadas nos códigos 02.03, 0206.30.00, 0206.4, 02.07 e 0210.1 da NCM; b) para pessoas jurídicas que produzam preparações dos tipos utilizados na alimentação de animais vivos classificados nas posições 01.03 e 01.05, classificadas no código 2309.90 da NCM; e c) para pessoas físicas; II – preparações dos tipos utilizados na alimentação de animais vivos classificados nas posições 01.03 e 01.05, classificadas no código 2309.90 da NCM; III – animais vivos classificados nas posições 01.03 e 01.05 da NCM, quando efetuada por pessoa jurídica, inclusive cooperativa, vendidos para pessoas jurídicas que produzam mercadorias classificadas nos códigos 02.03, 0206.30.00, 0206.4, 02.07 e 0210.1 da NCM; IV – produtos classificados nos códigos 02.03, 0206.30.00, 0206.4, 02.07, 0210.1 e carne de frango classificada no código 0210.99.00 da NCM, quando efetuada por pessoa jurídica que revenda tais produtos, ou que industrialize bens e produtos classificados nas posições 01.03 e 01.05 da NCM"
2304;suspensao;09;"Tabela 4.3.16 - Tabela Operações com Suspensão da Contribuição Social (CST 09) - Versão 1.18 - Atualizada em 28/04/2026.";"Codigo da natureza da receita 209";"Receita bruta da venda, no mercado interno, de: I – insumos de origem vegetal, classificados nas posições 10.01 a 10.08, exceto os dos códigos 1006.20 e 1006.30, e nas posições 12.01, 23.04 e 23.06 da Nomenclatura Comum do Mercosul ( NCM), quando efetuada por pessoa jurídica, inclusive cooperativa, vendidos: a) para pessoas jurídicas que produzam mercadorias classificadas nos códigos 02.03, 0206.30.00, 0206.4, 02.07 e 0210.1 da NCM; b) para pessoas jurídicas que produzam preparações dos tipos utilizados na alimentação de animais vivos classificados nas posições 01.03 e 01.05, classificadas no código 2309.90 da NCM; e c) para pessoas físicas; II – preparações dos tipos utilizados na alimentação de animais vivos classificados nas posições 01.03 e 01.05, classificadas no código 2309.90 da NCM; III – animais vivos classificados nas posições 01.03 e 01.05 da NCM, quando efetuada por pessoa jurídica, inclusive cooperativa, vendidos para pessoas jurídicas que produzam mercadorias classificadas nos códigos 02.03, 0206.30.00, 0206.4, 02.07 e 0210.1 da NCM; IV – produtos classificados nos códigos 02.03, 0206.30.00, 0206.4, 02.07, 0210.1 e carne de frango classificada no código 0210.99.00 da NCM, quando efetuada por pessoa jurídica que revenda tais produtos, ou que industrialize bens e produtos classificados nas posições 01.03 e 01.05 da NCM"
230990;suspensao;09;"Tabela 4.3.16 - Tabela Operações com Suspensão da Contribuição Social (CST 09) - Versão 1.18 - Atualizada em 28/04/2026.";"Codigo da natureza da receita 209";"Receita bruta da venda, no mercado interno, de: I – insumos de origem vegetal, classificados nas posições 10.01 a 10.08, exceto os dos códigos 1006.20 e 1006.30, e nas posições 12.01, 23.04 e 23.06 da Nomenclatura Comum do Mercosul ( NCM), quando efetuada por pessoa jurídica, inclusive cooperativa, vendidos: a) para pessoas jurídicas que produzam mercadorias classificadas nos códigos 02.03, 0206.30.00, 0206.4, 02.07 e 0210.1 da NCM; b) para pessoas jurídicas que produzam preparações dos tipos utilizados na alimentação de animais vivos classificados nas posições 01.03 e 01.05, classificadas no código 2309.90 da NCM; e c) para pessoas físicas; II – preparações dos tipos utilizados na alimentação de animais vivos classificados nas posições 01.03 e 01.05, classificadas no código 2309.90 da NCM; III – animais vivos classificados nas posições 01.03 e 01.05 da NCM, quando efetuada por pessoa jurídica, inclusive cooperativa, vendidos para pessoas jurídicas que produzam mercadorias classificadas nos códigos 02.03, 0206.30.00, 0206.4, 02.07 e 0210.1 da NCM; IV – produtos classificados nos códigos 02.03, 0206.30.00, 0206.4, 02.07, 0210.1 e carne de frango classificada no código 0210.99.00 da NCM, quando efetuada por pessoa jurídica que revenda tais produtos, ou que industrialize bens e produtos classificados nas posições 01.03 e 01.05 da NCM"
2306;suspensao;09;"Tabela 4.3.16 - Tabela Operações com Suspensão da Contribuição Social (CST 09) - Versão 1.18 - Atualizada em 28/04/2026.";"Codigo da natureza da receita 209";"Receita bruta da venda, no mercado interno, de: I – insumos de origem vegetal, classificados nas posições 10.01 a 10.08, exceto os dos códigos 1006.20 e 1006.30, e nas posições 12.01, 23.04 e 23.06 da Nomenclatura Comum do Mercosul ( NCM), quando efetuada por pessoa jurídica, inclusive cooperativa, vendidos: a) para pessoas jurídicas que produzam mercadorias classificadas nos códigos 02.03, 0206.30.00, 0206.4, 02.07 e 0210.1 da NCM; b) para pessoas jurídicas que produzam preparações dos tipos utilizados na alimentação de animais vivos classificados nas posições 01.03 e 01.05, classificadas no código 2309.90 da NCM; e c) para pessoas físicas; II – preparações dos tipos utilizados na alimentação de animais vivos classificados nas posições 01.03 e 01.05, classificadas no código 2309.90 da NCM; III – animais vivos classificados nas posições 01.03 e 01.05 da NCM, quando efetuada por pessoa jurídica, inclusive cooperativa, vendidos para pessoas jurídicas que produzam mercadorias classificadas nos códigos 02.03, 0206.30.00, 0206.4, 02.07 e 0210.1 da NCM; IV – produtos classificados nos códigos 02.03, 0206.30.00, 0206.4, 02.07, 0210.1 e carne de frango classificada no código 0210.99.00 da NCM, quando efetuada por pessoa jurídica que revenda tais produtos, ou que industrialize bens e produtos classificados nas posições 01.03 e 01.05 da NCM"
02063000;suspensao;09;"Tabela 4.3.16 - Tabela Operações com Suspensão da Contribuição Social (CST 09) - Versão 1.18 - Atualizada em 28/04/2026.";"Codigo da natureza da receita 209";"Receita bruta da venda, no mercado interno, de: I – insumos de origem vegetal, classificados nas posições 10.01 a 10.08, exceto os dos códigos 1006.20 e 1006.30, e nas posições 12.01, 23.04 e 23.06 da Nomenclatura Comum do Mercosul ( NCM), quando efetuada por pessoa jurídica, inclusive cooperativa, vendidos: a) para pessoas jurídicas que produzam mercadorias classificadas nos códigos 02.03, 0206.30.00, 0206.4, 02.07 e 0210.1 da NCM; b) para pessoas jurídicas que produzam preparações dos tipos utilizados na alimentação de animais vivos classificados nas posições 01.03 e 01.05, classificadas no código 2309.90 da NCM; e c) para pessoas físicas; II – preparações dos tipos utilizados na alimentação de animais vivos classificados nas posições 01.03 e 01.05, classificadas no código 2309.90 da NCM; III – animais vivos classificados nas posições 01.03 e 01.05 da NCM, quando efetuada por pessoa jurídica, inclusive cooperativa, vendidos para pessoas jurídicas que produzam mercadorias classificadas nos códigos 02.03, 0206.30.00, 0206.4, 02.07 e 0210.1 da NCM; IV – produtos classificados nos códigos 02.03, 0206.30.00, 0206.4, 02.07, 0210.1 e carne de frango classificada no código 0210.99.00 da NCM, quando efetuada por pessoa jurídica que revenda tais produtos, ou que industrialize bens e produtos classificados nas posições 01.03 e 01.05 da NCM"
100630;suspensao;09;"Tabela 4.3.16 - Tabela Operações com Suspensão da Contribuição Social (CST 09) - Versão 1.18 - Atualizada em 28/04/2026.";"Codigo da natureza da receita 209";"Receita bruta da venda, no mercado interno, de: I – insumos de origem vegetal, classificados nas posições 10.01 a 10.08, exceto os dos códigos 1006.20 e 1006.30, e nas posições 12.01, 23.04 e 23.06 da Nomenclatura Comum do Mercosul ( NCM), quando efetuada por pessoa jurídica, inclusive cooperativa, vendidos: a) para pessoas jurídicas que produzam mercadorias classificadas nos códigos 02.03, 0206.30.00, 0206.4, 02.07 e 0210.1 da NCM; b) para pessoas jurídicas que produzam preparações dos tipos utilizados na alimentação de animais vivos classificados nas posições 01.03 e 01.05, classificadas no código 2309.90 da NCM; e c) para pessoas físicas; II – preparações dos tipos utilizados na alimentação de animais vivos classificados nas posições 01.03 e 01.05, classificadas no código 2309.90 da NCM; III – animais vivos classificados nas posições 01.03 e 01.05 da NCM, quando efetuada por pessoa jurídica, inclusive cooperativa, vendidos para pessoas jurídicas que produzam mercadorias classificadas nos códigos 02.03, 0206.30.00, 0206.4, 02.07 e 0210.1 da NCM; IV – produtos classificados nos códigos 02.03, 0206.30.00, 0206.4, 02.07, 0210.1 e carne de frango classificada no código 0210.99.00 da NCM, quando efetuada por pessoa jurídica que revenda tais produtos, ou que industrialize bens e produtos classificados nas posições 01.03 e 01.05 da NCM"
0105;suspensao;09;"Tabela 4.3.16 - Tabela Operações com Suspensão da Contribuição Social (CST 09) - Versão 1.18 - Atualizada em 28/04/2026.";"Codigo da natureza da receita 209";"Receita bruta da venda, no mercado interno, de: I – insumos de origem vegetal, classificados nas posições 10.01 a 10.08, exceto os dos códigos 1006.20 e 1006.30, e nas posições 12.01, 23.04 e 23.06 da Nomenclatura Comum do Mercosul ( NCM), quando efetuada por pessoa jurídica, inclusive cooperativa, vendidos: a) para pessoas jurídicas que produzam mercadorias classificadas nos códigos 02.03, 0206.30.00, 0206.4, 02.07 e 0210.1 da NCM; b) para pessoas jurídicas que produzam preparações dos tipos utilizados na alimentação de animais vivos classificados nas posições 01.03 e 01.05, classificadas no código 2309.90 da NCM; e c) para pessoas físicas; II – preparações dos tipos utilizados na alimentação de animais vivos classificados nas posições 01.03 e 01.05, classificadas no código 2309.90 da NCM; III – animais vivos classificados nas posições 01.03 e 01.05 da NCM, quando efetuada por pessoa jurídica, inclusive cooperativa, vendidos para pessoas jurídicas que produzam mercadorias classificadas nos códigos 02.03, 0206.30.00, 0206.4, 02.07 e 0210.1 da NCM; IV – produtos classificados nos códigos 02.03, 0206.30.00, 0206.4, 02.07, 0210.1 e carne de frango classificada no código 0210.99.00 da NCM, quando efetuada por pessoa jurídica que revenda tais produtos, ou que industrialize bens e produtos classificados nas posições 01.03 e 01.05 da NCM"
02109900;suspensao;09;"Tabela 4.3.16 - Tabela Operações com Suspensão da Contribuição Social (CST 09) - Versão 1.18 - Atualizada em 28/04/2026.";"Codigo da natureza da receita 209";"Receita bruta da venda, no mercado interno, de: I – insumos de origem vegetal, classificados nas posições 10.01 a 10.08, exceto os dos códigos 1006.20 e 1006.30, e nas posições 12.01, 23.04 e 23.06 da Nomenclatura Comum do Mercosul ( NCM), quando efetuada por pessoa jurídica, inclusive cooperativa, vendidos: a) para pessoas jurídicas que produzam mercadorias classificadas nos códigos 02.03, 0206.30.00, 0206.4, 02.07 e 0210.1 da NCM; b) para pessoas jurídicas que produzam preparações dos tipos utilizados na alimentação de animais vivos classificados nas posições 01.03 e 01.05, classificadas no código 2309.90 da NCM; e c) para pessoas físicas; II – preparações dos tipos utilizados na alimentação de animais vivos classificados nas posições 01.03 e 01.05, classificadas no código 2309.90 da NCM; III – animais vivos classificados nas posições 01.03 e 01.05 da NCM, quando efetuada por pessoa jurídica, inclusive cooperativa, vendidos para pessoas jurídicas que produzam mercadorias classificadas nos códigos 02.03, 0206.30.00, 0206.4, 02.07 e 0210.1 da NCM; IV – produtos classificados nos códigos 02.03, 0206.30.00, 0206.4, 02.07, 0210.1 e carne de frango classificada no código 0210.99.00 da NCM, quando efetuada por pessoa jurídica que revenda tais produtos, ou que industrialize bens e produtos classificados nas posições 01.03 e 01.05 da NCM"
08051000;suspensao;09;"Tabela 4.3.16 - Tabela Operações com Suspensão da Contribuição Social (CST 09) - Versão 1.18 - Atualizada em 28/04/2026.";"Codigo da natureza da receita 212";"Receitas decorrentes da venda dos produtos classificados no código 0805.10.00 da TIPI, quando utilizados na industrialização dos produtos classificados no código 2009.1 da TIPI, e estes forem destinados à exportação."
12081000;suspensao;09;"Tabela 4.3.16 - Tabela Operações com Suspensão da Contribuição Social (CST 09) - Versão 1.18 - Atualizada em 28/04/2026.";"Codigo da natureza da receita 213";"Soja classificada na posição 12.01 e dos produtos classificados nos códigos 1208.10.00 e 2304.00 da TIPI"
230400;suspensao;09;"Tabela 4.3.16 - Tabela Operações com Suspensão da Contribuição Social (CST 09) - Versão 1.18 - Atualizada em 28/04/2026.";"Codigo da natureza da receita 213";"Soja classificada na posição 12.01 e dos produtos classificados nos códigos 1208.10.00 e 2304.00 da TIPI"
8701;suspensao;09;"Tabela 4.3.16 - Tabela Operações com Suspensão da Contribuição Social (CST 09) - Versão 1.18 - Atualizada em 28/04/2026.";"Codigo da natureza da receita 313";"RECOM - Regime Aduaneiro Especial de Importação de Insumos Destinados a Industrialização por Encomenda de Produtos Classificados nas Posições 8701 A 8705 da NCM Importação de insumos (chassis, carroçarias, peças, partes, componentes e acessórios), sem cobertura cambial, destinados a industrialização por encomenda de produtos classificados nas posições 8701 a 8705 da NCM"
27101922;suspensao;09;"Tabela 4.3.16 - Tabela Operações com Suspensão da Contribuição Social (CST 09) - Versão 1.18 - Atualizada em 28/04/2026.";"Codigo da natureza da receita 403";"Venda de óleo combustível, tipo bunker, MF - Marine Fuel, classificado no código 2710.19.22, óleo combustível, tipo bunker, MGO - Marine Gás Oil, classificado no código 2710.19.21 e óleo combustível, tipo bunker, ODM - Óleo Diesel Marítimo, classificado no código 2710.19.21, quando destinados à navegação de cabotagem e de apoio portuário e marítimo, para a pessoa jurídica previamente habilitada"
27101921;suspensao;09;"Tabela 4.3.16 - Tabela Operações com Suspensão da Contribuição Social (CST 09) - Versão 1.18 - Atualizada em 28/04/2026.";"Codigo da natureza da receita 403";"Venda de óleo combustível, tipo bunker, MF - Marine Fuel, classificado no código 2710.19.22, óleo combustível, tipo bunker, MGO - Marine Gás Oil, classificado no código 2710.19.21 e óleo combustível, tipo bunker, ODM - Óleo Diesel Marítimo, classificado no código 2710.19.21, quando destinados à navegação de cabotagem e de apoio portuário e marítimo, para a pessoa jurídica previamente habilitada"
29141100;suspensao;09;"Tabela 4.3.16 - Tabela Operações com Suspensão da Contribuição Social (CST 09) - Versão 1.18 - Atualizada em 28/04/2026.";"Codigo da natureza da receita 404";"Acetona classificada no código 2914.11.00 da Tabela de Incidência do Imposto sobre Produtos Industrializados – Tipi, destinada à produção de monoisopropilamina (Mipa) utilizada na elaboração de defensivos agropecuários classificados na posição 38.08 da Tipi"
8701;suspensao;09;"Tabela 4.3.16 - Tabela Operações com Suspensão da Contribuição Social (CST 09) - Versão 1.18 - Atualizada em 28/04/2026.";"Codigo da natureza da receita 406";"Venda de produtos à pessoa jurídica sediada no exterior, com contrato de entrega no território nacional, de insumos destinados à industrialização, por conta e ordem da encomendante sediada no exterior, de máquinas e veículos classificados nas posições 87.01 a 87.05 da TIPI"
48101939;suspensao;09;"Tabela 4.3.16 - Tabela Operações com Suspensão da Contribuição Social (CST 09) - Versão 1.18 - Atualizada em 28/04/2026.";"Codigo da natureza da receita 408";"Venda de máquinas e equipamentos classificados na posição 84.39, utilizados na fabricação de papéis destinados à impressão de jornais ou de papéis classificados nos códigos 4801.00.10, 4801.00.90, 4802.61.91, 4802.61.99, 4810.19.39 e 4810.22.90, todos da Tipi, destinados à impressão de periódicos, quando os referidos bens forem adquiridos por pessoa jurídica industrial para incorporação ao seu ativo imobilizado"
48026199;suspensao;09;"Tabela 4.3.16 - Tabela Operações com Suspensão da Contribuição Social (CST 09) - Versão 1.18 - Atualizada em 28/04/2026.";"Codigo da natureza da receita 408";"Venda de máquinas e equipamentos classificados na posição 84.39, utilizados na fabricação de papéis destinados à impressão de jornais ou de papéis classificados nos códigos 4801.00.10, 4801.00.90, 4802.61.91, 4802.61.99, 4810.19.39 e 4810.22.90, todos da Tipi, destinados à impressão de periódicos, quando os referidos bens forem adquiridos por pessoa jurídica industrial para incorporação ao seu ativo imobilizado"
48010090;suspensao;09;"Tabela 4.3.16 - Tabela Operações com Suspensão da Contribuição Social (CST 09) - Versão 1.18 - Atualizada em 28/04/2026.";"Codigo da natureza da receita 408";"Venda de máquinas e equipamentos classificados na posição 84.39, utilizados na fabricação de papéis destinados à impressão de jornais ou de papéis classificados nos códigos 4801.00.10, 4801.00.90, 4802.61.91, 4802.61.99, 4810.19.39 e 4810.22.90, todos da Tipi, destinados à impressão de periódicos, quando os referidos bens forem adquiridos por pessoa jurídica industrial para incorporação ao seu ativo imobilizado"
48010010;suspensao;09;"Tabela 4.3.16 - Tabela Operações com Suspensão da Contribuição Social (CST 09) - Versão 1.18 - Atualizada em 28/04/2026.";"Codigo da natureza da receita 408";"Venda de máquinas e equipamentos classificados na posição 84.39, utilizados na fabricação de papéis destinados à impressão de jornais ou de papéis classificados nos códigos 4801.00.10, 4801.00.90, 4802.61.91, 4802.61.99, 4810.19.39 e 4810.22.90, todos da Tipi, destinados à impressão de periódicos, quando os referidos bens forem adquiridos por pessoa jurídica industrial para incorporação ao seu ativo imobilizado"
48026191;suspensao;09;"Tabela 4.3.16 - Tabela Operações com Suspensão da Contribuição Social (CST 09) - Versão 1.18 - Atualizada em 28/04/2026.";"Codigo da natureza da receita 408";"Venda de máquinas e equipamentos classificados na posição 84.39, utilizados na fabricação de papéis destinados à impressão de jornais ou de papéis classificados nos códigos 4801.00.10, 4801.00.90, 4802.61.91, 4802.61.99, 4810.19.39 e 4810.22.90, todos da Tipi, destinados à impressão de periódicos, quando os referidos bens forem adquiridos por pessoa jurídica industrial para incorporação ao seu ativo imobilizado"
48102290;suspensao;09;"Tabela 4.3.16 - Tabela Operações com Suspensão da Contribuição Social (CST 09) - Versão 1.18 - Atualizada em 28/04/2026.";"Codigo da natureza da receita 408";"Venda de máquinas e equipamentos classificados na posição 84.39, utilizados na fabricação de papéis destinados à impressão de jornais ou de papéis classificados nos códigos 4801.00.10, 4801.00.90, 4802.61.91, 4802.61.99, 4810.19.39 e 4810.22.90, todos da Tipi, destinados à impressão de periódicos, quando os referidos bens forem adquiridos por pessoa jurídica industrial para incorporação ao seu ativo imobilizado"
3001;monofasico;02/04;"Lei 10.147/2000, com a redacao da Lei 12.839/2013";"Art. 1o, caput";"A Contribuicao para o PIS/PASEP e a COFINS devidas pelas pessoas juridicas que procedam a industrializacao ou a importacao dos produtos classificados nas posicoes 30.01; 30.03, exceto no codigo 3003.90.56; 30.04, exceto no codigo 3004.90.46; e 3303.00 a 33.07, exceto na posicao 33.06; nos itens 3002.10.1; 3002.10.2; 3002.10.3; 3002.20.1; 3002.20.2; 3006.30.1 e 3006.30.2; e nos codigos 3002.90.20; 3002.90.92; 3002.90.99; 3005.10.10; 3006.60.00; 3401.11.90, exceto 3401.11.90 Ex 01; 3401.20.10; e 9603.21.00 serao calculadas com base nas seguintes aliquotas."
3003;monofasico;02/04;"Lei 10.147/2000, com a redacao da Lei 12.839/2013";"Art. 1o, caput";"A Contribuicao para o PIS/PASEP e a COFINS devidas pelas pessoas juridicas que procedam a industrializacao ou a importacao dos produtos classificados nas posicoes 30.01; 30.03, exceto no codigo 3003.90.56; 30.04, exceto no codigo 3004.90.46; e 3303.00 a 33.07, exceto na posicao 33.06; nos itens 3002.10.1; 3002.10.2; 3002.10.3; 3002.20.1; 3002.20.2; 3006.30.1 e 3006.30.2; e nos codigos 3002.90.20; 3002.90.92; 3002.90.99; 3005.10.10; 3006.60.00; 3401.11.90, exceto 3401.11.90 Ex 01; 3401.20.10; e 9603.21.00 serao calculadas com base nas seguintes aliquotas."
3004;monofasico;02/04;"Lei 10.147/2000, com a redacao da Lei 12.839/2013";"Art. 1o, caput";"A Contribuicao para o PIS/PASEP e a COFINS devidas pelas pessoas juridicas que procedam a industrializacao ou a importacao dos produtos classificados nas posicoes 30.01; 30.03, exceto no codigo 3003.90.56; 30.04, exceto no codigo 3004.90.46; e 3303.00 a 33.07, exceto na posicao 33.06; nos itens 3002.10.1; 3002.10.2; 3002.10.3; 3002.20.1; 3002.20.2; 3006.30.1 e 3006.30.2; e nos codigos 3002.90.20; 3002.90.92; 3002.90.99; 3005.10.10; 3006.60.00; 3401.11.90, exceto 3401.11.90 Ex 01; 3401.20.10; e 9603.21.00 serao calculadas com base nas seguintes aliquotas."
330300;monofasico;02/04;"Lei 10.147/2000, com a redacao da Lei 12.839/2013";"Art. 1o, caput";"A Contribuicao para o PIS/PASEP e a COFINS devidas pelas pessoas juridicas que procedam a industrializacao ou a importacao dos produtos classificados nas posicoes 30.01; 30.03, exceto no codigo 3003.90.56; 30.04, exceto no codigo 3004.90.46; e 3303.00 a 33.07, exceto na posicao 33.06; nos itens 3002.10.1; 3002.10.2; 3002.10.3; 3002.20.1; 3002.20.2; 3006.30.1 e 3006.30.2; e nos codigos 3002.90.20; 3002.90.92; 3002.90.99; 3005.10.10; 3006.60.00; 3401.11.90, exceto 3401.11.90 Ex 01; 3401.20.10; e 9603.21.00 serao calculadas com base nas seguintes aliquotas."
3304;monofasico;02/04;"Lei 10.147/2000, com a redacao da Lei 12.839/2013";"Art. 1o, caput";"A Contribuicao para o PIS/PASEP e a COFINS devidas pelas pessoas juridicas que procedam a industrializacao ou a importacao dos produtos classificados nas posicoes 30.01; 30.03, exceto no codigo 3003.90.56; 30.04, exceto no codigo 3004.90.46; e 3303.00 a 33.07, exceto na posicao 33.06; nos itens 3002.10.1; 3002.10.2; 3002.10.3; 3002.20.1; 3002.20.2; 3006.30.1 e 3006.30.2; e nos codigos 3002.90.20; 3002.90.92; 3002.90.99; 3005.10.10; 3006.60.00; 3401.11.90, exceto 3401.11.90 Ex 01; 3401.20.10; e 9603.21.00 serao calculadas com base nas seguintes aliquotas."
3305;monofasico;02/04;"Lei 10.147/2000, com a redacao da Lei 12.839/2013";"Art. 1o, caput";"A Contribuicao para o PIS/PASEP e a COFINS devidas pelas pessoas juridicas que procedam a industrializacao ou a importacao dos produtos classificados nas posicoes 30.01; 30.03, exceto no codigo 3003.90.56; 30.04, exceto no codigo 3004.90.46; e 3303.00 a 33.07, exceto na posicao 33.06; nos itens 3002.10.1; 3002.10.2; 3002.10.3; 3002.20.1; 3002.20.2; 3006.30.1 e 3006.30.2; e nos codigos 3002.90.20; 3002.90.92; 3002.90.99; 3005.10.10; 3006.60.00; 3401.11.90, exceto 3401.11.90 Ex 01; 3401.20.10; e 9603.21.00 serao calculadas com base nas seguintes aliquotas."
3307;monofasico;02/04;"Lei 10.147/2000, com a redacao da Lei 12.839/2013";"Art. 1o, caput";"A Contribuicao para o PIS/PASEP e a COFINS devidas pelas pessoas juridicas que procedam a industrializacao ou a importacao dos produtos classificados nas posicoes 30.01; 30.03, exceto no codigo 3003.90.56; 30.04, exceto no codigo 3004.90.46; e 3303.00 a 33.07, exceto na posicao 33.06; nos itens 3002.10.1; 3002.10.2; 3002.10.3; 3002.20.1; 3002.20.2; 3006.30.1 e 3006.30.2; e nos codigos 3002.90.20; 3002.90.92; 3002.90.99; 3005.10.10; 3006.60.00; 3401.11.90, exceto 3401.11.90 Ex 01; 3401.20.10; e 9603.21.00 serao calculadas com base nas seguintes aliquotas."
3002101;monofasico;02/04;"Lei 10.147/2000, com a redacao da Lei 12.839/2013";"Art. 1o, caput";"A Contribuicao para o PIS/PASEP e a COFINS devidas pelas pessoas juridicas que procedam a industrializacao ou a importacao dos produtos classificados nas posicoes 30.01; 30.03, exceto no codigo 3003.90.56; 30.04, exceto no codigo 3004.90.46; e 3303.00 a 33.07, exceto na posicao 33.06; nos itens 3002.10.1; 3002.10.2; 3002.10.3; 3002.20.1; 3002.20.2; 3006.30.1 e 3006.30.2; e nos codigos 3002.90.20; 3002.90.92; 3002.90.99; 3005.10.10; 3006.60.00; 3401.11.90, exceto 3401.11.90 Ex 01; 3401.20.10; e 9603.21.00 serao calculadas com base nas seguintes aliquotas."
3002102;monofasico;02/04;"Lei 10.147/2000, com a redacao da Lei 12.839/2013";"Art. 1o, caput";"A Contribuicao para o PIS/PASEP e a COFINS devidas pelas pessoas juridicas que procedam a industrializacao ou a importacao dos produtos classificados nas posicoes 30.01; 30.03, exceto no codigo 3003.90.56; 30.04, exceto no codigo 3004.90.46; e 3303.00 a 33.07, exceto na posicao 33.06; nos itens 3002.10.1; 3002.10.2; 3002.10.3; 3002.20.1; 3002.20.2; 3006.30.1 e 3006.30.2; e nos codigos 3002.90.20; 3002.90.92; 3002.90.99; 3005.10.10; 3006.60.00; 3401.11.90, exceto 3401.11.90 Ex 01; 3401.20.10; e 9603.21.00 serao calculadas com base nas seguintes aliquotas."
3002103;monofasico;02/04;"Lei 10.147/2000, com a redacao da Lei 12.839/2013";"Art. 1o, caput";"A Contribuicao para o PIS/PASEP e a COFINS devidas pelas pessoas juridicas que procedam a industrializacao ou a importacao dos produtos classificados nas posicoes 30.01; 30.03, exceto no codigo 3003.90.56; 30.04, exceto no codigo 3004.90.46; e 3303.00 a 33.07, exceto na posicao 33.06; nos itens 3002.10.1; 3002.10.2; 3002.10.3; 3002.20.1; 3002.20.2; 3006.30.1 e 3006.30.2; e nos codigos 3002.90.20; 3002.90.92; 3002.90.99; 3005.10.10; 3006.60.00; 3401.11.90, exceto 3401.11.90 Ex 01; 3401.20.10; e 9603.21.00 serao calculadas com base nas seguintes aliquotas."
3002201;monofasico;02/04;"Lei 10.147/2000, com a redacao da Lei 12.839/2013";"Art. 1o, caput";"A Contribuicao para o PIS/PASEP e a COFINS devidas pelas pessoas juridicas que procedam a industrializacao ou a importacao dos produtos classificados nas posicoes 30.01; 30.03, exceto no codigo 3003.90.56; 30.04, exceto no codigo 3004.90.46; e 3303.00 a 33.07, exceto na posicao 33.06; nos itens 3002.10.1; 3002.10.2; 3002.10.3; 3002.20.1; 3002.20.2; 3006.30.1 e 3006.30.2; e nos codigos 3002.90.20; 3002.90.92; 3002.90.99; 3005.10.10; 3006.60.00; 3401.11.90, exceto 3401.11.90 Ex 01; 3401.20.10; e 9603.21.00 serao calculadas com base nas seguintes aliquotas."
3002202;monofasico;02/04;"Lei 10.147/2000, com a redacao da Lei 12.839/2013";"Art. 1o, caput";"A Contribuicao para o PIS/PASEP e a COFINS devidas pelas pessoas juridicas que procedam a industrializacao ou a importacao dos produtos classificados nas posicoes 30.01; 30.03, exceto no codigo 3003.90.56; 30.04, exceto no codigo 3004.90.46; e 3303.00 a 33.07, exceto na posicao 33.06; nos itens 3002.10.1; 3002.10.2; 3002.10.3; 3002.20.1; 3002.20.2; 3006.30.1 e 3006.30.2; e nos codigos 3002.90.20; 3002.90.92; 3002.90.99; 3005.10.10; 3006.60.00; 3401.11.90, exceto 3401.11.90 Ex 01; 3401.20.10; e 9603.21.00 serao calculadas com base nas seguintes aliquotas."
3006301;monofasico;02/04;"Lei 10.147/2000, com a redacao da Lei 12.839/2013";"Art. 1o, caput";"A Contribuicao para o PIS/PASEP e a COFINS devidas pelas pessoas juridicas que procedam a industrializacao ou a importacao dos produtos classificados nas posicoes 30.01; 30.03, exceto no codigo 3003.90.56; 30.04, exceto no codigo 3004.90.46; e 3303.00 a 33.07, exceto na posicao 33.06; nos itens 3002.10.1; 3002.10.2; 3002.10.3; 3002.20.1; 3002.20.2; 3006.30.1 e 3006.30.2; e nos codigos 3002.90.20; 3002.90.92; 3002.90.99; 3005.10.10; 3006.60.00; 3401.11.90, exceto 3401.11.90 Ex 01; 3401.20.10; e 9603.21.00 serao calculadas com base nas seguintes aliquotas."
3006302;monofasico;02/04;"Lei 10.147/2000, com a redacao da Lei 12.839/2013";"Art. 1o, caput";"A Contribuicao para o PIS/PASEP e a COFINS devidas pelas pessoas juridicas que procedam a industrializacao ou a importacao dos produtos classificados nas posicoes 30.01; 30.03, exceto no codigo 3003.90.56; 30.04, exceto no codigo 3004.90.46; e 3303.00 a 33.07, exceto na posicao 33.06; nos itens 3002.10.1; 3002.10.2; 3002.10.3; 3002.20.1; 3002.20.2; 3006.30.1 e 3006.30.2; e nos codigos 3002.90.20; 3002.90.92; 3002.90.99; 3005.10.10; 3006.60.00; 3401.11.90, exceto 3401.11.90 Ex 01; 3401.20.10; e 9603.21.00 serao calculadas com base nas seguintes aliquotas."
30029020;monofasico;02/04;"Lei 10.147/2000, com a redacao da Lei 12.839/2013";"Art. 1o, caput";"A Contribuicao para o PIS/PASEP e a COFINS devidas pelas pessoas juridicas que procedam a industrializacao ou a importacao dos produtos classificados nas posicoes 30.01; 30.03, exceto no codigo 3003.90.56; 30.04, exceto no codigo 3004.90.46; e 3303.00 a 33.07, exceto na posicao 33.06; nos itens 3002.10.1; 3002.10.2; 3002.10.3; 3002.20.1; 3002.20.2; 3006.30.1 e 3006.30.2; e nos codigos 3002.90.20; 3002.90.92; 3002.90.99; 3005.10.10; 3006.60.00; 3401.11.90, exceto 3401.11.90 Ex 01; 3401.20.10; e 9603.21.00 serao calculadas com base nas seguintes aliquotas."
30029092;monofasico;02/04;"Lei 10.147/2000, com a redacao da Lei 12.839/2013";"Art. 1o, caput";"A Contribuicao para o PIS/PASEP e a COFINS devidas pelas pessoas juridicas que procedam a industrializacao ou a importacao dos produtos classificados nas posicoes 30.01; 30.03, exceto no codigo 3003.90.56; 30.04, exceto no codigo 3004.90.46; e 3303.00 a 33.07, exceto na posicao 33.06; nos itens 3002.10.1; 3002.10.2; 3002.10.3; 3002.20.1; 3002.20.2; 3006.30.1 e 3006.30.2; e nos codigos 3002.90.20; 3002.90.92; 3002.90.99; 3005.10.10; 3006.60.00; 3401.11.90, exceto 3401.11.90 Ex 01; 3401.20.10; e 9603.21.00 serao calculadas com base nas seguintes aliquotas."
30029099;monofasico;02/04;"Lei 10.147/2000, com a redacao da Lei 12.839/2013";"Art. 1o, caput";"A Contribuicao para o PIS/PASEP e a COFINS devidas pelas pessoas juridicas que procedam a industrializacao ou a importacao dos produtos classificados nas posicoes 30.01; 30.03, exceto no codigo 3003.90.56; 30.04, exceto no codigo 3004.90.46; e 3303.00 a 33.07, exceto na posicao 33.06; nos itens 3002.10.1; 3002.10.2; 3002.10.3; 3002.20.1; 3002.20.2; 3006.30.1 e 3006.30.2; e nos codigos 3002.90.20; 3002.90.92; 3002.90.99; 3005.10.10; 3006.60.00; 3401.11.90, exceto 3401.11.90 Ex 01; 3401.20.10; e 9603.21.00 serao calculadas com base nas seguintes aliquotas."
30051010;monofasico;02/04;"Lei 10.147/2000, com a redacao da Lei 12.839/2013";"Art. 1o, caput";"A Contribuicao para o PIS/PASEP e a COFINS devidas pelas pessoas juridicas que procedam a industrializacao ou a importacao dos produtos classificados nas posicoes 30.01; 30.03, exceto no codigo 3003.90.56; 30.04, exceto no codigo 3004.90.46; e 3303.00 a 33.07, exceto na posicao 33.06; nos itens 3002.10.1; 3002.10.2; 3002.10.3; 3002.20.1; 3002.20.2; 3006.30.1 e 3006.30.2; e nos codigos 3002.90.20; 3002.90.92; 3002.90.99; 3005.10.10; 3006.60.00; 3401.11.90, exceto 3401.11.90 Ex 01; 3401.20.10; e 9603.21.00 serao calculadas com base nas seguintes aliquotas."
30066000;monofasico;02/04;"Lei 10.147/2000, com a redacao da Lei 12.839/2013";"Art. 1o, caput";"A Contribuicao para o PIS/PASEP e a COFINS devidas pelas pessoas juridicas que procedam a industrializacao ou a importacao dos produtos classificados nas posicoes 30.01; 30.03, exceto no codigo 3003.90.56; 30.04, exceto no codigo 3004.90.46; e 3303.00 a 33.07, exceto na posicao 33.06; nos itens 3002.10.1; 3002.10.2; 3002.10.3; 3002.20.1; 3002.20.2; 3006.30.1 e 3006.30.2; e nos codigos 3002.90.20; 3002.90.92; 3002.90.99; 3005.10.10; 3006.60.00; 3401.11.90, exceto 3401.11.90 Ex 01; 3401.20.10; e 9603.21.00 serao calculadas com base nas seguintes aliquotas."
34011190;monofasico;02/04;"Lei 10.147/2000, com a redacao da Lei 12.839/2013";"Art. 1o, caput";"A Contribuicao para o PIS/PASEP e a COFINS devidas pelas pessoas juridicas que procedam a industrializacao ou a importacao dos produtos classificados nas posicoes 30.01; 30.03, exceto no codigo 3003.90.56; 30.04, exceto no codigo 3004.90.46; e 3303.00 a 33.07, exceto na posicao 33.06; nos itens 3002.10.1; 3002.10.2; 3002.10.3; 3002.20.1; 3002.20.2; 3006.30.1 e 3006.30.2; e nos codigos 3002.90.20; 3002.90.92; 3002.90.99; 3005.10.10; 3006.60.00; 3401.11.90, exceto 3401.11.90 Ex 01; 3401.20.10; e 9603.21.00 serao calculadas com base nas seguintes aliquotas."
34012010;monofasico;02/04;"Lei 10.147/2000, com a redacao da Lei 12.839/2013";"Art. 1o, caput";"A Contribuicao para o PIS/PASEP e a COFINS devidas pelas pessoas juridicas que procedam a industrializacao ou a importacao dos produtos classificados nas posicoes 30.01; 30.03, exceto no codigo 3003.90.56; 30.04, exceto no codigo 3004.90.46; e 3303.00 a 33.07, exceto na posicao 33.06; nos itens 3002.10.1; 3002.10.2; 3002.10.3; 3002.20.1; 3002.20.2; 3006.30.1 e 3006.30.2; e nos codigos 3002.90.20; 3002.90.92; 3002.90.99; 3005.10.10; 3006.60.00; 3401.11.90, exceto 3401.11.90 Ex 01; 3401.20.10; e 9603.21.00 serao calculadas com base nas seguintes aliquotas."
96032100;monofasico;02/04;"Lei 10.147/2000, com a redacao da Lei 12.839/2013";"Art. 1o, caput";"A Contribuicao para o PIS/PASEP e a COFINS devidas pelas pessoas juridicas que procedam a industrializacao ou a importacao dos produtos classificados nas posicoes 30.01; 30.03, exceto no codigo 3003.90.56; 30.04, exceto no codigo 3004.90.46; e 3303.00 a 33.07, exceto na posicao 33.06; nos itens 3002.10.1; 3002.10.2; 3002.10.3; 3002.20.1; 3002.20.2; 3006.30.1 e 3006.30.2; e nos codigos 3002.90.20; 3002.90.92; 3002.90.99; 3005.10.10; 3006.60.00; 3401.11.90, exceto 3401.11.90 Ex 01; 3401.20.10; e 9603.21.00 serao calculadas com base nas seguintes aliquotas."
30039056;normal;01/02;"Lei 10.147/2000, com a redacao da Lei 12.839/2013";"Art. 1o, caput - excecao expressa";"Produto expressamente excluido da tributacao monofasica pelo proprio art. 1o da Lei 10.147/2000."
30049046;normal;01/02;"Lei 10.147/2000, com a redacao da Lei 12.839/2013";"Art. 1o, caput - excecao expressa";"Produto expressamente excluido da tributacao monofasica pelo proprio art. 1o da Lei 10.147/2000."
3306;normal;01/02;"Lei 10.147/2000, com a redacao da Lei 12.839/2013";"Art. 1o, caput - excecao expressa";"Produto expressamente excluido da tributacao monofasica pelo proprio art. 1o da Lei 10.147/2000."
8701;monofasico;02/04;"Lei 10.485/2002";"Anexo II";"Relacao de autopecas submetidas a tributacao concentrada de PIS/PASEP e COFINS na industrializacao e na importacao, com aliquota zero na revenda (art. 3o, § 2o, I, da Lei 10.485/2002)."
2300;monofasico;02/04;"Lei 10.485/2002";"Anexo I";"Relacao de autopecas submetidas a tributacao concentrada de PIS/PASEP e COFINS na industrializacao e na importacao, com aliquota zero na revenda (art. 3o, § 2o, I, da Lei 10.485/2002)."
6019;monofasico;02/04;"Lei 10.485/2002";"Anexo II";"Relacao de autopecas submetidas a tributacao concentrada de PIS/PASEP e COFINS na industrializacao e na importacao, com aliquota zero na revenda (art. 3o, § 2o, I, da Lei 10.485/2002)."
8705;monofasico;02/04;"Lei 10.485/2002";"Anexo II";"Relacao de autopecas submetidas a tributacao concentrada de PIS/PASEP e COFINS na industrializacao e na importacao, com aliquota zero na revenda (art. 3o, § 2o, I, da Lei 10.485/2002)."
2190;monofasico;02/04;"Lei 10.485/2002";"Anexo II";"Relacao de autopecas submetidas a tributacao concentrada de PIS/PASEP e COFINS na industrializacao e na importacao, com aliquota zero na revenda (art. 3o, § 2o, I, da Lei 10.485/2002)."
8431;monofasico;02/04;"Lei 10.485/2002";"Anexo II";"Relacao de autopecas submetidas a tributacao concentrada de PIS/PASEP e COFINS na industrializacao e na importacao, com aliquota zero na revenda (art. 3o, § 2o, I, da Lei 10.485/2002)."
2090;monofasico;02/04;"Lei 10.485/2002";"Anexo II";"Relacao de autopecas submetidas a tributacao concentrada de PIS/PASEP e COFINS na industrializacao e na importacao, com aliquota zero na revenda (art. 3o, § 2o, I, da Lei 10.485/2002)."
8021;monofasico;02/04;"Lei 10.485/2002";"Anexo I";"Relacao de autopecas submetidas a tributacao concentrada de PIS/PASEP e COFINS na industrializacao e na importacao, com aliquota zero na revenda (art. 3o, § 2o, I, da Lei 10.485/2002)."
1000;monofasico;02/04;"Lei 10.485/2002";"Anexo I";"Relacao de autopecas submetidas a tributacao concentrada de PIS/PASEP e COFINS na industrializacao e na importacao, com aliquota zero na revenda (art. 3o, § 2o, I, da Lei 10.485/2002)."
8429;monofasico;02/04;"Lei 10.485/2002";"Anexo II";"Relacao de autopecas submetidas a tributacao concentrada de PIS/PASEP e COFINS na industrializacao e na importacao, com aliquota zero na revenda (art. 3o, § 2o, I, da Lei 10.485/2002)."
8019;monofasico;02/04;"Lei 10.485/2002";"Anexo II";"Relacao de autopecas submetidas a tributacao concentrada de PIS/PASEP e COFINS na industrializacao e na importacao, com aliquota zero na revenda (art. 3o, § 2o, I, da Lei 10.485/2002)."
4009;monofasico;02/04;"Lei 10.485/2002";"Anexo II";"Relacao de autopecas submetidas a tributacao concentrada de PIS/PASEP e COFINS na industrializacao e na importacao, com aliquota zero na revenda (art. 3o, § 2o, I, da Lei 10.485/2002)."
3921;monofasico;02/04;"Lei 10.485/2002";"Anexo I";"Relacao de autopecas submetidas a tributacao concentrada de PIS/PASEP e COFINS na industrializacao e na importacao, com aliquota zero na revenda (art. 3o, § 2o, I, da Lei 10.485/2002)."
8511;monofasico;02/04;"Lei 10.485/2002";"Anexo I";"Relacao de autopecas submetidas a tributacao concentrada de PIS/PASEP e COFINS na industrializacao e na importacao, com aliquota zero na revenda (art. 3o, § 2o, I, da Lei 10.485/2002)."
1019;monofasico;02/04;"Lei 10.485/2002";"Anexo II";"Relacao de autopecas submetidas a tributacao concentrada de PIS/PASEP e COFINS na industrializacao e na importacao, com aliquota zero na revenda (art. 3o, § 2o, I, da Lei 10.485/2002)."
8704;monofasico;02/04;"Lei 10.485/2002";"Anexo II";"Relacao de autopecas submetidas a tributacao concentrada de PIS/PASEP e COFINS na industrializacao e na importacao, com aliquota zero na revenda (art. 3o, § 2o, I, da Lei 10.485/2002)."
8707;monofasico;02/04;"Lei 10.485/2002";"Anexo I";"Relacao de autopecas submetidas a tributacao concentrada de PIS/PASEP e COFINS na industrializacao e na importacao, com aliquota zero na revenda (art. 3o, § 2o, I, da Lei 10.485/2002)."
5090;monofasico;02/04;"Lei 10.485/2002";"Anexo I";"Relacao de autopecas submetidas a tributacao concentrada de PIS/PASEP e COFINS na industrializacao e na importacao, com aliquota zero na revenda (art. 3o, § 2o, I, da Lei 10.485/2002)."
8000;monofasico;02/04;"Lei 10.485/2002";"Anexo II";"Relacao de autopecas submetidas a tributacao concentrada de PIS/PASEP e COFINS na industrializacao e na importacao, com aliquota zero na revenda (art. 3o, § 2o, I, da Lei 10.485/2002)."
9039;monofasico;02/04;"Lei 10.485/2002";"Anexo II";"Relacao de autopecas submetidas a tributacao concentrada de PIS/PASEP e COFINS na industrializacao e na importacao, com aliquota zero na revenda (art. 3o, § 2o, I, da Lei 10.485/2002)."
9100;monofasico;02/04;"Lei 10.485/2002";"Anexo I";"Relacao de autopecas submetidas a tributacao concentrada de PIS/PASEP e COFINS na industrializacao e na importacao, com aliquota zero na revenda (art. 3o, § 2o, I, da Lei 10.485/2002)."
2100;monofasico;02/04;"Lei 10.485/2002";"Anexo I";"Relacao de autopecas submetidas a tributacao concentrada de PIS/PASEP e COFINS na industrializacao e na importacao, com aliquota zero na revenda (art. 3o, § 2o, I, da Lei 10.485/2002)."
9000;monofasico;02/04;"Lei 10.485/2002";"Anexo I";"Relacao de autopecas submetidas a tributacao concentrada de PIS/PASEP e COFINS na industrializacao e na importacao, com aliquota zero na revenda (art. 3o, § 2o, I, da Lei 10.485/2002)."
1010;monofasico;02/04;"Lei 10.485/2002";"Anexo I";"Relacao de autopecas submetidas a tributacao concentrada de PIS/PASEP e COFINS na industrializacao e na importacao, com aliquota zero na revenda (art. 3o, § 2o, I, da Lei 10.485/2002)."
2010;monofasico;02/04;"Lei 10.485/2002";"Anexo I";"Relacao de autopecas submetidas a tributacao concentrada de PIS/PASEP e COFINS na industrializacao e na importacao, com aliquota zero na revenda (art. 3o, § 2o, I, da Lei 10.485/2002)."
9990;monofasico;02/04;"Lei 10.485/2002";"Anexo I";"Relacao de autopecas submetidas a tributacao concentrada de PIS/PASEP e COFINS na industrializacao e na importacao, com aliquota zero na revenda (art. 3o, § 2o, I, da Lei 10.485/2002)."
4000;monofasico;02/04;"Lei 10.485/2002";"Anexo II";"Relacao de autopecas submetidas a tributacao concentrada de PIS/PASEP e COFINS na industrializacao e na importacao, com aliquota zero na revenda (art. 3o, § 2o, I, da Lei 10.485/2002)."
9010;monofasico;02/04;"Lei 10.485/2002";"Anexo I";"Relacao de autopecas submetidas a tributacao concentrada de PIS/PASEP e COFINS na industrializacao e na importacao, com aliquota zero na revenda (art. 3o, § 2o, I, da Lei 10.485/2002)."
3100;monofasico;02/04;"Lei 10.485/2002";"Anexo I";"Relacao de autopecas submetidas a tributacao concentrada de PIS/PASEP e COFINS na industrializacao e na importacao, com aliquota zero na revenda (art. 3o, § 2o, I, da Lei 10.485/2002)."
8099;monofasico;02/04;"Lei 10.485/2002";"Anexo I";"Relacao de autopecas submetidas a tributacao concentrada de PIS/PASEP e COFINS na industrializacao e na importacao, com aliquota zero na revenda (art. 3o, § 2o, I, da Lei 10.485/2002)."
8022;monofasico;02/04;"Lei 10.485/2002";"Anexo I";"Relacao de autopecas submetidas a tributacao concentrada de PIS/PASEP e COFINS na industrializacao e na importacao, com aliquota zero na revenda (art. 3o, § 2o, I, da Lei 10.485/2002)."
6813;monofasico;02/04;"Lei 10.485/2002";"Anexo I";"Relacao de autopecas submetidas a tributacao concentrada de PIS/PASEP e COFINS na industrializacao e na importacao, com aliquota zero na revenda (art. 3o, § 2o, I, da Lei 10.485/2002)."
8706;monofasico;02/04;"Lei 10.485/2002";"Anexo II";"Relacao de autopecas submetidas a tributacao concentrada de PIS/PASEP e COFINS na industrializacao e na importacao, com aliquota zero na revenda (art. 3o, § 2o, I, da Lei 10.485/2002)."
8092;monofasico;02/04;"Lei 10.485/2002";"Anexo II";"Relacao de autopecas submetidas a tributacao concentrada de PIS/PASEP e COFINS na industrializacao e na importacao, com aliquota zero na revenda (art. 3o, § 2o, I, da Lei 10.485/2002)."
8040;monofasico;02/04;"Lei 10.485/2002";"Anexo I";"Relacao de autopecas submetidas a tributacao concentrada de PIS/PASEP e COFINS na industrializacao e na importacao, com aliquota zero na revenda (art. 3o, § 2o, I, da Lei 10.485/2002)."
3110;monofasico;02/04;"Lei 10.485/2002";"Anexo II";"Relacao de autopecas submetidas a tributacao concentrada de PIS/PASEP e COFINS na industrializacao e na importacao, com aliquota zero na revenda (art. 3o, § 2o, I, da Lei 10.485/2002)."
4200;monofasico;02/04;"Lei 10.485/2002";"Anexo I";"Relacao de autopecas submetidas a tributacao concentrada de PIS/PASEP e COFINS na industrializacao e na importacao, com aliquota zero na revenda (art. 3o, § 2o, I, da Lei 10.485/2002)."
2000;monofasico;02/04;"Lei 10.485/2002";"Anexo I";"Relacao de autopecas submetidas a tributacao concentrada de PIS/PASEP e COFINS na industrializacao e na importacao, com aliquota zero na revenda (art. 3o, § 2o, I, da Lei 10.485/2002)."
3390;monofasico;02/04;"Lei 10.485/2002";"Anexo I";"Relacao de autopecas submetidas a tributacao concentrada de PIS/PASEP e COFINS na industrializacao e na importacao, com aliquota zero na revenda (art. 3o, § 2o, I, da Lei 10.485/2002)."
8708;monofasico;02/04;"Lei 10.485/2002";"Anexo I";"Relacao de autopecas submetidas a tributacao concentrada de PIS/PASEP e COFINS na industrializacao e na importacao, com aliquota zero na revenda (art. 3o, § 2o, I, da Lei 10.485/2002)."
4100;monofasico;02/04;"Lei 10.485/2002";"Anexo I";"Relacao de autopecas submetidas a tributacao concentrada de PIS/PASEP e COFINS na industrializacao e na importacao, com aliquota zero na revenda (art. 3o, § 2o, I, da Lei 10.485/2002)."
0000;monofasico;02/04;"Lei 10.485/2002";"Anexo I";"Relacao de autopecas submetidas a tributacao concentrada de PIS/PASEP e COFINS na industrializacao e na importacao, com aliquota zero na revenda (art. 3o, § 2o, I, da Lei 10.485/2002)."
8703;monofasico;02/04;"Lei 10.485/2002";"Anexo II";"Relacao de autopecas submetidas a tributacao concentrada de PIS/PASEP e COFINS na industrializacao e na importacao, com aliquota zero na revenda (art. 3o, § 2o, I, da Lei 10.485/2002)."
3000;monofasico;02/04;"Lei 10.485/2002";"Anexo I";"Relacao de autopecas submetidas a tributacao concentrada de PIS/PASEP e COFINS na industrializacao e na importacao, com aliquota zero na revenda (art. 3o, § 2o, I, da Lei 10.485/2002)."
1100;monofasico;02/04;"Lei 10.485/2002";"Anexo I";"Relacao de autopecas submetidas a tributacao concentrada de PIS/PASEP e COFINS na industrializacao e na importacao, com aliquota zero na revenda (art. 3o, § 2o, I, da Lei 10.485/2002)."
9090;monofasico;02/04;"Lei 10.485/2002";"Anexo I";"Relacao de autopecas submetidas a tributacao concentrada de PIS/PASEP e COFINS na industrializacao e na importacao, com aliquota zero na revenda (art. 3o, § 2o, I, da Lei 10.485/2002)."
8702;monofasico;02/04;"Lei 10.485/2002";"Anexo II";"Relacao de autopecas submetidas a tributacao concentrada de PIS/PASEP e COFINS na industrializacao e na importacao, com aliquota zero na revenda (art. 3o, § 2o, I, da Lei 10.485/2002)."
3490;monofasico;02/04;"Lei 10.485/2002";"Anexo I";"Relacao de autopecas submetidas a tributacao concentrada de PIS/PASEP e COFINS na industrializacao e na importacao, com aliquota zero na revenda (art. 3o, § 2o, I, da Lei 10.485/2002)."
2110;monofasico;02/04;"Lei 10.485/2002";"Anexo II";"Relacao de autopecas submetidas a tributacao concentrada de PIS/PASEP e COFINS na industrializacao e na importacao, com aliquota zero na revenda (art. 3o, § 2o, I, da Lei 10.485/2002)."
