ncm;cest;mva;aliq_interna;op_interna;segmento;norma;dispositivo;trecho
38151210;0100100;50.22;19;S;"Autopecas";"RICMS/SE - Decreto 21.400/2002 c/c PT 97/10";"Art. 681, XVI, e Anexo IX, Tabela VI do RICMS/02";"Catalisadores em colmeia cerâmica ou metálica para conversão catalítica de gases de escape de veículos e outros catalisadores"
38151290;0100100;50.22;19;S;"Autopecas";"RICMS/SE - Decreto 21.400/2002 c/c PT 97/10";"Art. 681, XVI, e Anexo IX, Tabela VI do RICMS/02";"Catalisadores em colmeia cerâmica ou metálica para conversão catalítica de gases de escape de veículos e outros catalisadores"
3917;0100200;50.22;19;S;"Autopecas";"RICMS/SE - Decreto 21.400/2002 c/c PT 97/10";"Art. 681, XVI, e Anexo IX, Tabela VI do RICMS/02";"Tubos e seus acessórios (por exemplo, juntas, cotovelos, flanges, uniões), de plásticos"
39181000;0100300;50.22;19;S;"Autopecas";"RICMS/SE - Decreto 21.400/2002 c/c PT 97/10";"Art. 681, XVI, e Anexo IX, Tabela VI do RICMS/02";"Protetores de caçamba"
39233000;0100400;50.22;19;S;"Autopecas";"RICMS/SE - Decreto 21.400/2002 c/c PT 97/10";"Art. 681, XVI, e Anexo IX, Tabela VI do RICMS/02";"Reservatórios de óleo"
39263000;0100500;50.22;19;S;"Autopecas";"RICMS/SE - Decreto 21.400/2002 c/c PT 97/10";"Art. 681, XVI, e Anexo IX, Tabela VI do RICMS/02";"Frisos, decalques, molduras e acabamentos"
40103;0100600;50.22;19;S;"Autopecas";"RICMS/SE - Decreto 21.400/2002 c/c PT 97/10";"Art. 681, XVI, e Anexo IX, Tabela VI do RICMS/02";"Correias de transmissão de borracha vulcanizada, de matérias têxteis, mesmo impregnadas, revestidas ou recobertas, de plástico, ou estratificadas com plástico ou reforçadas com metal ou com outras matérias"
59100000;0100600;50.22;19;S;"Autopecas";"RICMS/SE - Decreto 21.400/2002 c/c PT 97/10";"Art. 681, XVI, e Anexo IX, Tabela VI do RICMS/02";"Correias de transmissão de borracha vulcanizada, de matérias têxteis, mesmo impregnadas, revestidas ou recobertas, de plástico, ou estratificadas com plástico ou reforçadas com metal ou com outras matérias"
40169300;0100700;50.22;19;S;"Autopecas";"RICMS/SE - Decreto 21.400/2002 c/c PT 97/10";"Art. 681, XVI, e Anexo IX, Tabela VI do RICMS/02";"Juntas, gaxetas e outros elementos com função semelhante de vedação"
4823909;0100700;50.22;19;S;"Autopecas";"RICMS/SE - Decreto 21.400/2002 c/c PT 97/10";"Art. 681, XVI, e Anexo IX, Tabela VI do RICMS/02";"Juntas, gaxetas e outros elementos com função semelhante de vedação"
40161010;0100800;50.22;19;S;"Autopecas";"RICMS/SE - Decreto 21.400/2002 c/c PT 97/10";"Art. 681, XVI, e Anexo IX, Tabela VI do RICMS/02";"Partes de veículos automóveis, tratores e máquinas autopropulsadas"
40169990;0100900;50.22;19;S;"Autopecas";"RICMS/SE - Decreto 21.400/2002 c/c PT 97/10";"Art. 681, XVI, e Anexo IX, Tabela VI do RICMS/02";"Tapetes, revestimentos, mesmo confeccionados, batentes, buchas e coxins"
57050000;0100900;50.22;19;S;"Autopecas";"RICMS/SE - Decreto 21.400/2002 c/c PT 97/10";"Art. 681, XVI, e Anexo IX, Tabela VI do RICMS/02";"Tapetes, revestimentos, mesmo confeccionados, batentes, buchas e coxins"
59039000;0101000;50.22;19;S;"Autopecas";"RICMS/SE - Decreto 21.400/2002 c/c PT 97/10";"Art. 681, XVI, e Anexo IX, Tabela VI do RICMS/02";"Tecidos impregnados, revestidos, recobertos ou estratificados, com plástico"
59090000;0101100;50.22;19;S;"Autopecas";"RICMS/SE - Decreto 21.400/2002 c/c PT 97/10";"Art. 681, XVI, e Anexo IX, Tabela VI do RICMS/02";"Mangueiras e tubos semelhantes, de matérias têxteis, mesmo com reforço ou acessórios de outras matérias"
63061;0101200;50.22;19;S;"Autopecas";"RICMS/SE - Decreto 21.400/2002 c/c PT 97/10";"Art. 681, XVI, e Anexo IX, Tabela VI do RICMS/02";"Encerados e toldos"
65061000;0101300;50.22;19;S;"Autopecas";"RICMS/SE - Decreto 21.400/2002 c/c PT 97/10";"Art. 681, XVI, e Anexo IX, Tabela VI do RICMS/02";"Capacetes e artefatos de uso semelhante, de proteção, para uso em motocicletas, incluídos ciclomotores"
6813;0101400;50.22;19;S;"Autopecas";"RICMS/SE - Decreto 21.400/2002 c/c PT 97/10";"Art. 681, XVI, e Anexo IX, Tabela VI do RICMS/02";"Guarnições de fricção (por exemplo, placas, rolos, tiras, segmentos, discos, anéis, pastilhas), não montadas, para freios, embreagens ou qualquer outro mecanismo de fricção, à base de amianto, de outras substâncias minerais ou de celulose, mesmo combinadas com têxteis ou outras matérias"
70071100;0101500;50.22;19;S;"Autopecas";"RICMS/SE - Decreto 21.400/2002 c/c PT 97/10";"Art. 681, XVI, e Anexo IX, Tabela VI do RICMS/02";"Vidros de dimensões e formatos que permitam aplicação automotiva"
70072100;0101500;50.22;19;S;"Autopecas";"RICMS/SE - Decreto 21.400/2002 c/c PT 97/10";"Art. 681, XVI, e Anexo IX, Tabela VI do RICMS/02";"Vidros de dimensões e formatos que permitam aplicação automotiva"
70091000;0101600;50.22;19;S;"Autopecas";"RICMS/SE - Decreto 21.400/2002 c/c PT 97/10";"Art. 681, XVI, e Anexo IX, Tabela VI do RICMS/02";"Espelhos retrovisores"
70140000;0101700;50.22;19;S;"Autopecas";"RICMS/SE - Decreto 21.400/2002 c/c PT 97/10";"Art. 681, XVI, e Anexo IX, Tabela VI do RICMS/02";"Lentes de faróis, lanternas e outros utensílios"
73110000;0101800;50.22;19;S;"Autopecas";"RICMS/SE - Decreto 21.400/2002 c/c PT 97/10";"Art. 681, XVI, e Anexo IX, Tabela VI do RICMS/02";"Cilindro de aço para GNV (gás natural veicular)"
73110000;0101900;50.22;19;S;"Autopecas";"RICMS/SE - Decreto 21.400/2002 c/c PT 97/10";"Art. 681, XVI, e Anexo IX, Tabela VI do RICMS/02";"Recipientes para gases comprimidos ou liquefeitos, de ferro fundido, ferro ou aço, exceto o descrito no item 18.0"
7320;0102000;50.22;19;S;"Autopecas";"RICMS/SE - Decreto 21.400/2002 c/c PT 97/10";"Art. 681, XVI, e Anexo IX, Tabela VI do RICMS/02";"Molas e folhas de molas, de ferro ou aço"
7325;0102100;50.22;19;S;"Autopecas";"RICMS/SE - Decreto 21.400/2002 c/c PT 97/10";"Art. 681, XVI, e Anexo IX, Tabela VI do RICMS/02";"Obras moldadas, de ferro fundido, ferro ou aço, exceto as do código 7325.91.00"
780600;0102200;50.22;19;S;"Autopecas";"RICMS/SE - Decreto 21.400/2002 c/c PT 97/10";"Art. 681, XVI, e Anexo IX, Tabela VI do RICMS/02";"Peso de chumbo para balanceamento de roda"
80070090;0102300;50.22;19;S;"Autopecas";"RICMS/SE - Decreto 21.400/2002 c/c PT 97/10";"Art. 681, XVI, e Anexo IX, Tabela VI do RICMS/02";"Peso para balanceamento de roda e outros utensílios de estanho"
830120;0102400;50.22;19;S;"Autopecas";"RICMS/SE - Decreto 21.400/2002 c/c PT 97/10";"Art. 681, XVI, e Anexo IX, Tabela VI do RICMS/02";"Fechaduras e partes de fechaduras"
830160;0102400;50.22;19;S;"Autopecas";"RICMS/SE - Decreto 21.400/2002 c/c PT 97/10";"Art. 681, XVI, e Anexo IX, Tabela VI do RICMS/02";"Fechaduras e partes de fechaduras"
830170;0102500;50.22;19;S;"Autopecas";"RICMS/SE - Decreto 21.400/2002 c/c PT 97/10";"Art. 681, XVI, e Anexo IX, Tabela VI do RICMS/02";"Chaves apresentadas isoladamente"
83021000;0102600;50.22;19;S;"Autopecas";"RICMS/SE - Decreto 21.400/2002 c/c PT 97/10";"Art. 681, XVI, e Anexo IX, Tabela VI do RICMS/02";"Dobradiças, guarnições, ferragens e artigos semelhantes de metais comuns"
83023000;0102600;50.22;19;S;"Autopecas";"RICMS/SE - Decreto 21.400/2002 c/c PT 97/10";"Art. 681, XVI, e Anexo IX, Tabela VI do RICMS/02";"Dobradiças, guarnições, ferragens e artigos semelhantes de metais comuns"
831000;0102700;50.22;19;S;"Autopecas";"RICMS/SE - Decreto 21.400/2002 c/c PT 97/10";"Art. 681, XVI, e Anexo IX, Tabela VI do RICMS/02";"Triângulo de segurança"
84073;0102800;50.22;19;S;"Autopecas";"RICMS/SE - Decreto 21.400/2002 c/c PT 97/10";"Art. 681, XVI, e Anexo IX, Tabela VI do RICMS/02";"Motores de pistão alternativo dos tipos utilizados para propulsão de veículos do Capítulo 87"
840820;0102900;50.22;19;S;"Autopecas";"RICMS/SE - Decreto 21.400/2002 c/c PT 97/10";"Art. 681, XVI, e Anexo IX, Tabela VI do RICMS/02";"Motores dos tipos utilizados para propulsão de veículos automotores"
84099;0103000;50.22;19;S;"Autopecas";"RICMS/SE - Decreto 21.400/2002 c/c PT 97/10";"Art. 681, XVI, e Anexo IX, Tabela VI do RICMS/02";"Partes reconhecíveis como exclusiva ou principalmente destinadas aos motores das posições 8407 ou 8408"
84122;0103100;50.22;19;S;"Autopecas";"RICMS/SE - Decreto 21.400/2002 c/c PT 97/10";"Art. 681, XVI, e Anexo IX, Tabela VI do RICMS/02";"Motores hidráulicos"
841330;0103200;50.22;19;S;"Autopecas";"RICMS/SE - Decreto 21.400/2002 c/c PT 97/10";"Art. 681, XVI, e Anexo IX, Tabela VI do RICMS/02";"Bombas para combustíveis, lubrificantes ou líquidos de arrefecimento, próprias para motores de ignição por centelha ou por compressão"
84141000;0103300;50.22;19;S;"Autopecas";"RICMS/SE - Decreto 21.400/2002 c/c PT 97/10";"Art. 681, XVI, e Anexo IX, Tabela VI do RICMS/02";"Bombas de vácuo"
8414801;0103400;50.22;19;S;"Autopecas";"RICMS/SE - Decreto 21.400/2002 c/c PT 97/10";"Art. 681, XVI, e Anexo IX, Tabela VI do RICMS/02";"Compressores e turbocompressores de ar"
8414802;0103400;50.22;19;S;"Autopecas";"RICMS/SE - Decreto 21.400/2002 c/c PT 97/10";"Art. 681, XVI, e Anexo IX, Tabela VI do RICMS/02";"Compressores e turbocompressores de ar"
84139190;0103500;50.22;19;S;"Autopecas";"RICMS/SE - Decreto 21.400/2002 c/c PT 97/10";"Art. 681, XVI, e Anexo IX, Tabela VI do RICMS/02";"Partes das bombas, compressores e turbocompressores dos CEST 01.032.00, 01.033.00 e 01.034.00"
84149010;0103500;50.22;19;S;"Autopecas";"RICMS/SE - Decreto 21.400/2002 c/c PT 97/10";"Art. 681, XVI, e Anexo IX, Tabela VI do RICMS/02";"Partes das bombas, compressores e turbocompressores dos CEST 01.032.00, 01.033.00 e 01.034.00"
8414903;0103500;50.22;19;S;"Autopecas";"RICMS/SE - Decreto 21.400/2002 c/c PT 97/10";"Art. 681, XVI, e Anexo IX, Tabela VI do RICMS/02";"Partes das bombas, compressores e turbocompressores dos CEST 01.032.00, 01.033.00 e 01.034.00"
84149039;0103500;50.22;19;S;"Autopecas";"RICMS/SE - Decreto 21.400/2002 c/c PT 97/10";"Art. 681, XVI, e Anexo IX, Tabela VI do RICMS/02";"Partes das bombas, compressores e turbocompressores dos CEST 01.032.00, 01.033.00 e 01.034.00"
841520;0103600;50.22;19;S;"Autopecas";"RICMS/SE - Decreto 21.400/2002 c/c PT 97/10";"Art. 681, XVI, e Anexo IX, Tabela VI do RICMS/02";"Máquinas e aparelhos de ar condicionado"
8419;0103700;50.22;19;S;"Autopecas";"RICMS/SE - Decreto 21.400/2002 c/c PT 97/10";"Art. 681, XVI, e Anexo IX, Tabela VI do RICMS/02";"Aparelhos para filtrar óleos minerais nos motores de ignição por centelha ou por compressão"
84212990;0103800;50.22;19;S;"Autopecas";"RICMS/SE - Decreto 21.400/2002 c/c PT 97/10";"Art. 681, XVI, e Anexo IX, Tabela VI do RICMS/02";"Filtros a vácuo"
84219;0103900;50.22;19;S;"Autopecas";"RICMS/SE - Decreto 21.400/2002 c/c PT 97/10";"Art. 681, XVI, e Anexo IX, Tabela VI do RICMS/02";"Partes dos aparelhos para filtrar ou depurar líquidos ou gases"
84241000;0104000;50.22;19;S;"Autopecas";"RICMS/SE - Decreto 21.400/2002 c/c PT 97/10";"Art. 681, XVI, e Anexo IX, Tabela VI do RICMS/02";"Extintores, mesmo carregados"
84213100;0104100;50.22;19;S;"Autopecas";"RICMS/SE - Decreto 21.400/2002 c/c PT 97/10";"Art. 681, XVI, e Anexo IX, Tabela VI do RICMS/02";"Filtros de entrada de ar para motores de ignição por centelha ou por compressão"
84213920;0104200;50.22;19;S;"Autopecas";"RICMS/SE - Decreto 21.400/2002 c/c PT 97/10";"Art. 681, XVI, e Anexo IX, Tabela VI do RICMS/02";"Depuradores por conversão catalítica de gases de escape"
84254200;0104300;50.22;19;S;"Autopecas";"RICMS/SE - Decreto 21.400/2002 c/c PT 97/10";"Art. 681, XVI, e Anexo IX, Tabela VI do RICMS/02";"Macacos"
84311010;0104400;50.22;19;S;"Autopecas";"RICMS/SE - Decreto 21.400/2002 c/c PT 97/10";"Art. 681, XVI, e Anexo IX, Tabela VI do RICMS/02";"Partes para macacos do CEST 01.043.00"
8431492;0104500;50.22;19;S;"Autopecas";"RICMS/SE - Decreto 21.400/2002 c/c PT 97/10";"Art. 681, XVI, e Anexo IX, Tabela VI do RICMS/02";"Partes reconhecíveis como exclusiva ou principalmente destinadas às máquinas agrícolas ou rodoviárias"
84339090;0104501;50.22;19;S;"Autopecas";"RICMS/SE - Decreto 21.400/2002 c/c PT 97/10";"Art. 681, XVI, e Anexo IX, Tabela VI do RICMS/02";"Partes reconhecíveis como exclusiva ou principalmente destinadas às máquinas agrícolas ou rodoviárias"
84811000;0104600;50.22;19;S;"Autopecas";"RICMS/SE - Decreto 21.400/2002 c/c PT 97/10";"Art. 681, XVI, e Anexo IX, Tabela VI do RICMS/02";"Válvulas redutoras de pressão"
84812;0104700;50.22;19;S;"Autopecas";"RICMS/SE - Decreto 21.400/2002 c/c PT 97/10";"Art. 681, XVI, e Anexo IX, Tabela VI do RICMS/02";"Válvulas para transmissão óleo-hidráulicas ou pneumáticas"
84818092;0104800;50.22;19;S;"Autopecas";"RICMS/SE - Decreto 21.400/2002 c/c PT 97/10";"Art. 681, XVI, e Anexo IX, Tabela VI do RICMS/02";"Válvulas solenoides"
8482;0104900;50.22;19;S;"Autopecas";"RICMS/SE - Decreto 21.400/2002 c/c PT 97/10";"Art. 681, XVI, e Anexo IX, Tabela VI do RICMS/02";"Rolamentos"
8483;0105000;50.22;19;S;"Autopecas";"RICMS/SE - Decreto 21.400/2002 c/c PT 97/10";"Art. 681, XVI, e Anexo IX, Tabela VI do RICMS/02";"Árvores de transmissão (incluídas as árvores de “cames” e virabrequins) e manivelas; mancais e “bronzes”; engrenagens e rodas de fricção; eixos de esferas ou de roletes; redutores, multiplicadores, caixas de transmissão e variadores de velocidade, incluídos os conversores de torque; volantes e polias, incluídas as polias para cadernais; embreagens e dispositivos de acoplamento, incluídas as juntas de articulação"
8484;0105100;50.22;19;S;"Autopecas";"RICMS/SE - Decreto 21.400/2002 c/c PT 97/10";"Art. 681, XVI, e Anexo IX, Tabela VI do RICMS/02";"Juntas metaloplásticas; jogos ou sortidos de juntas de composições diferentes, apresentados em bolsas, envelopes ou embalagens semelhantes; juntas de vedação mecânicas (selos mecânicos)"
850520;0105200;50.22;19;S;"Autopecas";"RICMS/SE - Decreto 21.400/2002 c/c PT 97/10";"Art. 681, XVI, e Anexo IX, Tabela VI do RICMS/02";"Acoplamentos, embreagens, variadores de velocidade e freios, eletromagnéticos"
850710;0105300;50.22;19;S;"Autopecas";"RICMS/SE - Decreto 21.400/2002 c/c PT 97/10";"Art. 681, XVI, e Anexo IX, Tabela VI do RICMS/02";"Acumuladores elétricos de chumbo, do tipo utilizado para o arranque dos motores de pistão"
85071010;0105301;50.22;19;S;"Autopecas";"RICMS/SE - Decreto 21.400/2002 c/c PT 97/10";"Art. 681, XVI, e Anexo IX, Tabela VI do RICMS/02";"Acumuladores elétricos de chumbo, do tipo utilizado para o arranque dos motores de pistão e de capacidade inferior ou igual a 20 Ah e tensão inferior ou igual a 12 V"
8511;0105400;50.22;19;S;"Autopecas";"RICMS/SE - Decreto 21.400/2002 c/c PT 97/10";"Art. 681, XVI, e Anexo IX, Tabela VI do RICMS/02";"Aparelhos e dispositivos elétricos de ignição ou de arranque para motores de ignição por centelha ou por compressão (por exemplo, magnetos, dínamos-magnetos, bobinas de ignição, velas de ignição ou de aquecimento, motores de arranque); geradores (dínamos e alternadores, por exemplo) e conjuntores-disjuntores utilizados com estes motores"
851220;0105500;50.22;19;S;"Autopecas";"RICMS/SE - Decreto 21.400/2002 c/c PT 97/10";"Art. 681, XVI, e Anexo IX, Tabela VI do RICMS/02";"Aparelhos elétricos de iluminação ou de sinalização (exceto os da posição 8539), limpadores de para-brisas, degeladores e desembaçadores (desembaciadores) elétricos e suas partes"
851440;0105500;50.22;19;S;"Autopecas";"RICMS/SE - Decreto 21.400/2002 c/c PT 97/10";"Art. 681, XVI, e Anexo IX, Tabela VI do RICMS/02";"Aparelhos elétricos de iluminação ou de sinalização (exceto os da posição 8539), limpadores de para-brisas, degeladores e desembaçadores (desembaciadores) elétricos e suas partes"
85149000;0105500;50.22;19;S;"Autopecas";"RICMS/SE - Decreto 21.400/2002 c/c PT 97/10";"Art. 681, XVI, e Anexo IX, Tabela VI do RICMS/02";"Aparelhos elétricos de iluminação ou de sinalização (exceto os da posição 8539), limpadores de para-brisas, degeladores e desembaçadores (desembaciadores) elétricos e suas partes"
85171213;0105600;50.22;19;S;"Autopecas";"RICMS/SE - Decreto 21.400/2002 c/c PT 97/10";"Art. 681, XVI, e Anexo IX, Tabela VI do RICMS/02";"Telefones móveis do tipo dos utilizados em veículos automóveis."
8518;0105700;50.22;19;S;"Autopecas";"RICMS/SE - Decreto 21.400/2002 c/c PT 97/10";"Art. 681, XVI, e Anexo IX, Tabela VI do RICMS/02";"Alto-falantes, amplificadores elétricos de audiofrequência e partes"
85185000;0105800;50.22;19;S;"Autopecas";"RICMS/SE - Decreto 21.400/2002 c/c PT 97/10";"Art. 681, XVI, e Anexo IX, Tabela VI do RICMS/02";"Aparelhos elétricos de amplificação de som para veículos automotores"
851981;0105900;50.22;19;S;"Autopecas";"RICMS/SE - Decreto 21.400/2002 c/c PT 97/10";"Art. 681, XVI, e Anexo IX, Tabela VI do RICMS/02";"Aparelhos de reprodução de som"
8525501;0106000;50.22;19;S;"Autopecas";"RICMS/SE - Decreto 21.400/2002 c/c PT 97/10";"Art. 681, XVI, e Anexo IX, Tabela VI do RICMS/02";"Aparelhos transmissores (emissores) de radiotelefonia ou radiotelegrafia (rádio receptor/transmissor)"
85256010;0106000;50.22;19;S;"Autopecas";"RICMS/SE - Decreto 21.400/2002 c/c PT 97/10";"Art. 681, XVI, e Anexo IX, Tabela VI do RICMS/02";"Aparelhos transmissores (emissores) de radiotelefonia ou radiotelegrafia (rádio receptor/transmissor)"
85272100;0106100;50.22;19;S;"Autopecas";"RICMS/SE - Decreto 21.400/2002 c/c PT 97/10";"Art. 681, XVI, e Anexo IX, Tabela VI do RICMS/02";"Aparelhos receptores de radiodifusão que só funcionem com fonte externa de energia combinados com um aparelho de gravação ou de reprodução de som, do tipo utilizado em veículos automóveis"
85272900;0106200;50.22;19;S;"Autopecas";"RICMS/SE - Decreto 21.400/2002 c/c PT 97/10";"Art. 681, XVI, e Anexo IX, Tabela VI do RICMS/02";"Outros aparelhos receptores de radiodifusão que só funcionem com fonte externa de energia, do tipo utilizado em veículos automóveis"
85219090;0106201;50.22;19;S;"Autopecas";"RICMS/SE - Decreto 21.400/2002 c/c PT 97/10";"Art. 681, XVI, e Anexo IX, Tabela VI do RICMS/02";"Outros aparelhos videofônicos de gravação ou de reprodução, mesmo incorporando um receptor de sinais videofônicos, dos tipos utilizados exclusivamente em veículos automotores"
85291090;0106300;50.22;19;S;"Autopecas";"RICMS/SE - Decreto 21.400/2002 c/c PT 97/10";"Art. 681, XVI, e Anexo IX, Tabela VI do RICMS/02";"Antenas"
853400;0106400;50.22;19;S;"Autopecas";"RICMS/SE - Decreto 21.400/2002 c/c PT 97/10";"Art. 681, XVI, e Anexo IX, Tabela VI do RICMS/02";"Circuitos impressos"
853530;0106500;50.22;19;S;"Autopecas";"RICMS/SE - Decreto 21.400/2002 c/c PT 97/10";"Art. 681, XVI, e Anexo IX, Tabela VI do RICMS/02";"Interruptores e seccionadores e comutadores"
853650;0106500;50.22;19;S;"Autopecas";"RICMS/SE - Decreto 21.400/2002 c/c PT 97/10";"Art. 681, XVI, e Anexo IX, Tabela VI do RICMS/02";"Interruptores e seccionadores e comutadores"
85361000;0106600;50.22;19;S;"Autopecas";"RICMS/SE - Decreto 21.400/2002 c/c PT 97/10";"Art. 681, XVI, e Anexo IX, Tabela VI do RICMS/02";"Fusíveis e corta-circuitos de fusíveis"
85362000;0106700;50.22;19;S;"Autopecas";"RICMS/SE - Decreto 21.400/2002 c/c PT 97/10";"Art. 681, XVI, e Anexo IX, Tabela VI do RICMS/02";"Disjuntores"
85364;0106800;50.22;19;S;"Autopecas";"RICMS/SE - Decreto 21.400/2002 c/c PT 97/10";"Art. 681, XVI, e Anexo IX, Tabela VI do RICMS/02";"Relés"
8538;0106900;50.22;19;S;"Autopecas";"RICMS/SE - Decreto 21.400/2002 c/c PT 97/10";"Art. 681, XVI, e Anexo IX, Tabela VI do RICMS/02";"Partes reconhecíveis como exclusivas ou principalmente destinados aos aparelhos dos CEST 01.065.00, 01.066.00, 01.067.00 e 01.068.00"
853910;0107000;50.22;19;S;"Autopecas";"RICMS/SE - Decreto 21.400/2002 c/c PT 97/10";"Art. 681, XVI, e Anexo IX, Tabela VI do RICMS/02";"Faróis e projetores, em unidades seladas"
85392;0107100;50.22;19;S;"Autopecas";"RICMS/SE - Decreto 21.400/2002 c/c PT 97/10";"Art. 681, XVI, e Anexo IX, Tabela VI do RICMS/02";"Lâmpadas e tubos de incandescência, exceto de raios ultravioleta ou infravermelhos"
85442000;0107200;50.22;19;S;"Autopecas";"RICMS/SE - Decreto 21.400/2002 c/c PT 97/10";"Art. 681, XVI, e Anexo IX, Tabela VI do RICMS/02";"Cabos coaxiais e outros condutores elétricos coaxiais"
85443000;0107300;50.22;19;S;"Autopecas";"RICMS/SE - Decreto 21.400/2002 c/c PT 97/10";"Art. 681, XVI, e Anexo IX, Tabela VI do RICMS/02";"Jogos de fios para velas de ignição e outros jogos de fios"
8707;0107400;50.22;19;S;"Autopecas";"RICMS/SE - Decreto 21.400/2002 c/c PT 97/10";"Art. 681, XVI, e Anexo IX, Tabela VI do RICMS/02";"Carroçarias para os veículos automóveis das posições 8701 a 8705, incluídas as cabinas"
8708;0107500;50.22;19;S;"Autopecas";"RICMS/SE - Decreto 21.400/2002 c/c PT 97/10";"Art. 681, XVI, e Anexo IX, Tabela VI do RICMS/02";"Partes e acessórios dos veículos automóveis das posições 8701 a 8705"
87141;0107600;50.22;19;S;"Autopecas";"RICMS/SE - Decreto 21.400/2002 c/c PT 97/10";"Art. 681, XVI, e Anexo IX, Tabela VI do RICMS/02";"Parte e acessórios de motocicletas (incluídos os ciclomotores)"
87169090;0107700;50.22;19;S;"Autopecas";"RICMS/SE - Decreto 21.400/2002 c/c PT 97/10";"Art. 681, XVI, e Anexo IX, Tabela VI do RICMS/02";"Engates para reboques e semirreboques"
902610;0107800;50.22;19;S;"Autopecas";"RICMS/SE - Decreto 21.400/2002 c/c PT 97/10";"Art. 681, XVI, e Anexo IX, Tabela VI do RICMS/02";"Medidores de nível; Medidores de vazão"
902620;0107900;50.22;19;S;"Autopecas";"RICMS/SE - Decreto 21.400/2002 c/c PT 97/10";"Art. 681, XVI, e Anexo IX, Tabela VI do RICMS/02";"Aparelhos para medida ou controle da pressão"
9029;0108000;50.22;19;S;"Autopecas";"RICMS/SE - Decreto 21.400/2002 c/c PT 97/10";"Art. 681, XVI, e Anexo IX, Tabela VI do RICMS/02";"Contadores, indicadores de velocidade e tacômetros, suas partes e acessórios"
90303321;0108100;50.22;19;S;"Autopecas";"RICMS/SE - Decreto 21.400/2002 c/c PT 97/10";"Art. 681, XVI, e Anexo IX, Tabela VI do RICMS/02";"Amperímetros"
90318040;0108200;50.22;19;S;"Autopecas";"RICMS/SE - Decreto 21.400/2002 c/c PT 97/10";"Art. 681, XVI, e Anexo IX, Tabela VI do RICMS/02";"Aparelhos digitais, de uso em veículos automóveis, para medida e indicação de múltiplas grandezas tais como: velocidade média, consumos instantâneo e médio e autonomia (computador de bordo)"
9032892;0108300;50.22;19;S;"Autopecas";"RICMS/SE - Decreto 21.400/2002 c/c PT 97/10";"Art. 681, XVI, e Anexo IX, Tabela VI do RICMS/02";"Controladores eletrônicos"
91040000;0108400;50.22;19;S;"Autopecas";"RICMS/SE - Decreto 21.400/2002 c/c PT 97/10";"Art. 681, XVI, e Anexo IX, Tabela VI do RICMS/02";"Relógios para painéis de instrumentos e relógios semelhantes"
94012000;0108500;50.22;19;S;"Autopecas";"RICMS/SE - Decreto 21.400/2002 c/c PT 97/10";"Art. 681, XVI, e Anexo IX, Tabela VI do RICMS/02";"Assentos e partes de assentos"
94019090;0108500;50.22;19;S;"Autopecas";"RICMS/SE - Decreto 21.400/2002 c/c PT 97/10";"Art. 681, XVI, e Anexo IX, Tabela VI do RICMS/02";"Assentos e partes de assentos"
96138000;0108600;50.22;19;S;"Autopecas";"RICMS/SE - Decreto 21.400/2002 c/c PT 97/10";"Art. 681, XVI, e Anexo IX, Tabela VI do RICMS/02";"Acendedores"
4009;0108700;50.22;19;S;"Autopecas";"RICMS/SE - Decreto 21.400/2002 c/c PT 97/10";"Art. 681, XVI, e Anexo IX, Tabela VI do RICMS/02";"Tubos de borracha vulcanizada não endurecida, mesmo providos de seus acessórios"
45049000;0108800;50.22;19;S;"Autopecas";"RICMS/SE - Decreto 21.400/2002 c/c PT 97/10";"Art. 681, XVI, e Anexo IX, Tabela VI do RICMS/02";"Juntas de vedação de cortiça natural e de amianto"
68129910;0108800;50.22;19;S;"Autopecas";"RICMS/SE - Decreto 21.400/2002 c/c PT 97/10";"Art. 681, XVI, e Anexo IX, Tabela VI do RICMS/02";"Juntas de vedação de cortiça natural e de amianto"
48234000;0108900;50.22;19;S;"Autopecas";"RICMS/SE - Decreto 21.400/2002 c/c PT 97/10";"Art. 681, XVI, e Anexo IX, Tabela VI do RICMS/02";"Papel-diagrama para tacógrafo, em disco"
39191000;0109000;50.22;19;S;"Autopecas";"RICMS/SE - Decreto 21.400/2002 c/c PT 97/10";"Art. 681, XVI, e Anexo IX, Tabela VI do RICMS/02";"Fitas, tiras, adesivos, autocolantes, de plástico, refletores, mesmo em rolos; placas metálicas com película de plástico refletora, próprias para colocação em carrocerias, para-choques de veículos de carga, motocicletas, ciclomotores, capacetes, bonés de agentes de trânsito e de condutores de veículos, atuando como dispositivos refletivos de segurança rodoviários"
39199000;0109000;50.22;19;S;"Autopecas";"RICMS/SE - Decreto 21.400/2002 c/c PT 97/10";"Art. 681, XVI, e Anexo IX, Tabela VI do RICMS/02";"Fitas, tiras, adesivos, autocolantes, de plástico, refletores, mesmo em rolos; placas metálicas com película de plástico refletora, próprias para colocação em carrocerias, para-choques de veículos de carga, motocicletas, ciclomotores, capacetes, bonés de agentes de trânsito e de condutores de veículos, atuando como dispositivos refletivos de segurança rodoviários"
87082999;0109000;50.22;19;S;"Autopecas";"RICMS/SE - Decreto 21.400/2002 c/c PT 97/10";"Art. 681, XVI, e Anexo IX, Tabela VI do RICMS/02";"Fitas, tiras, adesivos, autocolantes, de plástico, refletores, mesmo em rolos; placas metálicas com película de plástico refletora, próprias para colocação em carrocerias, para-choques de veículos de carga, motocicletas, ciclomotores, capacetes, bonés de agentes de trânsito e de condutores de veículos, atuando como dispositivos refletivos de segurança rodoviários"
84123110;0109100;50.22;19;S;"Autopecas";"RICMS/SE - Decreto 21.400/2002 c/c PT 97/10";"Art. 681, XVI, e Anexo IX, Tabela VI do RICMS/02";"Cilindros pneumáticos"
84131900;0109200;50.22;19;S;"Autopecas";"RICMS/SE - Decreto 21.400/2002 c/c PT 97/10";"Art. 681, XVI, e Anexo IX, Tabela VI do RICMS/02";"Bomba elétrica de lavador de para-brisa"
84135090;0109200;50.22;19;S;"Autopecas";"RICMS/SE - Decreto 21.400/2002 c/c PT 97/10";"Art. 681, XVI, e Anexo IX, Tabela VI do RICMS/02";"Bomba elétrica de lavador de para-brisa"
84138100;0109200;50.22;19;S;"Autopecas";"RICMS/SE - Decreto 21.400/2002 c/c PT 97/10";"Art. 681, XVI, e Anexo IX, Tabela VI do RICMS/02";"Bomba elétrica de lavador de para-brisa"
84136019;0109300;50.22;19;S;"Autopecas";"RICMS/SE - Decreto 21.400/2002 c/c PT 97/10";"Art. 681, XVI, e Anexo IX, Tabela VI do RICMS/02";"Bomba de assistência de direção hidráulica"
84137010;0109300;50.22;19;S;"Autopecas";"RICMS/SE - Decreto 21.400/2002 c/c PT 97/10";"Art. 681, XVI, e Anexo IX, Tabela VI do RICMS/02";"Bomba de assistência de direção hidráulica"
84145910;0109400;50.22;19;S;"Autopecas";"RICMS/SE - Decreto 21.400/2002 c/c PT 97/10";"Art. 681, XVI, e Anexo IX, Tabela VI do RICMS/02";"Motoventiladores"
84145990;0109400;50.22;19;S;"Autopecas";"RICMS/SE - Decreto 21.400/2002 c/c PT 97/10";"Art. 681, XVI, e Anexo IX, Tabela VI do RICMS/02";"Motoventiladores"
84213990;0109500;50.22;19;S;"Autopecas";"RICMS/SE - Decreto 21.400/2002 c/c PT 97/10";"Art. 681, XVI, e Anexo IX, Tabela VI do RICMS/02";"Filtros de pólen do ar-condicionado"
85011019;0109600;50.22;19;S;"Autopecas";"RICMS/SE - Decreto 21.400/2002 c/c PT 97/10";"Art. 681, XVI, e Anexo IX, Tabela VI do RICMS/02";"“Máquina” de vidro elétrico de porta"
85013110;0109700;50.22;19;S;"Autopecas";"RICMS/SE - Decreto 21.400/2002 c/c PT 97/10";"Art. 681, XVI, e Anexo IX, Tabela VI do RICMS/02";"Motor de limpador de para-brisa"
85045000;0109800;50.22;19;S;"Autopecas";"RICMS/SE - Decreto 21.400/2002 c/c PT 97/10";"Art. 681, XVI, e Anexo IX, Tabela VI do RICMS/02";"Bobinas de reatância e de autoindução"
850720;0109900;50.22;19;S;"Autopecas";"RICMS/SE - Decreto 21.400/2002 c/c PT 97/10";"Art. 681, XVI, e Anexo IX, Tabela VI do RICMS/02";"Baterias de chumbo e de níquel-cádmio"
850730;0109900;50.22;19;S;"Autopecas";"RICMS/SE - Decreto 21.400/2002 c/c PT 97/10";"Art. 681, XVI, e Anexo IX, Tabela VI do RICMS/02";"Baterias de chumbo e de níquel-cádmio"
85123000;0110000;50.22;19;S;"Autopecas";"RICMS/SE - Decreto 21.400/2002 c/c PT 97/10";"Art. 681, XVI, e Anexo IX, Tabela VI do RICMS/02";"Aparelhos de sinalização acústica (buzina)"
9032898;0110100;50.22;19;S;"Autopecas";"RICMS/SE - Decreto 21.400/2002 c/c PT 97/10";"Art. 681, XVI, e Anexo IX, Tabela VI do RICMS/02";"Instrumentos para regulação de grandezas não elétricas"
9032899;0110100;50.22;19;S;"Autopecas";"RICMS/SE - Decreto 21.400/2002 c/c PT 97/10";"Art. 681, XVI, e Anexo IX, Tabela VI do RICMS/02";"Instrumentos para regulação de grandezas não elétricas"
90271000;0110200;50.22;19;S;"Autopecas";"RICMS/SE - Decreto 21.400/2002 c/c PT 97/10";"Art. 681, XVI, e Anexo IX, Tabela VI do RICMS/02";"Analisadores de gases ou de fumaça (sonda lambda)"
40081100;0110300;50.22;19;S;"Autopecas";"RICMS/SE - Decreto 21.400/2002 c/c PT 97/10";"Art. 681, XVI, e Anexo IX, Tabela VI do RICMS/02";"Perfilados de borracha vulcanizada não endurecida"
56012219;0110400;50.22;19;S;"Autopecas";"RICMS/SE - Decreto 21.400/2002 c/c PT 97/10";"Art. 681, XVI, e Anexo IX, Tabela VI do RICMS/02";"Artefatos de pasta de fibra de uso automotivo"
57032000;0110500;50.22;19;S;"Autopecas";"RICMS/SE - Decreto 21.400/2002 c/c PT 97/10";"Art. 681, XVI, e Anexo IX, Tabela VI do RICMS/02";"Tapetes/carpetes - nailón"
57033000;0110600;50.22;19;S;"Autopecas";"RICMS/SE - Decreto 21.400/2002 c/c PT 97/10";"Art. 681, XVI, e Anexo IX, Tabela VI do RICMS/02";"Tapetes de matérias têxteis sintéticas"
59119000;0110700;50.22;19;S;"Autopecas";"RICMS/SE - Decreto 21.400/2002 c/c PT 97/10";"Art. 681, XVI, e Anexo IX, Tabela VI do RICMS/02";"Forração interior capacete"
69039099;0110800;50.22;19;S;"Autopecas";"RICMS/SE - Decreto 21.400/2002 c/c PT 97/10";"Art. 681, XVI, e Anexo IX, Tabela VI do RICMS/02";"Outros para-brisas"
70072900;0110900;50.22;19;S;"Autopecas";"RICMS/SE - Decreto 21.400/2002 c/c PT 97/10";"Art. 681, XVI, e Anexo IX, Tabela VI do RICMS/02";"Moldura com espelho"
73145000;0111000;50.22;19;S;"Autopecas";"RICMS/SE - Decreto 21.400/2002 c/c PT 97/10";"Art. 681, XVI, e Anexo IX, Tabela VI do RICMS/02";"Corrente de transmissão"
73151100;0111100;50.22;19;S;"Autopecas";"RICMS/SE - Decreto 21.400/2002 c/c PT 97/10";"Art. 681, XVI, e Anexo IX, Tabela VI do RICMS/02";"Corrente transmissão"
73151210;0111200;50.22;19;S;"Autopecas";"RICMS/SE - Decreto 21.400/2002 c/c PT 97/10";"Art. 681, XVI, e Anexo IX, Tabela VI do RICMS/02";"Outras correntes de transmissão"
84189900;0111300;50.22;19;S;"Autopecas";"RICMS/SE - Decreto 21.400/2002 c/c PT 97/10";"Art. 681, XVI, e Anexo IX, Tabela VI do RICMS/02";"Condensador tubular metálico"
841950;0111400;50.22;19;S;"Autopecas";"RICMS/SE - Decreto 21.400/2002 c/c PT 97/10";"Art. 681, XVI, e Anexo IX, Tabela VI do RICMS/02";"Trocadores de calor"
84249090;0111500;50.22;19;S;"Autopecas";"RICMS/SE - Decreto 21.400/2002 c/c PT 97/10";"Art. 681, XVI, e Anexo IX, Tabela VI do RICMS/02";"Partes de aparelhos mecânicos de pulverizar ou dispersar"
84254910;0111600;50.22;19;S;"Autopecas";"RICMS/SE - Decreto 21.400/2002 c/c PT 97/10";"Art. 681, XVI, e Anexo IX, Tabela VI do RICMS/02";"Macacos manuais para veículos"
84314100;0111700;50.22;19;S;"Autopecas";"RICMS/SE - Decreto 21.400/2002 c/c PT 97/10";"Art. 681, XVI, e Anexo IX, Tabela VI do RICMS/02";"Caçambas, pás, ganchos e tenazes para máquinas rodoviárias"
85016100;0111800;50.22;19;S;"Autopecas";"RICMS/SE - Decreto 21.400/2002 c/c PT 97/10";"Art. 681, XVI, e Anexo IX, Tabela VI do RICMS/02";"Geradores de corrente alternada de potência não superior a 75 kva"
85311090;0111900;50.22;19;S;"Autopecas";"RICMS/SE - Decreto 21.400/2002 c/c PT 97/10";"Art. 681, XVI, e Anexo IX, Tabela VI do RICMS/02";"Aparelhos elétricos para alarme de uso automotivo"
90141000;0112000;50.22;19;S;"Autopecas";"RICMS/SE - Decreto 21.400/2002 c/c PT 97/10";"Art. 681, XVI, e Anexo IX, Tabela VI do RICMS/02";"Bússolas"
90251990;0112100;50.22;19;S;"Autopecas";"RICMS/SE - Decreto 21.400/2002 c/c PT 97/10";"Art. 681, XVI, e Anexo IX, Tabela VI do RICMS/02";"Indicadores de temperatura"
90259010;0112200;50.22;19;S;"Autopecas";"RICMS/SE - Decreto 21.400/2002 c/c PT 97/10";"Art. 681, XVI, e Anexo IX, Tabela VI do RICMS/02";"Partes de indicadores de temperatura"
902690;0112300;50.22;19;S;"Autopecas";"RICMS/SE - Decreto 21.400/2002 c/c PT 97/10";"Art. 681, XVI, e Anexo IX, Tabela VI do RICMS/02";"Partes de aparelhos de medida ou controle"
90321010;0112400;50.22;19;S;"Autopecas";"RICMS/SE - Decreto 21.400/2002 c/c PT 97/10";"Art. 681, XVI, e Anexo IX, Tabela VI do RICMS/02";"Termostatos"
90321090;0112500;50.22;19;S;"Autopecas";"RICMS/SE - Decreto 21.400/2002 c/c PT 97/10";"Art. 681, XVI, e Anexo IX, Tabela VI do RICMS/02";"Instrumentos e aparelhos para regulação"
90322000;0112600;50.22;19;S;"Autopecas";"RICMS/SE - Decreto 21.400/2002 c/c PT 97/10";"Art. 681, XVI, e Anexo IX, Tabela VI do RICMS/02";"Pressostatos"
871690;0112700;50.22;19;S;"Autopecas";"RICMS/SE - Decreto 21.400/2002 c/c PT 97/10";"Art. 681, XVI, e Anexo IX, Tabela VI do RICMS/02";"Peças para reboques e semirreboques, exceto os itens classificados no CEST 01.077.00"
73229010;0112800;50.22;19;S;"Autopecas";"RICMS/SE - Decreto 21.400/2002 c/c PT 97/10";"Art. 681, XVI, e Anexo IX, Tabela VI do RICMS/02";"Geradores de ar quente a combustível líquido, com capacidade superior ou igual a 1.500 kcal/h, mas inferior ou igual a 10.400 kcal/h, do tipo dos utilizados em veículos automóveis"
22011000;0300300;;19;S;"Água mineral";"RICMS/SE - Decreto 21.400/2002 c/c PT 11/91";"Art. 681, I do RICMS/02 e Port. 264/2023";"San Pellegrino"
22019000;0300300;;19;S;"Água mineral";"RICMS/SE - Decreto 21.400/2002 c/c PT 11/91";"Art. 681, I do RICMS/02 e Port. 264/2023";"San Pellegrino"
22011000;0300300;;19;S;"Água mineral";"RICMS/SE - Decreto 21.400/2002 c/c PT 11/91";"Art. 681, I do RICMS/02 e Port. 264/2023";"Outras importadas"
22019000;0300300;;19;S;"Água mineral";"RICMS/SE - Decreto 21.400/2002 c/c PT 11/91";"Art. 681, I do RICMS/02 e Port. 264/2023";"Outras importadas"
22011000;0300300;;19;S;"Água mineral";"RICMS/SE - Decreto 21.400/2002 c/c PT 11/91";"Art. 681, I do RICMS/02 e Port. 264/2023";"Outras nacionais"
22019000;0300300;;19;S;"Água mineral";"RICMS/SE - Decreto 21.400/2002 c/c PT 11/91";"Art. 681, I do RICMS/02 e Port. 264/2023";"Outras nacionais"
22011000;0300300;;19;S;"Água mineral";"RICMS/SE - Decreto 21.400/2002 c/c PT 11/91";"Art. 681, I do RICMS/02 e Port. 264/2023";"Acqua Panna 250 ml"
22019000;0300300;;19;S;"Água mineral";"RICMS/SE - Decreto 21.400/2002 c/c PT 11/91";"Art. 681, I do RICMS/02 e Port. 264/2023";"Acqua Panna 250 ml"
22011000;0300300;;19;S;"Água mineral";"RICMS/SE - Decreto 21.400/2002 c/c PT 11/91";"Art. 681, I do RICMS/02 e Port. 264/2023";"Acqua Panna 500 a 505 ml"
22019000;0300300;;19;S;"Água mineral";"RICMS/SE - Decreto 21.400/2002 c/c PT 11/91";"Art. 681, I do RICMS/02 e Port. 264/2023";"Acqua Panna 500 a 505 ml"
22011000;0300300;;19;S;"Água mineral";"RICMS/SE - Decreto 21.400/2002 c/c PT 11/91";"Art. 681, I do RICMS/02 e Port. 264/2023";"Minalba Premium"
22019000;0300300;;19;S;"Água mineral";"RICMS/SE - Decreto 21.400/2002 c/c PT 11/91";"Art. 681, I do RICMS/02 e Port. 264/2023";"Minalba Premium"
22011000;0300300;;19;S;"Água mineral";"RICMS/SE - Decreto 21.400/2002 c/c PT 11/91";"Art. 681, I do RICMS/02 e Port. 264/2023";"Todas (importadas)"
22019000;0300300;;19;S;"Água mineral";"RICMS/SE - Decreto 21.400/2002 c/c PT 11/91";"Art. 681, I do RICMS/02 e Port. 264/2023";"Todas (importadas)"
22011000;0300300;;19;S;"Água mineral";"RICMS/SE - Decreto 21.400/2002 c/c PT 11/91";"Art. 681, I do RICMS/02 e Port. 264/2023";"Todas (nacionais)"
22019000;0300300;;19;S;"Água mineral";"RICMS/SE - Decreto 21.400/2002 c/c PT 11/91";"Art. 681, I do RICMS/02 e Port. 264/2023";"Todas (nacionais)"
22011000;0300300;;19;S;"Água mineral";"RICMS/SE - Decreto 21.400/2002 c/c PT 11/91";"Art. 681, I do RICMS/02 e Port. 264/2023";"Acqua Panna 250 ml"
22019000;0300300;;19;S;"Água mineral";"RICMS/SE - Decreto 21.400/2002 c/c PT 11/91";"Art. 681, I do RICMS/02 e Port. 264/2023";"Acqua Panna 250 ml"
22011000;0300300;;19;S;"Água mineral";"RICMS/SE - Decreto 21.400/2002 c/c PT 11/91";"Art. 681, I do RICMS/02 e Port. 264/2023";"Minalba Premium"
22019000;0300300;;19;S;"Água mineral";"RICMS/SE - Decreto 21.400/2002 c/c PT 11/91";"Art. 681, I do RICMS/02 e Port. 264/2023";"Minalba Premium"
22011000;0300300;;19;S;"Água mineral";"RICMS/SE - Decreto 21.400/2002 c/c PT 11/91";"Art. 681, I do RICMS/02 e Port. 264/2023";"Todas (importadas)"
22019000;0300300;;19;S;"Água mineral";"RICMS/SE - Decreto 21.400/2002 c/c PT 11/91";"Art. 681, I do RICMS/02 e Port. 264/2023";"Todas (importadas)"
22011000;0300300;;19;S;"Água mineral";"RICMS/SE - Decreto 21.400/2002 c/c PT 11/91";"Art. 681, I do RICMS/02 e Port. 264/2023";"Todas (nacionais)"
22019000;0300300;;19;S;"Água mineral";"RICMS/SE - Decreto 21.400/2002 c/c PT 11/91";"Art. 681, I do RICMS/02 e Port. 264/2023";"Todas (nacionais)"
22011000;0300300;;19;S;"Água mineral";"RICMS/SE - Decreto 21.400/2002 c/c PT 11/91";"Art. 681, I do RICMS/02 e Port. 264/2023";"San Pellegrino"
22019000;0300300;;19;S;"Água mineral";"RICMS/SE - Decreto 21.400/2002 c/c PT 11/91";"Art. 681, I do RICMS/02 e Port. 264/2023";"San Pellegrino"
22011000;0300300;;19;S;"Água mineral";"RICMS/SE - Decreto 21.400/2002 c/c PT 11/91";"Art. 681, I do RICMS/02 e Port. 264/2023";"Acqua Panna"
22019000;0300300;;19;S;"Água mineral";"RICMS/SE - Decreto 21.400/2002 c/c PT 11/91";"Art. 681, I do RICMS/02 e Port. 264/2023";"Acqua Panna"
22011000;0300300;;19;S;"Água mineral";"RICMS/SE - Decreto 21.400/2002 c/c PT 11/91";"Art. 681, I do RICMS/02 e Port. 264/2023";"Perrier"
22019000;0300300;;19;S;"Água mineral";"RICMS/SE - Decreto 21.400/2002 c/c PT 11/91";"Art. 681, I do RICMS/02 e Port. 264/2023";"Perrier"
22011000;0300300;;19;S;"Água mineral";"RICMS/SE - Decreto 21.400/2002 c/c PT 11/91";"Art. 681, I do RICMS/02 e Port. 264/2023";"Outras importadas"
22019000;0300300;;19;S;"Água mineral";"RICMS/SE - Decreto 21.400/2002 c/c PT 11/91";"Art. 681, I do RICMS/02 e Port. 264/2023";"Outras importadas"
22011000;0300300;;19;S;"Água mineral";"RICMS/SE - Decreto 21.400/2002 c/c PT 11/91";"Art. 681, I do RICMS/02 e Port. 264/2023";"Outras Nacionais"
22019000;0300300;;19;S;"Água mineral";"RICMS/SE - Decreto 21.400/2002 c/c PT 11/91";"Art. 681, I do RICMS/02 e Port. 264/2023";"Outras Nacionais"
22011000;0300300;;19;S;"Água mineral";"RICMS/SE - Decreto 21.400/2002 c/c PT 11/91";"Art. 681, I do RICMS/02 e Port. 264/2023";"Todas importadas"
22019000;0300300;;19;S;"Água mineral";"RICMS/SE - Decreto 21.400/2002 c/c PT 11/91";"Art. 681, I do RICMS/02 e Port. 264/2023";"Todas importadas"
22011000;0300300;;19;S;"Água mineral";"RICMS/SE - Decreto 21.400/2002 c/c PT 11/91";"Art. 681, I do RICMS/02 e Port. 264/2023";"Todas nacionais"
22019000;0300300;;19;S;"Água mineral";"RICMS/SE - Decreto 21.400/2002 c/c PT 11/91";"Art. 681, I do RICMS/02 e Port. 264/2023";"Todas nacionais"
22011000;0300300;;19;S;"Água mineral";"RICMS/SE - Decreto 21.400/2002 c/c PT 11/91";"Art. 681, I do RICMS/02 e Port. 264/2023";"Todas importadas"
22019000;0300300;;19;S;"Água mineral";"RICMS/SE - Decreto 21.400/2002 c/c PT 11/91";"Art. 681, I do RICMS/02 e Port. 264/2023";"Todas importadas"
22011000;0300300;;19;S;"Água mineral";"RICMS/SE - Decreto 21.400/2002 c/c PT 11/91";"Art. 681, I do RICMS/02 e Port. 264/2023";"Todas nacionais"
22019000;0300300;;19;S;"Água mineral";"RICMS/SE - Decreto 21.400/2002 c/c PT 11/91";"Art. 681, I do RICMS/02 e Port. 264/2023";"Todas nacionais"
22029900;0300800;;19;S;"Água mineral";"RICMS/SE - Decreto 21.400/2002 c/c PT 11/91";"Art. 681, I do RICMS/02 e Port. 264/2023";"Ama 350 ml"
22011000;0300504;;19;S;"Água mineral";"RICMS/SE - Decreto 21.400/2002 c/c PT 11/91";"Art. 681, I do RICMS/02 e Port. 264/2023";"Minalba 310 ml"
22019000;0300504;;19;S;"Água mineral";"RICMS/SE - Decreto 21.400/2002 c/c PT 11/91";"Art. 681, I do RICMS/02 e Port. 264/2023";"Minalba 310 ml"
22029900;0300800;;19;S;"Água mineral";"RICMS/SE - Decreto 21.400/2002 c/c PT 11/91";"Art. 681, I do RICMS/02 e Port. 264/2023";"Perrier Limão 250 ml"
22029900;0300800;;19;S;"Água mineral";"RICMS/SE - Decreto 21.400/2002 c/c PT 11/91";"Art. 681, I do RICMS/02 e Port. 264/2023";"Perrier 330 ml"
22029900;0300800;;19;S;"Água mineral";"RICMS/SE - Decreto 21.400/2002 c/c PT 11/91";"Art. 681, I do RICMS/02 e Port. 264/2023";"outras"
22029900;0300800;;19;S;"Água mineral";"RICMS/SE - Decreto 21.400/2002 c/c PT 11/91";"Art. 681, I do RICMS/02 e Port. 264/2023";"Ama 350 ml"
22011000;0300504;;19;S;"Água mineral";"RICMS/SE - Decreto 21.400/2002 c/c PT 11/91";"Art. 681, I do RICMS/02 e Port. 264/2023";"Minalba 310 ml"
22019000;0300504;;19;S;"Água mineral";"RICMS/SE - Decreto 21.400/2002 c/c PT 11/91";"Art. 681, I do RICMS/02 e Port. 264/2023";"Minalba 310 ml"
22029900;0300800;;19;S;"Água mineral";"RICMS/SE - Decreto 21.400/2002 c/c PT 11/91";"Art. 681, I do RICMS/02 e Port. 264/2023";"Outros"
22011000;0300500;;19;S;"Água mineral";"RICMS/SE - Decreto 21.400/2002 c/c PT 11/91";"Art. 681, I do RICMS/02 e Port. 264/2023";"Crystal"
22019000;0300500;;19;S;"Água mineral";"RICMS/SE - Decreto 21.400/2002 c/c PT 11/91";"Art. 681, I do RICMS/02 e Port. 264/2023";"Crystal"
22011000;0300500;;19;S;"Água mineral";"RICMS/SE - Decreto 21.400/2002 c/c PT 11/91";"Art. 681, I do RICMS/02 e Port. 264/2023";"Dias D'Avila"
22019000;0300500;;19;S;"Água mineral";"RICMS/SE - Decreto 21.400/2002 c/c PT 11/91";"Art. 681, I do RICMS/02 e Port. 264/2023";"Dias D'Avila"
22011000;0300500;;19;S;"Água mineral";"RICMS/SE - Decreto 21.400/2002 c/c PT 11/91";"Art. 681, I do RICMS/02 e Port. 264/2023";"Dinda"
22019000;0300500;;19;S;"Água mineral";"RICMS/SE - Decreto 21.400/2002 c/c PT 11/91";"Art. 681, I do RICMS/02 e Port. 264/2023";"Dinda"
22011000;0300500;;19;S;"Água mineral";"RICMS/SE - Decreto 21.400/2002 c/c PT 11/91";"Art. 681, I do RICMS/02 e Port. 264/2023";"Entre Rios"
22019000;0300500;;19;S;"Água mineral";"RICMS/SE - Decreto 21.400/2002 c/c PT 11/91";"Art. 681, I do RICMS/02 e Port. 264/2023";"Entre Rios"
22011000;0300500;;19;S;"Água mineral";"RICMS/SE - Decreto 21.400/2002 c/c PT 11/91";"Art. 681, I do RICMS/02 e Port. 264/2023";"FazBem"
22019000;0300500;;19;S;"Água mineral";"RICMS/SE - Decreto 21.400/2002 c/c PT 11/91";"Art. 681, I do RICMS/02 e Port. 264/2023";"FazBem"
22011000;0300500;;19;S;"Água mineral";"RICMS/SE - Decreto 21.400/2002 c/c PT 11/91";"Art. 681, I do RICMS/02 e Port. 264/2023";"Imperial"
22019000;0300500;;19;S;"Água mineral";"RICMS/SE - Decreto 21.400/2002 c/c PT 11/91";"Art. 681, I do RICMS/02 e Port. 264/2023";"Imperial"
22011000;0300500;;19;S;"Água mineral";"RICMS/SE - Decreto 21.400/2002 c/c PT 11/91";"Art. 681, I do RICMS/02 e Port. 264/2023";"Indaiá"
22019000;0300500;;19;S;"Água mineral";"RICMS/SE - Decreto 21.400/2002 c/c PT 11/91";"Art. 681, I do RICMS/02 e Port. 264/2023";"Indaiá"
22011000;0300500;;19;S;"Água mineral";"RICMS/SE - Decreto 21.400/2002 c/c PT 11/91";"Art. 681, I do RICMS/02 e Port. 264/2023";"Indiana"
22019000;0300500;;19;S;"Água mineral";"RICMS/SE - Decreto 21.400/2002 c/c PT 11/91";"Art. 681, I do RICMS/02 e Port. 264/2023";"Indiana"
22011000;0300500;;19;S;"Água mineral";"RICMS/SE - Decreto 21.400/2002 c/c PT 11/91";"Art. 681, I do RICMS/02 e Port. 264/2023";"Itaperoá"
22019000;0300500;;19;S;"Água mineral";"RICMS/SE - Decreto 21.400/2002 c/c PT 11/91";"Art. 681, I do RICMS/02 e Port. 264/2023";"Itaperoá"
22011000;0300500;;19;S;"Água mineral";"RICMS/SE - Decreto 21.400/2002 c/c PT 11/91";"Art. 681, I do RICMS/02 e Port. 264/2023";"Lev"
22019000;0300500;;19;S;"Água mineral";"RICMS/SE - Decreto 21.400/2002 c/c PT 11/91";"Art. 681, I do RICMS/02 e Port. 264/2023";"Lev"
22011000;0300500;;19;S;"Água mineral";"RICMS/SE - Decreto 21.400/2002 c/c PT 11/91";"Art. 681, I do RICMS/02 e Port. 264/2023";"Monte Claro"
22019000;0300500;;19;S;"Água mineral";"RICMS/SE - Decreto 21.400/2002 c/c PT 11/91";"Art. 681, I do RICMS/02 e Port. 264/2023";"Monte Claro"
22011000;0300500;;19;S;"Água mineral";"RICMS/SE - Decreto 21.400/2002 c/c PT 11/91";"Art. 681, I do RICMS/02 e Port. 264/2023";"Santa Joana"
22019000;0300500;;19;S;"Água mineral";"RICMS/SE - Decreto 21.400/2002 c/c PT 11/91";"Art. 681, I do RICMS/02 e Port. 264/2023";"Santa Joana"
22011000;0300500;;19;S;"Água mineral";"RICMS/SE - Decreto 21.400/2002 c/c PT 11/91";"Art. 681, I do RICMS/02 e Port. 264/2023";"Outras"
22019000;0300500;;19;S;"Água mineral";"RICMS/SE - Decreto 21.400/2002 c/c PT 11/91";"Art. 681, I do RICMS/02 e Port. 264/2023";"Outras"
22011000;0300500;;19;S;"Água mineral";"RICMS/SE - Decreto 21.400/2002 c/c PT 11/91";"Art. 681, I do RICMS/02 e Port. 264/2023";"Crystal"
22019000;0300500;;19;S;"Água mineral";"RICMS/SE - Decreto 21.400/2002 c/c PT 11/91";"Art. 681, I do RICMS/02 e Port. 264/2023";"Crystal"
22011000;0300500;;19;S;"Água mineral";"RICMS/SE - Decreto 21.400/2002 c/c PT 11/91";"Art. 681, I do RICMS/02 e Port. 264/2023";"Dias D'Ávila"
22019000;0300500;;19;S;"Água mineral";"RICMS/SE - Decreto 21.400/2002 c/c PT 11/91";"Art. 681, I do RICMS/02 e Port. 264/2023";"Dias D'Ávila"
22011000;0300500;;19;S;"Água mineral";"RICMS/SE - Decreto 21.400/2002 c/c PT 11/91";"Art. 681, I do RICMS/02 e Port. 264/2023";"Dinda"
22019000;0300500;;19;S;"Água mineral";"RICMS/SE - Decreto 21.400/2002 c/c PT 11/91";"Art. 681, I do RICMS/02 e Port. 264/2023";"Dinda"
22011000;0300500;;19;S;"Água mineral";"RICMS/SE - Decreto 21.400/2002 c/c PT 11/91";"Art. 681, I do RICMS/02 e Port. 264/2023";"Entre Rios"
22019000;0300500;;19;S;"Água mineral";"RICMS/SE - Decreto 21.400/2002 c/c PT 11/91";"Art. 681, I do RICMS/02 e Port. 264/2023";"Entre Rios"
22011000;0300500;;19;S;"Água mineral";"RICMS/SE - Decreto 21.400/2002 c/c PT 11/91";"Art. 681, I do RICMS/02 e Port. 264/2023";"FazBem"
22019000;0300500;;19;S;"Água mineral";"RICMS/SE - Decreto 21.400/2002 c/c PT 11/91";"Art. 681, I do RICMS/02 e Port. 264/2023";"FazBem"
22011000;0300500;;19;S;"Água mineral";"RICMS/SE - Decreto 21.400/2002 c/c PT 11/91";"Art. 681, I do RICMS/02 e Port. 264/2023";"Imperial"
22019000;0300500;;19;S;"Água mineral";"RICMS/SE - Decreto 21.400/2002 c/c PT 11/91";"Art. 681, I do RICMS/02 e Port. 264/2023";"Imperial"
22011000;0300500;;19;S;"Água mineral";"RICMS/SE - Decreto 21.400/2002 c/c PT 11/91";"Art. 681, I do RICMS/02 e Port. 264/2023";"Indiana"
22019000;0300500;;19;S;"Água mineral";"RICMS/SE - Decreto 21.400/2002 c/c PT 11/91";"Art. 681, I do RICMS/02 e Port. 264/2023";"Indiana"
22011000;0300500;;19;S;"Água mineral";"RICMS/SE - Decreto 21.400/2002 c/c PT 11/91";"Art. 681, I do RICMS/02 e Port. 264/2023";"Lev"
22019000;0300500;;19;S;"Água mineral";"RICMS/SE - Decreto 21.400/2002 c/c PT 11/91";"Art. 681, I do RICMS/02 e Port. 264/2023";"Lev"
22011000;0300500;;19;S;"Água mineral";"RICMS/SE - Decreto 21.400/2002 c/c PT 11/91";"Art. 681, I do RICMS/02 e Port. 264/2023";"Monte Claro"
22019000;0300500;;19;S;"Água mineral";"RICMS/SE - Decreto 21.400/2002 c/c PT 11/91";"Art. 681, I do RICMS/02 e Port. 264/2023";"Monte Claro"
22011000;0300500;;19;S;"Água mineral";"RICMS/SE - Decreto 21.400/2002 c/c PT 11/91";"Art. 681, I do RICMS/02 e Port. 264/2023";"Santa Joana"
22019000;0300500;;19;S;"Água mineral";"RICMS/SE - Decreto 21.400/2002 c/c PT 11/91";"Art. 681, I do RICMS/02 e Port. 264/2023";"Santa Joana"
22011000;0300500;;19;S;"Água mineral";"RICMS/SE - Decreto 21.400/2002 c/c PT 11/91";"Art. 681, I do RICMS/02 e Port. 264/2023";"Outras"
22019000;0300500;;19;S;"Água mineral";"RICMS/SE - Decreto 21.400/2002 c/c PT 11/91";"Art. 681, I do RICMS/02 e Port. 264/2023";"Outras"
22011000;0300504;;19;S;"Água mineral";"RICMS/SE - Decreto 21.400/2002 c/c PT 11/91";"Art. 681, I do RICMS/02 e Port. 264/2023";"Dias D'Avila"
22019000;0300504;;19;S;"Água mineral";"RICMS/SE - Decreto 21.400/2002 c/c PT 11/91";"Art. 681, I do RICMS/02 e Port. 264/2023";"Dias D'Avila"
22011000;0300504;;19;S;"Água mineral";"RICMS/SE - Decreto 21.400/2002 c/c PT 11/91";"Art. 681, I do RICMS/02 e Port. 264/2023";"Outras"
22019000;0300504;;19;S;"Água mineral";"RICMS/SE - Decreto 21.400/2002 c/c PT 11/91";"Art. 681, I do RICMS/02 e Port. 264/2023";"Outras"
22011000;0300504;;19;S;"Água mineral";"RICMS/SE - Decreto 21.400/2002 c/c PT 11/91";"Art. 681, I do RICMS/02 e Port. 264/2023";"Crystal"
22019000;0300504;;19;S;"Água mineral";"RICMS/SE - Decreto 21.400/2002 c/c PT 11/91";"Art. 681, I do RICMS/02 e Port. 264/2023";"Crystal"
22011000;0300504;;19;S;"Água mineral";"RICMS/SE - Decreto 21.400/2002 c/c PT 11/91";"Art. 681, I do RICMS/02 e Port. 264/2023";"Dias D’Ávila"
22019000;0300504;;19;S;"Água mineral";"RICMS/SE - Decreto 21.400/2002 c/c PT 11/91";"Art. 681, I do RICMS/02 e Port. 264/2023";"Dias D’Ávila"
22011000;0300504;;19;S;"Água mineral";"RICMS/SE - Decreto 21.400/2002 c/c PT 11/91";"Art. 681, I do RICMS/02 e Port. 264/2023";"Entre Rios"
22019000;0300504;;19;S;"Água mineral";"RICMS/SE - Decreto 21.400/2002 c/c PT 11/91";"Art. 681, I do RICMS/02 e Port. 264/2023";"Entre Rios"
22011000;0300504;;19;S;"Água mineral";"RICMS/SE - Decreto 21.400/2002 c/c PT 11/91";"Art. 681, I do RICMS/02 e Port. 264/2023";"FazBem"
22019000;0300504;;19;S;"Água mineral";"RICMS/SE - Decreto 21.400/2002 c/c PT 11/91";"Art. 681, I do RICMS/02 e Port. 264/2023";"FazBem"
22011000;0300504;;19;S;"Água mineral";"RICMS/SE - Decreto 21.400/2002 c/c PT 11/91";"Art. 681, I do RICMS/02 e Port. 264/2023";"Imperial"
22019000;0300504;;19;S;"Água mineral";"RICMS/SE - Decreto 21.400/2002 c/c PT 11/91";"Art. 681, I do RICMS/02 e Port. 264/2023";"Imperial"
22011000;0300504;;19;S;"Água mineral";"RICMS/SE - Decreto 21.400/2002 c/c PT 11/91";"Art. 681, I do RICMS/02 e Port. 264/2023";"Indaiá"
22019000;0300504;;19;S;"Água mineral";"RICMS/SE - Decreto 21.400/2002 c/c PT 11/91";"Art. 681, I do RICMS/02 e Port. 264/2023";"Indaiá"
22011000;0300504;;19;S;"Água mineral";"RICMS/SE - Decreto 21.400/2002 c/c PT 11/91";"Art. 681, I do RICMS/02 e Port. 264/2023";"Itaperoá"
22019000;0300504;;19;S;"Água mineral";"RICMS/SE - Decreto 21.400/2002 c/c PT 11/91";"Art. 681, I do RICMS/02 e Port. 264/2023";"Itaperoá"
22011000;0300504;;19;S;"Água mineral";"RICMS/SE - Decreto 21.400/2002 c/c PT 11/91";"Art. 681, I do RICMS/02 e Port. 264/2023";"Lev"
22019000;0300504;;19;S;"Água mineral";"RICMS/SE - Decreto 21.400/2002 c/c PT 11/91";"Art. 681, I do RICMS/02 e Port. 264/2023";"Lev"
22011000;0300504;;19;S;"Água mineral";"RICMS/SE - Decreto 21.400/2002 c/c PT 11/91";"Art. 681, I do RICMS/02 e Port. 264/2023";"Loa"
22019000;0300504;;19;S;"Água mineral";"RICMS/SE - Decreto 21.400/2002 c/c PT 11/91";"Art. 681, I do RICMS/02 e Port. 264/2023";"Loa"
22011000;0300504;;19;S;"Água mineral";"RICMS/SE - Decreto 21.400/2002 c/c PT 11/91";"Art. 681, I do RICMS/02 e Port. 264/2023";"Minalba"
22019000;0300504;;19;S;"Água mineral";"RICMS/SE - Decreto 21.400/2002 c/c PT 11/91";"Art. 681, I do RICMS/02 e Port. 264/2023";"Minalba"
22011000;0300504;;19;S;"Água mineral";"RICMS/SE - Decreto 21.400/2002 c/c PT 11/91";"Art. 681, I do RICMS/02 e Port. 264/2023";"Nestlé Pureza Vital"
22019000;0300504;;19;S;"Água mineral";"RICMS/SE - Decreto 21.400/2002 c/c PT 11/91";"Art. 681, I do RICMS/02 e Port. 264/2023";"Nestlé Pureza Vital"
22011000;0300504;;19;S;"Água mineral";"RICMS/SE - Decreto 21.400/2002 c/c PT 11/91";"Art. 681, I do RICMS/02 e Port. 264/2023";"Santa Joana"
22019000;0300504;;19;S;"Água mineral";"RICMS/SE - Decreto 21.400/2002 c/c PT 11/91";"Art. 681, I do RICMS/02 e Port. 264/2023";"Santa Joana"
22011000;0300504;;19;S;"Água mineral";"RICMS/SE - Decreto 21.400/2002 c/c PT 11/91";"Art. 681, I do RICMS/02 e Port. 264/2023";"São Lourenço"
22019000;0300504;;19;S;"Água mineral";"RICMS/SE - Decreto 21.400/2002 c/c PT 11/91";"Art. 681, I do RICMS/02 e Port. 264/2023";"São Lourenço"
22011000;0300504;;19;S;"Água mineral";"RICMS/SE - Decreto 21.400/2002 c/c PT 11/91";"Art. 681, I do RICMS/02 e Port. 264/2023";"Schin"
22019000;0300504;;19;S;"Água mineral";"RICMS/SE - Decreto 21.400/2002 c/c PT 11/91";"Art. 681, I do RICMS/02 e Port. 264/2023";"Schin"
22011000;0300504;;19;S;"Água mineral";"RICMS/SE - Decreto 21.400/2002 c/c PT 11/91";"Art. 681, I do RICMS/02 e Port. 264/2023";"Outras"
22019000;0300504;;19;S;"Água mineral";"RICMS/SE - Decreto 21.400/2002 c/c PT 11/91";"Art. 681, I do RICMS/02 e Port. 264/2023";"Outras"
22011000;0300504;;19;S;"Água mineral";"RICMS/SE - Decreto 21.400/2002 c/c PT 11/91";"Art. 681, I do RICMS/02 e Port. 264/2023";"Crystal"
22019000;0300504;;19;S;"Água mineral";"RICMS/SE - Decreto 21.400/2002 c/c PT 11/91";"Art. 681, I do RICMS/02 e Port. 264/2023";"Crystal"
22011000;0300504;;19;S;"Água mineral";"RICMS/SE - Decreto 21.400/2002 c/c PT 11/91";"Art. 681, I do RICMS/02 e Port. 264/2023";"Dias D'Ávila"
22019000;0300504;;19;S;"Água mineral";"RICMS/SE - Decreto 21.400/2002 c/c PT 11/91";"Art. 681, I do RICMS/02 e Port. 264/2023";"Dias D'Ávila"
22011000;0300504;;19;S;"Água mineral";"RICMS/SE - Decreto 21.400/2002 c/c PT 11/91";"Art. 681, I do RICMS/02 e Port. 264/2023";"Entre Rios"
22019000;0300504;;19;S;"Água mineral";"RICMS/SE - Decreto 21.400/2002 c/c PT 11/91";"Art. 681, I do RICMS/02 e Port. 264/2023";"Entre Rios"
22011000;0300504;;19;S;"Água mineral";"RICMS/SE - Decreto 21.400/2002 c/c PT 11/91";"Art. 681, I do RICMS/02 e Port. 264/2023";"FazBem"
22019000;0300504;;19;S;"Água mineral";"RICMS/SE - Decreto 21.400/2002 c/c PT 11/91";"Art. 681, I do RICMS/02 e Port. 264/2023";"FazBem"
22011000;0300504;;19;S;"Água mineral";"RICMS/SE - Decreto 21.400/2002 c/c PT 11/91";"Art. 681, I do RICMS/02 e Port. 264/2023";"Imperial"
22019000;0300504;;19;S;"Água mineral";"RICMS/SE - Decreto 21.400/2002 c/c PT 11/91";"Art. 681, I do RICMS/02 e Port. 264/2023";"Imperial"
22011000;0300504;;19;S;"Água mineral";"RICMS/SE - Decreto 21.400/2002 c/c PT 11/91";"Art. 681, I do RICMS/02 e Port. 264/2023";"Indaiá"
22019000;0300504;;19;S;"Água mineral";"RICMS/SE - Decreto 21.400/2002 c/c PT 11/91";"Art. 681, I do RICMS/02 e Port. 264/2023";"Indaiá"
22011000;0300504;;19;S;"Água mineral";"RICMS/SE - Decreto 21.400/2002 c/c PT 11/91";"Art. 681, I do RICMS/02 e Port. 264/2023";"Lev"
22019000;0300504;;19;S;"Água mineral";"RICMS/SE - Decreto 21.400/2002 c/c PT 11/91";"Art. 681, I do RICMS/02 e Port. 264/2023";"Lev"
22011000;0300504;;19;S;"Água mineral";"RICMS/SE - Decreto 21.400/2002 c/c PT 11/91";"Art. 681, I do RICMS/02 e Port. 264/2023";"Loa"
22019000;0300504;;19;S;"Água mineral";"RICMS/SE - Decreto 21.400/2002 c/c PT 11/91";"Art. 681, I do RICMS/02 e Port. 264/2023";"Loa"
22011000;0300504;;19;S;"Água mineral";"RICMS/SE - Decreto 21.400/2002 c/c PT 11/91";"Art. 681, I do RICMS/02 e Port. 264/2023";"Minalba"
22019000;0300504;;19;S;"Água mineral";"RICMS/SE - Decreto 21.400/2002 c/c PT 11/91";"Art. 681, I do RICMS/02 e Port. 264/2023";"Minalba"
22011000;0300504;;19;S;"Água mineral";"RICMS/SE - Decreto 21.400/2002 c/c PT 11/91";"Art. 681, I do RICMS/02 e Port. 264/2023";"Nestlè Pureza Vital"
22019000;0300504;;19;S;"Água mineral";"RICMS/SE - Decreto 21.400/2002 c/c PT 11/91";"Art. 681, I do RICMS/02 e Port. 264/2023";"Nestlè Pureza Vital"
22011000;0300504;;19;S;"Água mineral";"RICMS/SE - Decreto 21.400/2002 c/c PT 11/91";"Art. 681, I do RICMS/02 e Port. 264/2023";"Santa Joana"
22019000;0300504;;19;S;"Água mineral";"RICMS/SE - Decreto 21.400/2002 c/c PT 11/91";"Art. 681, I do RICMS/02 e Port. 264/2023";"Santa Joana"
22011000;0300504;;19;S;"Água mineral";"RICMS/SE - Decreto 21.400/2002 c/c PT 11/91";"Art. 681, I do RICMS/02 e Port. 264/2023";"São Lourenço"
22019000;0300504;;19;S;"Água mineral";"RICMS/SE - Decreto 21.400/2002 c/c PT 11/91";"Art. 681, I do RICMS/02 e Port. 264/2023";"São Lourenço"
22011000;0300504;;19;S;"Água mineral";"RICMS/SE - Decreto 21.400/2002 c/c PT 11/91";"Art. 681, I do RICMS/02 e Port. 264/2023";"Schin"
22019000;0300504;;19;S;"Água mineral";"RICMS/SE - Decreto 21.400/2002 c/c PT 11/91";"Art. 681, I do RICMS/02 e Port. 264/2023";"Schin"
22011000;0300504;;19;S;"Água mineral";"RICMS/SE - Decreto 21.400/2002 c/c PT 11/91";"Art. 681, I do RICMS/02 e Port. 264/2023";"Outras"
22019000;0300504;;19;S;"Água mineral";"RICMS/SE - Decreto 21.400/2002 c/c PT 11/91";"Art. 681, I do RICMS/02 e Port. 264/2023";"Outras"
22011000;0300504;;19;S;"Água mineral";"RICMS/SE - Decreto 21.400/2002 c/c PT 11/91";"Art. 681, I do RICMS/02 e Port. 264/2023";"Unick PH 8"
22019000;0300504;;19;S;"Água mineral";"RICMS/SE - Decreto 21.400/2002 c/c PT 11/91";"Art. 681, I do RICMS/02 e Port. 264/2023";"Unick PH 8"
22011000;0300504;;19;S;"Água mineral";"RICMS/SE - Decreto 21.400/2002 c/c PT 11/91";"Art. 681, I do RICMS/02 e Port. 264/2023";"Unick PH 10"
22019000;0300504;;19;S;"Água mineral";"RICMS/SE - Decreto 21.400/2002 c/c PT 11/91";"Art. 681, I do RICMS/02 e Port. 264/2023";"Unick PH 10"
22011000;0300504;;19;S;"Água mineral";"RICMS/SE - Decreto 21.400/2002 c/c PT 11/91";"Art. 681, I do RICMS/02 e Port. 264/2023";"Outras"
22019000;0300504;;19;S;"Água mineral";"RICMS/SE - Decreto 21.400/2002 c/c PT 11/91";"Art. 681, I do RICMS/02 e Port. 264/2023";"Outras"
22011000;0300504;;19;S;"Água mineral";"RICMS/SE - Decreto 21.400/2002 c/c PT 11/91";"Art. 681, I do RICMS/02 e Port. 264/2023";"Acqua Panna"
22019000;0300504;;19;S;"Água mineral";"RICMS/SE - Decreto 21.400/2002 c/c PT 11/91";"Art. 681, I do RICMS/02 e Port. 264/2023";"Acqua Panna"
22011000;0300504;;19;S;"Água mineral";"RICMS/SE - Decreto 21.400/2002 c/c PT 11/91";"Art. 681, I do RICMS/02 e Port. 264/2023";"Ama"
22019000;0300504;;19;S;"Água mineral";"RICMS/SE - Decreto 21.400/2002 c/c PT 11/91";"Art. 681, I do RICMS/02 e Port. 264/2023";"Ama"
22011000;0300504;;19;S;"Água mineral";"RICMS/SE - Decreto 21.400/2002 c/c PT 11/91";"Art. 681, I do RICMS/02 e Port. 264/2023";"Campinho"
22019000;0300504;;19;S;"Água mineral";"RICMS/SE - Decreto 21.400/2002 c/c PT 11/91";"Art. 681, I do RICMS/02 e Port. 264/2023";"Campinho"
22011000;0300504;;19;S;"Água mineral";"RICMS/SE - Decreto 21.400/2002 c/c PT 11/91";"Art. 681, I do RICMS/02 e Port. 264/2023";"Crystal"
22019000;0300504;;19;S;"Água mineral";"RICMS/SE - Decreto 21.400/2002 c/c PT 11/91";"Art. 681, I do RICMS/02 e Port. 264/2023";"Crystal"
22011000;0300504;;19;S;"Água mineral";"RICMS/SE - Decreto 21.400/2002 c/c PT 11/91";"Art. 681, I do RICMS/02 e Port. 264/2023";"Dias D’Ávila"
22019000;0300504;;19;S;"Água mineral";"RICMS/SE - Decreto 21.400/2002 c/c PT 11/91";"Art. 681, I do RICMS/02 e Port. 264/2023";"Dias D’Ávila"
22011000;0300504;;19;S;"Água mineral";"RICMS/SE - Decreto 21.400/2002 c/c PT 11/91";"Art. 681, I do RICMS/02 e Port. 264/2023";"Dias D’Ávila Sport"
22019000;0300504;;19;S;"Água mineral";"RICMS/SE - Decreto 21.400/2002 c/c PT 11/91";"Art. 681, I do RICMS/02 e Port. 264/2023";"Dias D’Ávila Sport"
22011000;0300504;;19;S;"Água mineral";"RICMS/SE - Decreto 21.400/2002 c/c PT 11/91";"Art. 681, I do RICMS/02 e Port. 264/2023";"Dinda"
22019000;0300504;;19;S;"Água mineral";"RICMS/SE - Decreto 21.400/2002 c/c PT 11/91";"Art. 681, I do RICMS/02 e Port. 264/2023";"Dinda"
22011000;0300504;;19;S;"Água mineral";"RICMS/SE - Decreto 21.400/2002 c/c PT 11/91";"Art. 681, I do RICMS/02 e Port. 264/2023";"Entre Rios"
22019000;0300504;;19;S;"Água mineral";"RICMS/SE - Decreto 21.400/2002 c/c PT 11/91";"Art. 681, I do RICMS/02 e Port. 264/2023";"Entre Rios"
22011000;0300504;;19;S;"Água mineral";"RICMS/SE - Decreto 21.400/2002 c/c PT 11/91";"Art. 681, I do RICMS/02 e Port. 264/2023";"FazBem"
22019000;0300504;;19;S;"Água mineral";"RICMS/SE - Decreto 21.400/2002 c/c PT 11/91";"Art. 681, I do RICMS/02 e Port. 264/2023";"FazBem"
22011000;0300504;;19;S;"Água mineral";"RICMS/SE - Decreto 21.400/2002 c/c PT 11/91";"Art. 681, I do RICMS/02 e Port. 264/2023";"G Barbosa"
22019000;0300504;;19;S;"Água mineral";"RICMS/SE - Decreto 21.400/2002 c/c PT 11/91";"Art. 681, I do RICMS/02 e Port. 264/2023";"G Barbosa"
22011000;0300504;;19;S;"Água mineral";"RICMS/SE - Decreto 21.400/2002 c/c PT 11/91";"Art. 681, I do RICMS/02 e Port. 264/2023";"Imperial"
22019000;0300504;;19;S;"Água mineral";"RICMS/SE - Decreto 21.400/2002 c/c PT 11/91";"Art. 681, I do RICMS/02 e Port. 264/2023";"Imperial"
22011000;0300504;;19;S;"Água mineral";"RICMS/SE - Decreto 21.400/2002 c/c PT 11/91";"Art. 681, I do RICMS/02 e Port. 264/2023";"Indaiá"
22019000;0300504;;19;S;"Água mineral";"RICMS/SE - Decreto 21.400/2002 c/c PT 11/91";"Art. 681, I do RICMS/02 e Port. 264/2023";"Indaiá"
22011000;0300504;;19;S;"Água mineral";"RICMS/SE - Decreto 21.400/2002 c/c PT 11/91";"Art. 681, I do RICMS/02 e Port. 264/2023";"Indiana"
22019000;0300504;;19;S;"Água mineral";"RICMS/SE - Decreto 21.400/2002 c/c PT 11/91";"Art. 681, I do RICMS/02 e Port. 264/2023";"Indiana"
22011000;0300504;;19;S;"Água mineral";"RICMS/SE - Decreto 21.400/2002 c/c PT 11/91";"Art. 681, I do RICMS/02 e Port. 264/2023";"Itaperoá"
22019000;0300504;;19;S;"Água mineral";"RICMS/SE - Decreto 21.400/2002 c/c PT 11/91";"Art. 681, I do RICMS/02 e Port. 264/2023";"Itaperoá"
22011000;0300504;;19;S;"Água mineral";"RICMS/SE - Decreto 21.400/2002 c/c PT 11/91";"Art. 681, I do RICMS/02 e Port. 264/2023";"Lev"
22019000;0300504;;19;S;"Água mineral";"RICMS/SE - Decreto 21.400/2002 c/c PT 11/91";"Art. 681, I do RICMS/02 e Port. 264/2023";"Lev"
22011000;0300504;;19;S;"Água mineral";"RICMS/SE - Decreto 21.400/2002 c/c PT 11/91";"Art. 681, I do RICMS/02 e Port. 264/2023";"Levíssima"
22019000;0300504;;19;S;"Água mineral";"RICMS/SE - Decreto 21.400/2002 c/c PT 11/91";"Art. 681, I do RICMS/02 e Port. 264/2023";"Levíssima"
22011000;0300504;;19;S;"Água mineral";"RICMS/SE - Decreto 21.400/2002 c/c PT 11/91";"Art. 681, I do RICMS/02 e Port. 264/2023";"Lôa"
22019000;0300504;;19;S;"Água mineral";"RICMS/SE - Decreto 21.400/2002 c/c PT 11/91";"Art. 681, I do RICMS/02 e Port. 264/2023";"Lôa"
22011000;0300504;;19;S;"Água mineral";"RICMS/SE - Decreto 21.400/2002 c/c PT 11/91";"Art. 681, I do RICMS/02 e Port. 264/2023";"Monte Claro"
22019000;0300504;;19;S;"Água mineral";"RICMS/SE - Decreto 21.400/2002 c/c PT 11/91";"Art. 681, I do RICMS/02 e Port. 264/2023";"Monte Claro"
22011000;0300504;;19;S;"Água mineral";"RICMS/SE - Decreto 21.400/2002 c/c PT 11/91";"Art. 681, I do RICMS/02 e Port. 264/2023";"Nestlè Pureza Vital"
22019000;0300504;;19;S;"Água mineral";"RICMS/SE - Decreto 21.400/2002 c/c PT 11/91";"Art. 681, I do RICMS/02 e Port. 264/2023";"Nestlè Pureza Vital"
22011000;0300504;;19;S;"Água mineral";"RICMS/SE - Decreto 21.400/2002 c/c PT 11/91";"Art. 681, I do RICMS/02 e Port. 264/2023";"Santa Joana"
22019000;0300504;;19;S;"Água mineral";"RICMS/SE - Decreto 21.400/2002 c/c PT 11/91";"Art. 681, I do RICMS/02 e Port. 264/2023";"Santa Joana"
22011000;0300504;;19;S;"Água mineral";"RICMS/SE - Decreto 21.400/2002 c/c PT 11/91";"Art. 681, I do RICMS/02 e Port. 264/2023";"São Lourenço"
22019000;0300504;;19;S;"Água mineral";"RICMS/SE - Decreto 21.400/2002 c/c PT 11/91";"Art. 681, I do RICMS/02 e Port. 264/2023";"São Lourenço"
22011000;0300504;;19;S;"Água mineral";"RICMS/SE - Decreto 21.400/2002 c/c PT 11/91";"Art. 681, I do RICMS/02 e Port. 264/2023";"Schin"
22019000;0300504;;19;S;"Água mineral";"RICMS/SE - Decreto 21.400/2002 c/c PT 11/91";"Art. 681, I do RICMS/02 e Port. 264/2023";"Schin"
22011000;0300504;;19;S;"Água mineral";"RICMS/SE - Decreto 21.400/2002 c/c PT 11/91";"Art. 681, I do RICMS/02 e Port. 264/2023";"Outras"
22019000;0300504;;19;S;"Água mineral";"RICMS/SE - Decreto 21.400/2002 c/c PT 11/91";"Art. 681, I do RICMS/02 e Port. 264/2023";"Outras"
22011000;0300504;;19;S;"Água mineral";"RICMS/SE - Decreto 21.400/2002 c/c PT 11/91";"Art. 681, I do RICMS/02 e Port. 264/2023";"Ama"
22019000;0300504;;19;S;"Água mineral";"RICMS/SE - Decreto 21.400/2002 c/c PT 11/91";"Art. 681, I do RICMS/02 e Port. 264/2023";"Ama"
22011000;0300504;;19;S;"Água mineral";"RICMS/SE - Decreto 21.400/2002 c/c PT 11/91";"Art. 681, I do RICMS/02 e Port. 264/2023";"Campinho"
22019000;0300504;;19;S;"Água mineral";"RICMS/SE - Decreto 21.400/2002 c/c PT 11/91";"Art. 681, I do RICMS/02 e Port. 264/2023";"Campinho"
22011000;0300504;;19;S;"Água mineral";"RICMS/SE - Decreto 21.400/2002 c/c PT 11/91";"Art. 681, I do RICMS/02 e Port. 264/2023";"Crystal"
22019000;0300504;;19;S;"Água mineral";"RICMS/SE - Decreto 21.400/2002 c/c PT 11/91";"Art. 681, I do RICMS/02 e Port. 264/2023";"Crystal"
22011000;0300504;;19;S;"Água mineral";"RICMS/SE - Decreto 21.400/2002 c/c PT 11/91";"Art. 681, I do RICMS/02 e Port. 264/2023";"Dias D’Ávila"
22019000;0300504;;19;S;"Água mineral";"RICMS/SE - Decreto 21.400/2002 c/c PT 11/91";"Art. 681, I do RICMS/02 e Port. 264/2023";"Dias D’Ávila"
22011000;0300504;;19;S;"Água mineral";"RICMS/SE - Decreto 21.400/2002 c/c PT 11/91";"Art. 681, I do RICMS/02 e Port. 264/2023";"Entre Rios"
22019000;0300504;;19;S;"Água mineral";"RICMS/SE - Decreto 21.400/2002 c/c PT 11/91";"Art. 681, I do RICMS/02 e Port. 264/2023";"Entre Rios"
22011000;0300504;;19;S;"Água mineral";"RICMS/SE - Decreto 21.400/2002 c/c PT 11/91";"Art. 681, I do RICMS/02 e Port. 264/2023";"FazBem"
22019000;0300504;;19;S;"Água mineral";"RICMS/SE - Decreto 21.400/2002 c/c PT 11/91";"Art. 681, I do RICMS/02 e Port. 264/2023";"FazBem"
22011000;0300504;;19;S;"Água mineral";"RICMS/SE - Decreto 21.400/2002 c/c PT 11/91";"Art. 681, I do RICMS/02 e Port. 264/2023";"G Barbosa"
22019000;0300504;;19;S;"Água mineral";"RICMS/SE - Decreto 21.400/2002 c/c PT 11/91";"Art. 681, I do RICMS/02 e Port. 264/2023";"G Barbosa"
22011000;0300504;;19;S;"Água mineral";"RICMS/SE - Decreto 21.400/2002 c/c PT 11/91";"Art. 681, I do RICMS/02 e Port. 264/2023";"Imperial"
22019000;0300504;;19;S;"Água mineral";"RICMS/SE - Decreto 21.400/2002 c/c PT 11/91";"Art. 681, I do RICMS/02 e Port. 264/2023";"Imperial"
22011000;0300504;;19;S;"Água mineral";"RICMS/SE - Decreto 21.400/2002 c/c PT 11/91";"Art. 681, I do RICMS/02 e Port. 264/2023";"Indaiá"
22019000;0300504;;19;S;"Água mineral";"RICMS/SE - Decreto 21.400/2002 c/c PT 11/91";"Art. 681, I do RICMS/02 e Port. 264/2023";"Indaiá"
22011000;0300504;;19;S;"Água mineral";"RICMS/SE - Decreto 21.400/2002 c/c PT 11/91";"Art. 681, I do RICMS/02 e Port. 264/2023";"Itaperoá"
22019000;0300504;;19;S;"Água mineral";"RICMS/SE - Decreto 21.400/2002 c/c PT 11/91";"Art. 681, I do RICMS/02 e Port. 264/2023";"Itaperoá"
22011000;0300504;;19;S;"Água mineral";"RICMS/SE - Decreto 21.400/2002 c/c PT 11/91";"Art. 681, I do RICMS/02 e Port. 264/2023";"Lev"
22019000;0300504;;19;S;"Água mineral";"RICMS/SE - Decreto 21.400/2002 c/c PT 11/91";"Art. 681, I do RICMS/02 e Port. 264/2023";"Lev"
22011000;0300504;;19;S;"Água mineral";"RICMS/SE - Decreto 21.400/2002 c/c PT 11/91";"Art. 681, I do RICMS/02 e Port. 264/2023";"Loa"
22019000;0300504;;19;S;"Água mineral";"RICMS/SE - Decreto 21.400/2002 c/c PT 11/91";"Art. 681, I do RICMS/02 e Port. 264/2023";"Loa"
22011000;0300504;;19;S;"Água mineral";"RICMS/SE - Decreto 21.400/2002 c/c PT 11/91";"Art. 681, I do RICMS/02 e Port. 264/2023";"Monte Claro"
22019000;0300504;;19;S;"Água mineral";"RICMS/SE - Decreto 21.400/2002 c/c PT 11/91";"Art. 681, I do RICMS/02 e Port. 264/2023";"Monte Claro"
22011000;0300504;;19;S;"Água mineral";"RICMS/SE - Decreto 21.400/2002 c/c PT 11/91";"Art. 681, I do RICMS/02 e Port. 264/2023";"Nestlè Pureza Vital"
22019000;0300504;;19;S;"Água mineral";"RICMS/SE - Decreto 21.400/2002 c/c PT 11/91";"Art. 681, I do RICMS/02 e Port. 264/2023";"Nestlè Pureza Vital"
22011000;0300504;;19;S;"Água mineral";"RICMS/SE - Decreto 21.400/2002 c/c PT 11/91";"Art. 681, I do RICMS/02 e Port. 264/2023";"Santa Joana"
22019000;0300504;;19;S;"Água mineral";"RICMS/SE - Decreto 21.400/2002 c/c PT 11/91";"Art. 681, I do RICMS/02 e Port. 264/2023";"Santa Joana"
22011000;0300504;;19;S;"Água mineral";"RICMS/SE - Decreto 21.400/2002 c/c PT 11/91";"Art. 681, I do RICMS/02 e Port. 264/2023";"São Lourenço"
22019000;0300504;;19;S;"Água mineral";"RICMS/SE - Decreto 21.400/2002 c/c PT 11/91";"Art. 681, I do RICMS/02 e Port. 264/2023";"São Lourenço"
22011000;0300504;;19;S;"Água mineral";"RICMS/SE - Decreto 21.400/2002 c/c PT 11/91";"Art. 681, I do RICMS/02 e Port. 264/2023";"Schin"
22019000;0300504;;19;S;"Água mineral";"RICMS/SE - Decreto 21.400/2002 c/c PT 11/91";"Art. 681, I do RICMS/02 e Port. 264/2023";"Schin"
22011000;0300504;;19;S;"Água mineral";"RICMS/SE - Decreto 21.400/2002 c/c PT 11/91";"Art. 681, I do RICMS/02 e Port. 264/2023";"Outras"
22019000;0300504;;19;S;"Água mineral";"RICMS/SE - Decreto 21.400/2002 c/c PT 11/91";"Art. 681, I do RICMS/02 e Port. 264/2023";"Outras"
22011000;0300504;;19;S;"Água mineral";"RICMS/SE - Decreto 21.400/2002 c/c PT 11/91";"Art. 681, I do RICMS/02 e Port. 264/2023";"Minalba"
22019000;0300504;;19;S;"Água mineral";"RICMS/SE - Decreto 21.400/2002 c/c PT 11/91";"Art. 681, I do RICMS/02 e Port. 264/2023";"Minalba"
22011000;0300504;;19;S;"Água mineral";"RICMS/SE - Decreto 21.400/2002 c/c PT 11/91";"Art. 681, I do RICMS/02 e Port. 264/2023";"Outras"
22019000;0300504;;19;S;"Água mineral";"RICMS/SE - Decreto 21.400/2002 c/c PT 11/91";"Art. 681, I do RICMS/02 e Port. 264/2023";"Outras"
22011000;0300504;;19;S;"Água mineral";"RICMS/SE - Decreto 21.400/2002 c/c PT 11/91";"Art. 681, I do RICMS/02 e Port. 264/2023";"Ama"
22019000;0300504;;19;S;"Água mineral";"RICMS/SE - Decreto 21.400/2002 c/c PT 11/91";"Art. 681, I do RICMS/02 e Port. 264/2023";"Ama"
22011000;0300504;;19;S;"Água mineral";"RICMS/SE - Decreto 21.400/2002 c/c PT 11/91";"Art. 681, I do RICMS/02 e Port. 264/2023";"Campinho"
22019000;0300504;;19;S;"Água mineral";"RICMS/SE - Decreto 21.400/2002 c/c PT 11/91";"Art. 681, I do RICMS/02 e Port. 264/2023";"Campinho"
22011000;0300504;;19;S;"Água mineral";"RICMS/SE - Decreto 21.400/2002 c/c PT 11/91";"Art. 681, I do RICMS/02 e Port. 264/2023";"Crystal"
22019000;0300504;;19;S;"Água mineral";"RICMS/SE - Decreto 21.400/2002 c/c PT 11/91";"Art. 681, I do RICMS/02 e Port. 264/2023";"Crystal"
22011000;0300504;;19;S;"Água mineral";"RICMS/SE - Decreto 21.400/2002 c/c PT 11/91";"Art. 681, I do RICMS/02 e Port. 264/2023";"Dias D'Avila"
22019000;0300504;;19;S;"Água mineral";"RICMS/SE - Decreto 21.400/2002 c/c PT 11/91";"Art. 681, I do RICMS/02 e Port. 264/2023";"Dias D'Avila"
22011000;0300504;;19;S;"Água mineral";"RICMS/SE - Decreto 21.400/2002 c/c PT 11/92";"Art. 681, I do RICMS/02 e Port. 264/2023";"Dinda"
22019000;0300504;;19;S;"Água mineral";"RICMS/SE - Decreto 21.400/2002 c/c PT 11/92";"Art. 681, I do RICMS/02 e Port. 264/2023";"Dinda"
22011000;0300504;;19;S;"Água mineral";"RICMS/SE - Decreto 21.400/2002 c/c PT 11/93";"Art. 681, I do RICMS/02 e Port. 264/2023";"Entre Rios"
22019000;0300504;;19;S;"Água mineral";"RICMS/SE - Decreto 21.400/2002 c/c PT 11/93";"Art. 681, I do RICMS/02 e Port. 264/2023";"Entre Rios"
22011000;0300504;;19;S;"Água mineral";"RICMS/SE - Decreto 21.400/2002 c/c PT 11/94";"Art. 681, I do RICMS/02 e Port. 264/2023";"FazBem"
22019000;0300504;;19;S;"Água mineral";"RICMS/SE - Decreto 21.400/2002 c/c PT 11/94";"Art. 681, I do RICMS/02 e Port. 264/2023";"FazBem"
22011000;0300504;;19;S;"Água mineral";"RICMS/SE - Decreto 21.400/2002 c/c PT 11/95";"Art. 681, I do RICMS/02 e Port. 264/2023";"G Barbosa"
22019000;0300504;;19;S;"Água mineral";"RICMS/SE - Decreto 21.400/2002 c/c PT 11/95";"Art. 681, I do RICMS/02 e Port. 264/2023";"G Barbosa"
22011000;0300504;;19;S;"Água mineral";"RICMS/SE - Decreto 21.400/2002 c/c PT 11/94";"Art. 681, I do RICMS/02 e Port. 264/2023";"Imperial"
22019000;0300504;;19;S;"Água mineral";"RICMS/SE - Decreto 21.400/2002 c/c PT 11/94";"Art. 681, I do RICMS/02 e Port. 264/2023";"Imperial"
22011000;0300504;;19;S;"Água mineral";"RICMS/SE - Decreto 21.400/2002 c/c PT 11/95";"Art. 681, I do RICMS/02 e Port. 264/2023";"Indaiá"
22019000;0300504;;19;S;"Água mineral";"RICMS/SE - Decreto 21.400/2002 c/c PT 11/95";"Art. 681, I do RICMS/02 e Port. 264/2023";"Indaiá"
22011000;0300504;;19;S;"Água mineral";"RICMS/SE - Decreto 21.400/2002 c/c PT 11/96";"Art. 681, I do RICMS/02 e Port. 264/2023";"Itaperoá"
22019000;0300504;;19;S;"Água mineral";"RICMS/SE - Decreto 21.400/2002 c/c PT 11/96";"Art. 681, I do RICMS/02 e Port. 264/2023";"Itaperoá"
22011000;0300504;;19;S;"Água mineral";"RICMS/SE - Decreto 21.400/2002 c/c PT 11/96";"Art. 681, I do RICMS/02 e Port. 264/2023";"Lev"
22019000;0300504;;19;S;"Água mineral";"RICMS/SE - Decreto 21.400/2002 c/c PT 11/96";"Art. 681, I do RICMS/02 e Port. 264/2023";"Lev"
22011000;0300504;;19;S;"Água mineral";"RICMS/SE - Decreto 21.400/2002 c/c PT 11/97";"Art. 681, I do RICMS/02 e Port. 264/2023";"Loa"
22019000;0300504;;19;S;"Água mineral";"RICMS/SE - Decreto 21.400/2002 c/c PT 11/97";"Art. 681, I do RICMS/02 e Port. 264/2023";"Loa"
22011000;0300504;;19;S;"Água mineral";"RICMS/SE - Decreto 21.400/2002 c/c PT 11/91";"Art. 681, I do RICMS/02 e Port. 264/2023";"Minalba"
22019000;0300504;;19;S;"Água mineral";"RICMS/SE - Decreto 21.400/2002 c/c PT 11/91";"Art. 681, I do RICMS/02 e Port. 264/2023";"Minalba"
22011000;0300504;;19;S;"Água mineral";"RICMS/SE - Decreto 21.400/2002 c/c PT 11/91";"Art. 681, I do RICMS/02 e Port. 264/2023";"Monte Claro"
22019000;0300504;;19;S;"Água mineral";"RICMS/SE - Decreto 21.400/2002 c/c PT 11/91";"Art. 681, I do RICMS/02 e Port. 264/2023";"Monte Claro"
22011000;0300504;;19;S;"Água mineral";"RICMS/SE - Decreto 21.400/2002 c/c PT 11/91";"Art. 681, I do RICMS/02 e Port. 264/2023";"Nestlè Pureza"
22019000;0300504;;19;S;"Água mineral";"RICMS/SE - Decreto 21.400/2002 c/c PT 11/91";"Art. 681, I do RICMS/02 e Port. 264/2023";"Nestlè Pureza"
22011000;0300504;;19;S;"Água mineral";"RICMS/SE - Decreto 21.400/2002 c/c PT 11/91";"Art. 681, I do RICMS/02 e Port. 264/2023";"Nestlè Pureza Vital"
22019000;0300504;;19;S;"Água mineral";"RICMS/SE - Decreto 21.400/2002 c/c PT 11/91";"Art. 681, I do RICMS/02 e Port. 264/2023";"Nestlè Pureza Vital"
22011000;0300504;;19;S;"Água mineral";"RICMS/SE - Decreto 21.400/2002 c/c PT 11/91";"Art. 681, I do RICMS/02 e Port. 264/2023";"Santa Joana"
22019000;0300504;;19;S;"Água mineral";"RICMS/SE - Decreto 21.400/2002 c/c PT 11/91";"Art. 681, I do RICMS/02 e Port. 264/2023";"Santa Joana"
22011000;0300504;;19;S;"Água mineral";"RICMS/SE - Decreto 21.400/2002 c/c PT 11/91";"Art. 681, I do RICMS/02 e Port. 264/2023";"Schin"
22019000;0300504;;19;S;"Água mineral";"RICMS/SE - Decreto 21.400/2002 c/c PT 11/91";"Art. 681, I do RICMS/02 e Port. 264/2023";"Schin"
22011000;0300504;;19;S;"Água mineral";"RICMS/SE - Decreto 21.400/2002 c/c PT 11/91";"Art. 681, I do RICMS/02 e Port. 264/2023";"Outras"
22019000;0300504;;19;S;"Água mineral";"RICMS/SE - Decreto 21.400/2002 c/c PT 11/91";"Art. 681, I do RICMS/02 e Port. 264/2023";"Outras"
22011000;0300504;;19;S;"Água mineral";"RICMS/SE - Decreto 21.400/2002 c/c PT 11/91";"Art. 681, I do RICMS/02 e Port. 264/2023";"Crystal"
22019000;0300504;;19;S;"Água mineral";"RICMS/SE - Decreto 21.400/2002 c/c PT 11/91";"Art. 681, I do RICMS/02 e Port. 264/2023";"Crystal"
22011000;0300504;;19;S;"Água mineral";"RICMS/SE - Decreto 21.400/2002 c/c PT 11/91";"Art. 681, I do RICMS/02 e Port. 264/2023";"Entre Rios"
22019000;0300504;;19;S;"Água mineral";"RICMS/SE - Decreto 21.400/2002 c/c PT 11/91";"Art. 681, I do RICMS/02 e Port. 264/2023";"Entre Rios"
22011000;0300504;;19;S;"Água mineral";"RICMS/SE - Decreto 21.400/2002 c/c PT 11/91";"Art. 681, I do RICMS/02 e Port. 264/2023";"Indaiá"
22019000;0300504;;19;S;"Água mineral";"RICMS/SE - Decreto 21.400/2002 c/c PT 11/91";"Art. 681, I do RICMS/02 e Port. 264/2023";"Indaiá"
22011000;0300504;;19;S;"Água mineral";"RICMS/SE - Decreto 21.400/2002 c/c PT 11/91";"Art. 681, I do RICMS/02 e Port. 264/2023";"Minalba"
22019000;0300504;;19;S;"Água mineral";"RICMS/SE - Decreto 21.400/2002 c/c PT 11/91";"Art. 681, I do RICMS/02 e Port. 264/2023";"Minalba"
22011000;0300504;;19;S;"Água mineral";"RICMS/SE - Decreto 21.400/2002 c/c PT 11/91";"Art. 681, I do RICMS/02 e Port. 264/2023";"Nestlè Pureza Vital 1260 ml"
22019000;0300504;;19;S;"Água mineral";"RICMS/SE - Decreto 21.400/2002 c/c PT 11/91";"Art. 681, I do RICMS/02 e Port. 264/2023";"Nestlè Pureza Vital 1260 ml"
22011000;0300504;;19;S;"Água mineral";"RICMS/SE - Decreto 21.400/2002 c/c PT 11/91";"Art. 681, I do RICMS/02 e Port. 264/2023";"Santa Joana"
22019000;0300504;;19;S;"Água mineral";"RICMS/SE - Decreto 21.400/2002 c/c PT 11/91";"Art. 681, I do RICMS/02 e Port. 264/2023";"Santa Joana"
22011000;0300504;;19;S;"Água mineral";"RICMS/SE - Decreto 21.400/2002 c/c PT 11/91";"Art. 681, I do RICMS/02 e Port. 264/2023";"Schin"
22019000;0300504;;19;S;"Água mineral";"RICMS/SE - Decreto 21.400/2002 c/c PT 11/91";"Art. 681, I do RICMS/02 e Port. 264/2023";"Schin"
22011000;0300504;;19;S;"Água mineral";"RICMS/SE - Decreto 21.400/2002 c/c PT 11/92";"Art. 681, I do RICMS/02 e Port. 264/2023";"Outras"
22019000;0300504;;19;S;"Água mineral";"RICMS/SE - Decreto 21.400/2002 c/c PT 11/92";"Art. 681, I do RICMS/02 e Port. 264/2023";"Outras"
22011000;0300504;;19;S;"Água mineral";"RICMS/SE - Decreto 21.400/2002 c/c PT 11/91";"Art. 681, I do RICMS/02 e Port. 264/2023";"Todas"
22019000;0300504;;19;S;"Água mineral";"RICMS/SE - Decreto 21.400/2002 c/c PT 11/91";"Art. 681, I do RICMS/02 e Port. 264/2023";"Todas"
22011000;0300504;;19;S;"Água mineral";"RICMS/SE - Decreto 21.400/2002 c/c PT 11/91";"Art. 681, I do RICMS/02 e Port. 264/2023";"Todas"
22019000;0300504;;19;S;"Água mineral";"RICMS/SE - Decreto 21.400/2002 c/c PT 11/91";"Art. 681, I do RICMS/02 e Port. 264/2023";"Todas"
22011000;0300504;;19;S;"Água mineral";"RICMS/SE - Decreto 21.400/2002 c/c PT 11/91";"Art. 681, I do RICMS/02 e Port. 264/2023";"Indaiá"
22019000;0300504;;19;S;"Água mineral";"RICMS/SE - Decreto 21.400/2002 c/c PT 11/91";"Art. 681, I do RICMS/02 e Port. 264/2023";"Indaiá"
22011000;0300504;;19;S;"Água mineral";"RICMS/SE - Decreto 21.400/2002 c/c PT 11/91";"Art. 681, I do RICMS/02 e Port. 264/2023";"Outras"
22019000;0300504;;19;S;"Água mineral";"RICMS/SE - Decreto 21.400/2002 c/c PT 11/91";"Art. 681, I do RICMS/02 e Port. 264/2023";"Outras"
22011000;0300504;;19;S;"Água mineral";"RICMS/SE - Decreto 21.400/2002 c/c PT 11/91";"Art. 681, I do RICMS/02 e Port. 264/2023";"Crystal"
22019000;0300504;;19;S;"Água mineral";"RICMS/SE - Decreto 21.400/2002 c/c PT 11/91";"Art. 681, I do RICMS/02 e Port. 264/2023";"Crystal"
22011000;0300504;;19;S;"Água mineral";"RICMS/SE - Decreto 21.400/2002 c/c PT 11/92";"Art. 681, I do RICMS/02 e Port. 264/2023";"Dias D'Avila"
22019000;0300504;;19;S;"Água mineral";"RICMS/SE - Decreto 21.400/2002 c/c PT 11/92";"Art. 681, I do RICMS/02 e Port. 264/2023";"Dias D'Avila"
22011000;0300504;;19;S;"Água mineral";"RICMS/SE - Decreto 21.400/2002 c/c PT 11/91";"Art. 681, I do RICMS/02 e Port. 264/2023";"Entre Rios"
22019000;0300504;;19;S;"Água mineral";"RICMS/SE - Decreto 21.400/2002 c/c PT 11/91";"Art. 681, I do RICMS/02 e Port. 264/2023";"Entre Rios"
22011000;0300504;;19;S;"Água mineral";"RICMS/SE - Decreto 21.400/2002 c/c PT 11/91";"Art. 681, I do RICMS/02 e Port. 264/2023";"FazBem"
22019000;0300504;;19;S;"Água mineral";"RICMS/SE - Decreto 21.400/2002 c/c PT 11/91";"Art. 681, I do RICMS/02 e Port. 264/2023";"FazBem"
22011000;0300504;;19;S;"Água mineral";"RICMS/SE - Decreto 21.400/2002 c/c PT 11/91";"Art. 681, I do RICMS/02 e Port. 264/2023";"Imperial"
22019000;0300504;;19;S;"Água mineral";"RICMS/SE - Decreto 21.400/2002 c/c PT 11/91";"Art. 681, I do RICMS/02 e Port. 264/2023";"Imperial"
22011000;0300504;;19;S;"Água mineral";"RICMS/SE - Decreto 21.400/2002 c/c PT 11/91";"Art. 681, I do RICMS/02 e Port. 264/2023";"Indaiá"
22019000;0300504;;19;S;"Água mineral";"RICMS/SE - Decreto 21.400/2002 c/c PT 11/91";"Art. 681, I do RICMS/02 e Port. 264/2023";"Indaiá"
22011000;0300504;;19;S;"Água mineral";"RICMS/SE - Decreto 21.400/2002 c/c PT 11/91";"Art. 681, I do RICMS/02 e Port. 264/2023";"Itaperoá"
22019000;0300504;;19;S;"Água mineral";"RICMS/SE - Decreto 21.400/2002 c/c PT 11/91";"Art. 681, I do RICMS/02 e Port. 264/2023";"Itaperoá"
22011000;0300504;;19;S;"Água mineral";"RICMS/SE - Decreto 21.400/2002 c/c PT 11/91";"Art. 681, I do RICMS/02 e Port. 264/2023";"Lev"
22019000;0300504;;19;S;"Água mineral";"RICMS/SE - Decreto 21.400/2002 c/c PT 11/91";"Art. 681, I do RICMS/02 e Port. 264/2023";"Lev"
22011000;0300504;;19;S;"Água mineral";"RICMS/SE - Decreto 21.400/2002 c/c PT 11/91";"Art. 681, I do RICMS/02 e Port. 264/2023";"Nestle Pureza Vital 6300 ml"
22019000;0300504;;19;S;"Água mineral";"RICMS/SE - Decreto 21.400/2002 c/c PT 11/91";"Art. 681, I do RICMS/02 e Port. 264/2023";"Nestle Pureza Vital 6300 ml"
22011000;0300504;;19;S;"Água mineral";"RICMS/SE - Decreto 21.400/2002 c/c PT 11/91";"Art. 681, I do RICMS/02 e Port. 264/2023";"Outras"
22019000;0300504;;19;S;"Água mineral";"RICMS/SE - Decreto 21.400/2002 c/c PT 11/91";"Art. 681, I do RICMS/02 e Port. 264/2023";"Outras"
22011000;0302400;;19;S;"Água mineral";"RICMS/SE - Decreto 21.400/2002 c/c PT 11/91";"Art. 681, I do RICMS/02 e Port. 264/2023";"Indaiá"
22011000;0302400;;19;S;"Água mineral";"RICMS/SE - Decreto 21.400/2002 c/c PT 11/91";"Art. 681, I do RICMS/02 e Port. 264/2023";"Outras"
22011000;0302400;;19;S;"Água mineral";"RICMS/SE - Decreto 21.400/2002 c/c PT 11/91";"Art. 681, I do RICMS/02 e Port. 264/2023";"É Leve"
22011000;0302400;;19;S;"Água mineral";"RICMS/SE - Decreto 21.400/2002 c/c PT 11/91";"Art. 681, I do RICMS/02 e Port. 264/2023";"Entre Rios"
22011000;0302400;;19;S;"Água mineral";"RICMS/SE - Decreto 21.400/2002 c/c PT 11/91";"Art. 681, I do RICMS/02 e Port. 264/2023";"É Leve"
22011000;0302400;;19;S;"Água mineral";"RICMS/SE - Decreto 21.400/2002 c/c PT 11/91";"Art. 681, I do RICMS/02 e Port. 264/2023";"Entre Rios"
22011000;0302400;;19;S;"Água mineral";"RICMS/SE - Decreto 21.400/2002 c/c PT 11/91";"Art. 681, I do RICMS/02 e Port. 264/2023";"Fazbem"
22011000;0302400;;19;S;"Água mineral";"RICMS/SE - Decreto 21.400/2002 c/c PT 11/91";"Art. 681, I do RICMS/02 e Port. 264/2023";"Imperial"
22011000;0302400;;19;S;"Água mineral";"RICMS/SE - Decreto 21.400/2002 c/c PT 11/91";"Art. 681, I do RICMS/02 e Port. 264/2023";"Indaiá"
22011000;0302400;;19;S;"Água mineral";"RICMS/SE - Decreto 21.400/2002 c/c PT 11/91";"Art. 681, I do RICMS/02 e Port. 264/2023";"Itaperoá"
22011000;0302400;;19;S;"Água mineral";"RICMS/SE - Decreto 21.400/2002 c/c PT 11/91";"Art. 681, I do RICMS/02 e Port. 264/2023";"Lev"
22011000;0302400;;19;S;"Água mineral";"RICMS/SE - Decreto 21.400/2002 c/c PT 11/91";"Art. 681, I do RICMS/02 e Port. 264/2023";"São Cristóvão"
22011000;0302400;;19;S;"Água mineral";"RICMS/SE - Decreto 21.400/2002 c/c PT 11/91";"Art. 681, I do RICMS/02 e Port. 264/2023";"Outras"
22011000;0302500;;19;S;"Água mineral";"RICMS/SE - Decreto 21.400/2002 c/c PT 11/91";"Art. 681, I do RICMS/02 e Port. 264/2023";"Águas Claras"
22011000;0302500;;19;S;"Água mineral";"RICMS/SE - Decreto 21.400/2002 c/c PT 11/91";"Art. 681, I do RICMS/02 e Port. 264/2023";"Dias D’Ávila"
22011000;0302500;;19;S;"Água mineral";"RICMS/SE - Decreto 21.400/2002 c/c PT 11/91";"Art. 681, I do RICMS/02 e Port. 264/2023";"Dinda"
22011000;0302500;;19;S;"Água mineral";"RICMS/SE - Decreto 21.400/2002 c/c PT 11/91";"Art. 681, I do RICMS/02 e Port. 264/2023";"É Leve"
22011000;0302500;;19;S;"Água mineral";"RICMS/SE - Decreto 21.400/2002 c/c PT 11/91";"Art. 681, I do RICMS/02 e Port. 264/2023";"Entre Rios"
22011000;0302500;;19;S;"Água mineral";"RICMS/SE - Decreto 21.400/2002 c/c PT 11/91";"Art. 681, I do RICMS/02 e Port. 264/2023";"FazBem"
22011000;0302500;;19;S;"Água mineral";"RICMS/SE - Decreto 21.400/2002 c/c PT 11/91";"Art. 681, I do RICMS/02 e Port. 264/2023";"Imperial"
22011000;0302500;;19;S;"Água mineral";"RICMS/SE - Decreto 21.400/2002 c/c PT 11/91";"Art. 681, I do RICMS/02 e Port. 264/2023";"Indaiá"
22011000;0302500;;19;S;"Água mineral";"RICMS/SE - Decreto 21.400/2002 c/c PT 11/91";"Art. 681, I do RICMS/02 e Port. 264/2023";"Indiana"
22011000;0302500;;19;S;"Água mineral";"RICMS/SE - Decreto 21.400/2002 c/c PT 11/91";"Art. 681, I do RICMS/02 e Port. 264/2023";"Itaperoá"
22011000;0302500;;19;S;"Água mineral";"RICMS/SE - Decreto 21.400/2002 c/c PT 11/91";"Art. 681, I do RICMS/02 e Port. 264/2023";"Lev"
22011000;0302500;;19;S;"Água mineral";"RICMS/SE - Decreto 21.400/2002 c/c PT 11/91";"Art. 681, I do RICMS/02 e Port. 264/2023";"Monte Claro"
22011000;0302500;;19;S;"Água mineral";"RICMS/SE - Decreto 21.400/2002 c/c PT 11/91";"Art. 681, I do RICMS/02 e Port. 264/2023";"Santa Cecília"
22011000;0302500;;19;S;"Água mineral";"RICMS/SE - Decreto 21.400/2002 c/c PT 11/91";"Art. 681, I do RICMS/02 e Port. 264/2023";"São Cristóvão"
22011000;0302500;;19;S;"Água mineral";"RICMS/SE - Decreto 21.400/2002 c/c PT 11/91";"Art. 681, I do RICMS/02 e Port. 264/2023";"Outras"
22011000;0302500;;19;S;"Água mineral";"RICMS/SE - Decreto 21.400/2002 c/c PT 11/91";"Art. 681, I do RICMS/02 e Port. 264/2023";"Vale"
22011000;0302500;;19;S;"Água mineral";"RICMS/SE - Decreto 21.400/2002 c/c PT 11/91";"Art. 681, I do RICMS/02 e Port. 264/2023";"Outras"
22021000;0301100;;19;S;"Bebidas frias";"RICMS/SE - Decreto 21.400/2002 c/c PT 10/92";"Art. 681, I do RICMS/02 e Port. 263/2023";"Coca-Cola (todos)"
22029900;0301100;;19;S;"Bebidas frias";"RICMS/SE - Decreto 21.400/2002 c/c PT 10/92";"Art. 681, I do RICMS/02 e Port. 263/2023";"Coca-Cola (todos)"
2202;0301100;;19;S;"Bebidas frias";"RICMS/SE - Decreto 21.400/2002 c/c PT 10/92";"Art. 681, I do RICMS/02 e Port. 263/2023";"Coca-Cola (todos)"
22021000;0301100;;19;S;"Bebidas frias";"RICMS/SE - Decreto 21.400/2002 c/c PT 10/92";"Art. 681, I do RICMS/02 e Port. 263/2023";"Fanta (todos)"
22029900;0301100;;19;S;"Bebidas frias";"RICMS/SE - Decreto 21.400/2002 c/c PT 10/92";"Art. 681, I do RICMS/02 e Port. 263/2023";"Fanta (todos)"
2202;0301100;;19;S;"Bebidas frias";"RICMS/SE - Decreto 21.400/2002 c/c PT 10/92";"Art. 681, I do RICMS/02 e Port. 263/2023";"Fanta (todos)"
22021000;0301100;;19;S;"Bebidas frias";"RICMS/SE - Decreto 21.400/2002 c/c PT 10/92";"Art. 681, I do RICMS/02 e Port. 263/2023";"Guaraná Kuat (todos)"
22029900;0301100;;19;S;"Bebidas frias";"RICMS/SE - Decreto 21.400/2002 c/c PT 10/92";"Art. 681, I do RICMS/02 e Port. 263/2023";"Guaraná Kuat (todos)"
2202;0301100;;19;S;"Bebidas frias";"RICMS/SE - Decreto 21.400/2002 c/c PT 10/92";"Art. 681, I do RICMS/02 e Port. 263/2023";"Guaraná Kuat (todos)"
22021000;0301100;;19;S;"Bebidas frias";"RICMS/SE - Decreto 21.400/2002 c/c PT 10/92";"Art. 681, I do RICMS/02 e Port. 263/2023";"São Geraldo Caju"
22029900;0301100;;19;S;"Bebidas frias";"RICMS/SE - Decreto 21.400/2002 c/c PT 10/92";"Art. 681, I do RICMS/02 e Port. 263/2023";"São Geraldo Caju"
2202;0301100;;19;S;"Bebidas frias";"RICMS/SE - Decreto 21.400/2002 c/c PT 10/92";"Art. 681, I do RICMS/02 e Port. 263/2023";"São Geraldo Caju"
22021000;0301100;;19;S;"Bebidas frias";"RICMS/SE - Decreto 21.400/2002 c/c PT 10/92";"Art. 681, I do RICMS/02 e Port. 263/2023";"Sprite (todos)"
22029900;0301100;;19;S;"Bebidas frias";"RICMS/SE - Decreto 21.400/2002 c/c PT 10/92";"Art. 681, I do RICMS/02 e Port. 263/2023";"Sprite (todos)"
2202;0301100;;19;S;"Bebidas frias";"RICMS/SE - Decreto 21.400/2002 c/c PT 10/92";"Art. 681, I do RICMS/02 e Port. 263/2023";"Sprite (todos)"
22021000;0301100;;19;S;"Bebidas frias";"RICMS/SE - Decreto 21.400/2002 c/c PT 10/92";"Art. 681, I do RICMS/02 e Port. 263/2023";"Outros"
22029900;0301100;;19;S;"Bebidas frias";"RICMS/SE - Decreto 21.400/2002 c/c PT 10/92";"Art. 681, I do RICMS/02 e Port. 263/2023";"Outros"
2202;0301100;;19;S;"Bebidas frias";"RICMS/SE - Decreto 21.400/2002 c/c PT 10/92";"Art. 681, I do RICMS/02 e Port. 263/2023";"Outros"
22021000;0301100;;19;S;"Bebidas frias";"RICMS/SE - Decreto 21.400/2002 c/c PT 10/92";"Art. 681, I do RICMS/02 e Port. 263/2023";"Wewi"
22029900;0301100;;19;S;"Bebidas frias";"RICMS/SE - Decreto 21.400/2002 c/c PT 10/92";"Art. 681, I do RICMS/02 e Port. 263/2023";"Wewi"
2202;0301100;;19;S;"Bebidas frias";"RICMS/SE - Decreto 21.400/2002 c/c PT 10/92";"Art. 681, I do RICMS/02 e Port. 263/2023";"Wewi"
22021000;0301100;;19;S;"Bebidas frias";"RICMS/SE - Decreto 21.400/2002 c/c PT 10/92";"Art. 681, I do RICMS/02 e Port. 263/2023";"Outros"
22029900;0301100;;19;S;"Bebidas frias";"RICMS/SE - Decreto 21.400/2002 c/c PT 10/92";"Art. 681, I do RICMS/02 e Port. 263/2023";"Outros"
2202;0301100;;19;S;"Bebidas frias";"RICMS/SE - Decreto 21.400/2002 c/c PT 10/92";"Art. 681, I do RICMS/02 e Port. 263/2023";"Outros"
22021000;0301000;;19;S;"Bebidas frias";"RICMS/SE - Decreto 21.400/2002 c/c PT 10/92";"Art. 681, I do RICMS/02 e Port. 263/2023";"Cerpa (todos)"
22029900;0301000;;19;S;"Bebidas frias";"RICMS/SE - Decreto 21.400/2002 c/c PT 10/92";"Art. 681, I do RICMS/02 e Port. 263/2023";"Cerpa (todos)"
2202;0301000;;19;S;"Bebidas frias";"RICMS/SE - Decreto 21.400/2002 c/c PT 10/92";"Art. 681, I do RICMS/02 e Port. 263/2023";"Cerpa (todos)"
22021000;0301000;;19;S;"Bebidas frias";"RICMS/SE - Decreto 21.400/2002 c/c PT 10/92";"Art. 681, I do RICMS/02 e Port. 263/2023";"Coca-Cola (todos)"
22029900;0301000;;19;S;"Bebidas frias";"RICMS/SE - Decreto 21.400/2002 c/c PT 10/92";"Art. 681, I do RICMS/02 e Port. 263/2023";"Coca-Cola (todos)"
2202;0301000;;19;S;"Bebidas frias";"RICMS/SE - Decreto 21.400/2002 c/c PT 10/92";"Art. 681, I do RICMS/02 e Port. 263/2023";"Coca-Cola (todos)"
22021000;0301000;;19;S;"Bebidas frias";"RICMS/SE - Decreto 21.400/2002 c/c PT 10/92";"Art. 681, I do RICMS/02 e Port. 263/2023";"Conti Cola (todas)"
22029900;0301000;;19;S;"Bebidas frias";"RICMS/SE - Decreto 21.400/2002 c/c PT 10/92";"Art. 681, I do RICMS/02 e Port. 263/2023";"Conti Cola (todas)"
2202;0301000;;19;S;"Bebidas frias";"RICMS/SE - Decreto 21.400/2002 c/c PT 10/92";"Art. 681, I do RICMS/02 e Port. 263/2023";"Conti Cola (todas)"
22021000;0301000;;19;S;"Bebidas frias";"RICMS/SE - Decreto 21.400/2002 c/c PT 10/92";"Art. 681, I do RICMS/02 e Port. 263/2023";"Fanta (todos)"
22029900;0301000;;19;S;"Bebidas frias";"RICMS/SE - Decreto 21.400/2002 c/c PT 10/92";"Art. 681, I do RICMS/02 e Port. 263/2023";"Fanta (todos)"
2202;0301000;;19;S;"Bebidas frias";"RICMS/SE - Decreto 21.400/2002 c/c PT 10/92";"Art. 681, I do RICMS/02 e Port. 263/2023";"Fanta (todos)"
22021000;0301000;;19;S;"Bebidas frias";"RICMS/SE - Decreto 21.400/2002 c/c PT 10/92";"Art. 681, I do RICMS/02 e Port. 263/2023";"Guaraná Antarctica (todos)"
22029900;0301000;;19;S;"Bebidas frias";"RICMS/SE - Decreto 21.400/2002 c/c PT 10/92";"Art. 681, I do RICMS/02 e Port. 263/2023";"Guaraná Antarctica (todos)"
2202;0301000;;19;S;"Bebidas frias";"RICMS/SE - Decreto 21.400/2002 c/c PT 10/92";"Art. 681, I do RICMS/02 e Port. 263/2023";"Guaraná Antarctica (todos)"
22021000;0301000;;19;S;"Bebidas frias";"RICMS/SE - Decreto 21.400/2002 c/c PT 10/92";"Art. 681, I do RICMS/02 e Port. 263/2023";"Guaraná Kuat (todos)"
22029900;0301000;;19;S;"Bebidas frias";"RICMS/SE - Decreto 21.400/2002 c/c PT 10/92";"Art. 681, I do RICMS/02 e Port. 263/2023";"Guaraná Kuat (todos)"
2202;0301000;;19;S;"Bebidas frias";"RICMS/SE - Decreto 21.400/2002 c/c PT 10/92";"Art. 681, I do RICMS/02 e Port. 263/2023";"Guaraná Kuat (todos)"
22021000;0301000;;19;S;"Bebidas frias";"RICMS/SE - Decreto 21.400/2002 c/c PT 10/92";"Art. 681, I do RICMS/02 e Port. 263/2023";"Pepsi-Cola"
22029900;0301000;;19;S;"Bebidas frias";"RICMS/SE - Decreto 21.400/2002 c/c PT 10/92";"Art. 681, I do RICMS/02 e Port. 263/2023";"Pepsi-Cola"
2202;0301000;;19;S;"Bebidas frias";"RICMS/SE - Decreto 21.400/2002 c/c PT 10/92";"Art. 681, I do RICMS/02 e Port. 263/2023";"Pepsi-Cola"
22021000;0301000;;19;S;"Bebidas frias";"RICMS/SE - Decreto 21.400/2002 c/c PT 10/92";"Art. 681, I do RICMS/02 e Port. 263/2023";"Soda Limonada Antarctica"
22029900;0301000;;19;S;"Bebidas frias";"RICMS/SE - Decreto 21.400/2002 c/c PT 10/92";"Art. 681, I do RICMS/02 e Port. 263/2023";"Soda Limonada Antarctica"
2202;0301000;;19;S;"Bebidas frias";"RICMS/SE - Decreto 21.400/2002 c/c PT 10/92";"Art. 681, I do RICMS/02 e Port. 263/2023";"Soda Limonada Antarctica"
22021000;0301000;;19;S;"Bebidas frias";"RICMS/SE - Decreto 21.400/2002 c/c PT 10/92";"Art. 681, I do RICMS/02 e Port. 263/2023";"Sprite (todos)"
22029900;0301000;;19;S;"Bebidas frias";"RICMS/SE - Decreto 21.400/2002 c/c PT 10/92";"Art. 681, I do RICMS/02 e Port. 263/2023";"Sprite (todos)"
2202;0301000;;19;S;"Bebidas frias";"RICMS/SE - Decreto 21.400/2002 c/c PT 10/92";"Art. 681, I do RICMS/02 e Port. 263/2023";"Sprite (todos)"
22021000;0301000;;19;S;"Bebidas frias";"RICMS/SE - Decreto 21.400/2002 c/c PT 10/92";"Art. 681, I do RICMS/02 e Port. 263/2023";"Sukita"
22029900;0301000;;19;S;"Bebidas frias";"RICMS/SE - Decreto 21.400/2002 c/c PT 10/92";"Art. 681, I do RICMS/02 e Port. 263/2023";"Sukita"
2202;0301000;;19;S;"Bebidas frias";"RICMS/SE - Decreto 21.400/2002 c/c PT 10/92";"Art. 681, I do RICMS/02 e Port. 263/2023";"Sukita"
22021000;0301000;;19;S;"Bebidas frias";"RICMS/SE - Decreto 21.400/2002 c/c PT 10/92";"Art. 681, I do RICMS/02 e Port. 263/2023";"Outros"
22029900;0301000;;19;S;"Bebidas frias";"RICMS/SE - Decreto 21.400/2002 c/c PT 10/92";"Art. 681, I do RICMS/02 e Port. 263/2023";"Outros"
2202;0301000;;19;S;"Bebidas frias";"RICMS/SE - Decreto 21.400/2002 c/c PT 10/92";"Art. 681, I do RICMS/02 e Port. 263/2023";"Outros"
22021000;0301100;;19;S;"Bebidas frias";"RICMS/SE - Decreto 21.400/2002 c/c PT 10/92";"Art. 681, I do RICMS/02 e Port. 263/2023";"Hiran"
22029900;0301100;;19;S;"Bebidas frias";"RICMS/SE - Decreto 21.400/2002 c/c PT 10/92";"Art. 681, I do RICMS/02 e Port. 263/2023";"Hiran"
2202;0301100;;19;S;"Bebidas frias";"RICMS/SE - Decreto 21.400/2002 c/c PT 10/92";"Art. 681, I do RICMS/02 e Port. 263/2023";"Hiran"
22021000;0301100;;19;S;"Bebidas frias";"RICMS/SE - Decreto 21.400/2002 c/c PT 10/92";"Art. 681, I do RICMS/02 e Port. 263/2023";"São Geraldo Caju"
22029900;0301100;;19;S;"Bebidas frias";"RICMS/SE - Decreto 21.400/2002 c/c PT 10/92";"Art. 681, I do RICMS/02 e Port. 263/2023";"São Geraldo Caju"
2202;0301100;;19;S;"Bebidas frias";"RICMS/SE - Decreto 21.400/2002 c/c PT 10/92";"Art. 681, I do RICMS/02 e Port. 263/2023";"São Geraldo Caju"
22021000;0301100;;19;S;"Bebidas frias";"RICMS/SE - Decreto 21.400/2002 c/c PT 10/92";"Art. 681, I do RICMS/02 e Port. 263/2023";"Taubaiana"
22029900;0301100;;19;S;"Bebidas frias";"RICMS/SE - Decreto 21.400/2002 c/c PT 10/92";"Art. 681, I do RICMS/02 e Port. 263/2023";"Taubaiana"
2202;0301100;;19;S;"Bebidas frias";"RICMS/SE - Decreto 21.400/2002 c/c PT 10/92";"Art. 681, I do RICMS/02 e Port. 263/2023";"Taubaiana"
22021000;0301100;;19;S;"Bebidas frias";"RICMS/SE - Decreto 21.400/2002 c/c PT 10/92";"Art. 681, I do RICMS/02 e Port. 263/2023";"Todos"
22029900;0301100;;19;S;"Bebidas frias";"RICMS/SE - Decreto 21.400/2002 c/c PT 10/92";"Art. 681, I do RICMS/02 e Port. 263/2023";"Todos"
2202;0301100;;19;S;"Bebidas frias";"RICMS/SE - Decreto 21.400/2002 c/c PT 10/92";"Art. 681, I do RICMS/02 e Port. 263/2023";"Todos"
22021000;0301100;;19;S;"Bebidas frias";"RICMS/SE - Decreto 21.400/2002 c/c PT 10/92";"Art. 681, I do RICMS/02 e Port. 263/2023";"Coca cola"
22029900;0301100;;19;S;"Bebidas frias";"RICMS/SE - Decreto 21.400/2002 c/c PT 10/92";"Art. 681, I do RICMS/02 e Port. 263/2023";"Coca cola"
2202;0301100;;19;S;"Bebidas frias";"RICMS/SE - Decreto 21.400/2002 c/c PT 10/92";"Art. 681, I do RICMS/02 e Port. 263/2023";"Coca cola"
22021000;0301100;;19;S;"Bebidas frias";"RICMS/SE - Decreto 21.400/2002 c/c PT 10/92";"Art. 681, I do RICMS/02 e Port. 263/2023";"Conti Cola (todas)"
22029900;0301100;;19;S;"Bebidas frias";"RICMS/SE - Decreto 21.400/2002 c/c PT 10/92";"Art. 681, I do RICMS/02 e Port. 263/2023";"Conti Cola (todas)"
2202;0301100;;19;S;"Bebidas frias";"RICMS/SE - Decreto 21.400/2002 c/c PT 10/92";"Art. 681, I do RICMS/02 e Port. 263/2023";"Conti Cola (todas)"
22021000;0301100;;19;S;"Bebidas frias";"RICMS/SE - Decreto 21.400/2002 c/c PT 10/92";"Art. 681, I do RICMS/02 e Port. 263/2023";"Fanta"
22029900;0301100;;19;S;"Bebidas frias";"RICMS/SE - Decreto 21.400/2002 c/c PT 10/92";"Art. 681, I do RICMS/02 e Port. 263/2023";"Fanta"
2202;0301100;;19;S;"Bebidas frias";"RICMS/SE - Decreto 21.400/2002 c/c PT 10/92";"Art. 681, I do RICMS/02 e Port. 263/2023";"Fanta"
22021000;0301100;;19;S;"Bebidas frias";"RICMS/SE - Decreto 21.400/2002 c/c PT 10/92";"Art. 681, I do RICMS/02 e Port. 263/2023";"Guaraná Antártica"
22029900;0301100;;19;S;"Bebidas frias";"RICMS/SE - Decreto 21.400/2002 c/c PT 10/92";"Art. 681, I do RICMS/02 e Port. 263/2023";"Guaraná Antártica"
2202;0301100;;19;S;"Bebidas frias";"RICMS/SE - Decreto 21.400/2002 c/c PT 10/92";"Art. 681, I do RICMS/02 e Port. 263/2023";"Guaraná Antártica"
22021000;0301100;;19;S;"Bebidas frias";"RICMS/SE - Decreto 21.400/2002 c/c PT 10/92";"Art. 681, I do RICMS/02 e Port. 263/2023";"Guaraná Kuat"
22029900;0301100;;19;S;"Bebidas frias";"RICMS/SE - Decreto 21.400/2002 c/c PT 10/92";"Art. 681, I do RICMS/02 e Port. 263/2023";"Guaraná Kuat"
2202;0301100;;19;S;"Bebidas frias";"RICMS/SE - Decreto 21.400/2002 c/c PT 10/92";"Art. 681, I do RICMS/02 e Port. 263/2023";"Guaraná Kuat"
22021000;0301100;;19;S;"Bebidas frias";"RICMS/SE - Decreto 21.400/2002 c/c PT 10/92";"Art. 681, I do RICMS/02 e Port. 263/2023";"Pepsi-cola"
22029900;0301100;;19;S;"Bebidas frias";"RICMS/SE - Decreto 21.400/2002 c/c PT 10/92";"Art. 681, I do RICMS/02 e Port. 263/2023";"Pepsi-cola"
2202;0301100;;19;S;"Bebidas frias";"RICMS/SE - Decreto 21.400/2002 c/c PT 10/92";"Art. 681, I do RICMS/02 e Port. 263/2023";"Pepsi-cola"
22021000;0301100;;19;S;"Bebidas frias";"RICMS/SE - Decreto 21.400/2002 c/c PT 10/92";"Art. 681, I do RICMS/02 e Port. 263/2023";"Outros"
22029900;0301100;;19;S;"Bebidas frias";"RICMS/SE - Decreto 21.400/2002 c/c PT 10/92";"Art. 681, I do RICMS/02 e Port. 263/2023";"Outros"
2202;0301100;;19;S;"Bebidas frias";"RICMS/SE - Decreto 21.400/2002 c/c PT 10/92";"Art. 681, I do RICMS/02 e Port. 263/2023";"Outros"
2202;0301101;;19;S;"Bebidas frias";"RICMS/SE - Decreto 21.400/2002 c/c PT 10/92";"Art. 681, I do RICMS/02 e Port. 263/2023";"Cereser"
2202;0301101;;19;S;"Bebidas frias";"RICMS/SE - Decreto 21.400/2002 c/c PT 10/92";"Art. 681, I do RICMS/02 e Port. 263/2023";"Outros"
22021000;0301100;;19;S;"Bebidas frias";"RICMS/SE - Decreto 21.400/2002 c/c PT 10/92";"Art. 681, I do RICMS/02 e Port. 263/2023";"Capricho"
22029900;0301100;;19;S;"Bebidas frias";"RICMS/SE - Decreto 21.400/2002 c/c PT 10/92";"Art. 681, I do RICMS/02 e Port. 263/2023";"Capricho"
2202;0301100;;19;S;"Bebidas frias";"RICMS/SE - Decreto 21.400/2002 c/c PT 10/92";"Art. 681, I do RICMS/02 e Port. 263/2023";"Capricho"
22021000;0301100;;19;S;"Bebidas frias";"RICMS/SE - Decreto 21.400/2002 c/c PT 10/92";"Art. 681, I do RICMS/02 e Port. 263/2023";"Conti Cola (todas)"
22029900;0301100;;19;S;"Bebidas frias";"RICMS/SE - Decreto 21.400/2002 c/c PT 10/92";"Art. 681, I do RICMS/02 e Port. 263/2023";"Conti Cola (todas)"
2202;0301100;;19;S;"Bebidas frias";"RICMS/SE - Decreto 21.400/2002 c/c PT 10/92";"Art. 681, I do RICMS/02 e Port. 263/2023";"Conti Cola (todas)"
22021000;0301100;;19;S;"Bebidas frias";"RICMS/SE - Decreto 21.400/2002 c/c PT 10/92";"Art. 681, I do RICMS/02 e Port. 263/2023";"Guaraná Antártica"
22029900;0301100;;19;S;"Bebidas frias";"RICMS/SE - Decreto 21.400/2002 c/c PT 10/92";"Art. 681, I do RICMS/02 e Port. 263/2023";"Guaraná Antártica"
2202;0301100;;19;S;"Bebidas frias";"RICMS/SE - Decreto 21.400/2002 c/c PT 10/92";"Art. 681, I do RICMS/02 e Port. 263/2023";"Guaraná Antártica"
22021000;0301100;;19;S;"Bebidas frias";"RICMS/SE - Decreto 21.400/2002 c/c PT 10/92";"Art. 681, I do RICMS/02 e Port. 263/2023";"Pepsi Cola"
22029900;0301100;;19;S;"Bebidas frias";"RICMS/SE - Decreto 21.400/2002 c/c PT 10/92";"Art. 681, I do RICMS/02 e Port. 263/2023";"Pepsi Cola"
2202;0301100;;19;S;"Bebidas frias";"RICMS/SE - Decreto 21.400/2002 c/c PT 10/92";"Art. 681, I do RICMS/02 e Port. 263/2023";"Pepsi Cola"
22021000;0301100;;19;S;"Bebidas frias";"RICMS/SE - Decreto 21.400/2002 c/c PT 10/92";"Art. 681, I do RICMS/02 e Port. 263/2023";"Outros"
22029900;0301100;;19;S;"Bebidas frias";"RICMS/SE - Decreto 21.400/2002 c/c PT 10/92";"Art. 681, I do RICMS/02 e Port. 263/2023";"Outros"
2202;0301100;;19;S;"Bebidas frias";"RICMS/SE - Decreto 21.400/2002 c/c PT 10/92";"Art. 681, I do RICMS/02 e Port. 263/2023";"Outros"
22021000;0301001;;19;S;"Bebidas frias";"RICMS/SE - Decreto 21.400/2002 c/c PT 10/92";"Art. 681, I do RICMS/02 e Port. 263/2023";"Coca-Cola / Zero"
22029900;0301001;;19;S;"Bebidas frias";"RICMS/SE - Decreto 21.400/2002 c/c PT 10/92";"Art. 681, I do RICMS/02 e Port. 263/2023";"Coca-Cola / Zero"
22021000;0301001;;19;S;"Bebidas frias";"RICMS/SE - Decreto 21.400/2002 c/c PT 10/92";"Art. 681, I do RICMS/02 e Port. 263/2023";"Coca-Cola Zero/Sem açucar"
22029900;0301001;;19;S;"Bebidas frias";"RICMS/SE - Decreto 21.400/2002 c/c PT 10/92";"Art. 681, I do RICMS/02 e Port. 263/2023";"Coca-Cola Zero/Sem açucar"
22021000;0301001;;19;S;"Bebidas frias";"RICMS/SE - Decreto 21.400/2002 c/c PT 10/92";"Art. 681, I do RICMS/02 e Port. 263/2023";"Coroa"
22029900;0301001;;19;S;"Bebidas frias";"RICMS/SE - Decreto 21.400/2002 c/c PT 10/92";"Art. 681, I do RICMS/02 e Port. 263/2023";"Coroa"
22021000;0301001;;19;S;"Bebidas frias";"RICMS/SE - Decreto 21.400/2002 c/c PT 10/92";"Art. 681, I do RICMS/02 e Port. 263/2023";"Cajuína 250 ml"
22029900;0301001;;19;S;"Bebidas frias";"RICMS/SE - Decreto 21.400/2002 c/c PT 10/92";"Art. 681, I do RICMS/02 e Port. 263/2023";"Cajuína 250 ml"
22021000;0301001;;19;S;"Bebidas frias";"RICMS/SE - Decreto 21.400/2002 c/c PT 10/92";"Art. 681, I do RICMS/02 e Port. 263/2023";"Dore 250 ml (todos)"
22029900;0301001;;19;S;"Bebidas frias";"RICMS/SE - Decreto 21.400/2002 c/c PT 10/92";"Art. 681, I do RICMS/02 e Port. 263/2023";"Dore 250 ml (todos)"
22021000;0301001;;19;S;"Bebidas frias";"RICMS/SE - Decreto 21.400/2002 c/c PT 10/92";"Art. 681, I do RICMS/02 e Port. 263/2023";"Dore Citrus"
22029900;0301001;;19;S;"Bebidas frias";"RICMS/SE - Decreto 21.400/2002 c/c PT 10/92";"Art. 681, I do RICMS/02 e Port. 263/2023";"Dore Citrus"
22021000;0301001;;19;S;"Bebidas frias";"RICMS/SE - Decreto 21.400/2002 c/c PT 10/92";"Art. 681, I do RICMS/02 e Port. 263/2023";"Fanta (todas)"
22029900;0301001;;19;S;"Bebidas frias";"RICMS/SE - Decreto 21.400/2002 c/c PT 10/92";"Art. 681, I do RICMS/02 e Port. 263/2023";"Fanta (todas)"
22021000;0301001;;19;S;"Bebidas frias";"RICMS/SE - Decreto 21.400/2002 c/c PT 10/92";"Art. 681, I do RICMS/02 e Port. 263/2023";"Friish (todos)"
22029900;0301001;;19;S;"Bebidas frias";"RICMS/SE - Decreto 21.400/2002 c/c PT 10/92";"Art. 681, I do RICMS/02 e Port. 263/2023";"Friish (todos)"
22021000;0301001;;19;S;"Bebidas frias";"RICMS/SE - Decreto 21.400/2002 c/c PT 10/92";"Art. 681, I do RICMS/02 e Port. 263/2023";"Goob (todos) 200 ml"
22029900;0301001;;19;S;"Bebidas frias";"RICMS/SE - Decreto 21.400/2002 c/c PT 10/92";"Art. 681, I do RICMS/02 e Port. 263/2023";"Goob (todos) 200 ml"
22021000;0301001;;19;S;"Bebidas frias";"RICMS/SE - Decreto 21.400/2002 c/c PT 10/92";"Art. 681, I do RICMS/02 e Port. 263/2023";"Goob (todos) 250 ml"
22029900;0301001;;19;S;"Bebidas frias";"RICMS/SE - Decreto 21.400/2002 c/c PT 10/92";"Art. 681, I do RICMS/02 e Port. 263/2023";"Goob (todos) 250 ml"
2202;0301101;;19;S;"Bebidas frias";"RICMS/SE - Decreto 21.400/2002 c/c PT 10/92";"Art. 681, I do RICMS/02 e Port. 263/2023";"Grapetti 250 ml"
22021000;0301001;;19;S;"Bebidas frias";"RICMS/SE - Decreto 21.400/2002 c/c PT 10/92";"Art. 681, I do RICMS/02 e Port. 263/2023";"Grapetti 290 ml"
22029900;0301001;;19;S;"Bebidas frias";"RICMS/SE - Decreto 21.400/2002 c/c PT 10/92";"Art. 681, I do RICMS/02 e Port. 263/2023";"Grapetti 290 ml"
22021000;0301001;;19;S;"Bebidas frias";"RICMS/SE - Decreto 21.400/2002 c/c PT 10/92";"Art. 681, I do RICMS/02 e Port. 263/2023";"Guaraná Antarctica"
22029900;0301001;;19;S;"Bebidas frias";"RICMS/SE - Decreto 21.400/2002 c/c PT 10/92";"Art. 681, I do RICMS/02 e Port. 263/2023";"Guaraná Antarctica"
22021000;0301001;;19;S;"Bebidas frias";"RICMS/SE - Decreto 21.400/2002 c/c PT 10/92";"Art. 681, I do RICMS/02 e Port. 263/2023";"Guaraná Kuat"
22029900;0301001;;19;S;"Bebidas frias";"RICMS/SE - Decreto 21.400/2002 c/c PT 10/92";"Art. 681, I do RICMS/02 e Port. 263/2023";"Guaraná Kuat"
22021000;0301001;;19;S;"Bebidas frias";"RICMS/SE - Decreto 21.400/2002 c/c PT 10/92";"Art. 681, I do RICMS/02 e Port. 263/2023";"Ice Cola"
22029900;0301001;;19;S;"Bebidas frias";"RICMS/SE - Decreto 21.400/2002 c/c PT 10/92";"Art. 681, I do RICMS/02 e Port. 263/2023";"Ice Cola"
22021000;0301001;;19;S;"Bebidas frias";"RICMS/SE - Decreto 21.400/2002 c/c PT 10/92";"Art. 681, I do RICMS/02 e Port. 263/2023";"Ice Lemon"
22029900;0301001;;19;S;"Bebidas frias";"RICMS/SE - Decreto 21.400/2002 c/c PT 10/92";"Art. 681, I do RICMS/02 e Port. 263/2023";"Ice Lemon"
22021000;0301001;;19;S;"Bebidas frias";"RICMS/SE - Decreto 21.400/2002 c/c PT 10/92";"Art. 681, I do RICMS/02 e Port. 263/2023";"Refri Indaiá (todos) 200 ml"
22029900;0301001;;19;S;"Bebidas frias";"RICMS/SE - Decreto 21.400/2002 c/c PT 10/92";"Art. 681, I do RICMS/02 e Port. 263/2023";"Refri Indaiá (todos) 200 ml"
22021000;0301001;;19;S;"Bebidas frias";"RICMS/SE - Decreto 21.400/2002 c/c PT 10/92";"Art. 681, I do RICMS/02 e Port. 263/2023";"Refri Indaiá (todos) 250 ml"
22029900;0301001;;19;S;"Bebidas frias";"RICMS/SE - Decreto 21.400/2002 c/c PT 10/92";"Art. 681, I do RICMS/02 e Port. 263/2023";"Refri Indaiá (todos) 250 ml"
22021000;0301001;;19;S;"Bebidas frias";"RICMS/SE - Decreto 21.400/2002 c/c PT 10/92";"Art. 681, I do RICMS/02 e Port. 263/2023";"Pepsi-Cola (todos)"
22029900;0301001;;19;S;"Bebidas frias";"RICMS/SE - Decreto 21.400/2002 c/c PT 10/92";"Art. 681, I do RICMS/02 e Port. 263/2023";"Pepsi-Cola (todos)"
22021000;0301001;;19;S;"Bebidas frias";"RICMS/SE - Decreto 21.400/2002 c/c PT 10/92";"Art. 681, I do RICMS/02 e Port. 263/2023";"Q'Tal 250 ml"
22029900;0301001;;19;S;"Bebidas frias";"RICMS/SE - Decreto 21.400/2002 c/c PT 10/92";"Art. 681, I do RICMS/02 e Port. 263/2023";"Q'Tal 250 ml"
22021000;0301001;;19;S;"Bebidas frias";"RICMS/SE - Decreto 21.400/2002 c/c PT 10/92";"Art. 681, I do RICMS/02 e Port. 263/2023";"Q'Tal 330 ml"
22029900;0301001;;19;S;"Bebidas frias";"RICMS/SE - Decreto 21.400/2002 c/c PT 10/92";"Art. 681, I do RICMS/02 e Port. 263/2023";"Q'Tal 330 ml"
22021000;0301001;;19;S;"Bebidas frias";"RICMS/SE - Decreto 21.400/2002 c/c PT 10/92";"Art. 681, I do RICMS/02 e Port. 263/2023";"Refree (todos)"
22029900;0301001;;19;S;"Bebidas frias";"RICMS/SE - Decreto 21.400/2002 c/c PT 10/92";"Art. 681, I do RICMS/02 e Port. 263/2023";"Refree (todos)"
22021000;0301001;;19;S;"Bebidas frias";"RICMS/SE - Decreto 21.400/2002 c/c PT 10/92";"Art. 681, I do RICMS/02 e Port. 263/2023";"Rochedinho (todos)"
22029900;0301001;;19;S;"Bebidas frias";"RICMS/SE - Decreto 21.400/2002 c/c PT 10/92";"Art. 681, I do RICMS/02 e Port. 263/2023";"Rochedinho (todos)"
22021000;0301001;;19;S;"Bebidas frias";"RICMS/SE - Decreto 21.400/2002 c/c PT 10/92";"Art. 681, I do RICMS/02 e Port. 263/2023";"Santa Joana (todos)"
22029900;0301001;;19;S;"Bebidas frias";"RICMS/SE - Decreto 21.400/2002 c/c PT 10/92";"Art. 681, I do RICMS/02 e Port. 263/2023";"Santa Joana (todos)"
22021000;0301001;;19;S;"Bebidas frias";"RICMS/SE - Decreto 21.400/2002 c/c PT 10/92";"Art. 681, I do RICMS/02 e Port. 263/2023";"São Geraldo Guaraná"
22029900;0301001;;19;S;"Bebidas frias";"RICMS/SE - Decreto 21.400/2002 c/c PT 10/92";"Art. 681, I do RICMS/02 e Port. 263/2023";"São Geraldo Guaraná"
22021000;0301001;;19;S;"Bebidas frias";"RICMS/SE - Decreto 21.400/2002 c/c PT 10/92";"Art. 681, I do RICMS/02 e Port. 263/2023";"São Geraldo Uva"
22029900;0301001;;19;S;"Bebidas frias";"RICMS/SE - Decreto 21.400/2002 c/c PT 10/92";"Art. 681, I do RICMS/02 e Port. 263/2023";"São Geraldo Uva"
22021000;0301001;;19;S;"Bebidas frias";"RICMS/SE - Decreto 21.400/2002 c/c PT 10/92";"Art. 681, I do RICMS/02 e Port. 263/2023";"Simba Guaraná"
22029900;0301001;;19;S;"Bebidas frias";"RICMS/SE - Decreto 21.400/2002 c/c PT 10/92";"Art. 681, I do RICMS/02 e Port. 263/2023";"Simba Guaraná"
22021000;0301001;;19;S;"Bebidas frias";"RICMS/SE - Decreto 21.400/2002 c/c PT 10/92";"Art. 681, I do RICMS/02 e Port. 263/2023";"Soda Limonada Antarctica"
22029900;0301001;;19;S;"Bebidas frias";"RICMS/SE - Decreto 21.400/2002 c/c PT 10/92";"Art. 681, I do RICMS/02 e Port. 263/2023";"Soda Limonada Antarctica"
22021000;0301001;;19;S;"Bebidas frias";"RICMS/SE - Decreto 21.400/2002 c/c PT 10/92";"Art. 681, I do RICMS/02 e Port. 263/2023";"Sprite"
22029900;0301001;;19;S;"Bebidas frias";"RICMS/SE - Decreto 21.400/2002 c/c PT 10/92";"Art. 681, I do RICMS/02 e Port. 263/2023";"Sprite"
22021000;0301001;;19;S;"Bebidas frias";"RICMS/SE - Decreto 21.400/2002 c/c PT 10/92";"Art. 681, I do RICMS/02 e Port. 263/2023";"Sukita (todas)"
22029900;0301001;;19;S;"Bebidas frias";"RICMS/SE - Decreto 21.400/2002 c/c PT 10/92";"Art. 681, I do RICMS/02 e Port. 263/2023";"Sukita (todas)"
22021000;0301001;;19;S;"Bebidas frias";"RICMS/SE - Decreto 21.400/2002 c/c PT 10/92";"Art. 681, I do RICMS/02 e Port. 263/2023";"Viva Schin Cola"
22029900;0301001;;19;S;"Bebidas frias";"RICMS/SE - Decreto 21.400/2002 c/c PT 10/92";"Art. 681, I do RICMS/02 e Port. 263/2023";"Viva Schin Cola"
22021000;0301001;;19;S;"Bebidas frias";"RICMS/SE - Decreto 21.400/2002 c/c PT 10/92";"Art. 681, I do RICMS/02 e Port. 263/2023";"Viva Schin Sabores"
22029900;0301001;;19;S;"Bebidas frias";"RICMS/SE - Decreto 21.400/2002 c/c PT 10/92";"Art. 681, I do RICMS/02 e Port. 263/2023";"Viva Schin Sabores"
22021000;0301001;;19;S;"Bebidas frias";"RICMS/SE - Decreto 21.400/2002 c/c PT 10/92";"Art. 681, I do RICMS/02 e Port. 263/2023";"Xameguinho"
22029900;0301001;;19;S;"Bebidas frias";"RICMS/SE - Decreto 21.400/2002 c/c PT 10/92";"Art. 681, I do RICMS/02 e Port. 263/2023";"Xameguinho"
22021000;0301001;;19;S;"Bebidas frias";"RICMS/SE - Decreto 21.400/2002 c/c PT 10/92";"Art. 681, I do RICMS/02 e Port. 263/2023";"Outros"
22029900;0301001;;19;S;"Bebidas frias";"RICMS/SE - Decreto 21.400/2002 c/c PT 10/92";"Art. 681, I do RICMS/02 e Port. 263/2023";"Outros"
22021000;0301001;;19;S;"Bebidas frias";"RICMS/SE - Decreto 21.400/2002 c/c PT 10/92";"Art. 681, I do RICMS/02 e Port. 263/2023";"Áqua Zero"
22029900;0301001;;19;S;"Bebidas frias";"RICMS/SE - Decreto 21.400/2002 c/c PT 10/92";"Art. 681, I do RICMS/02 e Port. 263/2023";"Áqua Zero"
22021000;0301001;;19;S;"Bebidas frias";"RICMS/SE - Decreto 21.400/2002 c/c PT 10/92";"Art. 681, I do RICMS/02 e Port. 263/2023";"Aquarius Fresh (todos)"
22029900;0301001;;19;S;"Bebidas frias";"RICMS/SE - Decreto 21.400/2002 c/c PT 10/92";"Art. 681, I do RICMS/02 e Port. 263/2023";"Aquarius Fresh (todos)"
22021000;0301001;;19;S;"Bebidas frias";"RICMS/SE - Decreto 21.400/2002 c/c PT 10/92";"Art. 681, I do RICMS/02 e Port. 263/2023";"Coca-Cola 500 ml (todos)"
22029900;0301001;;19;S;"Bebidas frias";"RICMS/SE - Decreto 21.400/2002 c/c PT 10/92";"Art. 681, I do RICMS/02 e Port. 263/2023";"Coca-Cola 500 ml (todos)"
22021000;0301001;;19;S;"Bebidas frias";"RICMS/SE - Decreto 21.400/2002 c/c PT 10/92";"Art. 681, I do RICMS/02 e Port. 263/2023";"Conti Cola (todas)"
22029900;0301001;;19;S;"Bebidas frias";"RICMS/SE - Decreto 21.400/2002 c/c PT 10/92";"Art. 681, I do RICMS/02 e Port. 263/2023";"Conti Cola (todas)"
22021000;0301001;;19;S;"Bebidas frias";"RICMS/SE - Decreto 21.400/2002 c/c PT 10/92";"Art. 681, I do RICMS/02 e Port. 263/2023";"Conti Sabores (todos)"
22029900;0301001;;19;S;"Bebidas frias";"RICMS/SE - Decreto 21.400/2002 c/c PT 10/92";"Art. 681, I do RICMS/02 e Port. 263/2023";"Conti Sabores (todos)"
22021000;0301001;;19;S;"Bebidas frias";"RICMS/SE - Decreto 21.400/2002 c/c PT 10/92";"Art. 681, I do RICMS/02 e Port. 263/2023";"Coroa"
22029900;0301001;;19;S;"Bebidas frias";"RICMS/SE - Decreto 21.400/2002 c/c PT 10/92";"Art. 681, I do RICMS/02 e Port. 263/2023";"Coroa"
22021000;0301001;;19;S;"Bebidas frias";"RICMS/SE - Decreto 21.400/2002 c/c PT 10/92";"Art. 681, I do RICMS/02 e Port. 263/2023";"Crystal Sabor Limão 510 ml"
22029900;0301001;;19;S;"Bebidas frias";"RICMS/SE - Decreto 21.400/2002 c/c PT 10/92";"Art. 681, I do RICMS/02 e Port. 263/2023";"Crystal Sabor Limão 510 ml"
22021000;0301001;;19;S;"Bebidas frias";"RICMS/SE - Decreto 21.400/2002 c/c PT 10/92";"Art. 681, I do RICMS/02 e Port. 263/2023";"Crystal Sabor futver 510 ml"
22029900;0301001;;19;S;"Bebidas frias";"RICMS/SE - Decreto 21.400/2002 c/c PT 10/92";"Art. 681, I do RICMS/02 e Port. 263/2023";"Crystal Sabor futver 510 ml"
22021000;0301001;;19;S;"Bebidas frias";"RICMS/SE - Decreto 21.400/2002 c/c PT 10/92";"Art. 681, I do RICMS/02 e Port. 263/2023";"Fanta 500 ml  (todos)"
22029900;0301001;;19;S;"Bebidas frias";"RICMS/SE - Decreto 21.400/2002 c/c PT 10/92";"Art. 681, I do RICMS/02 e Port. 263/2023";"Fanta 500 ml  (todos)"
22021000;0301001;;19;S;"Bebidas frias";"RICMS/SE - Decreto 21.400/2002 c/c PT 10/92";"Art. 681, I do RICMS/02 e Port. 263/2023";"Goob (todos)"
22029900;0301001;;19;S;"Bebidas frias";"RICMS/SE - Decreto 21.400/2002 c/c PT 10/92";"Art. 681, I do RICMS/02 e Port. 263/2023";"Goob (todos)"
22021000;0301001;;19;S;"Bebidas frias";"RICMS/SE - Decreto 21.400/2002 c/c PT 10/92";"Art. 681, I do RICMS/02 e Port. 263/2023";"Guaraná Antarctica"
22029900;0301001;;19;S;"Bebidas frias";"RICMS/SE - Decreto 21.400/2002 c/c PT 10/92";"Art. 681, I do RICMS/02 e Port. 263/2023";"Guaraná Antarctica"
22021000;0301001;;19;S;"Bebidas frias";"RICMS/SE - Decreto 21.400/2002 c/c PT 10/92";"Art. 681, I do RICMS/02 e Port. 263/2023";"Guaraná Kuat / Zero"
22029900;0301001;;19;S;"Bebidas frias";"RICMS/SE - Decreto 21.400/2002 c/c PT 10/92";"Art. 681, I do RICMS/02 e Port. 263/2023";"Guaraná Kuat / Zero"
22021000;0301001;;19;S;"Bebidas frias";"RICMS/SE - Decreto 21.400/2002 c/c PT 10/92";"Art. 681, I do RICMS/02 e Port. 263/2023";"H2OH"
22029900;0301001;;19;S;"Bebidas frias";"RICMS/SE - Decreto 21.400/2002 c/c PT 10/92";"Art. 681, I do RICMS/02 e Port. 263/2023";"H2OH"
22021000;0301001;;19;S;"Bebidas frias";"RICMS/SE - Decreto 21.400/2002 c/c PT 10/92";"Art. 681, I do RICMS/02 e Port. 263/2023";"Ice Cola (todos)"
22029900;0301001;;19;S;"Bebidas frias";"RICMS/SE - Decreto 21.400/2002 c/c PT 10/92";"Art. 681, I do RICMS/02 e Port. 263/2023";"Ice Cola (todos)"
22021000;0301001;;19;S;"Bebidas frias";"RICMS/SE - Decreto 21.400/2002 c/c PT 10/92";"Art. 681, I do RICMS/02 e Port. 263/2023";"Pepsi-Cola / Twist"
22029900;0301001;;19;S;"Bebidas frias";"RICMS/SE - Decreto 21.400/2002 c/c PT 10/92";"Art. 681, I do RICMS/02 e Port. 263/2023";"Pepsi-Cola / Twist"
22021000;0301001;;19;S;"Bebidas frias";"RICMS/SE - Decreto 21.400/2002 c/c PT 10/92";"Art. 681, I do RICMS/02 e Port. 263/2023";"Q'Tal"
22029900;0301001;;19;S;"Bebidas frias";"RICMS/SE - Decreto 21.400/2002 c/c PT 10/92";"Art. 681, I do RICMS/02 e Port. 263/2023";"Q'Tal"
22021000;0301001;;19;S;"Bebidas frias";"RICMS/SE - Decreto 21.400/2002 c/c PT 10/92";"Art. 681, I do RICMS/02 e Port. 263/2023";"Refree (todos)"
22029900;0301001;;19;S;"Bebidas frias";"RICMS/SE - Decreto 21.400/2002 c/c PT 10/92";"Art. 681, I do RICMS/02 e Port. 263/2023";"Refree (todos)"
22021000;0301001;;19;S;"Bebidas frias";"RICMS/SE - Decreto 21.400/2002 c/c PT 10/92";"Art. 681, I do RICMS/02 e Port. 263/2023";"Soda Limonada Antarctica"
22029900;0301001;;19;S;"Bebidas frias";"RICMS/SE - Decreto 21.400/2002 c/c PT 10/92";"Art. 681, I do RICMS/02 e Port. 263/2023";"Soda Limonada Antarctica"
22021000;0301001;;19;S;"Bebidas frias";"RICMS/SE - Decreto 21.400/2002 c/c PT 10/92";"Art. 681, I do RICMS/02 e Port. 263/2023";"Sprite fresh limão"
22029900;0301001;;19;S;"Bebidas frias";"RICMS/SE - Decreto 21.400/2002 c/c PT 10/92";"Art. 681, I do RICMS/02 e Port. 263/2023";"Sprite fresh limão"
22021000;0301001;;19;S;"Bebidas frias";"RICMS/SE - Decreto 21.400/2002 c/c PT 10/92";"Art. 681, I do RICMS/02 e Port. 263/2023";"Sukita"
22029900;0301001;;19;S;"Bebidas frias";"RICMS/SE - Decreto 21.400/2002 c/c PT 10/92";"Art. 681, I do RICMS/02 e Port. 263/2023";"Sukita"
22021000;0301001;;19;S;"Bebidas frias";"RICMS/SE - Decreto 21.400/2002 c/c PT 10/92";"Art. 681, I do RICMS/02 e Port. 263/2023";"Taubaiana"
22029900;0301001;;19;S;"Bebidas frias";"RICMS/SE - Decreto 21.400/2002 c/c PT 10/92";"Art. 681, I do RICMS/02 e Port. 263/2023";"Taubaiana"
22021000;0301001;;19;S;"Bebidas frias";"RICMS/SE - Decreto 21.400/2002 c/c PT 10/92";"Art. 681, I do RICMS/02 e Port. 263/2023";"Viva Schin Cola"
22029900;0301001;;19;S;"Bebidas frias";"RICMS/SE - Decreto 21.400/2002 c/c PT 10/92";"Art. 681, I do RICMS/02 e Port. 263/2023";"Viva Schin Cola"
22021000;0301001;;19;S;"Bebidas frias";"RICMS/SE - Decreto 21.400/2002 c/c PT 10/92";"Art. 681, I do RICMS/02 e Port. 263/2023";"Viva Schin Sabores"
22029900;0301001;;19;S;"Bebidas frias";"RICMS/SE - Decreto 21.400/2002 c/c PT 10/92";"Art. 681, I do RICMS/02 e Port. 263/2023";"Viva Schin Sabores"
22021000;0301001;;19;S;"Bebidas frias";"RICMS/SE - Decreto 21.400/2002 c/c PT 10/92";"Art. 681, I do RICMS/02 e Port. 263/2023";"Outros"
22029900;0301001;;19;S;"Bebidas frias";"RICMS/SE - Decreto 21.400/2002 c/c PT 10/92";"Art. 681, I do RICMS/02 e Port. 263/2023";"Outros"
22021000;0301001;;19;S;"Bebidas frias";"RICMS/SE - Decreto 21.400/2002 c/c PT 10/92";"Art. 681, I do RICMS/02 e Port. 263/2023";"Baré (todos)"
22029900;0301001;;19;S;"Bebidas frias";"RICMS/SE - Decreto 21.400/2002 c/c PT 10/92";"Art. 681, I do RICMS/02 e Port. 263/2023";"Baré (todos)"
22021000;0301001;;19;S;"Bebidas frias";"RICMS/SE - Decreto 21.400/2002 c/c PT 10/92";"Art. 681, I do RICMS/02 e Port. 263/2023";"Caju Tradicional Pack 2 Unid."
22029900;0301001;;19;S;"Bebidas frias";"RICMS/SE - Decreto 21.400/2002 c/c PT 10/92";"Art. 681, I do RICMS/02 e Port. 263/2023";"Caju Tradicional Pack 2 Unid."
22021000;0301001;;19;S;"Bebidas frias";"RICMS/SE - Decreto 21.400/2002 c/c PT 10/92";"Art. 681, I do RICMS/02 e Port. 263/2023";"Caju Reduzido Pack 2 Unid."
22029900;0301001;;19;S;"Bebidas frias";"RICMS/SE - Decreto 21.400/2002 c/c PT 10/92";"Art. 681, I do RICMS/02 e Port. 263/2023";"Caju Reduzido Pack 2 Unid."
22021000;0301001;;19;S;"Bebidas frias";"RICMS/SE - Decreto 21.400/2002 c/c PT 10/92";"Art. 681, I do RICMS/02 e Port. 263/2023";"Coca-Cola Menos Açúcar"
22029900;0301001;;19;S;"Bebidas frias";"RICMS/SE - Decreto 21.400/2002 c/c PT 10/92";"Art. 681, I do RICMS/02 e Port. 263/2023";"Coca-Cola Menos Açúcar"
22021000;0301001;;19;S;"Bebidas frias";"RICMS/SE - Decreto 21.400/2002 c/c PT 10/92";"Art. 681, I do RICMS/02 e Port. 263/2023";"Coca-Cola Sem Açúcar"
22029900;0301001;;19;S;"Bebidas frias";"RICMS/SE - Decreto 21.400/2002 c/c PT 10/92";"Art. 681, I do RICMS/02 e Port. 263/2023";"Coca-Cola Sem Açúcar"
22021000;0301001;;19;S;"Bebidas frias";"RICMS/SE - Decreto 21.400/2002 c/c PT 10/92";"Art. 681, I do RICMS/02 e Port. 263/2023";"Coroa"
22029900;0301001;;19;S;"Bebidas frias";"RICMS/SE - Decreto 21.400/2002 c/c PT 10/92";"Art. 681, I do RICMS/02 e Port. 263/2023";"Coroa"
22021000;0301001;;19;S;"Bebidas frias";"RICMS/SE - Decreto 21.400/2002 c/c PT 10/92";"Art. 681, I do RICMS/02 e Port. 263/2023";"Cerpa (Todos)"
22029900;0301001;;19;S;"Bebidas frias";"RICMS/SE - Decreto 21.400/2002 c/c PT 10/92";"Art. 681, I do RICMS/02 e Port. 263/2023";"Cerpa (Todos)"
22021000;0301001;;19;S;"Bebidas frias";"RICMS/SE - Decreto 21.400/2002 c/c PT 10/92";"Art. 681, I do RICMS/02 e Port. 263/2023";"Dore (todos)"
22029900;0301001;;19;S;"Bebidas frias";"RICMS/SE - Decreto 21.400/2002 c/c PT 10/92";"Art. 681, I do RICMS/02 e Port. 263/2023";"Dore (todos)"
22021000;0301001;;19;S;"Bebidas frias";"RICMS/SE - Decreto 21.400/2002 c/c PT 10/92";"Art. 681, I do RICMS/02 e Port. 263/2023";"Fanta (todos)"
22029900;0301001;;19;S;"Bebidas frias";"RICMS/SE - Decreto 21.400/2002 c/c PT 10/92";"Art. 681, I do RICMS/02 e Port. 263/2023";"Fanta (todos)"
22021000;0301001;;19;S;"Bebidas frias";"RICMS/SE - Decreto 21.400/2002 c/c PT 10/92";"Art. 681, I do RICMS/02 e Port. 263/2023";"Friish"
22029900;0301001;;19;S;"Bebidas frias";"RICMS/SE - Decreto 21.400/2002 c/c PT 10/92";"Art. 681, I do RICMS/02 e Port. 263/2023";"Friish"
22021000;0301001;;19;S;"Bebidas frias";"RICMS/SE - Decreto 21.400/2002 c/c PT 10/92";"Art. 681, I do RICMS/02 e Port. 263/2023";"Goob (todos)"
22029900;0301001;;19;S;"Bebidas frias";"RICMS/SE - Decreto 21.400/2002 c/c PT 10/92";"Art. 681, I do RICMS/02 e Port. 263/2023";"Goob (todos)"
22021000;0301001;;19;S;"Bebidas frias";"RICMS/SE - Decreto 21.400/2002 c/c PT 10/92";"Art. 681, I do RICMS/02 e Port. 263/2023";"Grapetti"
22029900;0301001;;19;S;"Bebidas frias";"RICMS/SE - Decreto 21.400/2002 c/c PT 10/92";"Art. 681, I do RICMS/02 e Port. 263/2023";"Grapetti"
22021000;0301001;;19;S;"Bebidas frias";"RICMS/SE - Decreto 21.400/2002 c/c PT 10/92";"Art. 681, I do RICMS/02 e Port. 263/2023";"Guaraná Antarctica (todos)"
22029900;0301001;;19;S;"Bebidas frias";"RICMS/SE - Decreto 21.400/2002 c/c PT 10/92";"Art. 681, I do RICMS/02 e Port. 263/2023";"Guaraná Antarctica (todos)"
22021000;0301001;;19;S;"Bebidas frias";"RICMS/SE - Decreto 21.400/2002 c/c PT 10/92";"Art. 681, I do RICMS/02 e Port. 263/2023";"Guaraná Antártica P 1 L Multipack 2 Unidades"
22029900;0301001;;19;S;"Bebidas frias";"RICMS/SE - Decreto 21.400/2002 c/c PT 10/92";"Art. 681, I do RICMS/02 e Port. 263/2023";"Guaraná Antártica P 1 L Multipack 2 Unidades"
22021000;0301001;;19;S;"Bebidas frias";"RICMS/SE - Decreto 21.400/2002 c/c PT 10/92";"Art. 681, I do RICMS/02 e Port. 263/2023";"Guaraná Antártica + Pepsi P 1 L Multipack 2 Unidades"
22029900;0301001;;19;S;"Bebidas frias";"RICMS/SE - Decreto 21.400/2002 c/c PT 10/92";"Art. 681, I do RICMS/02 e Port. 263/2023";"Guaraná Antártica + Pepsi P 1 L Multipack 2 Unidades"
22021000;0301001;;19;S;"Bebidas frias";"RICMS/SE - Decreto 21.400/2002 c/c PT 10/92";"Art. 681, I do RICMS/02 e Port. 263/2023";"Guaraná Antártica + Pepsi Black P 1 L Multipack com 2 unid"
22029900;0301001;;19;S;"Bebidas frias";"RICMS/SE - Decreto 21.400/2002 c/c PT 10/92";"Art. 681, I do RICMS/02 e Port. 263/2023";"Guaraná Antártica + Pepsi Black P 1 L Multipack com 2 unid"
22021000;0301001;;19;S;"Bebidas frias";"RICMS/SE - Decreto 21.400/2002 c/c PT 10/92";"Art. 681, I do RICMS/02 e Port. 263/2023";"Guaraná Kuat / Zero"
22029900;0301001;;19;S;"Bebidas frias";"RICMS/SE - Decreto 21.400/2002 c/c PT 10/92";"Art. 681, I do RICMS/02 e Port. 263/2023";"Guaraná Kuat / Zero"
22021000;0301001;;19;S;"Bebidas frias";"RICMS/SE - Decreto 21.400/2002 c/c PT 10/92";"Art. 681, I do RICMS/02 e Port. 263/2023";"Hiran (todos)"
22029900;0301001;;19;S;"Bebidas frias";"RICMS/SE - Decreto 21.400/2002 c/c PT 10/92";"Art. 681, I do RICMS/02 e Port. 263/2023";"Hiran (todos)"
22021000;0301001;;19;S;"Bebidas frias";"RICMS/SE - Decreto 21.400/2002 c/c PT 10/92";"Art. 681, I do RICMS/02 e Port. 263/2023";"Ice Cola (todos)"
22029900;0301001;;19;S;"Bebidas frias";"RICMS/SE - Decreto 21.400/2002 c/c PT 10/92";"Art. 681, I do RICMS/02 e Port. 263/2023";"Ice Cola (todos)"
22021000;0301001;;19;S;"Bebidas frias";"RICMS/SE - Decreto 21.400/2002 c/c PT 10/92";"Art. 681, I do RICMS/02 e Port. 263/2023";"Indaiá Refri (todos)"
22029900;0301001;;19;S;"Bebidas frias";"RICMS/SE - Decreto 21.400/2002 c/c PT 10/92";"Art. 681, I do RICMS/02 e Port. 263/2023";"Indaiá Refri (todos)"
22021000;0301001;;19;S;"Bebidas frias";"RICMS/SE - Decreto 21.400/2002 c/c PT 10/92";"Art. 681, I do RICMS/02 e Port. 263/2023";"Kitubaína Dore"
22029900;0301001;;19;S;"Bebidas frias";"RICMS/SE - Decreto 21.400/2002 c/c PT 10/92";"Art. 681, I do RICMS/02 e Port. 263/2023";"Kitubaína Dore"
22021000;0301001;;19;S;"Bebidas frias";"RICMS/SE - Decreto 21.400/2002 c/c PT 10/92";"Art. 681, I do RICMS/02 e Port. 263/2023";"Pepsi-Cola Pack 2 Unidades"
22029900;0301001;;19;S;"Bebidas frias";"RICMS/SE - Decreto 21.400/2002 c/c PT 10/92";"Art. 681, I do RICMS/02 e Port. 263/2023";"Pepsi-Cola Pack 2 Unidades"
22021000;0301001;;19;S;"Bebidas frias";"RICMS/SE - Decreto 21.400/2002 c/c PT 10/92";"Art. 681, I do RICMS/02 e Port. 263/2023";"Pepsi-Cola (todas)"
22029900;0301001;;19;S;"Bebidas frias";"RICMS/SE - Decreto 21.400/2002 c/c PT 10/92";"Art. 681, I do RICMS/02 e Port. 263/2023";"Pepsi-Cola (todas)"
22021000;0301001;;19;S;"Bebidas frias";"RICMS/SE - Decreto 21.400/2002 c/c PT 10/92";"Art. 681, I do RICMS/02 e Port. 263/2023";"Q'Tal"
22029900;0301001;;19;S;"Bebidas frias";"RICMS/SE - Decreto 21.400/2002 c/c PT 10/92";"Art. 681, I do RICMS/02 e Port. 263/2023";"Q'Tal"
22021000;0301001;;19;S;"Bebidas frias";"RICMS/SE - Decreto 21.400/2002 c/c PT 10/92";"Art. 681, I do RICMS/02 e Port. 263/2023";"Refree (todos)"
22029900;0301001;;19;S;"Bebidas frias";"RICMS/SE - Decreto 21.400/2002 c/c PT 10/92";"Art. 681, I do RICMS/02 e Port. 263/2023";"Refree (todos)"
22021000;0301001;;19;S;"Bebidas frias";"RICMS/SE - Decreto 21.400/2002 c/c PT 10/92";"Art. 681, I do RICMS/02 e Port. 263/2023";"Rochedo (todos)"
22029900;0301001;;19;S;"Bebidas frias";"RICMS/SE - Decreto 21.400/2002 c/c PT 10/92";"Art. 681, I do RICMS/02 e Port. 263/2023";"Rochedo (todos)"
22021000;0301001;;19;S;"Bebidas frias";"RICMS/SE - Decreto 21.400/2002 c/c PT 10/92";"Art. 681, I do RICMS/02 e Port. 263/2023";"São Geraldo Caju"
22029900;0301001;;19;S;"Bebidas frias";"RICMS/SE - Decreto 21.400/2002 c/c PT 10/92";"Art. 681, I do RICMS/02 e Port. 263/2023";"São Geraldo Caju"
22021000;0301001;;19;S;"Bebidas frias";"RICMS/SE - Decreto 21.400/2002 c/c PT 10/92";"Art. 681, I do RICMS/02 e Port. 263/2023";"Soda Limonada Antarctica (todas)"
22029900;0301001;;19;S;"Bebidas frias";"RICMS/SE - Decreto 21.400/2002 c/c PT 10/92";"Art. 681, I do RICMS/02 e Port. 263/2023";"Soda Limonada Antarctica (todas)"
22021000;0301001;;19;S;"Bebidas frias";"RICMS/SE - Decreto 21.400/2002 c/c PT 10/92";"Art. 681, I do RICMS/02 e Port. 263/2023";"Sprite / Zero"
22029900;0301001;;19;S;"Bebidas frias";"RICMS/SE - Decreto 21.400/2002 c/c PT 10/92";"Art. 681, I do RICMS/02 e Port. 263/2023";"Sprite / Zero"
22021000;0301001;;19;S;"Bebidas frias";"RICMS/SE - Decreto 21.400/2002 c/c PT 10/92";"Art. 681, I do RICMS/02 e Port. 263/2023";"Sukita"
22029900;0301001;;19;S;"Bebidas frias";"RICMS/SE - Decreto 21.400/2002 c/c PT 10/92";"Art. 681, I do RICMS/02 e Port. 263/2023";"Sukita"
22021000;0301001;;19;S;"Bebidas frias";"RICMS/SE - Decreto 21.400/2002 c/c PT 10/92";"Art. 681, I do RICMS/02 e Port. 263/2023";"Viva Schin Cola"
22029900;0301001;;19;S;"Bebidas frias";"RICMS/SE - Decreto 21.400/2002 c/c PT 10/92";"Art. 681, I do RICMS/02 e Port. 263/2023";"Viva Schin Cola"
22021000;0301001;;19;S;"Bebidas frias";"RICMS/SE - Decreto 21.400/2002 c/c PT 10/92";"Art. 681, I do RICMS/02 e Port. 263/2023";"Outros"
22029900;0301001;;19;S;"Bebidas frias";"RICMS/SE - Decreto 21.400/2002 c/c PT 10/92";"Art. 681, I do RICMS/02 e Port. 263/2023";"Outros"
22021000;0301001;;19;S;"Bebidas frias";"RICMS/SE - Decreto 21.400/2002 c/c PT 10/92";"Art. 681, I do RICMS/02 e Port. 263/2023";"Coca-cola / Coca-cola Menos Açúcar"
22029900;0301001;;19;S;"Bebidas frias";"RICMS/SE - Decreto 21.400/2002 c/c PT 10/92";"Art. 681, I do RICMS/02 e Port. 263/2023";"Coca-cola / Coca-cola Menos Açúcar"
22021000;0301001;;19;S;"Bebidas frias";"RICMS/SE - Decreto 21.400/2002 c/c PT 10/92";"Art. 681, I do RICMS/02 e Port. 263/2023";"Coca-Cola Menos Açúcar"
22029900;0301001;;19;S;"Bebidas frias";"RICMS/SE - Decreto 21.400/2002 c/c PT 10/92";"Art. 681, I do RICMS/02 e Port. 263/2023";"Coca-Cola Menos Açúcar"
22021000;0301001;;19;S;"Bebidas frias";"RICMS/SE - Decreto 21.400/2002 c/c PT 10/92";"Art. 681, I do RICMS/02 e Port. 263/2023";"Coca-Cola + Fanta Laranja (combo)"
22029900;0301001;;19;S;"Bebidas frias";"RICMS/SE - Decreto 21.400/2002 c/c PT 10/92";"Art. 681, I do RICMS/02 e Port. 263/2023";"Coca-Cola + Fanta Laranja (combo)"
22021000;0301001;;19;S;"Bebidas frias";"RICMS/SE - Decreto 21.400/2002 c/c PT 10/92";"Art. 681, I do RICMS/02 e Port. 263/2023";"Coca-Cola + Guaraná Kuat (combo)"
22029900;0301001;;19;S;"Bebidas frias";"RICMS/SE - Decreto 21.400/2002 c/c PT 10/92";"Art. 681, I do RICMS/02 e Port. 263/2023";"Coca-Cola + Guaraná Kuat (combo)"
22021000;0301001;;19;S;"Bebidas frias";"RICMS/SE - Decreto 21.400/2002 c/c PT 10/92";"Art. 681, I do RICMS/02 e Port. 263/2023";"Coroa"
22029900;0301001;;19;S;"Bebidas frias";"RICMS/SE - Decreto 21.400/2002 c/c PT 10/92";"Art. 681, I do RICMS/02 e Port. 263/2023";"Coroa"
22021000;0301001;;19;S;"Bebidas frias";"RICMS/SE - Decreto 21.400/2002 c/c PT 10/92";"Art. 681, I do RICMS/02 e Port. 263/2023";"Fanta (todos)"
22029900;0301001;;19;S;"Bebidas frias";"RICMS/SE - Decreto 21.400/2002 c/c PT 10/92";"Art. 681, I do RICMS/02 e Port. 263/2023";"Fanta (todos)"
22021000;0301001;;19;S;"Bebidas frias";"RICMS/SE - Decreto 21.400/2002 c/c PT 10/92";"Art. 681, I do RICMS/02 e Port. 263/2023";"Goob (todos)"
22029900;0301001;;19;S;"Bebidas frias";"RICMS/SE - Decreto 21.400/2002 c/c PT 10/92";"Art. 681, I do RICMS/02 e Port. 263/2023";"Goob (todos)"
22021000;0301001;;19;S;"Bebidas frias";"RICMS/SE - Decreto 21.400/2002 c/c PT 10/92";"Art. 681, I do RICMS/02 e Port. 263/2023";"Guaraná Antártica (todos)"
22029900;0301001;;19;S;"Bebidas frias";"RICMS/SE - Decreto 21.400/2002 c/c PT 10/92";"Art. 681, I do RICMS/02 e Port. 263/2023";"Guaraná Antártica (todos)"
22021000;0301001;;19;S;"Bebidas frias";"RICMS/SE - Decreto 21.400/2002 c/c PT 10/92";"Art. 681, I do RICMS/02 e Port. 263/2023";"Guaraná Kuat (todos)"
22029900;0301001;;19;S;"Bebidas frias";"RICMS/SE - Decreto 21.400/2002 c/c PT 10/92";"Art. 681, I do RICMS/02 e Port. 263/2023";"Guaraná Kuat (todos)"
22021000;0301001;;19;S;"Bebidas frias";"RICMS/SE - Decreto 21.400/2002 c/c PT 10/92";"Art. 681, I do RICMS/02 e Port. 263/2023";"H2OH"
22029900;0301001;;19;S;"Bebidas frias";"RICMS/SE - Decreto 21.400/2002 c/c PT 10/92";"Art. 681, I do RICMS/02 e Port. 263/2023";"H2OH"
22021000;0301001;;19;S;"Bebidas frias";"RICMS/SE - Decreto 21.400/2002 c/c PT 10/92";"Art. 681, I do RICMS/02 e Port. 263/2023";"Ice Cola (todos)"
22029900;0301001;;19;S;"Bebidas frias";"RICMS/SE - Decreto 21.400/2002 c/c PT 10/92";"Art. 681, I do RICMS/02 e Port. 263/2023";"Ice Cola (todos)"
22021000;0301001;;19;S;"Bebidas frias";"RICMS/SE - Decreto 21.400/2002 c/c PT 10/92";"Art. 681, I do RICMS/02 e Port. 263/2023";"Pepsi-Cola"
22029900;0301001;;19;S;"Bebidas frias";"RICMS/SE - Decreto 21.400/2002 c/c PT 10/92";"Art. 681, I do RICMS/02 e Port. 263/2023";"Pepsi-Cola"
22021000;0301001;;19;S;"Bebidas frias";"RICMS/SE - Decreto 21.400/2002 c/c PT 10/92";"Art. 681, I do RICMS/02 e Port. 263/2023";"Refree (todos)"
22029900;0301001;;19;S;"Bebidas frias";"RICMS/SE - Decreto 21.400/2002 c/c PT 10/92";"Art. 681, I do RICMS/02 e Port. 263/2023";"Refree (todos)"
22021000;0301001;;19;S;"Bebidas frias";"RICMS/SE - Decreto 21.400/2002 c/c PT 10/92";"Art. 681, I do RICMS/02 e Port. 263/2023";"Sukita"
22029900;0301001;;19;S;"Bebidas frias";"RICMS/SE - Decreto 21.400/2002 c/c PT 10/92";"Art. 681, I do RICMS/02 e Port. 263/2023";"Sukita"
22021000;0301001;;19;S;"Bebidas frias";"RICMS/SE - Decreto 21.400/2002 c/c PT 10/92";"Art. 681, I do RICMS/02 e Port. 263/2023";"Outros"
22029900;0301001;;19;S;"Bebidas frias";"RICMS/SE - Decreto 21.400/2002 c/c PT 10/92";"Art. 681, I do RICMS/02 e Port. 263/2023";"Outros"
22021000;0301001;;19;S;"Bebidas frias";"RICMS/SE - Decreto 21.400/2002 c/c PT 10/92";"Art. 681, I do RICMS/02 e Port. 263/2023";"Baré (todos)"
22029900;0301001;;19;S;"Bebidas frias";"RICMS/SE - Decreto 21.400/2002 c/c PT 10/92";"Art. 681, I do RICMS/02 e Port. 263/2023";"Baré (todos)"
22021000;0301001;;19;S;"Bebidas frias";"RICMS/SE - Decreto 21.400/2002 c/c PT 10/92";"Art. 681, I do RICMS/02 e Port. 263/2023";"Cerpa (todos)"
22029900;0301001;;19;S;"Bebidas frias";"RICMS/SE - Decreto 21.400/2002 c/c PT 10/92";"Art. 681, I do RICMS/02 e Port. 263/2023";"Cerpa (todos)"
22021000;0301001;;19;S;"Bebidas frias";"RICMS/SE - Decreto 21.400/2002 c/c PT 10/92";"Art. 681, I do RICMS/02 e Port. 263/2023";"Coca-Cola (todos)"
22029900;0301001;;19;S;"Bebidas frias";"RICMS/SE - Decreto 21.400/2002 c/c PT 10/92";"Art. 681, I do RICMS/02 e Port. 263/2023";"Coca-Cola (todos)"
22021000;0301001;;19;S;"Bebidas frias";"RICMS/SE - Decreto 21.400/2002 c/c PT 10/92";"Art. 681, I do RICMS/02 e Port. 263/2023";"Coca-Cola Zero"
22029900;0301001;;19;S;"Bebidas frias";"RICMS/SE - Decreto 21.400/2002 c/c PT 10/92";"Art. 681, I do RICMS/02 e Port. 263/2023";"Coca-Cola Zero"
22021000;0301001;;19;S;"Bebidas frias";"RICMS/SE - Decreto 21.400/2002 c/c PT 10/92";"Art. 681, I do RICMS/02 e Port. 263/2023";"Coca-Cola + Coca-Cola sem açúcar (combo)"
22029900;0301001;;19;S;"Bebidas frias";"RICMS/SE - Decreto 21.400/2002 c/c PT 10/92";"Art. 681, I do RICMS/02 e Port. 263/2023";"Coca-Cola + Coca-Cola sem açúcar (combo)"
22021000;0301001;;19;S;"Bebidas frias";"RICMS/SE - Decreto 21.400/2002 c/c PT 10/92";"Art. 681, I do RICMS/02 e Port. 263/2023";"Coca-Cola + Fanta Guaraná (combo)"
22029900;0301001;;19;S;"Bebidas frias";"RICMS/SE - Decreto 21.400/2002 c/c PT 10/92";"Art. 681, I do RICMS/02 e Port. 263/2023";"Coca-Cola + Fanta Guaraná (combo)"
22021000;0301001;;19;S;"Bebidas frias";"RICMS/SE - Decreto 21.400/2002 c/c PT 10/92";"Art. 681, I do RICMS/02 e Port. 263/2023";"Coca-Cola + Fanta Laranja (combo)"
22029900;0301001;;19;S;"Bebidas frias";"RICMS/SE - Decreto 21.400/2002 c/c PT 10/92";"Art. 681, I do RICMS/02 e Port. 263/2023";"Coca-Cola + Fanta Laranja (combo)"
22021000;0301001;;19;S;"Bebidas frias";"RICMS/SE - Decreto 21.400/2002 c/c PT 10/92";"Art. 681, I do RICMS/02 e Port. 263/2023";"Coca-Cola + Sprite Original (combo)"
22029900;0301001;;19;S;"Bebidas frias";"RICMS/SE - Decreto 21.400/2002 c/c PT 10/92";"Art. 681, I do RICMS/02 e Port. 263/2023";"Coca-Cola + Sprite Original (combo)"
22021000;0301001;;19;S;"Bebidas frias";"RICMS/SE - Decreto 21.400/2002 c/c PT 10/92";"Art. 681, I do RICMS/02 e Port. 263/2023";"Coca-Cola REFPET"
22029900;0301001;;19;S;"Bebidas frias";"RICMS/SE - Decreto 21.400/2002 c/c PT 10/92";"Art. 681, I do RICMS/02 e Port. 263/2023";"Coca-Cola REFPET"
22021000;0301001;;19;S;"Bebidas frias";"RICMS/SE - Decreto 21.400/2002 c/c PT 10/92";"Art. 681, I do RICMS/02 e Port. 263/2023";"Coca-Cola REFPET (Com o valor da embalagem)"
22029900;0301001;;19;S;"Bebidas frias";"RICMS/SE - Decreto 21.400/2002 c/c PT 10/92";"Art. 681, I do RICMS/02 e Port. 263/2023";"Coca-Cola REFPET (Com o valor da embalagem)"
22021000;0301001;;19;S;"Bebidas frias";"RICMS/SE - Decreto 21.400/2002 c/c PT 10/92";"Art. 681, I do RICMS/02 e Port. 263/2023";"Conti cola (todas)"
22029900;0301001;;19;S;"Bebidas frias";"RICMS/SE - Decreto 21.400/2002 c/c PT 10/92";"Art. 681, I do RICMS/02 e Port. 263/2023";"Conti cola (todas)"
22021000;0301001;;19;S;"Bebidas frias";"RICMS/SE - Decreto 21.400/2002 c/c PT 10/92";"Art. 681, I do RICMS/02 e Port. 263/2023";"Conti Sabores (todos)"
22029900;0301001;;19;S;"Bebidas frias";"RICMS/SE - Decreto 21.400/2002 c/c PT 10/92";"Art. 681, I do RICMS/02 e Port. 263/2023";"Conti Sabores (todos)"
22021000;0301001;;19;S;"Bebidas frias";"RICMS/SE - Decreto 21.400/2002 c/c PT 10/92";"Art. 681, I do RICMS/02 e Port. 263/2023";"Coroa"
22029900;0301001;;19;S;"Bebidas frias";"RICMS/SE - Decreto 21.400/2002 c/c PT 10/92";"Art. 681, I do RICMS/02 e Port. 263/2023";"Coroa"
22021000;0301001;;19;S;"Bebidas frias";"RICMS/SE - Decreto 21.400/2002 c/c PT 10/92";"Art. 681, I do RICMS/02 e Port. 263/2023";"Dore (todos)"
22029900;0301001;;19;S;"Bebidas frias";"RICMS/SE - Decreto 21.400/2002 c/c PT 10/92";"Art. 681, I do RICMS/02 e Port. 263/2023";"Dore (todos)"
22021000;0301001;;19;S;"Bebidas frias";"RICMS/SE - Decreto 21.400/2002 c/c PT 10/92";"Art. 681, I do RICMS/02 e Port. 263/2023";"Fanta (todos)"
22029900;0301001;;19;S;"Bebidas frias";"RICMS/SE - Decreto 21.400/2002 c/c PT 10/92";"Art. 681, I do RICMS/02 e Port. 263/2023";"Fanta (todos)"
22021000;0301001;;19;S;"Bebidas frias";"RICMS/SE - Decreto 21.400/2002 c/c PT 10/92";"Art. 681, I do RICMS/02 e Port. 263/2023";"Fanta Guaraná REFPET"
22029900;0301001;;19;S;"Bebidas frias";"RICMS/SE - Decreto 21.400/2002 c/c PT 10/92";"Art. 681, I do RICMS/02 e Port. 263/2023";"Fanta Guaraná REFPET"
22021000;0301001;;19;S;"Bebidas frias";"RICMS/SE - Decreto 21.400/2002 c/c PT 10/92";"Art. 681, I do RICMS/02 e Port. 263/2023";"Fanta Guaraná REFPET (Com o valor da embalagem)"
22029900;0301001;;19;S;"Bebidas frias";"RICMS/SE - Decreto 21.400/2002 c/c PT 10/92";"Art. 681, I do RICMS/02 e Port. 263/2023";"Fanta Guaraná REFPET (Com o valor da embalagem)"
22021000;0301001;;19;S;"Bebidas frias";"RICMS/SE - Decreto 21.400/2002 c/c PT 10/92";"Art. 681, I do RICMS/02 e Port. 263/2023";"Fanta Laranja REFPET"
22029900;0301001;;19;S;"Bebidas frias";"RICMS/SE - Decreto 21.400/2002 c/c PT 10/92";"Art. 681, I do RICMS/02 e Port. 263/2023";"Fanta Laranja REFPET"
22021000;0301001;;19;S;"Bebidas frias";"RICMS/SE - Decreto 21.400/2002 c/c PT 10/92";"Art. 681, I do RICMS/02 e Port. 263/2023";"Fanta Laranja REFPET (Com o valor da embalagem)"
22029900;0301001;;19;S;"Bebidas frias";"RICMS/SE - Decreto 21.400/2002 c/c PT 10/92";"Art. 681, I do RICMS/02 e Port. 263/2023";"Fanta Laranja REFPET (Com o valor da embalagem)"
22021000;0301001;;19;S;"Bebidas frias";"RICMS/SE - Decreto 21.400/2002 c/c PT 10/92";"Art. 681, I do RICMS/02 e Port. 263/2023";"Frevo"
22029900;0301001;;19;S;"Bebidas frias";"RICMS/SE - Decreto 21.400/2002 c/c PT 10/92";"Art. 681, I do RICMS/02 e Port. 263/2023";"Frevo"
22021000;0301001;;19;S;"Bebidas frias";"RICMS/SE - Decreto 21.400/2002 c/c PT 10/92";"Art. 681, I do RICMS/02 e Port. 263/2023";"Friish"
22029900;0301001;;19;S;"Bebidas frias";"RICMS/SE - Decreto 21.400/2002 c/c PT 10/92";"Art. 681, I do RICMS/02 e Port. 263/2023";"Friish"
22021000;0301001;;19;S;"Bebidas frias";"RICMS/SE - Decreto 21.400/2002 c/c PT 10/92";"Art. 681, I do RICMS/02 e Port. 263/2023";"Goob (todos)"
22029900;0301001;;19;S;"Bebidas frias";"RICMS/SE - Decreto 21.400/2002 c/c PT 10/92";"Art. 681, I do RICMS/02 e Port. 263/2023";"Goob (todos)"
22021000;0301001;;19;S;"Bebidas frias";"RICMS/SE - Decreto 21.400/2002 c/c PT 10/92";"Art. 681, I do RICMS/02 e Port. 263/2023";"Grapette"
22029900;0301001;;19;S;"Bebidas frias";"RICMS/SE - Decreto 21.400/2002 c/c PT 10/92";"Art. 681, I do RICMS/02 e Port. 263/2023";"Grapette"
22021000;0301001;;19;S;"Bebidas frias";"RICMS/SE - Decreto 21.400/2002 c/c PT 10/92";"Art. 681, I do RICMS/02 e Port. 263/2023";"Guaraná Antarctica"
22029900;0301001;;19;S;"Bebidas frias";"RICMS/SE - Decreto 21.400/2002 c/c PT 10/92";"Art. 681, I do RICMS/02 e Port. 263/2023";"Guaraná Antarctica"
22021000;0301001;;19;S;"Bebidas frias";"RICMS/SE - Decreto 21.400/2002 c/c PT 10/92";"Art. 681, I do RICMS/02 e Port. 263/2023";"Guaraná Kuat / Zero"
22029900;0301001;;19;S;"Bebidas frias";"RICMS/SE - Decreto 21.400/2002 c/c PT 10/92";"Art. 681, I do RICMS/02 e Port. 263/2023";"Guaraná Kuat / Zero"
22021000;0301001;;19;S;"Bebidas frias";"RICMS/SE - Decreto 21.400/2002 c/c PT 10/92";"Art. 681, I do RICMS/02 e Port. 263/2023";"Hiran (todos)"
22029900;0301001;;19;S;"Bebidas frias";"RICMS/SE - Decreto 21.400/2002 c/c PT 10/92";"Art. 681, I do RICMS/02 e Port. 263/2023";"Hiran (todos)"
22021000;0301001;;19;S;"Bebidas frias";"RICMS/SE - Decreto 21.400/2002 c/c PT 10/92";"Art. 681, I do RICMS/02 e Port. 263/2023";"Ice Cola (todos)"
22029900;0301001;;19;S;"Bebidas frias";"RICMS/SE - Decreto 21.400/2002 c/c PT 10/92";"Art. 681, I do RICMS/02 e Port. 263/2023";"Ice Cola (todos)"
22021000;0301001;;19;S;"Bebidas frias";"RICMS/SE - Decreto 21.400/2002 c/c PT 10/92";"Art. 681, I do RICMS/02 e Port. 263/2023";"IT! Cola"
22029900;0301001;;19;S;"Bebidas frias";"RICMS/SE - Decreto 21.400/2002 c/c PT 10/92";"Art. 681, I do RICMS/02 e Port. 263/2023";"IT! Cola"
22021000;0301001;;19;S;"Bebidas frias";"RICMS/SE - Decreto 21.400/2002 c/c PT 10/92";"Art. 681, I do RICMS/02 e Port. 263/2023";"IT! Sabores"
22029900;0301001;;19;S;"Bebidas frias";"RICMS/SE - Decreto 21.400/2002 c/c PT 10/92";"Art. 681, I do RICMS/02 e Port. 263/2023";"IT! Sabores"
22021000;0301001;;19;S;"Bebidas frias";"RICMS/SE - Decreto 21.400/2002 c/c PT 10/92";"Art. 681, I do RICMS/02 e Port. 263/2023";"Itubaina"
22029900;0301001;;19;S;"Bebidas frias";"RICMS/SE - Decreto 21.400/2002 c/c PT 10/92";"Art. 681, I do RICMS/02 e Port. 263/2023";"Itubaina"
22021000;0301001;;19;S;"Bebidas frias";"RICMS/SE - Decreto 21.400/2002 c/c PT 10/92";"Art. 681, I do RICMS/02 e Port. 263/2023";"Itubaina Maçã"
22029900;0301001;;19;S;"Bebidas frias";"RICMS/SE - Decreto 21.400/2002 c/c PT 10/92";"Art. 681, I do RICMS/02 e Port. 263/2023";"Itubaina Maçã"
22021000;0301001;;19;S;"Bebidas frias";"RICMS/SE - Decreto 21.400/2002 c/c PT 10/92";"Art. 681, I do RICMS/02 e Port. 263/2023";"Kitubaína Dore"
22029900;0301001;;19;S;"Bebidas frias";"RICMS/SE - Decreto 21.400/2002 c/c PT 10/92";"Art. 681, I do RICMS/02 e Port. 263/2023";"Kitubaína Dore"
22021000;0301001;;19;S;"Bebidas frias";"RICMS/SE - Decreto 21.400/2002 c/c PT 10/92";"Art. 681, I do RICMS/02 e Port. 263/2023";"Pepsi-Cola (todas)"
22029900;0301001;;19;S;"Bebidas frias";"RICMS/SE - Decreto 21.400/2002 c/c PT 10/92";"Art. 681, I do RICMS/02 e Port. 263/2023";"Pepsi-Cola (todas)"
22021000;0301001;;19;S;"Bebidas frias";"RICMS/SE - Decreto 21.400/2002 c/c PT 10/92";"Art. 681, I do RICMS/02 e Port. 263/2023";"Q'Tal"
22029900;0301001;;19;S;"Bebidas frias";"RICMS/SE - Decreto 21.400/2002 c/c PT 10/92";"Art. 681, I do RICMS/02 e Port. 263/2023";"Q'Tal"
22021000;0301001;;19;S;"Bebidas frias";"RICMS/SE - Decreto 21.400/2002 c/c PT 10/92";"Art. 681, I do RICMS/02 e Port. 263/2023";"Realça"
22029900;0301001;;19;S;"Bebidas frias";"RICMS/SE - Decreto 21.400/2002 c/c PT 10/92";"Art. 681, I do RICMS/02 e Port. 263/2023";"Realça"
22021000;0301001;;19;S;"Bebidas frias";"RICMS/SE - Decreto 21.400/2002 c/c PT 10/92";"Art. 681, I do RICMS/02 e Port. 263/2023";"Refree (todos)"
22029900;0301001;;19;S;"Bebidas frias";"RICMS/SE - Decreto 21.400/2002 c/c PT 10/92";"Art. 681, I do RICMS/02 e Port. 263/2023";"Refree (todos)"
22021000;0301001;;19;S;"Bebidas frias";"RICMS/SE - Decreto 21.400/2002 c/c PT 10/92";"Art. 681, I do RICMS/02 e Port. 263/2023";"Refri Indaiá Cola"
22029900;0301001;;19;S;"Bebidas frias";"RICMS/SE - Decreto 21.400/2002 c/c PT 10/92";"Art. 681, I do RICMS/02 e Port. 263/2023";"Refri Indaiá Cola"
22021000;0301001;;19;S;"Bebidas frias";"RICMS/SE - Decreto 21.400/2002 c/c PT 10/92";"Art. 681, I do RICMS/02 e Port. 263/2023";"Refri Indaiá Sabores"
22029900;0301001;;19;S;"Bebidas frias";"RICMS/SE - Decreto 21.400/2002 c/c PT 10/92";"Art. 681, I do RICMS/02 e Port. 263/2023";"Refri Indaiá Sabores"
22021000;0301001;;19;S;"Bebidas frias";"RICMS/SE - Decreto 21.400/2002 c/c PT 10/92";"Art. 681, I do RICMS/02 e Port. 263/2023";"Santa Joana (todos)"
22029900;0301001;;19;S;"Bebidas frias";"RICMS/SE - Decreto 21.400/2002 c/c PT 10/92";"Art. 681, I do RICMS/02 e Port. 263/2023";"Santa Joana (todos)"
22021000;0301001;;19;S;"Bebidas frias";"RICMS/SE - Decreto 21.400/2002 c/c PT 10/92";"Art. 681, I do RICMS/02 e Port. 263/2023";"São Geraldo Caju"
22029900;0301001;;19;S;"Bebidas frias";"RICMS/SE - Decreto 21.400/2002 c/c PT 10/92";"Art. 681, I do RICMS/02 e Port. 263/2023";"São Geraldo Caju"
22021000;0301001;;19;S;"Bebidas frias";"RICMS/SE - Decreto 21.400/2002 c/c PT 10/92";"Art. 681, I do RICMS/02 e Port. 263/2023";"Simba"
22029900;0301001;;19;S;"Bebidas frias";"RICMS/SE - Decreto 21.400/2002 c/c PT 10/92";"Art. 681, I do RICMS/02 e Port. 263/2023";"Simba"
22021000;0301001;;19;S;"Bebidas frias";"RICMS/SE - Decreto 21.400/2002 c/c PT 10/92";"Art. 681, I do RICMS/02 e Port. 263/2023";"Simba Laranja"
22029900;0301001;;19;S;"Bebidas frias";"RICMS/SE - Decreto 21.400/2002 c/c PT 10/92";"Art. 681, I do RICMS/02 e Port. 263/2023";"Simba Laranja"
22021000;0301001;;19;S;"Bebidas frias";"RICMS/SE - Decreto 21.400/2002 c/c PT 10/92";"Art. 681, I do RICMS/02 e Port. 263/2023";"Soda Limonada Antarctica"
22029900;0301001;;19;S;"Bebidas frias";"RICMS/SE - Decreto 21.400/2002 c/c PT 10/92";"Art. 681, I do RICMS/02 e Port. 263/2023";"Soda Limonada Antarctica"
22021000;0301001;;19;S;"Bebidas frias";"RICMS/SE - Decreto 21.400/2002 c/c PT 10/92";"Art. 681, I do RICMS/02 e Port. 263/2023";"Sprite / Zero"
22029900;0301001;;19;S;"Bebidas frias";"RICMS/SE - Decreto 21.400/2002 c/c PT 10/92";"Art. 681, I do RICMS/02 e Port. 263/2023";"Sprite / Zero"
22021000;0301001;;19;S;"Bebidas frias";"RICMS/SE - Decreto 21.400/2002 c/c PT 10/92";"Art. 681, I do RICMS/02 e Port. 263/2023";"Sukita (demais)"
22029900;0301001;;19;S;"Bebidas frias";"RICMS/SE - Decreto 21.400/2002 c/c PT 10/92";"Art. 681, I do RICMS/02 e Port. 263/2023";"Sukita (demais)"
22021000;0301001;;19;S;"Bebidas frias";"RICMS/SE - Decreto 21.400/2002 c/c PT 10/92";"Art. 681, I do RICMS/02 e Port. 263/2023";"Sukita Limão"
22029900;0301001;;19;S;"Bebidas frias";"RICMS/SE - Decreto 21.400/2002 c/c PT 10/92";"Art. 681, I do RICMS/02 e Port. 263/2023";"Sukita Limão"
22021000;0301001;;19;S;"Bebidas frias";"RICMS/SE - Decreto 21.400/2002 c/c PT 10/92";"Art. 681, I do RICMS/02 e Port. 263/2023";"Taubaiana"
22029900;0301001;;19;S;"Bebidas frias";"RICMS/SE - Decreto 21.400/2002 c/c PT 10/92";"Art. 681, I do RICMS/02 e Port. 263/2023";"Taubaiana"
22021000;0301001;;19;S;"Bebidas frias";"RICMS/SE - Decreto 21.400/2002 c/c PT 10/92";"Art. 681, I do RICMS/02 e Port. 263/2023";"Tubaína Real"
22029900;0301001;;19;S;"Bebidas frias";"RICMS/SE - Decreto 21.400/2002 c/c PT 10/92";"Art. 681, I do RICMS/02 e Port. 263/2023";"Tubaína Real"
22021000;0301001;;19;S;"Bebidas frias";"RICMS/SE - Decreto 21.400/2002 c/c PT 10/92";"Art. 681, I do RICMS/02 e Port. 263/2023";"Viva Schin Cola"
22029900;0301001;;19;S;"Bebidas frias";"RICMS/SE - Decreto 21.400/2002 c/c PT 10/92";"Art. 681, I do RICMS/02 e Port. 263/2023";"Viva Schin Cola"
22021000;0301001;;19;S;"Bebidas frias";"RICMS/SE - Decreto 21.400/2002 c/c PT 10/92";"Art. 681, I do RICMS/02 e Port. 263/2023";"Viva Schin Sabores"
22029900;0301001;;19;S;"Bebidas frias";"RICMS/SE - Decreto 21.400/2002 c/c PT 10/92";"Art. 681, I do RICMS/02 e Port. 263/2023";"Viva Schin Sabores"
22021000;0301001;;19;S;"Bebidas frias";"RICMS/SE - Decreto 21.400/2002 c/c PT 10/92";"Art. 681, I do RICMS/02 e Port. 263/2023";"Viver Cola"
22029900;0301001;;19;S;"Bebidas frias";"RICMS/SE - Decreto 21.400/2002 c/c PT 10/92";"Art. 681, I do RICMS/02 e Port. 263/2023";"Viver Cola"
22021000;0301001;;19;S;"Bebidas frias";"RICMS/SE - Decreto 21.400/2002 c/c PT 10/92";"Art. 681, I do RICMS/02 e Port. 263/2023";"Viver sabores"
22029900;0301001;;19;S;"Bebidas frias";"RICMS/SE - Decreto 21.400/2002 c/c PT 10/92";"Art. 681, I do RICMS/02 e Port. 263/2023";"Viver sabores"
22021000;0301001;;19;S;"Bebidas frias";"RICMS/SE - Decreto 21.400/2002 c/c PT 10/92";"Art. 681, I do RICMS/02 e Port. 263/2023";"Outros"
22029900;0301001;;19;S;"Bebidas frias";"RICMS/SE - Decreto 21.400/2002 c/c PT 10/92";"Art. 681, I do RICMS/02 e Port. 263/2023";"Outros"
22021000;0301001;;19;S;"Bebidas frias";"RICMS/SE - Decreto 21.400/2002 c/c PT 10/92";"Art. 681, I do RICMS/02 e Port. 263/2023";"Coca-Cola / Zero"
22029900;0301001;;19;S;"Bebidas frias";"RICMS/SE - Decreto 21.400/2002 c/c PT 10/92";"Art. 681, I do RICMS/02 e Port. 263/2023";"Coca-Cola / Zero"
22021000;0301001;;19;S;"Bebidas frias";"RICMS/SE - Decreto 21.400/2002 c/c PT 10/92";"Art. 681, I do RICMS/02 e Port. 263/2023";"Coca-Cola Menos Açúcar"
22029900;0301001;;19;S;"Bebidas frias";"RICMS/SE - Decreto 21.400/2002 c/c PT 10/92";"Art. 681, I do RICMS/02 e Port. 263/2023";"Coca-Cola Menos Açúcar"
22021000;0301001;;19;S;"Bebidas frias";"RICMS/SE - Decreto 21.400/2002 c/c PT 10/92";"Art. 681, I do RICMS/02 e Port. 263/2023";"Fanta (todos)"
22029900;0301001;;19;S;"Bebidas frias";"RICMS/SE - Decreto 21.400/2002 c/c PT 10/92";"Art. 681, I do RICMS/02 e Port. 263/2023";"Fanta (todos)"
22021000;0301001;;19;S;"Bebidas frias";"RICMS/SE - Decreto 21.400/2002 c/c PT 10/92";"Art. 681, I do RICMS/02 e Port. 263/2023";"Goob (todos)"
22029900;0301001;;19;S;"Bebidas frias";"RICMS/SE - Decreto 21.400/2002 c/c PT 10/92";"Art. 681, I do RICMS/02 e Port. 263/2023";"Goob (todos)"
22021000;0301001;;19;S;"Bebidas frias";"RICMS/SE - Decreto 21.400/2002 c/c PT 10/92";"Art. 681, I do RICMS/02 e Port. 263/2023";"Guaraná Antarctica"
22029900;0301001;;19;S;"Bebidas frias";"RICMS/SE - Decreto 21.400/2002 c/c PT 10/92";"Art. 681, I do RICMS/02 e Port. 263/2023";"Guaraná Antarctica"
22021000;0301001;;19;S;"Bebidas frias";"RICMS/SE - Decreto 21.400/2002 c/c PT 10/92";"Art. 681, I do RICMS/02 e Port. 263/2023";"Guaraná Kuat / Zero"
22029900;0301001;;19;S;"Bebidas frias";"RICMS/SE - Decreto 21.400/2002 c/c PT 10/92";"Art. 681, I do RICMS/02 e Port. 263/2023";"Guaraná Kuat / Zero"
22021000;0301001;;19;S;"Bebidas frias";"RICMS/SE - Decreto 21.400/2002 c/c PT 10/92";"Art. 681, I do RICMS/02 e Port. 263/2023";"Ice Cola (todos)"
22029900;0301001;;19;S;"Bebidas frias";"RICMS/SE - Decreto 21.400/2002 c/c PT 10/92";"Art. 681, I do RICMS/02 e Port. 263/2023";"Ice Cola (todos)"
22021000;0301001;;19;S;"Bebidas frias";"RICMS/SE - Decreto 21.400/2002 c/c PT 10/92";"Art. 681, I do RICMS/02 e Port. 263/2023";"Pepsi-Cola"
22029900;0301001;;19;S;"Bebidas frias";"RICMS/SE - Decreto 21.400/2002 c/c PT 10/92";"Art. 681, I do RICMS/02 e Port. 263/2023";"Pepsi-Cola"
22021000;0301001;;19;S;"Bebidas frias";"RICMS/SE - Decreto 21.400/2002 c/c PT 10/92";"Art. 681, I do RICMS/02 e Port. 263/2023";"Refree (todos)"
22029900;0301001;;19;S;"Bebidas frias";"RICMS/SE - Decreto 21.400/2002 c/c PT 10/92";"Art. 681, I do RICMS/02 e Port. 263/2023";"Refree (todos)"
22021000;0301001;;19;S;"Bebidas frias";"RICMS/SE - Decreto 21.400/2002 c/c PT 10/92";"Art. 681, I do RICMS/02 e Port. 263/2023";"Outros"
22029900;0301001;;19;S;"Bebidas frias";"RICMS/SE - Decreto 21.400/2002 c/c PT 10/92";"Art. 681, I do RICMS/02 e Port. 263/2023";"Outros"
22021000;0301001;;19;S;"Bebidas frias";"RICMS/SE - Decreto 21.400/2002 c/c PT 10/92";"Art. 681, I do RICMS/02 e Port. 263/2023";"Coca-cola/Zero"
22029900;0301001;;19;S;"Bebidas frias";"RICMS/SE - Decreto 21.400/2002 c/c PT 10/92";"Art. 681, I do RICMS/02 e Port. 263/2023";"Coca-cola/Zero"
22021000;0301001;;19;S;"Bebidas frias";"RICMS/SE - Decreto 21.400/2002 c/c PT 10/92";"Art. 681, I do RICMS/02 e Port. 263/2023";"Coca-Cola Menos Açúcar"
22029900;0301001;;19;S;"Bebidas frias";"RICMS/SE - Decreto 21.400/2002 c/c PT 10/92";"Art. 681, I do RICMS/02 e Port. 263/2023";"Coca-Cola Menos Açúcar"
22021000;0301001;;19;S;"Bebidas frias";"RICMS/SE - Decreto 21.400/2002 c/c PT 10/92";"Art. 681, I do RICMS/02 e Port. 263/2023";"Conti Cola (Todas)"
22029900;0301001;;19;S;"Bebidas frias";"RICMS/SE - Decreto 21.400/2002 c/c PT 10/92";"Art. 681, I do RICMS/02 e Port. 263/2023";"Conti Cola (Todas)"
22021000;0301001;;19;S;"Bebidas frias";"RICMS/SE - Decreto 21.400/2002 c/c PT 10/92";"Art. 681, I do RICMS/02 e Port. 263/2023";"Conti Sabores (todos)"
22029900;0301001;;19;S;"Bebidas frias";"RICMS/SE - Decreto 21.400/2002 c/c PT 10/92";"Art. 681, I do RICMS/02 e Port. 263/2023";"Conti Sabores (todos)"
22021000;0301001;;19;S;"Bebidas frias";"RICMS/SE - Decreto 21.400/2002 c/c PT 10/92";"Art. 681, I do RICMS/02 e Port. 263/2023";"Guaraná Antártica"
22029900;0301001;;19;S;"Bebidas frias";"RICMS/SE - Decreto 21.400/2002 c/c PT 10/92";"Art. 681, I do RICMS/02 e Port. 263/2023";"Guaraná Antártica"
22021000;0301001;;19;S;"Bebidas frias";"RICMS/SE - Decreto 21.400/2002 c/c PT 10/92";"Art. 681, I do RICMS/02 e Port. 263/2023";"Pepsi-cola (todas)"
22029900;0301001;;19;S;"Bebidas frias";"RICMS/SE - Decreto 21.400/2002 c/c PT 10/92";"Art. 681, I do RICMS/02 e Port. 263/2023";"Pepsi-cola (todas)"
22021000;0301001;;19;S;"Bebidas frias";"RICMS/SE - Decreto 21.400/2002 c/c PT 10/92";"Art. 681, I do RICMS/02 e Port. 263/2023";"Taubaiana"
22029900;0301001;;19;S;"Bebidas frias";"RICMS/SE - Decreto 21.400/2002 c/c PT 10/92";"Art. 681, I do RICMS/02 e Port. 263/2023";"Taubaiana"
22021000;0301001;;19;S;"Bebidas frias";"RICMS/SE - Decreto 21.400/2002 c/c PT 10/92";"Art. 681, I do RICMS/02 e Port. 263/2023";"Xamego"
22029900;0301001;;19;S;"Bebidas frias";"RICMS/SE - Decreto 21.400/2002 c/c PT 10/92";"Art. 681, I do RICMS/02 e Port. 263/2023";"Xamego"
22021000;0301001;;19;S;"Bebidas frias";"RICMS/SE - Decreto 21.400/2002 c/c PT 10/92";"Art. 681, I do RICMS/02 e Port. 263/2023";"Outras"
22029900;0301001;;19;S;"Bebidas frias";"RICMS/SE - Decreto 21.400/2002 c/c PT 10/92";"Art. 681, I do RICMS/02 e Port. 263/2023";"Outras"
22021000;0301002;;19;S;"Bebidas frias";"RICMS/SE - Decreto 21.400/2002 c/c PT 10/92";"Art. 681, I do RICMS/02 e Port. 263/2023";"Antarctica Citrus"
22029900;0301002;;19;S;"Bebidas frias";"RICMS/SE - Decreto 21.400/2002 c/c PT 10/92";"Art. 681, I do RICMS/02 e Port. 263/2023";"Antarctica Citrus"
22021000;0301002;;19;S;"Bebidas frias";"RICMS/SE - Decreto 21.400/2002 c/c PT 10/92";"Art. 681, I do RICMS/02 e Port. 263/2023";"Conti Cola (todas)"
22029900;0301002;;19;S;"Bebidas frias";"RICMS/SE - Decreto 21.400/2002 c/c PT 10/92";"Art. 681, I do RICMS/02 e Port. 263/2023";"Conti Cola (todas)"
22021000;0301002;;19;S;"Bebidas frias";"RICMS/SE - Decreto 21.400/2002 c/c PT 10/92";"Art. 681, I do RICMS/02 e Port. 263/2023";"Conti Sabores (todos)"
22029900;0301002;;19;S;"Bebidas frias";"RICMS/SE - Decreto 21.400/2002 c/c PT 10/92";"Art. 681, I do RICMS/02 e Port. 263/2023";"Conti Sabores (todos)"
22021000;0301002;;19;S;"Bebidas frias";"RICMS/SE - Decreto 21.400/2002 c/c PT 10/92";"Art. 681, I do RICMS/02 e Port. 263/2023";"Guaraná Antártica (todos)"
22029900;0301002;;19;S;"Bebidas frias";"RICMS/SE - Decreto 21.400/2002 c/c PT 10/92";"Art. 681, I do RICMS/02 e Port. 263/2023";"Guaraná Antártica (todos)"
22021000;0301002;;19;S;"Bebidas frias";"RICMS/SE - Decreto 21.400/2002 c/c PT 10/92";"Art. 681, I do RICMS/02 e Port. 263/2023";"Pepsi Cola (todas)"
22029900;0301002;;19;S;"Bebidas frias";"RICMS/SE - Decreto 21.400/2002 c/c PT 10/92";"Art. 681, I do RICMS/02 e Port. 263/2023";"Pepsi Cola (todas)"
22021000;0301002;;19;S;"Bebidas frias";"RICMS/SE - Decreto 21.400/2002 c/c PT 10/92";"Art. 681, I do RICMS/02 e Port. 263/2023";"São Geraldo Caju"
22029900;0301002;;19;S;"Bebidas frias";"RICMS/SE - Decreto 21.400/2002 c/c PT 10/92";"Art. 681, I do RICMS/02 e Port. 263/2023";"São Geraldo Caju"
22021000;0301002;;19;S;"Bebidas frias";"RICMS/SE - Decreto 21.400/2002 c/c PT 10/92";"Art. 681, I do RICMS/02 e Port. 263/2023";"Sleek Can Coca Cola"
22029900;0301002;;19;S;"Bebidas frias";"RICMS/SE - Decreto 21.400/2002 c/c PT 10/92";"Art. 681, I do RICMS/02 e Port. 263/2023";"Sleek Can Coca Cola"
22021000;0301002;;19;S;"Bebidas frias";"RICMS/SE - Decreto 21.400/2002 c/c PT 10/92";"Art. 681, I do RICMS/02 e Port. 263/2023";"Sleek Can Coca Cola zero/Sem açucar"
22029900;0301002;;19;S;"Bebidas frias";"RICMS/SE - Decreto 21.400/2002 c/c PT 10/92";"Art. 681, I do RICMS/02 e Port. 263/2023";"Sleek Can Coca Cola zero/Sem açucar"
22021000;0301002;;19;S;"Bebidas frias";"RICMS/SE - Decreto 21.400/2002 c/c PT 10/92";"Art. 681, I do RICMS/02 e Port. 263/2023";"Sleek Can Coca Cola Café"
22029900;0301002;;19;S;"Bebidas frias";"RICMS/SE - Decreto 21.400/2002 c/c PT 10/92";"Art. 681, I do RICMS/02 e Port. 263/2023";"Sleek Can Coca Cola Café"
22021000;0301002;;19;S;"Bebidas frias";"RICMS/SE - Decreto 21.400/2002 c/c PT 10/92";"Art. 681, I do RICMS/02 e Port. 263/2023";"Sleek Can Fanta (todas)"
22029900;0301002;;19;S;"Bebidas frias";"RICMS/SE - Decreto 21.400/2002 c/c PT 10/92";"Art. 681, I do RICMS/02 e Port. 263/2023";"Sleek Can Fanta (todas)"
22021000;0301002;;19;S;"Bebidas frias";"RICMS/SE - Decreto 21.400/2002 c/c PT 10/92";"Art. 681, I do RICMS/02 e Port. 263/2023";"Sleek Can Kuat/zero"
22029900;0301002;;19;S;"Bebidas frias";"RICMS/SE - Decreto 21.400/2002 c/c PT 10/92";"Art. 681, I do RICMS/02 e Port. 263/2023";"Sleek Can Kuat/zero"
22021000;0301002;;19;S;"Bebidas frias";"RICMS/SE - Decreto 21.400/2002 c/c PT 10/92";"Art. 681, I do RICMS/02 e Port. 263/2023";"Sleek Can Sprite/zero"
22029900;0301002;;19;S;"Bebidas frias";"RICMS/SE - Decreto 21.400/2002 c/c PT 10/92";"Art. 681, I do RICMS/02 e Port. 263/2023";"Sleek Can Sprite/zero"
22021000;0301002;;19;S;"Bebidas frias";"RICMS/SE - Decreto 21.400/2002 c/c PT 10/92";"Art. 681, I do RICMS/02 e Port. 263/2023";"Taubaiana"
22029900;0301002;;19;S;"Bebidas frias";"RICMS/SE - Decreto 21.400/2002 c/c PT 10/92";"Art. 681, I do RICMS/02 e Port. 263/2023";"Taubaiana"
22021000;0301002;;19;S;"Bebidas frias";"RICMS/SE - Decreto 21.400/2002 c/c PT 10/92";"Art. 681, I do RICMS/02 e Port. 263/2023";"Outras"
22029900;0301002;;19;S;"Bebidas frias";"RICMS/SE - Decreto 21.400/2002 c/c PT 10/92";"Art. 681, I do RICMS/02 e Port. 263/2023";"Outras"
22021000;0301002;;19;S;"Bebidas frias";"RICMS/SE - Decreto 21.400/2002 c/c PT 10/92";"Art. 681, I do RICMS/02 e Port. 263/2023";"Cerpa (todos)"
22029900;0301002;;19;S;"Bebidas frias";"RICMS/SE - Decreto 21.400/2002 c/c PT 10/92";"Art. 681, I do RICMS/02 e Port. 263/2023";"Cerpa (todos)"
22021000;0301002;;19;S;"Bebidas frias";"RICMS/SE - Decreto 21.400/2002 c/c PT 10/92";"Art. 681, I do RICMS/02 e Port. 263/2023";"Coca-Cola (todos)"
22029900;0301002;;19;S;"Bebidas frias";"RICMS/SE - Decreto 21.400/2002 c/c PT 10/92";"Art. 681, I do RICMS/02 e Port. 263/2023";"Coca-Cola (todos)"
22021000;0301002;;19;S;"Bebidas frias";"RICMS/SE - Decreto 21.400/2002 c/c PT 10/92";"Art. 681, I do RICMS/02 e Port. 263/2023";"Coca-Cola Color 6 unidades (combo)"
22029900;0301002;;19;S;"Bebidas frias";"RICMS/SE - Decreto 21.400/2002 c/c PT 10/92";"Art. 681, I do RICMS/02 e Port. 263/2023";"Coca-Cola Color 6 unidades (combo)"
22021000;0301002;;19;S;"Bebidas frias";"RICMS/SE - Decreto 21.400/2002 c/c PT 10/92";"Art. 681, I do RICMS/02 e Port. 263/2023";"Coca-Cola sem açúcar 6 unidades (combo)"
22029900;0301002;;19;S;"Bebidas frias";"RICMS/SE - Decreto 21.400/2002 c/c PT 10/92";"Art. 681, I do RICMS/02 e Port. 263/2023";"Coca-Cola sem açúcar 6 unidades (combo)"
22021000;0301002;;19;S;"Bebidas frias";"RICMS/SE - Decreto 21.400/2002 c/c PT 10/92";"Art. 681, I do RICMS/02 e Port. 263/2023";"Coca-Cola Color sem açúcar Byte Pixel"
22029900;0301002;;19;S;"Bebidas frias";"RICMS/SE - Decreto 21.400/2002 c/c PT 10/92";"Art. 681, I do RICMS/02 e Port. 263/2023";"Coca-Cola Color sem açúcar Byte Pixel"
22021000;0301002;;19;S;"Bebidas frias";"RICMS/SE - Decreto 21.400/2002 c/c PT 10/92";"Art. 681, I do RICMS/02 e Port. 263/2023";"Conti Cola (todas)"
22029900;0301002;;19;S;"Bebidas frias";"RICMS/SE - Decreto 21.400/2002 c/c PT 10/92";"Art. 681, I do RICMS/02 e Port. 263/2023";"Conti Cola (todas)"
22021000;0301002;;19;S;"Bebidas frias";"RICMS/SE - Decreto 21.400/2002 c/c PT 10/92";"Art. 681, I do RICMS/02 e Port. 263/2023";"Conti Sabores"
22029900;0301002;;19;S;"Bebidas frias";"RICMS/SE - Decreto 21.400/2002 c/c PT 10/92";"Art. 681, I do RICMS/02 e Port. 263/2023";"Conti Sabores"
22021000;0301002;;19;S;"Bebidas frias";"RICMS/SE - Decreto 21.400/2002 c/c PT 10/92";"Art. 681, I do RICMS/02 e Port. 263/2023";"Fanta Laranja 6 unidades (combo)"
22029900;0301002;;19;S;"Bebidas frias";"RICMS/SE - Decreto 21.400/2002 c/c PT 10/92";"Art. 681, I do RICMS/02 e Port. 263/2023";"Fanta Laranja 6 unidades (combo)"
22021000;0301002;;19;S;"Bebidas frias";"RICMS/SE - Decreto 21.400/2002 c/c PT 10/92";"Art. 681, I do RICMS/02 e Port. 263/2023";"Fanta (todas)"
22029900;0301002;;19;S;"Bebidas frias";"RICMS/SE - Decreto 21.400/2002 c/c PT 10/92";"Art. 681, I do RICMS/02 e Port. 263/2023";"Fanta (todas)"
22021000;0301002;;19;S;"Bebidas frias";"RICMS/SE - Decreto 21.400/2002 c/c PT 10/92";"Art. 681, I do RICMS/02 e Port. 263/2023";"FYS"
22029900;0301002;;19;S;"Bebidas frias";"RICMS/SE - Decreto 21.400/2002 c/c PT 10/92";"Art. 681, I do RICMS/02 e Port. 263/2023";"FYS"
22021000;0301002;;19;S;"Bebidas frias";"RICMS/SE - Decreto 21.400/2002 c/c PT 10/92";"Art. 681, I do RICMS/02 e Port. 263/2023";"Guaraná Antarctica (todos)"
22029900;0301002;;19;S;"Bebidas frias";"RICMS/SE - Decreto 21.400/2002 c/c PT 10/92";"Art. 681, I do RICMS/02 e Port. 263/2023";"Guaraná Antarctica (todos)"
22021000;0301002;;19;S;"Bebidas frias";"RICMS/SE - Decreto 21.400/2002 c/c PT 10/92";"Art. 681, I do RICMS/02 e Port. 263/2023";"Guaraná Antarctica 310 ml (todos)"
22029900;0301002;;19;S;"Bebidas frias";"RICMS/SE - Decreto 21.400/2002 c/c PT 10/92";"Art. 681, I do RICMS/02 e Port. 263/2023";"Guaraná Antarctica 310 ml (todos)"
22021000;0301002;;19;S;"Bebidas frias";"RICMS/SE - Decreto 21.400/2002 c/c PT 10/92";"Art. 681, I do RICMS/02 e Port. 263/2023";"Guaraná Kuat / Zero"
22029900;0301002;;19;S;"Bebidas frias";"RICMS/SE - Decreto 21.400/2002 c/c PT 10/92";"Art. 681, I do RICMS/02 e Port. 263/2023";"Guaraná Kuat / Zero"
22021000;0301002;;19;S;"Bebidas frias";"RICMS/SE - Decreto 21.400/2002 c/c PT 10/92";"Art. 681, I do RICMS/02 e Port. 263/2023";"IT!"
22029900;0301002;;19;S;"Bebidas frias";"RICMS/SE - Decreto 21.400/2002 c/c PT 10/92";"Art. 681, I do RICMS/02 e Port. 263/2023";"IT!"
22021000;0301002;;19;S;"Bebidas frias";"RICMS/SE - Decreto 21.400/2002 c/c PT 10/92";"Art. 681, I do RICMS/02 e Port. 263/2023";"Itubaina"
22029900;0301002;;19;S;"Bebidas frias";"RICMS/SE - Decreto 21.400/2002 c/c PT 10/92";"Art. 681, I do RICMS/02 e Port. 263/2023";"Itubaina"
22021000;0301002;;19;S;"Bebidas frias";"RICMS/SE - Decreto 21.400/2002 c/c PT 10/92";"Art. 681, I do RICMS/02 e Port. 263/2023";"Jesus"
22029900;0301002;;19;S;"Bebidas frias";"RICMS/SE - Decreto 21.400/2002 c/c PT 10/92";"Art. 681, I do RICMS/02 e Port. 263/2023";"Jesus"
22021000;0301002;;19;S;"Bebidas frias";"RICMS/SE - Decreto 21.400/2002 c/c PT 10/92";"Art. 681, I do RICMS/02 e Port. 263/2023";"Pepsi-Cola (todas)"
22029900;0301002;;19;S;"Bebidas frias";"RICMS/SE - Decreto 21.400/2002 c/c PT 10/92";"Art. 681, I do RICMS/02 e Port. 263/2023";"Pepsi-Cola (todas)"
22021000;0301002;;19;S;"Bebidas frias";"RICMS/SE - Decreto 21.400/2002 c/c PT 10/92";"Art. 681, I do RICMS/02 e Port. 263/2023";"Pepsi-Cola 310 ml (todas)"
22029900;0301002;;19;S;"Bebidas frias";"RICMS/SE - Decreto 21.400/2002 c/c PT 10/92";"Art. 681, I do RICMS/02 e Port. 263/2023";"Pepsi-Cola 310 ml (todas)"
22021000;0301002;;19;S;"Bebidas frias";"RICMS/SE - Decreto 21.400/2002 c/c PT 10/92";"Art. 681, I do RICMS/02 e Port. 263/2023";"Soda Limonada (todas)"
22029900;0301002;;19;S;"Bebidas frias";"RICMS/SE - Decreto 21.400/2002 c/c PT 10/92";"Art. 681, I do RICMS/02 e Port. 263/2023";"Soda Limonada (todas)"
22021000;0301002;;19;S;"Bebidas frias";"RICMS/SE - Decreto 21.400/2002 c/c PT 10/92";"Art. 681, I do RICMS/02 e Port. 263/2023";"Sprite / Zero"
22029900;0301002;;19;S;"Bebidas frias";"RICMS/SE - Decreto 21.400/2002 c/c PT 10/92";"Art. 681, I do RICMS/02 e Port. 263/2023";"Sprite / Zero"
22021000;0301002;;19;S;"Bebidas frias";"RICMS/SE - Decreto 21.400/2002 c/c PT 10/92";"Art. 681, I do RICMS/02 e Port. 263/2023";"Sukita (todas)"
22029900;0301002;;19;S;"Bebidas frias";"RICMS/SE - Decreto 21.400/2002 c/c PT 10/92";"Art. 681, I do RICMS/02 e Port. 263/2023";"Sukita (todas)"
22021000;0301002;;19;S;"Bebidas frias";"RICMS/SE - Decreto 21.400/2002 c/c PT 10/92";"Art. 681, I do RICMS/02 e Port. 263/2023";"Viva Schin Cola"
22029900;0301002;;19;S;"Bebidas frias";"RICMS/SE - Decreto 21.400/2002 c/c PT 10/92";"Art. 681, I do RICMS/02 e Port. 263/2023";"Viva Schin Cola"
22021000;0301002;;19;S;"Bebidas frias";"RICMS/SE - Decreto 21.400/2002 c/c PT 10/92";"Art. 681, I do RICMS/02 e Port. 263/2023";"Viva Schin Sabores"
22029900;0301002;;19;S;"Bebidas frias";"RICMS/SE - Decreto 21.400/2002 c/c PT 10/92";"Art. 681, I do RICMS/02 e Port. 263/2023";"Viva Schin Sabores"
22021000;0301002;;19;S;"Bebidas frias";"RICMS/SE - Decreto 21.400/2002 c/c PT 10/92";"Art. 681, I do RICMS/02 e Port. 263/2023";"Wewi (todos)"
22029900;0301002;;19;S;"Bebidas frias";"RICMS/SE - Decreto 21.400/2002 c/c PT 10/92";"Art. 681, I do RICMS/02 e Port. 263/2023";"Wewi (todos)"
22021000;0301002;;19;S;"Bebidas frias";"RICMS/SE - Decreto 21.400/2002 c/c PT 10/92";"Art. 681, I do RICMS/02 e Port. 263/2023";"Outros"
22029900;0301002;;19;S;"Bebidas frias";"RICMS/SE - Decreto 21.400/2002 c/c PT 10/92";"Art. 681, I do RICMS/02 e Port. 263/2023";"Outros"
22021000;0301000;;19;S;"Bebidas frias";"RICMS/SE - Decreto 21.400/2002 c/c PT 10/92";"Art. 681, I do RICMS/02 e Port. 263/2023";"Classic"
22029900;0301000;;19;S;"Bebidas frias";"RICMS/SE - Decreto 21.400/2002 c/c PT 10/92";"Art. 681, I do RICMS/02 e Port. 263/2023";"Classic"
2202;0301000;;19;S;"Bebidas frias";"RICMS/SE - Decreto 21.400/2002 c/c PT 10/92";"Art. 681, I do RICMS/02 e Port. 263/2023";"Classic"
22021000;0301000;;19;S;"Bebidas frias";"RICMS/SE - Decreto 21.400/2002 c/c PT 10/92";"Art. 681, I do RICMS/02 e Port. 263/2023";"Club Soda"
22029900;0301000;;19;S;"Bebidas frias";"RICMS/SE - Decreto 21.400/2002 c/c PT 10/92";"Art. 681, I do RICMS/02 e Port. 263/2023";"Club Soda"
2202;0301000;;19;S;"Bebidas frias";"RICMS/SE - Decreto 21.400/2002 c/c PT 10/92";"Art. 681, I do RICMS/02 e Port. 263/2023";"Club Soda"
22021000;0301000;;19;S;"Bebidas frias";"RICMS/SE - Decreto 21.400/2002 c/c PT 10/92";"Art. 681, I do RICMS/02 e Port. 263/2023";"Club Soda Classic"
22029900;0301000;;19;S;"Bebidas frias";"RICMS/SE - Decreto 21.400/2002 c/c PT 10/92";"Art. 681, I do RICMS/02 e Port. 263/2023";"Club Soda Classic"
2202;0301000;;19;S;"Bebidas frias";"RICMS/SE - Decreto 21.400/2002 c/c PT 10/92";"Art. 681, I do RICMS/02 e Port. 263/2023";"Club Soda Classic"
22021000;0301000;;19;S;"Bebidas frias";"RICMS/SE - Decreto 21.400/2002 c/c PT 10/92";"Art. 681, I do RICMS/02 e Port. 263/2023";"Wewi Tônica Clássica Zero"
22029900;0301000;;19;S;"Bebidas frias";"RICMS/SE - Decreto 21.400/2002 c/c PT 10/92";"Art. 681, I do RICMS/02 e Port. 263/2023";"Wewi Tônica Clássica Zero"
2202;0301000;;19;S;"Bebidas frias";"RICMS/SE - Decreto 21.400/2002 c/c PT 10/92";"Art. 681, I do RICMS/02 e Port. 263/2023";"Wewi Tônica Clássica Zero"
22021000;0301000;;19;S;"Bebidas frias";"RICMS/SE - Decreto 21.400/2002 c/c PT 10/92";"Art. 681, I do RICMS/02 e Port. 263/2023";"Wewi Tônica Clássica Rose Zero"
22029900;0301000;;19;S;"Bebidas frias";"RICMS/SE - Decreto 21.400/2002 c/c PT 10/92";"Art. 681, I do RICMS/02 e Port. 263/2023";"Wewi Tônica Clássica Rose Zero"
2202;0301000;;19;S;"Bebidas frias";"RICMS/SE - Decreto 21.400/2002 c/c PT 10/92";"Art. 681, I do RICMS/02 e Port. 263/2023";"Wewi Tônica Clássica Rose Zero"
22021000;0301000;;19;S;"Bebidas frias";"RICMS/SE - Decreto 21.400/2002 c/c PT 10/92";"Art. 681, I do RICMS/02 e Port. 263/2023";"Wewi Tônica Sabores"
22029900;0301000;;19;S;"Bebidas frias";"RICMS/SE - Decreto 21.400/2002 c/c PT 10/92";"Art. 681, I do RICMS/02 e Port. 263/2023";"Wewi Tônica Sabores"
2202;0301000;;19;S;"Bebidas frias";"RICMS/SE - Decreto 21.400/2002 c/c PT 10/92";"Art. 681, I do RICMS/02 e Port. 263/2023";"Wewi Tônica Sabores"
22021000;0301000;;19;S;"Bebidas frias";"RICMS/SE - Decreto 21.400/2002 c/c PT 10/92";"Art. 681, I do RICMS/02 e Port. 263/2023";"Outras"
22029900;0301000;;19;S;"Bebidas frias";"RICMS/SE - Decreto 21.400/2002 c/c PT 10/92";"Art. 681, I do RICMS/02 e Port. 263/2023";"Outras"
2202;0301000;;19;S;"Bebidas frias";"RICMS/SE - Decreto 21.400/2002 c/c PT 10/92";"Art. 681, I do RICMS/02 e Port. 263/2023";"Outras"
22021000;0301000;;19;S;"Bebidas frias";"RICMS/SE - Decreto 21.400/2002 c/c PT 10/92";"Art. 681, I do RICMS/02 e Port. 263/2023";"Todas"
22029900;0301000;;19;S;"Bebidas frias";"RICMS/SE - Decreto 21.400/2002 c/c PT 10/92";"Art. 681, I do RICMS/02 e Port. 263/2023";"Todas"
2202;0301000;;19;S;"Bebidas frias";"RICMS/SE - Decreto 21.400/2002 c/c PT 10/92";"Art. 681, I do RICMS/02 e Port. 263/2023";"Todas"
22021000;0301002;;19;S;"Bebidas frias";"RICMS/SE - Decreto 21.400/2002 c/c PT 10/92";"Art. 681, I do RICMS/02 e Port. 263/2023";"Tônica Antarctica"
22029900;0301002;;19;S;"Bebidas frias";"RICMS/SE - Decreto 21.400/2002 c/c PT 10/92";"Art. 681, I do RICMS/02 e Port. 263/2023";"Tônica Antarctica"
22021000;0301002;;19;S;"Bebidas frias";"RICMS/SE - Decreto 21.400/2002 c/c PT 10/92";"Art. 681, I do RICMS/02 e Port. 263/2023";"Tônica Clássica Orgânica Wewi"
22029900;0301002;;19;S;"Bebidas frias";"RICMS/SE - Decreto 21.400/2002 c/c PT 10/92";"Art. 681, I do RICMS/02 e Port. 263/2023";"Tônica Clássica Orgânica Wewi"
22021000;0301002;;19;S;"Bebidas frias";"RICMS/SE - Decreto 21.400/2002 c/c PT 10/92";"Art. 681, I do RICMS/02 e Port. 263/2023";"Tônica Clássica Orgânica Zero Wewi"
22029900;0301002;;19;S;"Bebidas frias";"RICMS/SE - Decreto 21.400/2002 c/c PT 10/92";"Art. 681, I do RICMS/02 e Port. 263/2023";"Tônica Clássica Orgânica Zero Wewi"
22021000;0301002;;19;S;"Bebidas frias";"RICMS/SE - Decreto 21.400/2002 c/c PT 10/92";"Art. 681, I do RICMS/02 e Port. 263/2023";"Tônica Rose Organica Wewi"
22029900;0301002;;19;S;"Bebidas frias";"RICMS/SE - Decreto 21.400/2002 c/c PT 10/92";"Art. 681, I do RICMS/02 e Port. 263/2023";"Tônica Rose Organica Wewi"
22021000;0301002;;19;S;"Bebidas frias";"RICMS/SE - Decreto 21.400/2002 c/c PT 10/92";"Art. 681, I do RICMS/02 e Port. 263/2023";"Tônica Rose Organica Zero Wewi"
22029900;0301002;;19;S;"Bebidas frias";"RICMS/SE - Decreto 21.400/2002 c/c PT 10/92";"Art. 681, I do RICMS/02 e Port. 263/2023";"Tônica Rose Organica Zero Wewi"
22021000;0301002;;19;S;"Bebidas frias";"RICMS/SE - Decreto 21.400/2002 c/c PT 10/92";"Art. 681, I do RICMS/02 e Port. 263/2023";"Outras"
22029900;0301002;;19;S;"Bebidas frias";"RICMS/SE - Decreto 21.400/2002 c/c PT 10/92";"Art. 681, I do RICMS/02 e Port. 263/2023";"Outras"
22021000;0301002;;19;S;"Bebidas frias";"RICMS/SE - Decreto 21.400/2002 c/c PT 10/92";"Art. 681, I do RICMS/02 e Port. 263/2023";"Cidade Imperial"
22029900;0301002;;19;S;"Bebidas frias";"RICMS/SE - Decreto 21.400/2002 c/c PT 10/92";"Art. 681, I do RICMS/02 e Port. 263/2023";"Cidade Imperial"
22021000;0301002;;19;S;"Bebidas frias";"RICMS/SE - Decreto 21.400/2002 c/c PT 10/92";"Art. 681, I do RICMS/02 e Port. 263/2023";"Cidade Imperial Zero Açúcares"
22029900;0301002;;19;S;"Bebidas frias";"RICMS/SE - Decreto 21.400/2002 c/c PT 10/92";"Art. 681, I do RICMS/02 e Port. 263/2023";"Cidade Imperial Zero Açúcares"
22021000;0301002;;19;S;"Bebidas frias";"RICMS/SE - Decreto 21.400/2002 c/c PT 10/92";"Art. 681, I do RICMS/02 e Port. 263/2023";"Classic"
22029900;0301002;;19;S;"Bebidas frias";"RICMS/SE - Decreto 21.400/2002 c/c PT 10/92";"Art. 681, I do RICMS/02 e Port. 263/2023";"Classic"
22021000;0301002;;19;S;"Bebidas frias";"RICMS/SE - Decreto 21.400/2002 c/c PT 10/92";"Art. 681, I do RICMS/02 e Port. 263/2023";"Club Soda"
22029900;0301002;;19;S;"Bebidas frias";"RICMS/SE - Decreto 21.400/2002 c/c PT 10/92";"Art. 681, I do RICMS/02 e Port. 263/2023";"Club Soda"
22021000;0301002;;19;S;"Bebidas frias";"RICMS/SE - Decreto 21.400/2002 c/c PT 10/92";"Art. 681, I do RICMS/02 e Port. 263/2023";"Club Soda Classic"
22029900;0301002;;19;S;"Bebidas frias";"RICMS/SE - Decreto 21.400/2002 c/c PT 10/92";"Art. 681, I do RICMS/02 e Port. 263/2023";"Club Soda Classic"
22021000;0301002;;19;S;"Bebidas frias";"RICMS/SE - Decreto 21.400/2002 c/c PT 10/92";"Art. 681, I do RICMS/02 e Port. 263/2023";"FYS Tônica"
22029900;0301002;;19;S;"Bebidas frias";"RICMS/SE - Decreto 21.400/2002 c/c PT 10/92";"Art. 681, I do RICMS/02 e Port. 263/2023";"FYS Tônica"
22021000;0301002;;19;S;"Bebidas frias";"RICMS/SE - Decreto 21.400/2002 c/c PT 10/92";"Art. 681, I do RICMS/02 e Port. 263/2023";"Petra Água tônica"
22029900;0301002;;19;S;"Bebidas frias";"RICMS/SE - Decreto 21.400/2002 c/c PT 10/92";"Art. 681, I do RICMS/02 e Port. 263/2023";"Petra Água tônica"
22021000;0301002;;19;S;"Bebidas frias";"RICMS/SE - Decreto 21.400/2002 c/c PT 10/92";"Art. 681, I do RICMS/02 e Port. 263/2023";"Petra Água Tônica Zero Açúcar"
22029900;0301002;;19;S;"Bebidas frias";"RICMS/SE - Decreto 21.400/2002 c/c PT 10/92";"Art. 681, I do RICMS/02 e Port. 263/2023";"Petra Água Tônica Zero Açúcar"
22021000;0301002;;19;S;"Bebidas frias";"RICMS/SE - Decreto 21.400/2002 c/c PT 10/92";"Art. 681, I do RICMS/02 e Port. 263/2023";"Schweppes (todas)"
22029900;0301002;;19;S;"Bebidas frias";"RICMS/SE - Decreto 21.400/2002 c/c PT 10/92";"Art. 681, I do RICMS/02 e Port. 263/2023";"Schweppes (todas)"
22021000;0301002;;19;S;"Bebidas frias";"RICMS/SE - Decreto 21.400/2002 c/c PT 10/92";"Art. 681, I do RICMS/02 e Port. 263/2023";"Tônica Antarctica (todas)"
22029900;0301002;;19;S;"Bebidas frias";"RICMS/SE - Decreto 21.400/2002 c/c PT 10/92";"Art. 681, I do RICMS/02 e Port. 263/2023";"Tônica Antarctica (todas)"
22021000;0301002;;19;S;"Bebidas frias";"RICMS/SE - Decreto 21.400/2002 c/c PT 10/92";"Art. 681, I do RICMS/02 e Port. 263/2023";"Tônica Citrus"
22029900;0301002;;19;S;"Bebidas frias";"RICMS/SE - Decreto 21.400/2002 c/c PT 10/92";"Art. 681, I do RICMS/02 e Port. 263/2023";"Tônica Citrus"
22021000;0301002;;19;S;"Bebidas frias";"RICMS/SE - Decreto 21.400/2002 c/c PT 10/92";"Art. 681, I do RICMS/02 e Port. 263/2023";"Tônica Schin"
22029900;0301002;;19;S;"Bebidas frias";"RICMS/SE - Decreto 21.400/2002 c/c PT 10/92";"Art. 681, I do RICMS/02 e Port. 263/2023";"Tônica Schin"
22021000;0301002;;19;S;"Bebidas frias";"RICMS/SE - Decreto 21.400/2002 c/c PT 10/92";"Art. 681, I do RICMS/02 e Port. 263/2023";"Outras"
22029900;0301002;;19;S;"Bebidas frias";"RICMS/SE - Decreto 21.400/2002 c/c PT 10/92";"Art. 681, I do RICMS/02 e Port. 263/2023";"Outras"
22021000;0301100;;19;S;"Bebidas frias";"RICMS/SE - Decreto 21.400/2002 c/c PT 10/92";"Art. 681, I do RICMS/02 e Port. 263/2023";"Citrus Classic 1000 ml"
22029900;0301100;;19;S;"Bebidas frias";"RICMS/SE - Decreto 21.400/2002 c/c PT 10/92";"Art. 681, I do RICMS/02 e Port. 263/2023";"Citrus Classic 1000 ml"
2202;0301100;;19;S;"Bebidas frias";"RICMS/SE - Decreto 21.400/2002 c/c PT 10/92";"Art. 681, I do RICMS/02 e Port. 263/2023";"Citrus Classic 1000 ml"
22021000;0301100;;19;S;"Bebidas frias";"RICMS/SE - Decreto 21.400/2002 c/c PT 10/92";"Art. 681, I do RICMS/02 e Port. 263/2023";"Citrus Classic 1500 ml"
22029900;0301100;;19;S;"Bebidas frias";"RICMS/SE - Decreto 21.400/2002 c/c PT 10/92";"Art. 681, I do RICMS/02 e Port. 263/2023";"Citrus Classic 1500 ml"
2202;0301100;;19;S;"Bebidas frias";"RICMS/SE - Decreto 21.400/2002 c/c PT 10/92";"Art. 681, I do RICMS/02 e Port. 263/2023";"Citrus Classic 1500 ml"
22021000;0301100;;19;S;"Bebidas frias";"RICMS/SE - Decreto 21.400/2002 c/c PT 10/92";"Art. 681, I do RICMS/02 e Port. 263/2023";"Schweppes citrus PET 1500 ml"
22029900;0301100;;19;S;"Bebidas frias";"RICMS/SE - Decreto 21.400/2002 c/c PT 10/92";"Art. 681, I do RICMS/02 e Port. 263/2023";"Schweppes citrus PET 1500 ml"
2202;0301100;;19;S;"Bebidas frias";"RICMS/SE - Decreto 21.400/2002 c/c PT 10/92";"Art. 681, I do RICMS/02 e Port. 263/2023";"Schweppes citrus PET 1500 ml"
22021000;0301100;;19;S;"Bebidas frias";"RICMS/SE - Decreto 21.400/2002 c/c PT 10/92";"Art. 681, I do RICMS/02 e Port. 263/2023";"Tônica Antarctica 1000 ml"
22029900;0301100;;19;S;"Bebidas frias";"RICMS/SE - Decreto 21.400/2002 c/c PT 10/92";"Art. 681, I do RICMS/02 e Port. 263/2023";"Tônica Antarctica 1000 ml"
2202;0301100;;19;S;"Bebidas frias";"RICMS/SE - Decreto 21.400/2002 c/c PT 10/92";"Art. 681, I do RICMS/02 e Port. 263/2023";"Tônica Antarctica 1000 ml"
22021000;0301100;;19;S;"Bebidas frias";"RICMS/SE - Decreto 21.400/2002 c/c PT 10/92";"Art. 681, I do RICMS/02 e Port. 263/2023";"Tônica Classic 1000 ml"
22029900;0301100;;19;S;"Bebidas frias";"RICMS/SE - Decreto 21.400/2002 c/c PT 10/92";"Art. 681, I do RICMS/02 e Port. 263/2023";"Tônica Classic 1000 ml"
2202;0301100;;19;S;"Bebidas frias";"RICMS/SE - Decreto 21.400/2002 c/c PT 10/92";"Art. 681, I do RICMS/02 e Port. 263/2023";"Tônica Classic 1000 ml"
22021000;0301100;;19;S;"Bebidas frias";"RICMS/SE - Decreto 21.400/2002 c/c PT 10/92";"Art. 681, I do RICMS/02 e Port. 263/2023";"Outros 1000 ml"
22029900;0301100;;19;S;"Bebidas frias";"RICMS/SE - Decreto 21.400/2002 c/c PT 10/92";"Art. 681, I do RICMS/02 e Port. 263/2023";"Outros 1000 ml"
2202;0301100;;19;S;"Bebidas frias";"RICMS/SE - Decreto 21.400/2002 c/c PT 10/92";"Art. 681, I do RICMS/02 e Port. 263/2023";"Outros 1000 ml"
22021000;0301100;;19;S;"Bebidas frias";"RICMS/SE - Decreto 21.400/2002 c/c PT 10/92";"Art. 681, I do RICMS/02 e Port. 263/2023";"Outros 1500 ml"
22029900;0301100;;19;S;"Bebidas frias";"RICMS/SE - Decreto 21.400/2002 c/c PT 10/92";"Art. 681, I do RICMS/02 e Port. 263/2023";"Outros 1500 ml"
2202;0301100;;19;S;"Bebidas frias";"RICMS/SE - Decreto 21.400/2002 c/c PT 10/92";"Art. 681, I do RICMS/02 e Port. 263/2023";"Outros 1500 ml"
21069010;0301200;;19;S;"Bebidas frias";"RICMS/SE - Decreto 21.400/2002 c/c PT 10/92";"Art. 681, I do RICMS/02 e Port. 263/2023";"Todos"
210690;0301300;;19;S;"Bebidas frias";"RICMS/SE - Decreto 21.400/2002 c/c PT 10/92";"Art. 681, I do RICMS/02 e Port. 263/2023";"220 Volts Lata 250 ml"
22029900;0301300;;19;S;"Bebidas frias";"RICMS/SE - Decreto 21.400/2002 c/c PT 10/92";"Art. 681, I do RICMS/02 e Port. 263/2023";"220 Volts Lata 250 ml"
210690;0301300;;19;S;"Bebidas frias";"RICMS/SE - Decreto 21.400/2002 c/c PT 10/92";"Art. 681, I do RICMS/02 e Port. 263/2023";"220 Volts Lata 473 ml"
22029900;0301300;;19;S;"Bebidas frias";"RICMS/SE - Decreto 21.400/2002 c/c PT 10/92";"Art. 681, I do RICMS/02 e Port. 263/2023";"220 Volts Lata 473 ml"
210690;0301300;;19;S;"Bebidas frias";"RICMS/SE - Decreto 21.400/2002 c/c PT 10/92";"Art. 681, I do RICMS/02 e Port. 263/2023";"Adrenalima lata 250 ml"
22029900;0301300;;19;S;"Bebidas frias";"RICMS/SE - Decreto 21.400/2002 c/c PT 10/92";"Art. 681, I do RICMS/02 e Port. 263/2023";"Adrenalima lata 250 ml"
210690;0301300;;19;S;"Bebidas frias";"RICMS/SE - Decreto 21.400/2002 c/c PT 10/92";"Art. 681, I do RICMS/02 e Port. 263/2023";"Bad Boy Lata de 269 ml"
22029900;0301300;;19;S;"Bebidas frias";"RICMS/SE - Decreto 21.400/2002 c/c PT 10/92";"Art. 681, I do RICMS/02 e Port. 263/2023";"Bad Boy Lata de 269 ml"
210690;0301300;;19;S;"Bebidas frias";"RICMS/SE - Decreto 21.400/2002 c/c PT 10/92";"Art. 681, I do RICMS/02 e Port. 263/2023";"Bad Wolf Lata 269 ml"
22029900;0301300;;19;S;"Bebidas frias";"RICMS/SE - Decreto 21.400/2002 c/c PT 10/92";"Art. 681, I do RICMS/02 e Port. 263/2023";"Bad Wolf Lata 269 ml"
210690;0301300;;19;S;"Bebidas frias";"RICMS/SE - Decreto 21.400/2002 c/c PT 10/92";"Art. 681, I do RICMS/02 e Port. 263/2023";"Bad Wolf Lata PET 270 ml"
22029900;0301300;;19;S;"Bebidas frias";"RICMS/SE - Decreto 21.400/2002 c/c PT 10/92";"Art. 681, I do RICMS/02 e Port. 263/2023";"Bad Wolf Lata PET 270 ml"
210690;0301300;;19;S;"Bebidas frias";"RICMS/SE - Decreto 21.400/2002 c/c PT 10/92";"Art. 681, I do RICMS/02 e Port. 263/2023";"Baly Lata (todos) 250 ml"
22029900;0301300;;19;S;"Bebidas frias";"RICMS/SE - Decreto 21.400/2002 c/c PT 10/92";"Art. 681, I do RICMS/02 e Port. 263/2023";"Baly Lata (todos) 250 ml"
210690;0301301;;19;S;"Bebidas frias";"RICMS/SE - Decreto 21.400/2002 c/c PT 10/92";"Art. 681, I do RICMS/02 e Port. 263/2023";"Baly Pet (todos) 250 ml"
22029900;0301301;;19;S;"Bebidas frias";"RICMS/SE - Decreto 21.400/2002 c/c PT 10/92";"Art. 681, I do RICMS/02 e Port. 263/2023";"Baly Pet (todos) 250 ml"
210690;0301300;;19;S;"Bebidas frias";"RICMS/SE - Decreto 21.400/2002 c/c PT 10/92";"Art. 681, I do RICMS/02 e Port. 263/2023";"Baly Lata (todos) 473 ml"
22029900;0301300;;19;S;"Bebidas frias";"RICMS/SE - Decreto 21.400/2002 c/c PT 10/92";"Art. 681, I do RICMS/02 e Port. 263/2023";"Baly Lata (todos) 473 ml"
210690;0301300;;19;S;"Bebidas frias";"RICMS/SE - Decreto 21.400/2002 c/c PT 10/92";"Art. 681, I do RICMS/02 e Port. 263/2023";"Big Extra Power Energy Lata 473 ml"
22029900;0301300;;19;S;"Bebidas frias";"RICMS/SE - Decreto 21.400/2002 c/c PT 10/92";"Art. 681, I do RICMS/02 e Port. 263/2023";"Big Extra Power Energy Lata 473 ml"
210690;0301300;;19;S;"Bebidas frias";"RICMS/SE - Decreto 21.400/2002 c/c PT 10/92";"Art. 681, I do RICMS/02 e Port. 263/2023";"Big Power Lata 269 ml"
22029900;0301300;;19;S;"Bebidas frias";"RICMS/SE - Decreto 21.400/2002 c/c PT 10/92";"Art. 681, I do RICMS/02 e Port. 263/2023";"Big Power Lata 269 ml"
210690;0301300;;19;S;"Bebidas frias";"RICMS/SE - Decreto 21.400/2002 c/c PT 10/92";"Art. 681, I do RICMS/02 e Port. 263/2023";"Big Power PET 600 ml"
22029900;0301300;;19;S;"Bebidas frias";"RICMS/SE - Decreto 21.400/2002 c/c PT 10/92";"Art. 681, I do RICMS/02 e Port. 263/2023";"Big Power PET 600 ml"
210690;0301300;;19;S;"Bebidas frias";"RICMS/SE - Decreto 21.400/2002 c/c PT 10/92";"Art. 681, I do RICMS/02 e Port. 263/2023";"Bivolt Power Lata 250 ml"
22029900;0301300;;19;S;"Bebidas frias";"RICMS/SE - Decreto 21.400/2002 c/c PT 10/92";"Art. 681, I do RICMS/02 e Port. 263/2023";"Bivolt Power Lata 250 ml"
210690;0301300;;19;S;"Bebidas frias";"RICMS/SE - Decreto 21.400/2002 c/c PT 10/92";"Art. 681, I do RICMS/02 e Port. 263/2023";"Bivolt Gold Lata de 269 ml"
22029900;0301300;;19;S;"Bebidas frias";"RICMS/SE - Decreto 21.400/2002 c/c PT 10/92";"Art. 681, I do RICMS/02 e Port. 263/2023";"Bivolt Gold Lata de 269 ml"
210690;0301301;;19;S;"Bebidas frias";"RICMS/SE - Decreto 21.400/2002 c/c PT 10/92";"Art. 681, I do RICMS/02 e Port. 263/2023";"Bivolt Power Pet 250 ml"
22029900;0301301;;19;S;"Bebidas frias";"RICMS/SE - Decreto 21.400/2002 c/c PT 10/92";"Art. 681, I do RICMS/02 e Port. 263/2023";"Bivolt Power Pet 250 ml"
210690;0301300;;19;S;"Bebidas frias";"RICMS/SE - Decreto 21.400/2002 c/c PT 10/92";"Art. 681, I do RICMS/02 e Port. 263/2023";"Blade Energy Original/Tropical Lata 269 ml"
22029900;0301300;;19;S;"Bebidas frias";"RICMS/SE - Decreto 21.400/2002 c/c PT 10/92";"Art. 681, I do RICMS/02 e Port. 263/2023";"Blade Energy Original/Tropical Lata 269 ml"
210690;0301300;;19;S;"Bebidas frias";"RICMS/SE - Decreto 21.400/2002 c/c PT 10/92";"Art. 681, I do RICMS/02 e Port. 263/2023";"Bolt Energy Drink Lata 269 ml"
22029900;0301300;;19;S;"Bebidas frias";"RICMS/SE - Decreto 21.400/2002 c/c PT 10/92";"Art. 681, I do RICMS/02 e Port. 263/2023";"Bolt Energy Drink Lata 269 ml"
210690;0301301;;19;S;"Bebidas frias";"RICMS/SE - Decreto 21.400/2002 c/c PT 10/92";"Art. 681, I do RICMS/02 e Port. 263/2023";"Bug Energy Drink Pet 250 ml"
22029900;0301301;;19;S;"Bebidas frias";"RICMS/SE - Decreto 21.400/2002 c/c PT 10/92";"Art. 681, I do RICMS/02 e Port. 263/2023";"Bug Energy Drink Pet 250 ml"
210690;0301301;;19;S;"Bebidas frias";"RICMS/SE - Decreto 21.400/2002 c/c PT 10/92";"Art. 681, I do RICMS/02 e Port. 263/2023";"Bug Energy Drink Pet 500 ml"
22029900;0301301;;19;S;"Bebidas frias";"RICMS/SE - Decreto 21.400/2002 c/c PT 10/92";"Art. 681, I do RICMS/02 e Port. 263/2023";"Bug Energy Drink Pet 500 ml"
210690;0301300;;19;S;"Bebidas frias";"RICMS/SE - Decreto 21.400/2002 c/c PT 10/92";"Art. 681, I do RICMS/02 e Port. 263/2023";"Burn Lata/Garrafa 260 ml"
22029900;0301300;;19;S;"Bebidas frias";"RICMS/SE - Decreto 21.400/2002 c/c PT 10/92";"Art. 681, I do RICMS/02 e Port. 263/2023";"Burn Lata/Garrafa 260 ml"
210690;0301300;;19;S;"Bebidas frias";"RICMS/SE - Decreto 21.400/2002 c/c PT 10/92";"Art. 681, I do RICMS/02 e Port. 263/2023";"Burn Lata/Garrafa 473 ml"
22029900;0301300;;19;S;"Bebidas frias";"RICMS/SE - Decreto 21.400/2002 c/c PT 10/92";"Art. 681, I do RICMS/02 e Port. 263/2023";"Burn Lata/Garrafa 473 ml"
210690;0301300;;19;S;"Bebidas frias";"RICMS/SE - Decreto 21.400/2002 c/c PT 10/92";"Art. 681, I do RICMS/02 e Port. 263/2023";"Cerpa Amazon Power Lata 269 ml"
22029900;0301300;;19;S;"Bebidas frias";"RICMS/SE - Decreto 21.400/2002 c/c PT 10/92";"Art. 681, I do RICMS/02 e Port. 263/2023";"Cerpa Amazon Power Lata 269 ml"
210690;0301300;;19;S;"Bebidas frias";"RICMS/SE - Decreto 21.400/2002 c/c PT 10/92";"Art. 681, I do RICMS/02 e Port. 263/2023";"Coca-Cola Energy Sleek Lata 310 ml"
22029900;0301300;;19;S;"Bebidas frias";"RICMS/SE - Decreto 21.400/2002 c/c PT 10/92";"Art. 681, I do RICMS/02 e Port. 263/2023";"Coca-Cola Energy Sleek Lata 310 ml"
210690;0301300;;19;S;"Bebidas frias";"RICMS/SE - Decreto 21.400/2002 c/c PT 10/92";"Art. 681, I do RICMS/02 e Port. 263/2023";"Dopamina Energy Drink Lata 269ml (todos)"
22029900;0301300;;19;S;"Bebidas frias";"RICMS/SE - Decreto 21.400/2002 c/c PT 10/92";"Art. 681, I do RICMS/02 e Port. 263/2023";"Dopamina Energy Drink Lata 269ml (todos)"
210690;0301300;;19;S;"Bebidas frias";"RICMS/SE - Decreto 21.400/2002 c/c PT 10/92";"Art. 681, I do RICMS/02 e Port. 263/2023";"Dr UP Lata 269 ml"
22029900;0301300;;19;S;"Bebidas frias";"RICMS/SE - Decreto 21.400/2002 c/c PT 10/92";"Art. 681, I do RICMS/02 e Port. 263/2023";"Dr UP Lata 269 ml"
210690;0301300;;19;S;"Bebidas frias";"RICMS/SE - Decreto 21.400/2002 c/c PT 10/92";"Art. 681, I do RICMS/02 e Port. 263/2023";"Dub Life Pet 250 ml"
22029900;0301300;;19;S;"Bebidas frias";"RICMS/SE - Decreto 21.400/2002 c/c PT 10/92";"Art. 681, I do RICMS/02 e Port. 263/2023";"Dub Life Pet 250 ml"
210690;0301301;;19;S;"Bebidas frias";"RICMS/SE - Decreto 21.400/2002 c/c PT 10/92";"Art. 681, I do RICMS/02 e Port. 263/2023";"Dub Life Pet 330 ml"
22029900;0301301;;19;S;"Bebidas frias";"RICMS/SE - Decreto 21.400/2002 c/c PT 10/92";"Art. 681, I do RICMS/02 e Port. 263/2023";"Dub Life Pet 330 ml"
210690;0301300;;19;S;"Bebidas frias";"RICMS/SE - Decreto 21.400/2002 c/c PT 10/92";"Art. 681, I do RICMS/02 e Port. 263/2023";"El Loco (sabores) Lata 473 ml"
22029900;0301300;;19;S;"Bebidas frias";"RICMS/SE - Decreto 21.400/2002 c/c PT 10/92";"Art. 681, I do RICMS/02 e Port. 263/2023";"El Loco (sabores) Lata 473 ml"
210690;0301300;;19;S;"Bebidas frias";"RICMS/SE - Decreto 21.400/2002 c/c PT 10/92";"Art. 681, I do RICMS/02 e Port. 263/2023";"Eléctron 330 ml"
22029900;0301300;;19;S;"Bebidas frias";"RICMS/SE - Decreto 21.400/2002 c/c PT 10/92";"Art. 681, I do RICMS/02 e Port. 263/2023";"Eléctron 330 ml"
210690;0301300;;19;S;"Bebidas frias";"RICMS/SE - Decreto 21.400/2002 c/c PT 10/92";"Art. 681, I do RICMS/02 e Port. 263/2023";"Ener Up Lata 269 ml"
22029900;0301300;;19;S;"Bebidas frias";"RICMS/SE - Decreto 21.400/2002 c/c PT 10/92";"Art. 681, I do RICMS/02 e Port. 263/2023";"Ener Up Lata 269 ml"
210690;0301300;;19;S;"Bebidas frias";"RICMS/SE - Decreto 21.400/2002 c/c PT 10/92";"Art. 681, I do RICMS/02 e Port. 263/2023";"Ener Up Lata 473 ml"
22029900;0301300;;19;S;"Bebidas frias";"RICMS/SE - Decreto 21.400/2002 c/c PT 10/92";"Art. 681, I do RICMS/02 e Port. 263/2023";"Ener Up Lata 473 ml"
210690;0301301;;19;S;"Bebidas frias";"RICMS/SE - Decreto 21.400/2002 c/c PT 10/92";"Art. 681, I do RICMS/02 e Port. 263/2023";"Ener Up Pet 250 ml"
22029900;0301301;;19;S;"Bebidas frias";"RICMS/SE - Decreto 21.400/2002 c/c PT 10/92";"Art. 681, I do RICMS/02 e Port. 263/2023";"Ener Up Pet 250 ml"
210690;0301301;;19;S;"Bebidas frias";"RICMS/SE - Decreto 21.400/2002 c/c PT 10/92";"Art. 681, I do RICMS/02 e Port. 263/2023";"Ener Up Pet 500 ml"
22029900;0301301;;19;S;"Bebidas frias";"RICMS/SE - Decreto 21.400/2002 c/c PT 10/92";"Art. 681, I do RICMS/02 e Port. 263/2023";"Ener Up Pet 500 ml"
210690;0301300;;19;S;"Bebidas frias";"RICMS/SE - Decreto 21.400/2002 c/c PT 10/92";"Art. 681, I do RICMS/02 e Port. 263/2023";"Fire Butterfly Lata 250 ml"
22029900;0301300;;19;S;"Bebidas frias";"RICMS/SE - Decreto 21.400/2002 c/c PT 10/92";"Art. 681, I do RICMS/02 e Port. 263/2023";"Fire Butterfly Lata 250 ml"
210690;0301300;;19;S;"Bebidas frias";"RICMS/SE - Decreto 21.400/2002 c/c PT 10/92";"Art. 681, I do RICMS/02 e Port. 263/2023";"Fire Faconetes 25 ml"
22029900;0301300;;19;S;"Bebidas frias";"RICMS/SE - Decreto 21.400/2002 c/c PT 10/92";"Art. 681, I do RICMS/02 e Port. 263/2023";"Fire Faconetes 25 ml"
210690;0301300;;19;S;"Bebidas frias";"RICMS/SE - Decreto 21.400/2002 c/c PT 10/92";"Art. 681, I do RICMS/02 e Port. 263/2023";"Fire Lata 250 ml"
22029900;0301300;;19;S;"Bebidas frias";"RICMS/SE - Decreto 21.400/2002 c/c PT 10/92";"Art. 681, I do RICMS/02 e Port. 263/2023";"Fire Lata 250 ml"
210690;0301300;;19;S;"Bebidas frias";"RICMS/SE - Decreto 21.400/2002 c/c PT 10/92";"Art. 681, I do RICMS/02 e Port. 263/2023";"Fire Lata 310 ml"
22029900;0301300;;19;S;"Bebidas frias";"RICMS/SE - Decreto 21.400/2002 c/c PT 10/92";"Art. 681, I do RICMS/02 e Port. 263/2023";"Fire Lata 310 ml"
210690;0301300;;19;S;"Bebidas frias";"RICMS/SE - Decreto 21.400/2002 c/c PT 10/92";"Art. 681, I do RICMS/02 e Port. 263/2023";"Fire Lata 473 ml"
22029900;0301300;;19;S;"Bebidas frias";"RICMS/SE - Decreto 21.400/2002 c/c PT 10/92";"Art. 681, I do RICMS/02 e Port. 263/2023";"Fire Lata 473 ml"
210690;0301301;;19;S;"Bebidas frias";"RICMS/SE - Decreto 21.400/2002 c/c PT 10/92";"Art. 681, I do RICMS/02 e Port. 263/2023";"Fire Pet 250 ml"
22029900;0301301;;19;S;"Bebidas frias";"RICMS/SE - Decreto 21.400/2002 c/c PT 10/92";"Art. 681, I do RICMS/02 e Port. 263/2023";"Fire Pet 250 ml"
210690;0301300;;19;S;"Bebidas frias";"RICMS/SE - Decreto 21.400/2002 c/c PT 10/92";"Art. 681, I do RICMS/02 e Port. 263/2023";"Flying Horse Lata 270 ml"
22029900;0301300;;19;S;"Bebidas frias";"RICMS/SE - Decreto 21.400/2002 c/c PT 10/92";"Art. 681, I do RICMS/02 e Port. 263/2023";"Flying Horse Lata 270 ml"
210690;0301300;;19;S;"Bebidas frias";"RICMS/SE - Decreto 21.400/2002 c/c PT 10/92";"Art. 681, I do RICMS/02 e Port. 263/2023";"Flying Horse Lata 473 ml"
22029900;0301300;;19;S;"Bebidas frias";"RICMS/SE - Decreto 21.400/2002 c/c PT 10/92";"Art. 681, I do RICMS/02 e Port. 263/2023";"Flying Horse Lata 473 ml"
210690;0301300;;19;S;"Bebidas frias";"RICMS/SE - Decreto 21.400/2002 c/c PT 10/92";"Art. 681, I do RICMS/02 e Port. 263/2023";"Freepower EnergyDrink 500 ml"
22029900;0301300;;19;S;"Bebidas frias";"RICMS/SE - Decreto 21.400/2002 c/c PT 10/92";"Art. 681, I do RICMS/02 e Port. 263/2023";"Freepower EnergyDrink 500 ml"
210690;0301300;;19;S;"Bebidas frias";"RICMS/SE - Decreto 21.400/2002 c/c PT 10/92";"Art. 681, I do RICMS/02 e Port. 263/2023";"Freepower EnergyDrink 600 ml"
22029900;0301300;;19;S;"Bebidas frias";"RICMS/SE - Decreto 21.400/2002 c/c PT 10/92";"Art. 681, I do RICMS/02 e Port. 263/2023";"Freepower EnergyDrink 600 ml"
210690;0301300;;19;S;"Bebidas frias";"RICMS/SE - Decreto 21.400/2002 c/c PT 10/92";"Art. 681, I do RICMS/02 e Port. 263/2023";"Fuel Energy Drink 250 ml"
22029900;0301300;;19;S;"Bebidas frias";"RICMS/SE - Decreto 21.400/2002 c/c PT 10/92";"Art. 681, I do RICMS/02 e Port. 263/2023";"Fuel Energy Drink 250 ml"
210690;0301300;;19;S;"Bebidas frias";"RICMS/SE - Decreto 21.400/2002 c/c PT 10/92";"Art. 681, I do RICMS/02 e Port. 263/2023";"Full Energy Drink Lata 269 ml"
22029900;0301300;;19;S;"Bebidas frias";"RICMS/SE - Decreto 21.400/2002 c/c PT 10/92";"Art. 681, I do RICMS/02 e Port. 263/2023";"Full Energy Drink Lata 269 ml"
210690;0301300;;19;S;"Bebidas frias";"RICMS/SE - Decreto 21.400/2002 c/c PT 10/92";"Art. 681, I do RICMS/02 e Port. 263/2023";"Fusion 250 ml"
22029900;0301300;;19;S;"Bebidas frias";"RICMS/SE - Decreto 21.400/2002 c/c PT 10/92";"Art. 681, I do RICMS/02 e Port. 263/2023";"Fusion 250 ml"
210690;0301300;;19;S;"Bebidas frias";"RICMS/SE - Decreto 21.400/2002 c/c PT 10/92";"Art. 681, I do RICMS/02 e Port. 263/2023";"Fusion 500 ml"
22029900;0301300;;19;S;"Bebidas frias";"RICMS/SE - Decreto 21.400/2002 c/c PT 10/92";"Art. 681, I do RICMS/02 e Port. 263/2023";"Fusion 500 ml"
210690;0301300;;19;S;"Bebidas frias";"RICMS/SE - Decreto 21.400/2002 c/c PT 10/92";"Art. 681, I do RICMS/02 e Port. 263/2023";"Fusion Lata 473 ml"
22029900;0301300;;19;S;"Bebidas frias";"RICMS/SE - Decreto 21.400/2002 c/c PT 10/92";"Art. 681, I do RICMS/02 e Port. 263/2023";"Fusion Lata 473 ml"
210690;0301300;;19;S;"Bebidas frias";"RICMS/SE - Decreto 21.400/2002 c/c PT 10/92";"Art. 681, I do RICMS/02 e Port. 263/2023";"Hell Energy 250 ml"
22029900;0301300;;19;S;"Bebidas frias";"RICMS/SE - Decreto 21.400/2002 c/c PT 10/92";"Art. 681, I do RICMS/02 e Port. 263/2023";"Hell Energy 250 ml"
210690;0301300;;19;S;"Bebidas frias";"RICMS/SE - Decreto 21.400/2002 c/c PT 10/92";"Art. 681, I do RICMS/02 e Port. 263/2023";"Hiro Lata 250 ml"
22029900;0301300;;19;S;"Bebidas frias";"RICMS/SE - Decreto 21.400/2002 c/c PT 10/92";"Art. 681, I do RICMS/02 e Port. 263/2023";"Hiro Lata 250 ml"
210690;0301300;;19;S;"Bebidas frias";"RICMS/SE - Decreto 21.400/2002 c/c PT 10/92";"Art. 681, I do RICMS/02 e Port. 263/2023";"HP Lata 269 ml"
22029900;0301300;;19;S;"Bebidas frias";"RICMS/SE - Decreto 21.400/2002 c/c PT 10/92";"Art. 681, I do RICMS/02 e Port. 263/2023";"HP Lata 269 ml"
210690;0301300;;19;S;"Bebidas frias";"RICMS/SE - Decreto 21.400/2002 c/c PT 10/92";"Art. 681, I do RICMS/02 e Port. 263/2023";"HP Lata 340 ml"
22029900;0301300;;19;S;"Bebidas frias";"RICMS/SE - Decreto 21.400/2002 c/c PT 10/92";"Art. 681, I do RICMS/02 e Port. 263/2023";"HP Lata 340 ml"
210690;0301300;;19;S;"Bebidas frias";"RICMS/SE - Decreto 21.400/2002 c/c PT 10/92";"Art. 681, I do RICMS/02 e Port. 263/2023";"Hype MPF Original 250 ml"
22029900;0301300;;19;S;"Bebidas frias";"RICMS/SE - Decreto 21.400/2002 c/c PT 10/92";"Art. 681, I do RICMS/02 e Port. 263/2023";"Hype MPF Original 250 ml"
210690;0301300;;19;S;"Bebidas frias";"RICMS/SE - Decreto 21.400/2002 c/c PT 10/92";"Art. 681, I do RICMS/02 e Port. 263/2023";"Hype MPF Sem açúcar 250 ml"
22029900;0301300;;19;S;"Bebidas frias";"RICMS/SE - Decreto 21.400/2002 c/c PT 10/92";"Art. 681, I do RICMS/02 e Port. 263/2023";"Hype MPF Sem açúcar 250 ml"
210690;0301300;;19;S;"Bebidas frias";"RICMS/SE - Decreto 21.400/2002 c/c PT 10/92";"Art. 681, I do RICMS/02 e Port. 263/2023";"Hype MPF Tropical 250 ml"
22029900;0301300;;19;S;"Bebidas frias";"RICMS/SE - Decreto 21.400/2002 c/c PT 10/92";"Art. 681, I do RICMS/02 e Port. 263/2023";"Hype MPF Tropical 250 ml"
210690;0301300;;19;S;"Bebidas frias";"RICMS/SE - Decreto 21.400/2002 c/c PT 10/92";"Art. 681, I do RICMS/02 e Port. 263/2023";"Hype MPF Tropical Enlite 250 ml"
22029900;0301300;;19;S;"Bebidas frias";"RICMS/SE - Decreto 21.400/2002 c/c PT 10/92";"Art. 681, I do RICMS/02 e Port. 263/2023";"Hype MPF Tropical Enlite 250 ml"
210690;0301300;;19;S;"Bebidas frias";"RICMS/SE - Decreto 21.400/2002 c/c PT 10/92";"Art. 681, I do RICMS/02 e Port. 263/2023";"Hype MPF Tropical UP 250 ml"
22029900;0301300;;19;S;"Bebidas frias";"RICMS/SE - Decreto 21.400/2002 c/c PT 10/92";"Art. 681, I do RICMS/02 e Port. 263/2023";"Hype MPF Tropical UP 250 ml"
210690;0301300;;19;S;"Bebidas frias";"RICMS/SE - Decreto 21.400/2002 c/c PT 10/92";"Art. 681, I do RICMS/02 e Port. 263/2023";"Indaiá Night Power 269 ml"
22029900;0301300;;19;S;"Bebidas frias";"RICMS/SE - Decreto 21.400/2002 c/c PT 10/92";"Art. 681, I do RICMS/02 e Port. 263/2023";"Indaiá Night Power 269 ml"
210690;0301300;;19;S;"Bebidas frias";"RICMS/SE - Decreto 21.400/2002 c/c PT 10/92";"Art. 681, I do RICMS/02 e Port. 263/2023";"Infinity  Lata 265 ml"
22029900;0301300;;19;S;"Bebidas frias";"RICMS/SE - Decreto 21.400/2002 c/c PT 10/92";"Art. 681, I do RICMS/02 e Port. 263/2023";"Infinity  Lata 265 ml"
210690;0301301;;19;S;"Bebidas frias";"RICMS/SE - Decreto 21.400/2002 c/c PT 10/92";"Art. 681, I do RICMS/02 e Port. 263/2023";"Infinity Pet 330 ml"
22029900;0301301;;19;S;"Bebidas frias";"RICMS/SE - Decreto 21.400/2002 c/c PT 10/92";"Art. 681, I do RICMS/02 e Port. 263/2023";"Infinity Pet 330 ml"
210690;0301301;;19;S;"Bebidas frias";"RICMS/SE - Decreto 21.400/2002 c/c PT 10/92";"Art. 681, I do RICMS/02 e Port. 263/2023";"Infinity Frutas Tropicais Pet 269 ml"
22029900;0301301;;19;S;"Bebidas frias";"RICMS/SE - Decreto 21.400/2002 c/c PT 10/92";"Art. 681, I do RICMS/02 e Port. 263/2023";"Infinity Frutas Tropicais Pet 269 ml"
210690;0301301;;19;S;"Bebidas frias";"RICMS/SE - Decreto 21.400/2002 c/c PT 10/92";"Art. 681, I do RICMS/02 e Port. 263/2023";"Magik Energy Drink Lata 265 ml"
22029900;0301301;;19;S;"Bebidas frias";"RICMS/SE - Decreto 21.400/2002 c/c PT 10/92";"Art. 681, I do RICMS/02 e Port. 263/2023";"Magik Energy Drink Lata 265 ml"
210690;0301301;;19;S;"Bebidas frias";"RICMS/SE - Decreto 21.400/2002 c/c PT 10/92";"Art. 681, I do RICMS/02 e Port. 263/2023";"Magik Energy Drink Lata 26 ml"
22029900;0301301;;19;S;"Bebidas frias";"RICMS/SE - Decreto 21.400/2002 c/c PT 10/92";"Art. 681, I do RICMS/02 e Port. 263/2023";"Magik Energy Drink Lata 26 ml"
210690;0301300;;19;S;"Bebidas frias";"RICMS/SE - Decreto 21.400/2002 c/c PT 10/92";"Art. 681, I do RICMS/02 e Port. 263/2023";"Megabyte Lata 259 ml"
22029900;0301300;;19;S;"Bebidas frias";"RICMS/SE - Decreto 21.400/2002 c/c PT 10/92";"Art. 681, I do RICMS/02 e Port. 263/2023";"Megabyte Lata 259 ml"
210690;0301301;;19;S;"Bebidas frias";"RICMS/SE - Decreto 21.400/2002 c/c PT 10/92";"Art. 681, I do RICMS/02 e Port. 263/2023";"Megaton Pet de 270 ml"
22029900;0301301;;19;S;"Bebidas frias";"RICMS/SE - Decreto 21.400/2002 c/c PT 10/92";"Art. 681, I do RICMS/02 e Port. 263/2023";"Megaton Pet de 270 ml"
210690;0301300;;19;S;"Bebidas frias";"RICMS/SE - Decreto 21.400/2002 c/c PT 10/92";"Art. 681, I do RICMS/02 e Port. 263/2023";"Monster Lata 269 ml"
22029900;0301300;;19;S;"Bebidas frias";"RICMS/SE - Decreto 21.400/2002 c/c PT 10/92";"Art. 681, I do RICMS/02 e Port. 263/2023";"Monster Lata 269 ml"
210690;0301300;;19;S;"Bebidas frias";"RICMS/SE - Decreto 21.400/2002 c/c PT 10/92";"Art. 681, I do RICMS/02 e Port. 263/2023";"Monster Lata 473 ml"
22029900;0301300;;19;S;"Bebidas frias";"RICMS/SE - Decreto 21.400/2002 c/c PT 10/92";"Art. 681, I do RICMS/02 e Port. 263/2023";"Monster Lata 473 ml"
210690;0301300;;19;S;"Bebidas frias";"RICMS/SE - Decreto 21.400/2002 c/c PT 10/92";"Art. 681, I do RICMS/02 e Port. 263/2023";"Mormaii Energy Lata 265 ml"
22029900;0301300;;19;S;"Bebidas frias";"RICMS/SE - Decreto 21.400/2002 c/c PT 10/92";"Art. 681, I do RICMS/02 e Port. 263/2023";"Mormaii Energy Lata 265 ml"
210690;0301300;;19;S;"Bebidas frias";"RICMS/SE - Decreto 21.400/2002 c/c PT 10/92";"Art. 681, I do RICMS/02 e Port. 263/2023";"Mormaii Energy Lata 269 ml"
22029900;0301300;;19;S;"Bebidas frias";"RICMS/SE - Decreto 21.400/2002 c/c PT 10/92";"Art. 681, I do RICMS/02 e Port. 263/2023";"Mormaii Energy Lata 269 ml"
210690;0301301;;19;S;"Bebidas frias";"RICMS/SE - Decreto 21.400/2002 c/c PT 10/92";"Art. 681, I do RICMS/02 e Port. 263/2023";"Mormaii Frutas Tropicais Pet 269 ml"
22029900;0301301;;19;S;"Bebidas frias";"RICMS/SE - Decreto 21.400/2002 c/c PT 10/92";"Art. 681, I do RICMS/02 e Port. 263/2023";"Mormaii Frutas Tropicais Pet 269 ml"
210690;0301301;;19;S;"Bebidas frias";"RICMS/SE - Decreto 21.400/2002 c/c PT 10/92";"Art. 681, I do RICMS/02 e Port. 263/2023";"Night Blue"
22029900;0301301;;19;S;"Bebidas frias";"RICMS/SE - Decreto 21.400/2002 c/c PT 10/92";"Art. 681, I do RICMS/02 e Port. 263/2023";"Night Blue"
210690;0301301;;19;S;"Bebidas frias";"RICMS/SE - Decreto 21.400/2002 c/c PT 10/92";"Art. 681, I do RICMS/02 e Port. 263/2023";"Nobreak Pet 269 ml"
22029900;0301301;;19;S;"Bebidas frias";"RICMS/SE - Decreto 21.400/2002 c/c PT 10/92";"Art. 681, I do RICMS/02 e Port. 263/2023";"Nobreak Pet 269 ml"
210690;0301301;;19;S;"Bebidas frias";"RICMS/SE - Decreto 21.400/2002 c/c PT 10/92";"Art. 681, I do RICMS/02 e Port. 263/2023";"Paranight 340 ml"
22029900;0301301;;19;S;"Bebidas frias";"RICMS/SE - Decreto 21.400/2002 c/c PT 10/92";"Art. 681, I do RICMS/02 e Port. 263/2023";"Paranight 340 ml"
210690;0301300;;19;S;"Bebidas frias";"RICMS/SE - Decreto 21.400/2002 c/c PT 10/92";"Art. 681, I do RICMS/02 e Port. 263/2023";"Plus Energy Lata 269 ml"
22029900;0301300;;19;S;"Bebidas frias";"RICMS/SE - Decreto 21.400/2002 c/c PT 10/92";"Art. 681, I do RICMS/02 e Port. 263/2023";"Plus Energy Lata 269 ml"
210690;0301300;;19;S;"Bebidas frias";"RICMS/SE - Decreto 21.400/2002 c/c PT 10/92";"Art. 681, I do RICMS/02 e Port. 263/2023";"Plus Energy Lata 355 ml"
22029900;0301300;;19;S;"Bebidas frias";"RICMS/SE - Decreto 21.400/2002 c/c PT 10/92";"Art. 681, I do RICMS/02 e Port. 263/2023";"Plus Energy Lata 355 ml"
210690;0301300;;19;S;"Bebidas frias";"RICMS/SE - Decreto 21.400/2002 c/c PT 10/92";"Art. 681, I do RICMS/02 e Port. 263/2023";"Plus Energy Lata 473 ml"
22029900;0301300;;19;S;"Bebidas frias";"RICMS/SE - Decreto 21.400/2002 c/c PT 10/92";"Art. 681, I do RICMS/02 e Port. 263/2023";"Plus Energy Lata 473 ml"
210690;0301300;;19;S;"Bebidas frias";"RICMS/SE - Decreto 21.400/2002 c/c PT 10/92";"Art. 681, I do RICMS/02 e Port. 263/2023";"Power Buster Lata 269 ml"
22029900;0301300;;19;S;"Bebidas frias";"RICMS/SE - Decreto 21.400/2002 c/c PT 10/92";"Art. 681, I do RICMS/02 e Port. 263/2023";"Power Buster Lata 269 ml"
210690;0301300;;19;S;"Bebidas frias";"RICMS/SE - Decreto 21.400/2002 c/c PT 10/92";"Art. 681, I do RICMS/02 e Port. 263/2023";"Power Buster PET 250 ml"
22029900;0301300;;19;S;"Bebidas frias";"RICMS/SE - Decreto 21.400/2002 c/c PT 10/92";"Art. 681, I do RICMS/02 e Port. 263/2023";"Power Buster PET 250 ml"
210690;0301300;;19;S;"Bebidas frias";"RICMS/SE - Decreto 21.400/2002 c/c PT 10/92";"Art. 681, I do RICMS/02 e Port. 263/2023";"Red Bull / Red Bull Sugar Free Lata 250 ml"
22029900;0301300;;19;S;"Bebidas frias";"RICMS/SE - Decreto 21.400/2002 c/c PT 10/92";"Art. 681, I do RICMS/02 e Port. 263/2023";"Red Bull / Red Bull Sugar Free Lata 250 ml"
210690;0301300;;19;S;"Bebidas frias";"RICMS/SE - Decreto 21.400/2002 c/c PT 10/92";"Art. 681, I do RICMS/02 e Port. 263/2023";"Red Bull / Red Bull Sugar Free Lata 355 ml"
22029900;0301300;;19;S;"Bebidas frias";"RICMS/SE - Decreto 21.400/2002 c/c PT 10/92";"Art. 681, I do RICMS/02 e Port. 263/2023";"Red Bull / Red Bull Sugar Free Lata 355 ml"
210690;0301300;;19;S;"Bebidas frias";"RICMS/SE - Decreto 21.400/2002 c/c PT 10/92";"Art. 681, I do RICMS/02 e Port. 263/2023";"Red Bull / Red Bull Sugar Free Lata 473 ml"
22029900;0301300;;19;S;"Bebidas frias";"RICMS/SE - Decreto 21.400/2002 c/c PT 10/92";"Art. 681, I do RICMS/02 e Port. 263/2023";"Red Bull / Red Bull Sugar Free Lata 473 ml"
210690;0301300;;19;S;"Bebidas frias";"RICMS/SE - Decreto 21.400/2002 c/c PT 10/92";"Art. 681, I do RICMS/02 e Port. 263/2023";"Red Hot (sabores) Lata 269 ml"
22029900;0301300;;19;S;"Bebidas frias";"RICMS/SE - Decreto 21.400/2002 c/c PT 10/92";"Art. 681, I do RICMS/02 e Port. 263/2023";"Red Hot (sabores) Lata 269 ml"
210690;0301300;;19;S;"Bebidas frias";"RICMS/SE - Decreto 21.400/2002 c/c PT 10/92";"Art. 681, I do RICMS/02 e Port. 263/2023";"Red Hot (sabores) Lata 473 ml"
22029900;0301300;;19;S;"Bebidas frias";"RICMS/SE - Decreto 21.400/2002 c/c PT 10/92";"Art. 681, I do RICMS/02 e Port. 263/2023";"Red Hot (sabores) Lata 473 ml"
210690;0301300;;19;S;"Bebidas frias";"RICMS/SE - Decreto 21.400/2002 c/c PT 10/92";"Art. 681, I do RICMS/02 e Port. 263/2023";"Red Tiger Lata 269 ml"
22029900;0301300;;19;S;"Bebidas frias";"RICMS/SE - Decreto 21.400/2002 c/c PT 10/92";"Art. 681, I do RICMS/02 e Port. 263/2023";"Red Tiger Lata 269 ml"
210690;0301300;;19;S;"Bebidas frias";"RICMS/SE - Decreto 21.400/2002 c/c PT 10/92";"Art. 681, I do RICMS/02 e Port. 263/2023";"Reign (todos)"
22029900;0301300;;19;S;"Bebidas frias";"RICMS/SE - Decreto 21.400/2002 c/c PT 10/92";"Art. 681, I do RICMS/02 e Port. 263/2023";"Reign (todos)"
210690;0301300;;19;S;"Bebidas frias";"RICMS/SE - Decreto 21.400/2002 c/c PT 10/92";"Art. 681, I do RICMS/02 e Port. 263/2023";"Rival Lata 269 ml"
22029900;0301300;;19;S;"Bebidas frias";"RICMS/SE - Decreto 21.400/2002 c/c PT 10/92";"Art. 681, I do RICMS/02 e Port. 263/2023";"Rival Lata 269 ml"
210690;0301300;;19;S;"Bebidas frias";"RICMS/SE - Decreto 21.400/2002 c/c PT 10/92";"Art. 681, I do RICMS/02 e Port. 263/2023";"Rival Pet 510 ml"
22029900;0301300;;19;S;"Bebidas frias";"RICMS/SE - Decreto 21.400/2002 c/c PT 10/92";"Art. 681, I do RICMS/02 e Port. 263/2023";"Rival Pet 510 ml"
210690;0301300;;19;S;"Bebidas frias";"RICMS/SE - Decreto 21.400/2002 c/c PT 10/92";"Art. 681, I do RICMS/02 e Port. 263/2023";"Shark de 250 ml"
22029900;0301300;;19;S;"Bebidas frias";"RICMS/SE - Decreto 21.400/2002 c/c PT 10/92";"Art. 681, I do RICMS/02 e Port. 263/2023";"Shark de 250 ml"
210690;0301300;;19;S;"Bebidas frias";"RICMS/SE - Decreto 21.400/2002 c/c PT 10/92";"Art. 681, I do RICMS/02 e Port. 263/2023";"Speed Up Lata 250 ml"
22029900;0301300;;19;S;"Bebidas frias";"RICMS/SE - Decreto 21.400/2002 c/c PT 10/92";"Art. 681, I do RICMS/02 e Port. 263/2023";"Speed Up Lata 250 ml"
210690;0301300;;19;S;"Bebidas frias";"RICMS/SE - Decreto 21.400/2002 c/c PT 10/92";"Art. 681, I do RICMS/02 e Port. 263/2023";"Speed Up Lata 473 ml"
22029900;0301300;;19;S;"Bebidas frias";"RICMS/SE - Decreto 21.400/2002 c/c PT 10/92";"Art. 681, I do RICMS/02 e Port. 263/2023";"Speed Up Lata 473 ml"
210690;0301300;;19;S;"Bebidas frias";"RICMS/SE - Decreto 21.400/2002 c/c PT 10/92";"Art. 681, I do RICMS/02 e Port. 263/2023";"Start Energy Drink 500 ml"
22029900;0301300;;19;S;"Bebidas frias";"RICMS/SE - Decreto 21.400/2002 c/c PT 10/92";"Art. 681, I do RICMS/02 e Port. 263/2023";"Start Energy Drink 500 ml"
210690;0301300;;19;S;"Bebidas frias";"RICMS/SE - Decreto 21.400/2002 c/c PT 10/92";"Art. 681, I do RICMS/02 e Port. 263/2023";"Start Energy Drink 270 ml"
22029900;0301300;;19;S;"Bebidas frias";"RICMS/SE - Decreto 21.400/2002 c/c PT 10/92";"Art. 681, I do RICMS/02 e Port. 263/2023";"Start Energy Drink 270 ml"
210690;0301300;;19;S;"Bebidas frias";"RICMS/SE - Decreto 21.400/2002 c/c PT 10/92";"Art. 681, I do RICMS/02 e Port. 263/2023";"TNT lata 269 ml"
22029900;0301300;;19;S;"Bebidas frias";"RICMS/SE - Decreto 21.400/2002 c/c PT 10/92";"Art. 681, I do RICMS/02 e Port. 263/2023";"TNT lata 269 ml"
210690;0301300;;19;S;"Bebidas frias";"RICMS/SE - Decreto 21.400/2002 c/c PT 10/92";"Art. 681, I do RICMS/02 e Port. 263/2023";"TNT lata 473 ml"
22029900;0301300;;19;S;"Bebidas frias";"RICMS/SE - Decreto 21.400/2002 c/c PT 10/92";"Art. 681, I do RICMS/02 e Port. 263/2023";"TNT lata 473 ml"
210690;0301300;;19;S;"Bebidas frias";"RICMS/SE - Decreto 21.400/2002 c/c PT 10/92";"Art. 681, I do RICMS/02 e Port. 263/2023";"Tonino Lambonghini Energy Drink lata de 250 ml"
22029900;0301300;;19;S;"Bebidas frias";"RICMS/SE - Decreto 21.400/2002 c/c PT 10/92";"Art. 681, I do RICMS/02 e Port. 263/2023";"Tonino Lambonghini Energy Drink lata de 250 ml"
210690;0301301;;19;S;"Bebidas frias";"RICMS/SE - Decreto 21.400/2002 c/c PT 10/92";"Art. 681, I do RICMS/02 e Port. 263/2023";"UpGrade Pet 500 ml"
22029900;0301301;;19;S;"Bebidas frias";"RICMS/SE - Decreto 21.400/2002 c/c PT 10/92";"Art. 681, I do RICMS/02 e Port. 263/2023";"UpGrade Pet 500 ml"
210690;0301300;;19;S;"Bebidas frias";"RICMS/SE - Decreto 21.400/2002 c/c PT 10/92";"Art. 681, I do RICMS/02 e Port. 263/2023";"Vulcano Combat - Fruit Punch Lata 310 ml"
22029900;0301300;;19;S;"Bebidas frias";"RICMS/SE - Decreto 21.400/2002 c/c PT 10/92";"Art. 681, I do RICMS/02 e Port. 263/2023";"Vulcano Combat - Fruit Punch Lata 310 ml"
210690;0301300;;19;S;"Bebidas frias";"RICMS/SE - Decreto 21.400/2002 c/c PT 10/92";"Art. 681, I do RICMS/02 e Port. 263/2023";"Vulcano Explosion - F. Tropicais Lata 310 ml"
22029900;0301300;;19;S;"Bebidas frias";"RICMS/SE - Decreto 21.400/2002 c/c PT 10/92";"Art. 681, I do RICMS/02 e Port. 263/2023";"Vulcano Explosion - F. Tropicais Lata 310 ml"
210690;0301300;;19;S;"Bebidas frias";"RICMS/SE - Decreto 21.400/2002 c/c PT 10/92";"Art. 681, I do RICMS/02 e Port. 263/2023";"Vulcano Jungle - Açaí Lata 310 ml"
22029900;0301300;;19;S;"Bebidas frias";"RICMS/SE - Decreto 21.400/2002 c/c PT 10/92";"Art. 681, I do RICMS/02 e Port. 263/2023";"Vulcano Jungle - Açaí Lata 310 ml"
210690;0301300;;19;S;"Bebidas frias";"RICMS/SE - Decreto 21.400/2002 c/c PT 10/92";"Art. 681, I do RICMS/02 e Port. 263/2023";"Vulcano Wild - Morango Selvagem Lata 310 ml"
22029900;0301300;;19;S;"Bebidas frias";"RICMS/SE - Decreto 21.400/2002 c/c PT 10/92";"Art. 681, I do RICMS/02 e Port. 263/2023";"Vulcano Wild - Morango Selvagem Lata 310 ml"
210690;0301300;;19;S;"Bebidas frias";"RICMS/SE - Decreto 21.400/2002 c/c PT 10/92";"Art. 681, I do RICMS/02 e Port. 263/2023";"Vulcano  Energy Drink Lata 250 ml"
22029900;0301300;;19;S;"Bebidas frias";"RICMS/SE - Decreto 21.400/2002 c/c PT 10/92";"Art. 681, I do RICMS/02 e Port. 263/2023";"Vulcano  Energy Drink Lata 250 ml"
210690;0301300;;19;S;"Bebidas frias";"RICMS/SE - Decreto 21.400/2002 c/c PT 10/92";"Art. 681, I do RICMS/02 e Port. 263/2023";"Vulcano  Energy Drink Lata 350 ml"
22029900;0301300;;19;S;"Bebidas frias";"RICMS/SE - Decreto 21.400/2002 c/c PT 10/92";"Art. 681, I do RICMS/02 e Port. 263/2023";"Vulcano  Energy Drink Lata 350 ml"
210690;0301300;;19;S;"Bebidas frias";"RICMS/SE - Decreto 21.400/2002 c/c PT 10/92";"Art. 681, I do RICMS/02 e Port. 263/2023";"Vulcano  Energy Drink Lata 458 ml"
22029900;0301300;;19;S;"Bebidas frias";"RICMS/SE - Decreto 21.400/2002 c/c PT 10/92";"Art. 681, I do RICMS/02 e Port. 263/2023";"Vulcano  Energy Drink Lata 458 ml"
210690;0301300;;19;S;"Bebidas frias";"RICMS/SE - Decreto 21.400/2002 c/c PT 10/92";"Art. 681, I do RICMS/02 e Port. 263/2023";"Vulcano  Energy Drink Lata 473 ml"
22029900;0301300;;19;S;"Bebidas frias";"RICMS/SE - Decreto 21.400/2002 c/c PT 10/92";"Art. 681, I do RICMS/02 e Port. 263/2023";"Vulcano  Energy Drink Lata 473 ml"
210690;0301300;;19;S;"Bebidas frias";"RICMS/SE - Decreto 21.400/2002 c/c PT 10/92";"Art. 681, I do RICMS/02 e Port. 263/2023";"Vulcano Combat - Fruit Punch Lata 473 ml"
22029900;0301300;;19;S;"Bebidas frias";"RICMS/SE - Decreto 21.400/2002 c/c PT 10/92";"Art. 681, I do RICMS/02 e Port. 263/2023";"Vulcano Combat - Fruit Punch Lata 473 ml"
210690;0301300;;19;S;"Bebidas frias";"RICMS/SE - Decreto 21.400/2002 c/c PT 10/92";"Art. 681, I do RICMS/02 e Port. 263/2023";"Vulcano Explosion - F. Tropicais Lata 473 ml"
22029900;0301300;;19;S;"Bebidas frias";"RICMS/SE - Decreto 21.400/2002 c/c PT 10/92";"Art. 681, I do RICMS/02 e Port. 263/2023";"Vulcano Explosion - F. Tropicais Lata 473 ml"
210690;0301300;;19;S;"Bebidas frias";"RICMS/SE - Decreto 21.400/2002 c/c PT 10/92";"Art. 681, I do RICMS/02 e Port. 263/2023";"Vulcano Fire Citrus Lata 473 m"
22029900;0301300;;19;S;"Bebidas frias";"RICMS/SE - Decreto 21.400/2002 c/c PT 10/92";"Art. 681, I do RICMS/02 e Port. 263/2023";"Vulcano Fire Citrus Lata 473 m"
210690;0301300;;19;S;"Bebidas frias";"RICMS/SE - Decreto 21.400/2002 c/c PT 10/92";"Art. 681, I do RICMS/02 e Port. 263/2023";"Vulcano Ice Grape Lata 473 ml"
22029900;0301300;;19;S;"Bebidas frias";"RICMS/SE - Decreto 21.400/2002 c/c PT 10/92";"Art. 681, I do RICMS/02 e Port. 263/2023";"Vulcano Ice Grape Lata 473 ml"
210690;0301300;;19;S;"Bebidas frias";"RICMS/SE - Decreto 21.400/2002 c/c PT 10/92";"Art. 681, I do RICMS/02 e Port. 263/2023";"Vulcano Jungle - Açaí Lata 473 ml"
22029900;0301300;;19;S;"Bebidas frias";"RICMS/SE - Decreto 21.400/2002 c/c PT 10/92";"Art. 681, I do RICMS/02 e Port. 263/2023";"Vulcano Jungle - Açaí Lata 473 ml"
210690;0301300;;19;S;"Bebidas frias";"RICMS/SE - Decreto 21.400/2002 c/c PT 10/92";"Art. 681, I do RICMS/02 e Port. 263/2023";"Vulcano Wild - Morango Selvagem Lata 473 ml"
22029900;0301300;;19;S;"Bebidas frias";"RICMS/SE - Decreto 21.400/2002 c/c PT 10/92";"Art. 681, I do RICMS/02 e Port. 263/2023";"Vulcano Wild - Morango Selvagem Lata 473 ml"
210690;0301301;;19;S;"Bebidas frias";"RICMS/SE - Decreto 21.400/2002 c/c PT 10/92";"Art. 681, I do RICMS/02 e Port. 263/2023";"Vulcano  Energy Drink Pet 300 ml"
22029900;0301301;;19;S;"Bebidas frias";"RICMS/SE - Decreto 21.400/2002 c/c PT 10/92";"Art. 681, I do RICMS/02 e Port. 263/2023";"Vulcano  Energy Drink Pet 300 ml"
210690;0301301;;19;S;"Bebidas frias";"RICMS/SE - Decreto 21.400/2002 c/c PT 10/92";"Art. 681, I do RICMS/02 e Port. 263/2023";"Vulcano Energy Drink Pet 500 ml"
22029900;0301301;;19;S;"Bebidas frias";"RICMS/SE - Decreto 21.400/2002 c/c PT 10/92";"Art. 681, I do RICMS/02 e Port. 263/2023";"Vulcano Energy Drink Pet 500 ml"
210690;0301300;;19;S;"Bebidas frias";"RICMS/SE - Decreto 21.400/2002 c/c PT 10/92";"Art. 681, I do RICMS/02 e Port. 263/2023";"Vulcano Energyshot 60 ml"
22029900;0301300;;19;S;"Bebidas frias";"RICMS/SE - Decreto 21.400/2002 c/c PT 10/92";"Art. 681, I do RICMS/02 e Port. 263/2023";"Vulcano Energyshot 60 ml"
210690;0301300;;19;S;"Bebidas frias";"RICMS/SE - Decreto 21.400/2002 c/c PT 10/92";"Art. 681, I do RICMS/02 e Port. 263/2023";"Well Lata 269 ml"
22029900;0301300;;19;S;"Bebidas frias";"RICMS/SE - Decreto 21.400/2002 c/c PT 10/92";"Art. 681, I do RICMS/02 e Port. 263/2023";"Well Lata 269 ml"
210690;0301300;;19;S;"Bebidas frias";"RICMS/SE - Decreto 21.400/2002 c/c PT 10/92";"Art. 681, I do RICMS/02 e Port. 263/2023";"Wewi Energy Orgânico Original"
22029900;0301300;;19;S;"Bebidas frias";"RICMS/SE - Decreto 21.400/2002 c/c PT 10/92";"Art. 681, I do RICMS/02 e Port. 263/2023";"Wewi Energy Orgânico Original"
210690;0301300;;19;S;"Bebidas frias";"RICMS/SE - Decreto 21.400/2002 c/c PT 10/92";"Art. 681, I do RICMS/02 e Port. 263/2023";"Wewi Energy Zero Açúcares Original"
22029900;0301300;;19;S;"Bebidas frias";"RICMS/SE - Decreto 21.400/2002 c/c PT 10/92";"Art. 681, I do RICMS/02 e Port. 263/2023";"Wewi Energy Zero Açúcares Original"
210690;0301300;;19;S;"Bebidas frias";"RICMS/SE - Decreto 21.400/2002 c/c PT 10/92";"Art. 681, I do RICMS/02 e Port. 263/2023";"Outros Lata 250 a 355 ml"
22029900;0301300;;19;S;"Bebidas frias";"RICMS/SE - Decreto 21.400/2002 c/c PT 10/92";"Art. 681, I do RICMS/02 e Port. 263/2023";"Outros Lata 250 a 355 ml"
210690;0301300;;19;S;"Bebidas frias";"RICMS/SE - Decreto 21.400/2002 c/c PT 10/92";"Art. 681, I do RICMS/02 e Port. 263/2023";"Outros Lata 473 a 500 ml"
22029900;0301300;;19;S;"Bebidas frias";"RICMS/SE - Decreto 21.400/2002 c/c PT 10/92";"Art. 681, I do RICMS/02 e Port. 263/2023";"Outros Lata 473 a 500 ml"
210690;0301301;;19;S;"Bebidas frias";"RICMS/SE - Decreto 21.400/2002 c/c PT 10/92";"Art. 681, I do RICMS/02 e Port. 263/2023";"Outros Pet 500 ml"
22029900;0301301;;19;S;"Bebidas frias";"RICMS/SE - Decreto 21.400/2002 c/c PT 10/92";"Art. 681, I do RICMS/02 e Port. 263/2023";"Outros Pet 500 ml"
210690;0301400;;19;S;"Bebidas frias";"RICMS/SE - Decreto 21.400/2002 c/c PT 10/92";"Art. 681, I do RICMS/02 e Port. 263/2023";"220 Volts Pet 1000 ml"
22029900;0301400;;19;S;"Bebidas frias";"RICMS/SE - Decreto 21.400/2002 c/c PT 10/92";"Art. 681, I do RICMS/02 e Port. 263/2023";"220 Volts Pet 1000 ml"
210690;0301400;;19;S;"Bebidas frias";"RICMS/SE - Decreto 21.400/2002 c/c PT 10/92";"Art. 681, I do RICMS/02 e Port. 263/2023";"220 Volts Pet 2000 ml"
22029900;0301400;;19;S;"Bebidas frias";"RICMS/SE - Decreto 21.400/2002 c/c PT 10/92";"Art. 681, I do RICMS/02 e Port. 263/2023";"220 Volts Pet 2000 ml"
210690;0301400;;19;S;"Bebidas frias";"RICMS/SE - Decreto 21.400/2002 c/c PT 10/92";"Art. 681, I do RICMS/02 e Port. 263/2023";"220 Volts Pet 3000 ml"
22029900;0301400;;19;S;"Bebidas frias";"RICMS/SE - Decreto 21.400/2002 c/c PT 10/92";"Art. 681, I do RICMS/02 e Port. 263/2023";"220 Volts Pet 3000 ml"
210690;0301400;;19;S;"Bebidas frias";"RICMS/SE - Decreto 21.400/2002 c/c PT 10/92";"Art. 681, I do RICMS/02 e Port. 263/2023";"Adrenalina Energy Drink 1 Litro"
22029900;0301400;;19;S;"Bebidas frias";"RICMS/SE - Decreto 21.400/2002 c/c PT 10/92";"Art. 681, I do RICMS/02 e Port. 263/2023";"Adrenalina Energy Drink 1 Litro"
210690;0301400;;19;S;"Bebidas frias";"RICMS/SE - Decreto 21.400/2002 c/c PT 10/92";"Art. 681, I do RICMS/02 e Port. 263/2023";"Adrenalina Energy Drink 2 Litros"
22029900;0301400;;19;S;"Bebidas frias";"RICMS/SE - Decreto 21.400/2002 c/c PT 10/92";"Art. 681, I do RICMS/02 e Port. 263/2023";"Adrenalina Energy Drink 2 Litros"
210690;0301400;;19;S;"Bebidas frias";"RICMS/SE - Decreto 21.400/2002 c/c PT 10/92";"Art. 681, I do RICMS/02 e Port. 263/2023";"Adrenalina Frutas Tropicais 1 Litro"
22029900;0301400;;19;S;"Bebidas frias";"RICMS/SE - Decreto 21.400/2002 c/c PT 10/92";"Art. 681, I do RICMS/02 e Port. 263/2023";"Adrenalina Frutas Tropicais 1 Litro"
210690;0301400;;19;S;"Bebidas frias";"RICMS/SE - Decreto 21.400/2002 c/c PT 10/92";"Art. 681, I do RICMS/02 e Port. 263/2023";"Adrenalina Frutas Tropicais 2 Litros"
22029900;0301400;;19;S;"Bebidas frias";"RICMS/SE - Decreto 21.400/2002 c/c PT 10/92";"Art. 681, I do RICMS/02 e Port. 263/2023";"Adrenalina Frutas Tropicais 2 Litros"
210690;0301400;;19;S;"Bebidas frias";"RICMS/SE - Decreto 21.400/2002 c/c PT 10/92";"Art. 681, I do RICMS/02 e Port. 263/2023";"Adrenalina Morango 1 Litro"
22029900;0301400;;19;S;"Bebidas frias";"RICMS/SE - Decreto 21.400/2002 c/c PT 10/92";"Art. 681, I do RICMS/02 e Port. 263/2023";"Adrenalina Morango 1 Litro"
210690;0301400;;19;S;"Bebidas frias";"RICMS/SE - Decreto 21.400/2002 c/c PT 10/92";"Art. 681, I do RICMS/02 e Port. 263/2023";"Adrenalina Morango 2 Litros"
22029900;0301400;;19;S;"Bebidas frias";"RICMS/SE - Decreto 21.400/2002 c/c PT 10/92";"Art. 681, I do RICMS/02 e Port. 263/2023";"Adrenalina Morango 2 Litros"
210690;0301400;;19;S;"Bebidas frias";"RICMS/SE - Decreto 21.400/2002 c/c PT 10/92";"Art. 681, I do RICMS/02 e Port. 263/2023";"Bad Boy Giant Drink 1 Litro"
22029900;0301400;;19;S;"Bebidas frias";"RICMS/SE - Decreto 21.400/2002 c/c PT 10/92";"Art. 681, I do RICMS/02 e Port. 263/2023";"Bad Boy Giant Drink 1 Litro"
210690;0301400;;19;S;"Bebidas frias";"RICMS/SE - Decreto 21.400/2002 c/c PT 10/92";"Art. 681, I do RICMS/02 e Port. 263/2023";"Bad Wolf Pet 1000 ml"
22029900;0301400;;19;S;"Bebidas frias";"RICMS/SE - Decreto 21.400/2002 c/c PT 10/92";"Art. 681, I do RICMS/02 e Port. 263/2023";"Bad Wolf Pet 1000 ml"
210690;0301400;;19;S;"Bebidas frias";"RICMS/SE - Decreto 21.400/2002 c/c PT 10/92";"Art. 681, I do RICMS/02 e Port. 263/2023";"Bad Wolf Pet 2000 ml"
22029900;0301400;;19;S;"Bebidas frias";"RICMS/SE - Decreto 21.400/2002 c/c PT 10/92";"Art. 681, I do RICMS/02 e Port. 263/2023";"Bad Wolf Pet 2000 ml"
210690;0301400;;19;S;"Bebidas frias";"RICMS/SE - Decreto 21.400/2002 c/c PT 10/92";"Art. 681, I do RICMS/02 e Port. 263/2023";"Ballad Pet 2000 ml"
22029900;0301400;;19;S;"Bebidas frias";"RICMS/SE - Decreto 21.400/2002 c/c PT 10/92";"Art. 681, I do RICMS/02 e Port. 263/2023";"Ballad Pet 2000 ml"
210690;0301400;;19;S;"Bebidas frias";"RICMS/SE - Decreto 21.400/2002 c/c PT 10/92";"Art. 681, I do RICMS/02 e Port. 263/2023";"Baly Pet (todos) 1000 ml"
22029900;0301400;;19;S;"Bebidas frias";"RICMS/SE - Decreto 21.400/2002 c/c PT 10/92";"Art. 681, I do RICMS/02 e Port. 263/2023";"Baly Pet (todos) 1000 ml"
210690;0301400;;19;S;"Bebidas frias";"RICMS/SE - Decreto 21.400/2002 c/c PT 10/92";"Art. 681, I do RICMS/02 e Port. 263/2023";"Baly Pet (todos) 2000 ml"
22029900;0301400;;19;S;"Bebidas frias";"RICMS/SE - Decreto 21.400/2002 c/c PT 10/92";"Art. 681, I do RICMS/02 e Port. 263/2023";"Baly Pet (todos) 2000 ml"
210690;0301400;;19;S;"Bebidas frias";"RICMS/SE - Decreto 21.400/2002 c/c PT 10/92";"Art. 681, I do RICMS/02 e Port. 263/2023";"Big Power Pet 600 ml"
22029900;0301400;;19;S;"Bebidas frias";"RICMS/SE - Decreto 21.400/2002 c/c PT 10/92";"Art. 681, I do RICMS/02 e Port. 263/2023";"Big Power Pet 600 ml"
210690;0301400;;19;S;"Bebidas frias";"RICMS/SE - Decreto 21.400/2002 c/c PT 10/92";"Art. 681, I do RICMS/02 e Port. 263/2023";"Big Power Pet 2000 ml"
22029900;0301400;;19;S;"Bebidas frias";"RICMS/SE - Decreto 21.400/2002 c/c PT 10/92";"Art. 681, I do RICMS/02 e Port. 263/2023";"Big Power Pet 2000 ml"
210690;0301400;;19;S;"Bebidas frias";"RICMS/SE - Decreto 21.400/2002 c/c PT 10/92";"Art. 681, I do RICMS/02 e Port. 263/2023";"Bivolt Power Pet 1 Litro"
22029900;0301400;;19;S;"Bebidas frias";"RICMS/SE - Decreto 21.400/2002 c/c PT 10/92";"Art. 681, I do RICMS/02 e Port. 263/2023";"Bivolt Power Pet 1 Litro"
210690;0301400;;19;S;"Bebidas frias";"RICMS/SE - Decreto 21.400/2002 c/c PT 10/92";"Art. 681, I do RICMS/02 e Port. 263/2023";"Bivolt Power Pet 2 Litros"
22029900;0301400;;19;S;"Bebidas frias";"RICMS/SE - Decreto 21.400/2002 c/c PT 10/92";"Art. 681, I do RICMS/02 e Port. 263/2023";"Bivolt Power Pet 2 Litros"
210690;0301400;;19;S;"Bebidas frias";"RICMS/SE - Decreto 21.400/2002 c/c PT 10/92";"Art. 681, I do RICMS/02 e Port. 263/2023";"Blade Energy Original/Tropical/Zero/Açai Pet 1000 ml"
22029900;0301400;;19;S;"Bebidas frias";"RICMS/SE - Decreto 21.400/2002 c/c PT 10/92";"Art. 681, I do RICMS/02 e Port. 263/2023";"Blade Energy Original/Tropical/Zero/Açai Pet 1000 ml"
210690;0301400;;19;S;"Bebidas frias";"RICMS/SE - Decreto 21.400/2002 c/c PT 10/92";"Art. 681, I do RICMS/02 e Port. 263/2023";"Blade Energy Original/Tropical/Zero/Açai Pet 2000 ml"
22029900;0301400;;19;S;"Bebidas frias";"RICMS/SE - Decreto 21.400/2002 c/c PT 10/92";"Art. 681, I do RICMS/02 e Port. 263/2023";"Blade Energy Original/Tropical/Zero/Açai Pet 2000 ml"
210690;0301400;;19;S;"Bebidas frias";"RICMS/SE - Decreto 21.400/2002 c/c PT 10/92";"Art. 681, I do RICMS/02 e Port. 263/2023";"Bug Energy Drink Pet 1000 ml"
22029900;0301400;;19;S;"Bebidas frias";"RICMS/SE - Decreto 21.400/2002 c/c PT 10/92";"Art. 681, I do RICMS/02 e Port. 263/2023";"Bug Energy Drink Pet 1000 ml"
210690;0301400;;19;S;"Bebidas frias";"RICMS/SE - Decreto 21.400/2002 c/c PT 10/92";"Art. 681, I do RICMS/02 e Port. 263/2023";"Burn Pet 1000 ml"
22029900;0301400;;19;S;"Bebidas frias";"RICMS/SE - Decreto 21.400/2002 c/c PT 10/92";"Art. 681, I do RICMS/02 e Port. 263/2023";"Burn Pet 1000 ml"
210690;0301400;;19;S;"Bebidas frias";"RICMS/SE - Decreto 21.400/2002 c/c PT 10/92";"Art. 681, I do RICMS/02 e Port. 263/2023";"Dub Life Pet 1000 ml"
22029900;0301400;;19;S;"Bebidas frias";"RICMS/SE - Decreto 21.400/2002 c/c PT 10/92";"Art. 681, I do RICMS/02 e Port. 263/2023";"Dub Life Pet 1000 ml"
210690;0301400;;19;S;"Bebidas frias";"RICMS/SE - Decreto 21.400/2002 c/c PT 10/92";"Art. 681, I do RICMS/02 e Port. 263/2023";"Dub Life Pet 2000 ml"
22029900;0301400;;19;S;"Bebidas frias";"RICMS/SE - Decreto 21.400/2002 c/c PT 10/92";"Art. 681, I do RICMS/02 e Port. 263/2023";"Dub Life Pet 2000 ml"
210690;0301400;;19;S;"Bebidas frias";"RICMS/SE - Decreto 21.400/2002 c/c PT 10/92";"Art. 681, I do RICMS/02 e Port. 263/2023";"El Loco (sabores) Pet 2000 ml"
22029900;0301400;;19;S;"Bebidas frias";"RICMS/SE - Decreto 21.400/2002 c/c PT 10/92";"Art. 681, I do RICMS/02 e Port. 263/2023";"El Loco (sabores) Pet 2000 ml"
210690;0301400;;19;S;"Bebidas frias";"RICMS/SE - Decreto 21.400/2002 c/c PT 10/92";"Art. 681, I do RICMS/02 e Port. 263/2023";"Electron 2000 ml"
22029900;0301400;;19;S;"Bebidas frias";"RICMS/SE - Decreto 21.400/2002 c/c PT 10/92";"Art. 681, I do RICMS/02 e Port. 263/2023";"Electron 2000 ml"
210690;0301400;;19;S;"Bebidas frias";"RICMS/SE - Decreto 21.400/2002 c/c PT 10/92";"Art. 681, I do RICMS/02 e Port. 263/2023";"Ener Up Pet 1000 ml"
22029900;0301400;;19;S;"Bebidas frias";"RICMS/SE - Decreto 21.400/2002 c/c PT 10/92";"Art. 681, I do RICMS/02 e Port. 263/2023";"Ener Up Pet 1000 ml"
210690;0301400;;19;S;"Bebidas frias";"RICMS/SE - Decreto 21.400/2002 c/c PT 10/92";"Art. 681, I do RICMS/02 e Port. 263/2023";"Ener Up Pet 2000 ml"
22029900;0301400;;19;S;"Bebidas frias";"RICMS/SE - Decreto 21.400/2002 c/c PT 10/92";"Art. 681, I do RICMS/02 e Port. 263/2023";"Ener Up Pet 2000 ml"
210690;0301400;;19;S;"Bebidas frias";"RICMS/SE - Decreto 21.400/2002 c/c PT 10/92";"Art. 681, I do RICMS/02 e Port. 263/2023";"Express Pet 2000 ml"
22029900;0301400;;19;S;"Bebidas frias";"RICMS/SE - Decreto 21.400/2002 c/c PT 10/92";"Art. 681, I do RICMS/02 e Port. 263/2023";"Express Pet 2000 ml"
210690;0301400;;19;S;"Bebidas frias";"RICMS/SE - Decreto 21.400/2002 c/c PT 10/92";"Art. 681, I do RICMS/02 e Port. 263/2023";"Extra power eber. PET 1000 ml"
22029900;0301400;;19;S;"Bebidas frias";"RICMS/SE - Decreto 21.400/2002 c/c PT 10/92";"Art. 681, I do RICMS/02 e Port. 263/2023";"Extra power eber. PET 1000 ml"
210690;0301400;;19;S;"Bebidas frias";"RICMS/SE - Decreto 21.400/2002 c/c PT 10/92";"Art. 681, I do RICMS/02 e Port. 263/2023";"Fire Pet 1000 ml"
22029900;0301400;;19;S;"Bebidas frias";"RICMS/SE - Decreto 21.400/2002 c/c PT 10/92";"Art. 681, I do RICMS/02 e Port. 263/2023";"Fire Pet 1000 ml"
210690;0301400;;19;S;"Bebidas frias";"RICMS/SE - Decreto 21.400/2002 c/c PT 10/92";"Art. 681, I do RICMS/02 e Port. 263/2023";"Firefox Pet 1000 ml"
22029900;0301400;;19;S;"Bebidas frias";"RICMS/SE - Decreto 21.400/2002 c/c PT 10/92";"Art. 681, I do RICMS/02 e Port. 263/2023";"Firefox Pet 1000 ml"
210690;0301400;;19;S;"Bebidas frias";"RICMS/SE - Decreto 21.400/2002 c/c PT 10/92";"Art. 681, I do RICMS/02 e Port. 263/2023";"Firefox Pet 2000 ml"
22029900;0301400;;19;S;"Bebidas frias";"RICMS/SE - Decreto 21.400/2002 c/c PT 10/92";"Art. 681, I do RICMS/02 e Port. 263/2023";"Firefox Pet 2000 ml"
210690;0301400;;19;S;"Bebidas frias";"RICMS/SE - Decreto 21.400/2002 c/c PT 10/92";"Art. 681, I do RICMS/02 e Port. 263/2023";"Flying Horse Pet 1 Litro"
22029900;0301400;;19;S;"Bebidas frias";"RICMS/SE - Decreto 21.400/2002 c/c PT 10/92";"Art. 681, I do RICMS/02 e Port. 263/2023";"Flying Horse Pet 1 Litro"
210690;0301400;;19;S;"Bebidas frias";"RICMS/SE - Decreto 21.400/2002 c/c PT 10/92";"Art. 681, I do RICMS/02 e Port. 263/2023";"Flying Horse Energy Pet 1 Litro"
22029900;0301400;;19;S;"Bebidas frias";"RICMS/SE - Decreto 21.400/2002 c/c PT 10/92";"Art. 681, I do RICMS/02 e Port. 263/2023";"Flying Horse Energy Pet 1 Litro"
210690;0301400;;19;S;"Bebidas frias";"RICMS/SE - Decreto 21.400/2002 c/c PT 10/92";"Art. 681, I do RICMS/02 e Port. 263/2023";"Freepower EnergyDrink 600 ml"
22029900;0301400;;19;S;"Bebidas frias";"RICMS/SE - Decreto 21.400/2002 c/c PT 10/92";"Art. 681, I do RICMS/02 e Port. 263/2023";"Freepower EnergyDrink 600 ml"
210690;0301400;;19;S;"Bebidas frias";"RICMS/SE - Decreto 21.400/2002 c/c PT 10/92";"Art. 681, I do RICMS/02 e Port. 263/2023";"Fuel Energy Drink Pet 1000 ml"
22029900;0301400;;19;S;"Bebidas frias";"RICMS/SE - Decreto 21.400/2002 c/c PT 10/92";"Art. 681, I do RICMS/02 e Port. 263/2023";"Fuel Energy Drink Pet 1000 ml"
210690;0301400;;19;S;"Bebidas frias";"RICMS/SE - Decreto 21.400/2002 c/c PT 10/92";"Art. 681, I do RICMS/02 e Port. 263/2023";"Full Energy Drink  Maçã Verde Pet 1000 ml"
22029900;0301400;;19;S;"Bebidas frias";"RICMS/SE - Decreto 21.400/2002 c/c PT 10/92";"Art. 681, I do RICMS/02 e Port. 263/2023";"Full Energy Drink  Maçã Verde Pet 1000 ml"
210690;0301400;;19;S;"Bebidas frias";"RICMS/SE - Decreto 21.400/2002 c/c PT 10/92";"Art. 681, I do RICMS/02 e Port. 263/2023";"Full Energy Drink  Maçã Verde Pet 2000 ml"
22029900;0301400;;19;S;"Bebidas frias";"RICMS/SE - Decreto 21.400/2002 c/c PT 10/92";"Art. 681, I do RICMS/02 e Port. 263/2023";"Full Energy Drink  Maçã Verde Pet 2000 ml"
210690;0301400;;19;S;"Bebidas frias";"RICMS/SE - Decreto 21.400/2002 c/c PT 10/92";"Art. 681, I do RICMS/02 e Port. 263/2023";"Full Energy Drink Pet 1000 ml"
22029900;0301400;;19;S;"Bebidas frias";"RICMS/SE - Decreto 21.400/2002 c/c PT 10/92";"Art. 681, I do RICMS/02 e Port. 263/2023";"Full Energy Drink Pet 1000 ml"
210690;0301400;;19;S;"Bebidas frias";"RICMS/SE - Decreto 21.400/2002 c/c PT 10/92";"Art. 681, I do RICMS/02 e Port. 263/2023";"Full Energy Drink Pet 2000 ml"
22029900;0301400;;19;S;"Bebidas frias";"RICMS/SE - Decreto 21.400/2002 c/c PT 10/92";"Art. 681, I do RICMS/02 e Port. 263/2023";"Full Energy Drink Pet 2000 ml"
210690;0301400;;19;S;"Bebidas frias";"RICMS/SE - Decreto 21.400/2002 c/c PT 10/92";"Art. 681, I do RICMS/02 e Port. 263/2023";"Furia Energy Drink Pet 1000 ml"
22029900;0301400;;19;S;"Bebidas frias";"RICMS/SE - Decreto 21.400/2002 c/c PT 10/92";"Art. 681, I do RICMS/02 e Port. 263/2023";"Furia Energy Drink Pet 1000 ml"
210690;0301400;;19;S;"Bebidas frias";"RICMS/SE - Decreto 21.400/2002 c/c PT 10/92";"Art. 681, I do RICMS/02 e Port. 263/2023";"Furia Energy Drink Pet 2000 ml"
22029900;0301400;;19;S;"Bebidas frias";"RICMS/SE - Decreto 21.400/2002 c/c PT 10/92";"Art. 681, I do RICMS/02 e Port. 263/2023";"Furia Energy Drink Pet 2000 ml"
210690;0301400;;19;S;"Bebidas frias";"RICMS/SE - Decreto 21.400/2002 c/c PT 10/92";"Art. 681, I do RICMS/02 e Port. 263/2023";"Fusion 1000 ml"
22029900;0301400;;19;S;"Bebidas frias";"RICMS/SE - Decreto 21.400/2002 c/c PT 10/92";"Art. 681, I do RICMS/02 e Port. 263/2023";"Fusion 1000 ml"
210690;0301400;;19;S;"Bebidas frias";"RICMS/SE - Decreto 21.400/2002 c/c PT 10/92";"Art. 681, I do RICMS/02 e Port. 263/2023";"Fusion 2000 ml"
22029900;0301400;;19;S;"Bebidas frias";"RICMS/SE - Decreto 21.400/2002 c/c PT 10/92";"Art. 681, I do RICMS/02 e Port. 263/2023";"Fusion 2000 ml"
210690;0301400;;19;S;"Bebidas frias";"RICMS/SE - Decreto 21.400/2002 c/c PT 10/92";"Art. 681, I do RICMS/02 e Port. 263/2023";"HP Pet 2000 ml"
22029900;0301400;;19;S;"Bebidas frias";"RICMS/SE - Decreto 21.400/2002 c/c PT 10/92";"Art. 681, I do RICMS/02 e Port. 263/2023";"HP Pet 2000 ml"
210690;0301400;;19;S;"Bebidas frias";"RICMS/SE - Decreto 21.400/2002 c/c PT 10/92";"Art. 681, I do RICMS/02 e Port. 263/2023";"Indaiá Night Power 1500 ml"
22029900;0301400;;19;S;"Bebidas frias";"RICMS/SE - Decreto 21.400/2002 c/c PT 10/92";"Art. 681, I do RICMS/02 e Port. 263/2023";"Indaiá Night Power 1500 ml"
210690;0301400;;19;S;"Bebidas frias";"RICMS/SE - Decreto 21.400/2002 c/c PT 10/92";"Art. 681, I do RICMS/02 e Port. 263/2023";"Indaiá Night Power 2000 ml"
22029900;0301400;;19;S;"Bebidas frias";"RICMS/SE - Decreto 21.400/2002 c/c PT 10/92";"Art. 681, I do RICMS/02 e Port. 263/2023";"Indaiá Night Power 2000 ml"
210690;0301400;;19;S;"Bebidas frias";"RICMS/SE - Decreto 21.400/2002 c/c PT 10/92";"Art. 681, I do RICMS/02 e Port. 263/2023";"Indaiá Night Power Black 2000 ml"
22029900;0301400;;19;S;"Bebidas frias";"RICMS/SE - Decreto 21.400/2002 c/c PT 10/92";"Art. 681, I do RICMS/02 e Port. 263/2023";"Indaiá Night Power Black 2000 ml"
210690;0301400;;19;S;"Bebidas frias";"RICMS/SE - Decreto 21.400/2002 c/c PT 10/92";"Art. 681, I do RICMS/02 e Port. 263/2023";"Infinity Pet 1000 ml"
22029900;0301400;;19;S;"Bebidas frias";"RICMS/SE - Decreto 21.400/2002 c/c PT 10/92";"Art. 681, I do RICMS/02 e Port. 263/2023";"Infinity Pet 1000 ml"
210690;0301400;;19;S;"Bebidas frias";"RICMS/SE - Decreto 21.400/2002 c/c PT 10/92";"Art. 681, I do RICMS/02 e Port. 263/2023";"Infinity Frutas Tropicais Pet 1000 ml"
22029900;0301400;;19;S;"Bebidas frias";"RICMS/SE - Decreto 21.400/2002 c/c PT 10/92";"Art. 681, I do RICMS/02 e Port. 263/2023";"Infinity Frutas Tropicais Pet 1000 ml"
210690;0301400;;19;S;"Bebidas frias";"RICMS/SE - Decreto 21.400/2002 c/c PT 10/92";"Art. 681, I do RICMS/02 e Port. 263/2023";"Infinity Pet 2000 ml"
22029900;0301400;;19;S;"Bebidas frias";"RICMS/SE - Decreto 21.400/2002 c/c PT 10/92";"Art. 681, I do RICMS/02 e Port. 263/2023";"Infinity Pet 2000 ml"
210690;0301400;;19;S;"Bebidas frias";"RICMS/SE - Decreto 21.400/2002 c/c PT 10/92";"Art. 681, I do RICMS/02 e Port. 263/2023";"Mad Dog 1000 ml"
22029900;0301400;;19;S;"Bebidas frias";"RICMS/SE - Decreto 21.400/2002 c/c PT 10/92";"Art. 681, I do RICMS/02 e Port. 263/2023";"Mad Dog 1000 ml"
210690;0301400;;19;S;"Bebidas frias";"RICMS/SE - Decreto 21.400/2002 c/c PT 10/92";"Art. 681, I do RICMS/02 e Port. 263/2023";"Mad Dog 2000 ml"
22029900;0301400;;19;S;"Bebidas frias";"RICMS/SE - Decreto 21.400/2002 c/c PT 10/92";"Art. 681, I do RICMS/02 e Port. 263/2023";"Mad Dog 2000 ml"
210690;0301400;;19;S;"Bebidas frias";"RICMS/SE - Decreto 21.400/2002 c/c PT 10/92";"Art. 681, I do RICMS/02 e Port. 263/2023";"Magik Energy Drink 1000 ml"
22029900;0301400;;19;S;"Bebidas frias";"RICMS/SE - Decreto 21.400/2002 c/c PT 10/92";"Art. 681, I do RICMS/02 e Port. 263/2023";"Magik Energy Drink 1000 ml"
210690;0301400;;19;S;"Bebidas frias";"RICMS/SE - Decreto 21.400/2002 c/c PT 10/92";"Art. 681, I do RICMS/02 e Port. 263/2023";"Magik Energy Drink 2000 ml"
22029900;0301400;;19;S;"Bebidas frias";"RICMS/SE - Decreto 21.400/2002 c/c PT 10/92";"Art. 681, I do RICMS/02 e Port. 263/2023";"Magik Energy Drink 2000 ml"
210690;0301400;;19;S;"Bebidas frias";"RICMS/SE - Decreto 21.400/2002 c/c PT 10/92";"Art. 681, I do RICMS/02 e Port. 263/2023";"Magneto Pet 2000 ml"
22029900;0301400;;19;S;"Bebidas frias";"RICMS/SE - Decreto 21.400/2002 c/c PT 10/92";"Art. 681, I do RICMS/02 e Port. 263/2023";"Magneto Pet 2000 ml"
210690;0301400;;19;S;"Bebidas frias";"RICMS/SE - Decreto 21.400/2002 c/c PT 10/92";"Art. 681, I do RICMS/02 e Port. 263/2023";"Megaton Pet de 1000 ml"
22029900;0301400;;19;S;"Bebidas frias";"RICMS/SE - Decreto 21.400/2002 c/c PT 10/92";"Art. 681, I do RICMS/02 e Port. 263/2023";"Megaton Pet de 1000 ml"
210690;0301400;;19;S;"Bebidas frias";"RICMS/SE - Decreto 21.400/2002 c/c PT 10/92";"Art. 681, I do RICMS/02 e Port. 263/2023";"Megaton Pet de 2000 ml"
22029900;0301400;;19;S;"Bebidas frias";"RICMS/SE - Decreto 21.400/2002 c/c PT 10/92";"Art. 681, I do RICMS/02 e Port. 263/2023";"Megaton Pet de 2000 ml"
210690;0301400;;19;S;"Bebidas frias";"RICMS/SE - Decreto 21.400/2002 c/c PT 10/92";"Art. 681, I do RICMS/02 e Port. 263/2023";"Minotauro Pet de 2000 ml"
22029900;0301400;;19;S;"Bebidas frias";"RICMS/SE - Decreto 21.400/2002 c/c PT 10/92";"Art. 681, I do RICMS/02 e Port. 263/2023";"Minotauro Pet de 2000 ml"
210690;0301400;;19;S;"Bebidas frias";"RICMS/SE - Decreto 21.400/2002 c/c PT 10/92";"Art. 681, I do RICMS/02 e Port. 263/2023";"Mormaii Energy Pet 1000 ml"
22029900;0301400;;19;S;"Bebidas frias";"RICMS/SE - Decreto 21.400/2002 c/c PT 10/92";"Art. 681, I do RICMS/02 e Port. 263/2023";"Mormaii Energy Pet 1000 ml"
210690;0301400;;19;S;"Bebidas frias";"RICMS/SE - Decreto 21.400/2002 c/c PT 10/92";"Art. 681, I do RICMS/02 e Port. 263/2023";"Mormaii Energy Pet 2000 ml"
22029900;0301400;;19;S;"Bebidas frias";"RICMS/SE - Decreto 21.400/2002 c/c PT 10/92";"Art. 681, I do RICMS/02 e Port. 263/2023";"Mormaii Energy Pet 2000 ml"
210690;0301400;;19;S;"Bebidas frias";"RICMS/SE - Decreto 21.400/2002 c/c PT 10/92";"Art. 681, I do RICMS/02 e Port. 263/2023";"Mormaii Frutas Tropicais 1000 ml"
22029900;0301400;;19;S;"Bebidas frias";"RICMS/SE - Decreto 21.400/2002 c/c PT 10/92";"Art. 681, I do RICMS/02 e Port. 263/2023";"Mormaii Frutas Tropicais 1000 ml"
210690;0301400;;19;S;"Bebidas frias";"RICMS/SE - Decreto 21.400/2002 c/c PT 10/92";"Art. 681, I do RICMS/02 e Port. 263/2023";"Night Blue Pet 1000 ml"
22029900;0301400;;19;S;"Bebidas frias";"RICMS/SE - Decreto 21.400/2002 c/c PT 10/92";"Art. 681, I do RICMS/02 e Port. 263/2023";"Night Blue Pet 1000 ml"
210690;0301400;;19;S;"Bebidas frias";"RICMS/SE - Decreto 21.400/2002 c/c PT 10/92";"Art. 681, I do RICMS/02 e Port. 263/2023";"Night Blue Pet 2000 ml"
22029900;0301400;;19;S;"Bebidas frias";"RICMS/SE - Decreto 21.400/2002 c/c PT 10/92";"Art. 681, I do RICMS/02 e Port. 263/2023";"Night Blue Pet 2000 ml"
210690;0301400;;19;S;"Bebidas frias";"RICMS/SE - Decreto 21.400/2002 c/c PT 10/92";"Art. 681, I do RICMS/02 e Port. 263/2023";"Nobreak Pet 1000 ml"
22029900;0301400;;19;S;"Bebidas frias";"RICMS/SE - Decreto 21.400/2002 c/c PT 10/92";"Art. 681, I do RICMS/02 e Port. 263/2023";"Nobreak Pet 1000 ml"
210690;0301400;;19;S;"Bebidas frias";"RICMS/SE - Decreto 21.400/2002 c/c PT 10/92";"Art. 681, I do RICMS/02 e Port. 263/2023";"Nobreak Pet 2000 ml"
22029900;0301400;;19;S;"Bebidas frias";"RICMS/SE - Decreto 21.400/2002 c/c PT 10/92";"Art. 681, I do RICMS/02 e Port. 263/2023";"Nobreak Pet 2000 ml"
210690;0301400;;19;S;"Bebidas frias";"RICMS/SE - Decreto 21.400/2002 c/c PT 10/92";"Art. 681, I do RICMS/02 e Port. 263/2023";"Paranight 1000 ml"
22029900;0301400;;19;S;"Bebidas frias";"RICMS/SE - Decreto 21.400/2002 c/c PT 10/92";"Art. 681, I do RICMS/02 e Port. 263/2023";"Paranight 1000 ml"
210690;0301400;;19;S;"Bebidas frias";"RICMS/SE - Decreto 21.400/2002 c/c PT 10/92";"Art. 681, I do RICMS/02 e Port. 263/2023";"Paranight 2000 ml"
22029900;0301400;;19;S;"Bebidas frias";"RICMS/SE - Decreto 21.400/2002 c/c PT 10/92";"Art. 681, I do RICMS/02 e Port. 263/2023";"Paranight 2000 ml"
210690;0301400;;19;S;"Bebidas frias";"RICMS/SE - Decreto 21.400/2002 c/c PT 10/92";"Art. 681, I do RICMS/02 e Port. 263/2023";"Plus Energy Pet 1000 ml"
22029900;0301400;;19;S;"Bebidas frias";"RICMS/SE - Decreto 21.400/2002 c/c PT 10/92";"Art. 681, I do RICMS/02 e Port. 263/2023";"Plus Energy Pet 1000 ml"
210690;0301400;;19;S;"Bebidas frias";"RICMS/SE - Decreto 21.400/2002 c/c PT 10/92";"Art. 681, I do RICMS/02 e Port. 263/2023";"Porradão Energy Drink 2 l"
22029900;0301400;;19;S;"Bebidas frias";"RICMS/SE - Decreto 21.400/2002 c/c PT 10/92";"Art. 681, I do RICMS/02 e Port. 263/2023";"Porradão Energy Drink 2 l"
210690;0301400;;19;S;"Bebidas frias";"RICMS/SE - Decreto 21.400/2002 c/c PT 10/92";"Art. 681, I do RICMS/02 e Port. 263/2023";"Power Bull Buster Pet 1000 ml"
22029900;0301400;;19;S;"Bebidas frias";"RICMS/SE - Decreto 21.400/2002 c/c PT 10/92";"Art. 681, I do RICMS/02 e Port. 263/2023";"Power Bull Buster Pet 1000 ml"
210690;0301400;;19;S;"Bebidas frias";"RICMS/SE - Decreto 21.400/2002 c/c PT 10/92";"Art. 681, I do RICMS/02 e Port. 263/2023";"Power Bull Buster Pet 2000 ml"
22029900;0301400;;19;S;"Bebidas frias";"RICMS/SE - Decreto 21.400/2002 c/c PT 10/92";"Art. 681, I do RICMS/02 e Port. 263/2023";"Power Bull Buster Pet 2000 ml"
210690;0301400;;19;S;"Bebidas frias";"RICMS/SE - Decreto 21.400/2002 c/c PT 10/92";"Art. 681, I do RICMS/02 e Port. 263/2023";"Red Hot (sabores) Pet 2000 ml"
22029900;0301400;;19;S;"Bebidas frias";"RICMS/SE - Decreto 21.400/2002 c/c PT 10/92";"Art. 681, I do RICMS/02 e Port. 263/2023";"Red Hot (sabores) Pet 2000 ml"
210690;0301400;;19;S;"Bebidas frias";"RICMS/SE - Decreto 21.400/2002 c/c PT 10/92";"Art. 681, I do RICMS/02 e Port. 263/2023";"Red Tiger Pet 1000 ml"
22029900;0301400;;19;S;"Bebidas frias";"RICMS/SE - Decreto 21.400/2002 c/c PT 10/92";"Art. 681, I do RICMS/02 e Port. 263/2023";"Red Tiger Pet 1000 ml"
210690;0301400;;19;S;"Bebidas frias";"RICMS/SE - Decreto 21.400/2002 c/c PT 10/92";"Art. 681, I do RICMS/02 e Port. 263/2023";"Red Tiger Pet 2000 ml"
22029900;0301400;;19;S;"Bebidas frias";"RICMS/SE - Decreto 21.400/2002 c/c PT 10/92";"Art. 681, I do RICMS/02 e Port. 263/2023";"Red Tiger Pet 2000 ml"
210690;0301400;;19;S;"Bebidas frias";"RICMS/SE - Decreto 21.400/2002 c/c PT 10/92";"Art. 681, I do RICMS/02 e Port. 263/2023";"Reign (todos"
22029900;0301400;;19;S;"Bebidas frias";"RICMS/SE - Decreto 21.400/2002 c/c PT 10/92";"Art. 681, I do RICMS/02 e Port. 263/2023";"Reign (todos"
210690;0301400;;19;S;"Bebidas frias";"RICMS/SE - Decreto 21.400/2002 c/c PT 10/92";"Art. 681, I do RICMS/02 e Port. 263/2023";"Rival Pet 1000 mll"
22029900;0301400;;19;S;"Bebidas frias";"RICMS/SE - Decreto 21.400/2002 c/c PT 10/92";"Art. 681, I do RICMS/02 e Port. 263/2023";"Rival Pet 1000 mll"
210690;0301400;;19;S;"Bebidas frias";"RICMS/SE - Decreto 21.400/2002 c/c PT 10/92";"Art. 681, I do RICMS/02 e Port. 263/2023";"Santa Joana 1000 ml"
22029900;0301400;;19;S;"Bebidas frias";"RICMS/SE - Decreto 21.400/2002 c/c PT 10/92";"Art. 681, I do RICMS/02 e Port. 263/2023";"Santa Joana 1000 ml"
210690;0301400;;19;S;"Bebidas frias";"RICMS/SE - Decreto 21.400/2002 c/c PT 10/92";"Art. 681, I do RICMS/02 e Port. 263/2023";"Santa Joana 2000 ml"
22029900;0301400;;19;S;"Bebidas frias";"RICMS/SE - Decreto 21.400/2002 c/c PT 10/92";"Art. 681, I do RICMS/02 e Port. 263/2023";"Santa Joana 2000 ml"
210690;0301400;;19;S;"Bebidas frias";"RICMS/SE - Decreto 21.400/2002 c/c PT 10/92";"Art. 681, I do RICMS/02 e Port. 263/2023";"Start Energy Pet 1 Litro"
22029900;0301400;;19;S;"Bebidas frias";"RICMS/SE - Decreto 21.400/2002 c/c PT 10/92";"Art. 681, I do RICMS/02 e Port. 263/2023";"Start Energy Pet 1 Litro"
210690;0301400;;19;S;"Bebidas frias";"RICMS/SE - Decreto 21.400/2002 c/c PT 10/92";"Art. 681, I do RICMS/02 e Port. 263/2023";"Start Energy Pet 2000 ml"
22029900;0301400;;19;S;"Bebidas frias";"RICMS/SE - Decreto 21.400/2002 c/c PT 10/92";"Art. 681, I do RICMS/02 e Port. 263/2023";"Start Energy Pet 2000 ml"
210690;0301400;;19;S;"Bebidas frias";"RICMS/SE - Decreto 21.400/2002 c/c PT 10/92";"Art. 681, I do RICMS/02 e Port. 263/2023";"UpGrade Pet 1000 ml"
22029900;0301400;;19;S;"Bebidas frias";"RICMS/SE - Decreto 21.400/2002 c/c PT 10/92";"Art. 681, I do RICMS/02 e Port. 263/2023";"UpGrade Pet 1000 ml"
210690;0301400;;19;S;"Bebidas frias";"RICMS/SE - Decreto 21.400/2002 c/c PT 10/92";"Art. 681, I do RICMS/02 e Port. 263/2023";"UpGrade Pet 2000 ml"
22029900;0301400;;19;S;"Bebidas frias";"RICMS/SE - Decreto 21.400/2002 c/c PT 10/92";"Art. 681, I do RICMS/02 e Port. 263/2023";"UpGrade Pet 2000 ml"
210690;0301400;;19;S;"Bebidas frias";"RICMS/SE - Decreto 21.400/2002 c/c PT 10/92";"Art. 681, I do RICMS/02 e Port. 263/2023";"Vulcano  Combat 1 Litro"
22029900;0301400;;19;S;"Bebidas frias";"RICMS/SE - Decreto 21.400/2002 c/c PT 10/92";"Art. 681, I do RICMS/02 e Port. 263/2023";"Vulcano  Combat 1 Litro"
210690;0301400;;19;S;"Bebidas frias";"RICMS/SE - Decreto 21.400/2002 c/c PT 10/92";"Art. 681, I do RICMS/02 e Port. 263/2023";"Vulcano  Energy Drink Lata 710 ml"
22029900;0301400;;19;S;"Bebidas frias";"RICMS/SE - Decreto 21.400/2002 c/c PT 10/92";"Art. 681, I do RICMS/02 e Port. 263/2023";"Vulcano  Energy Drink Lata 710 ml"
210690;0301400;;19;S;"Bebidas frias";"RICMS/SE - Decreto 21.400/2002 c/c PT 10/92";"Art. 681, I do RICMS/02 e Port. 263/2023";"Vulcano Energy Drink Pet 1000 ml"
22029900;0301400;;19;S;"Bebidas frias";"RICMS/SE - Decreto 21.400/2002 c/c PT 10/92";"Art. 681, I do RICMS/02 e Port. 263/2023";"Vulcano Energy Drink Pet 1000 ml"
210690;0301400;;19;S;"Bebidas frias";"RICMS/SE - Decreto 21.400/2002 c/c PT 10/92";"Art. 681, I do RICMS/02 e Port. 263/2023";"Vulcano Energy Drink Pet 1250 ml"
22029900;0301400;;19;S;"Bebidas frias";"RICMS/SE - Decreto 21.400/2002 c/c PT 10/92";"Art. 681, I do RICMS/02 e Port. 263/2023";"Vulcano Energy Drink Pet 1250 ml"
210690;0301400;;19;S;"Bebidas frias";"RICMS/SE - Decreto 21.400/2002 c/c PT 10/92";"Art. 681, I do RICMS/02 e Port. 263/2023";"Vulcano Energy Drink Pet 2000 ml"
22029900;0301400;;19;S;"Bebidas frias";"RICMS/SE - Decreto 21.400/2002 c/c PT 10/92";"Art. 681, I do RICMS/02 e Port. 263/2023";"Vulcano Energy Drink Pet 2000 ml"
210690;0301400;;19;S;"Bebidas frias";"RICMS/SE - Decreto 21.400/2002 c/c PT 10/92";"Art. 681, I do RICMS/02 e Port. 263/2023";"Vulcano Explosion 1 Litro"
22029900;0301400;;19;S;"Bebidas frias";"RICMS/SE - Decreto 21.400/2002 c/c PT 10/92";"Art. 681, I do RICMS/02 e Port. 263/2023";"Vulcano Explosion 1 Litro"
210690;0301400;;19;S;"Bebidas frias";"RICMS/SE - Decreto 21.400/2002 c/c PT 10/92";"Art. 681, I do RICMS/02 e Port. 263/2023";"Vulcano Explosion 1 Litro"
22029900;0301400;;19;S;"Bebidas frias";"RICMS/SE - Decreto 21.400/2002 c/c PT 10/92";"Art. 681, I do RICMS/02 e Port. 263/2023";"Vulcano Explosion 1 Litro"
210690;0301400;;19;S;"Bebidas frias";"RICMS/SE - Decreto 21.400/2002 c/c PT 10/92";"Art. 681, I do RICMS/02 e Port. 263/2023";"Vulcano Jungle 1000 ml"
22029900;0301400;;19;S;"Bebidas frias";"RICMS/SE - Decreto 21.400/2002 c/c PT 10/92";"Art. 681, I do RICMS/02 e Port. 263/2023";"Vulcano Jungle 1000 ml"
210690;0301400;;19;S;"Bebidas frias";"RICMS/SE - Decreto 21.400/2002 c/c PT 10/92";"Art. 681, I do RICMS/02 e Port. 263/2023";"Vulcano Wild 1000 ml"
22029900;0301400;;19;S;"Bebidas frias";"RICMS/SE - Decreto 21.400/2002 c/c PT 10/92";"Art. 681, I do RICMS/02 e Port. 263/2023";"Vulcano Wild 1000 ml"
210690;0301400;;19;S;"Bebidas frias";"RICMS/SE - Decreto 21.400/2002 c/c PT 10/92";"Art. 681, I do RICMS/02 e Port. 263/2023";"Vulcano Wild 2000 ml"
22029900;0301400;;19;S;"Bebidas frias";"RICMS/SE - Decreto 21.400/2002 c/c PT 10/92";"Art. 681, I do RICMS/02 e Port. 263/2023";"Vulcano Wild 2000 ml"
210690;0301400;;19;S;"Bebidas frias";"RICMS/SE - Decreto 21.400/2002 c/c PT 10/92";"Art. 681, I do RICMS/02 e Port. 263/2023";"Well Pet 1000 ml"
22029900;0301400;;19;S;"Bebidas frias";"RICMS/SE - Decreto 21.400/2002 c/c PT 10/92";"Art. 681, I do RICMS/02 e Port. 263/2023";"Well Pet 1000 ml"
210690;0301400;;19;S;"Bebidas frias";"RICMS/SE - Decreto 21.400/2002 c/c PT 10/92";"Art. 681, I do RICMS/02 e Port. 263/2023";"Well Pet 2000 ml"
22029900;0301400;;19;S;"Bebidas frias";"RICMS/SE - Decreto 21.400/2002 c/c PT 10/92";"Art. 681, I do RICMS/02 e Port. 263/2023";"Well Pet 2000 ml"
210690;0301400;;19;S;"Bebidas frias";"RICMS/SE - Decreto 21.400/2002 c/c PT 10/92";"Art. 681, I do RICMS/02 e Port. 263/2023";"Outros Pet 1000 ml"
22029900;0301400;;19;S;"Bebidas frias";"RICMS/SE - Decreto 21.400/2002 c/c PT 10/92";"Art. 681, I do RICMS/02 e Port. 263/2023";"Outros Pet 1000 ml"
210690;0301400;;19;S;"Bebidas frias";"RICMS/SE - Decreto 21.400/2002 c/c PT 10/92";"Art. 681, I do RICMS/02 e Port. 263/2023";"Outros Pet 2000 ml"
22029900;0301400;;19;S;"Bebidas frias";"RICMS/SE - Decreto 21.400/2002 c/c PT 10/92";"Art. 681, I do RICMS/02 e Port. 263/2023";"Outros Pet 2000 ml"
210690;0301500;;19;S;"Bebidas frias";"RICMS/SE - Decreto 21.400/2002 c/c PT 10/92";"Art. 681, I do RICMS/02 e Port. 263/2023";"Todos em embalagem Tetra Pak 200 ml"
22029900;0301500;;19;S;"Bebidas frias";"RICMS/SE - Decreto 21.400/2002 c/c PT 10/92";"Art. 681, I do RICMS/02 e Port. 263/2023";"Todos em embalagem Tetra Pak 200 ml"
210690;0301500;;19;S;"Bebidas frias";"RICMS/SE - Decreto 21.400/2002 c/c PT 10/92";"Art. 681, I do RICMS/02 e Port. 263/2023";"Energil Sport 500 ml"
22029900;0301500;;19;S;"Bebidas frias";"RICMS/SE - Decreto 21.400/2002 c/c PT 10/92";"Art. 681, I do RICMS/02 e Port. 263/2023";"Energil Sport 500 ml"
210690;0301500;;19;S;"Bebidas frias";"RICMS/SE - Decreto 21.400/2002 c/c PT 10/92";"Art. 681, I do RICMS/02 e Port. 263/2023";"Gatorade PET de 350 ml"
22029900;0301500;;19;S;"Bebidas frias";"RICMS/SE - Decreto 21.400/2002 c/c PT 10/92";"Art. 681, I do RICMS/02 e Port. 263/2023";"Gatorade PET de 350 ml"
210690;0301500;;19;S;"Bebidas frias";"RICMS/SE - Decreto 21.400/2002 c/c PT 10/92";"Art. 681, I do RICMS/02 e Port. 263/2023";"Gatorade PET de 500 ml"
22029900;0301500;;19;S;"Bebidas frias";"RICMS/SE - Decreto 21.400/2002 c/c PT 10/92";"Art. 681, I do RICMS/02 e Port. 263/2023";"Gatorade PET de 500 ml"
210690;0301500;;19;S;"Bebidas frias";"RICMS/SE - Decreto 21.400/2002 c/c PT 10/92";"Art. 681, I do RICMS/02 e Port. 263/2023";"I9 Hidrotônico PET de 500 ml"
22029900;0301500;;19;S;"Bebidas frias";"RICMS/SE - Decreto 21.400/2002 c/c PT 10/92";"Art. 681, I do RICMS/02 e Port. 263/2023";"I9 Hidrotônico PET de 500 ml"
210690;0301500;;19;S;"Bebidas frias";"RICMS/SE - Decreto 21.400/2002 c/c PT 10/92";"Art. 681, I do RICMS/02 e Port. 263/2023";"Powerade 500 ml"
22029900;0301500;;19;S;"Bebidas frias";"RICMS/SE - Decreto 21.400/2002 c/c PT 10/92";"Art. 681, I do RICMS/02 e Port. 263/2023";"Powerade 500 ml"
210690;0301500;;19;S;"Bebidas frias";"RICMS/SE - Decreto 21.400/2002 c/c PT 10/92";"Art. 681, I do RICMS/02 e Port. 263/2023";"Teaq PET de 600 ml"
22029900;0301500;;19;S;"Bebidas frias";"RICMS/SE - Decreto 21.400/2002 c/c PT 10/92";"Art. 681, I do RICMS/02 e Port. 263/2023";"Teaq PET de 600 ml"
210690;0301500;;19;S;"Bebidas frias";"RICMS/SE - Decreto 21.400/2002 c/c PT 10/92";"Art. 681, I do RICMS/02 e Port. 263/2023";"TNT 500 ml"
22029900;0301500;;19;S;"Bebidas frias";"RICMS/SE - Decreto 21.400/2002 c/c PT 10/92";"Art. 681, I do RICMS/02 e Port. 263/2023";"TNT 500 ml"
210690;0301500;;19;S;"Bebidas frias";"RICMS/SE - Decreto 21.400/2002 c/c PT 10/92";"Art. 681, I do RICMS/02 e Port. 263/2023";"Outros"
22029900;0301500;;19;S;"Bebidas frias";"RICMS/SE - Decreto 21.400/2002 c/c PT 10/92";"Art. 681, I do RICMS/02 e Port. 263/2023";"Outros"
22030000;0302100;;19;S;"Bebidas frias";"RICMS/SE - Decreto 21.400/2002 c/c PT 10/92";"Art. 681, I do RICMS/02 e Port. 263/2023";"1500"
22030000;0302100;;19;S;"Bebidas frias";"RICMS/SE - Decreto 21.400/2002 c/c PT 10/92";"Art. 681, I do RICMS/02 e Port. 263/2023";"Almada"
22030000;0302100;;19;S;"Bebidas frias";"RICMS/SE - Decreto 21.400/2002 c/c PT 10/92";"Art. 681, I do RICMS/02 e Port. 263/2023";"Antarctica (todas)"
22030000;0302100;;19;S;"Bebidas frias";"RICMS/SE - Decreto 21.400/2002 c/c PT 10/92";"Art. 681, I do RICMS/02 e Port. 263/2023";"Bohemia Pilsen"
22030000;0302100;;19;S;"Bebidas frias";"RICMS/SE - Decreto 21.400/2002 c/c PT 10/92";"Art. 681, I do RICMS/02 e Port. 263/2023";"Brahma Chopp"
22030000;0302100;;19;S;"Bebidas frias";"RICMS/SE - Decreto 21.400/2002 c/c PT 10/92";"Art. 681, I do RICMS/02 e Port. 263/2023";"Brahma Chopp Zero"
22030000;0302100;;19;S;"Bebidas frias";"RICMS/SE - Decreto 21.400/2002 c/c PT 10/92";"Art. 681, I do RICMS/02 e Port. 263/2023";"Brahma Chopp Duplo Malte"
22030000;0302100;;19;S;"Bebidas frias";"RICMS/SE - Decreto 21.400/2002 c/c PT 10/92";"Art. 681, I do RICMS/02 e Port. 263/2023";"Budweiser"
22030000;0302100;;19;S;"Bebidas frias";"RICMS/SE - Decreto 21.400/2002 c/c PT 10/92";"Art. 681, I do RICMS/02 e Port. 263/2023";"Burguesa"
22030000;0302100;;19;S;"Bebidas frias";"RICMS/SE - Decreto 21.400/2002 c/c PT 10/92";"Art. 681, I do RICMS/02 e Port. 263/2023";"Caracu"
22030000;0302100;;19;S;"Bebidas frias";"RICMS/SE - Decreto 21.400/2002 c/c PT 10/92";"Art. 681, I do RICMS/02 e Port. 263/2023";"Colina Pilsen"
22030000;0302100;;19;S;"Bebidas frias";"RICMS/SE - Decreto 21.400/2002 c/c PT 10/92";"Art. 681, I do RICMS/02 e Port. 263/2023";"Conti"
22030000;0302100;;19;S;"Bebidas frias";"RICMS/SE - Decreto 21.400/2002 c/c PT 10/92";"Art. 681, I do RICMS/02 e Port. 263/2023";"Conti Zero Grau"
22030000;0302100;;19;S;"Bebidas frias";"RICMS/SE - Decreto 21.400/2002 c/c PT 10/92";"Art. 681, I do RICMS/02 e Port. 263/2023";"Crystal Pilsen"
22030000;0302100;;19;S;"Bebidas frias";"RICMS/SE - Decreto 21.400/2002 c/c PT 10/92";"Art. 681, I do RICMS/02 e Port. 263/2023";"Devassa"
22030000;0302100;;19;S;"Bebidas frias";"RICMS/SE - Decreto 21.400/2002 c/c PT 10/92";"Art. 681, I do RICMS/02 e Port. 263/2023";"Império Pilsen"
22030000;0302100;;19;S;"Bebidas frias";"RICMS/SE - Decreto 21.400/2002 c/c PT 10/92";"Art. 681, I do RICMS/02 e Port. 263/2023";"Itaipava Pilsen"
22030000;0302100;;19;S;"Bebidas frias";"RICMS/SE - Decreto 21.400/2002 c/c PT 10/92";"Art. 681, I do RICMS/02 e Port. 263/2023";"Itaipava 100% malte"
22030000;0302100;;19;S;"Bebidas frias";"RICMS/SE - Decreto 21.400/2002 c/c PT 10/92";"Art. 681, I do RICMS/02 e Port. 263/2023";"Original"
22030000;0302100;;19;S;"Bebidas frias";"RICMS/SE - Decreto 21.400/2002 c/c PT 10/92";"Art. 681, I do RICMS/02 e Port. 263/2023";"Petra Puro Malte"
22030000;0302100;;19;S;"Bebidas frias";"RICMS/SE - Decreto 21.400/2002 c/c PT 10/92";"Art. 681, I do RICMS/02 e Port. 263/2023";"Proibida"
22030000;0302100;;19;S;"Bebidas frias";"RICMS/SE - Decreto 21.400/2002 c/c PT 10/92";"Art. 681, I do RICMS/02 e Port. 263/2023";"Samba"
22030000;0302100;;19;S;"Bebidas frias";"RICMS/SE - Decreto 21.400/2002 c/c PT 10/92";"Art. 681, I do RICMS/02 e Port. 263/2023";"Schin Pilsen"
22030000;0302100;;19;S;"Bebidas frias";"RICMS/SE - Decreto 21.400/2002 c/c PT 10/92";"Art. 681, I do RICMS/02 e Port. 263/2023";"Serramalte"
22030000;0302100;;19;S;"Bebidas frias";"RICMS/SE - Decreto 21.400/2002 c/c PT 10/92";"Art. 681, I do RICMS/02 e Port. 263/2023";"Serras Gerais Pilsen"
22030000;0302100;;19;S;"Bebidas frias";"RICMS/SE - Decreto 21.400/2002 c/c PT 10/92";"Art. 681, I do RICMS/02 e Port. 263/2023";"Spoller Pilsen"
22030000;0302100;;19;S;"Bebidas frias";"RICMS/SE - Decreto 21.400/2002 c/c PT 10/92";"Art. 681, I do RICMS/02 e Port. 263/2023";"Skol Pilsen"
22030000;0302100;;19;S;"Bebidas frias";"RICMS/SE - Decreto 21.400/2002 c/c PT 10/92";"Art. 681, I do RICMS/02 e Port. 263/2023";"Skol Puro Malte"
22030000;0302100;;19;S;"Bebidas frias";"RICMS/SE - Decreto 21.400/2002 c/c PT 10/92";"Art. 681, I do RICMS/02 e Port. 263/2023";"Outros"
22030000;0302100;;19;S;"Bebidas frias";"RICMS/SE - Decreto 21.400/2002 c/c PT 10/92";"Art. 681, I do RICMS/02 e Port. 263/2023";"1500"
22030000;0302100;;19;S;"Bebidas frias";"RICMS/SE - Decreto 21.400/2002 c/c PT 10/92";"Art. 681, I do RICMS/02 e Port. 263/2023";"A certa Pilsen"
22030000;0302100;;19;S;"Bebidas frias";"RICMS/SE - Decreto 21.400/2002 c/c PT 10/92";"Art. 681, I do RICMS/02 e Port. 263/2023";"Alamada"
22030000;0302100;;19;S;"Bebidas frias";"RICMS/SE - Decreto 21.400/2002 c/c PT 10/92";"Art. 681, I do RICMS/02 e Port. 263/2023";"Amstel"
22030000;0302100;;19;S;"Bebidas frias";"RICMS/SE - Decreto 21.400/2002 c/c PT 10/92";"Art. 681, I do RICMS/02 e Port. 263/2023";"Antarctica Pilsen"
22030000;0302100;;19;S;"Bebidas frias";"RICMS/SE - Decreto 21.400/2002 c/c PT 10/92";"Art. 681, I do RICMS/02 e Port. 263/2023";"Antarctica Sub Zero"
22030000;0302100;;19;S;"Bebidas frias";"RICMS/SE - Decreto 21.400/2002 c/c PT 10/92";"Art. 681, I do RICMS/02 e Port. 263/2023";"Bavária"
22030000;0302100;;19;S;"Bebidas frias";"RICMS/SE - Decreto 21.400/2002 c/c PT 10/92";"Art. 681, I do RICMS/02 e Port. 263/2023";"Becks"
22030000;0302100;;19;S;"Bebidas frias";"RICMS/SE - Decreto 21.400/2002 c/c PT 10/92";"Art. 681, I do RICMS/02 e Port. 263/2023";"Bendicta Pilsen"
22030000;0302100;;19;S;"Bebidas frias";"RICMS/SE - Decreto 21.400/2002 c/c PT 10/92";"Art. 681, I do RICMS/02 e Port. 263/2023";"Black Princess Gold"
22030000;0302100;;19;S;"Bebidas frias";"RICMS/SE - Decreto 21.400/2002 c/c PT 10/92";"Art. 681, I do RICMS/02 e Port. 263/2023";"Bohemia"
22030000;0302100;;19;S;"Bebidas frias";"RICMS/SE - Decreto 21.400/2002 c/c PT 10/92";"Art. 681, I do RICMS/02 e Port. 263/2023";"Brahma Chopp"
22030000;0302100;;19;S;"Bebidas frias";"RICMS/SE - Decreto 21.400/2002 c/c PT 10/92";"Art. 681, I do RICMS/02 e Port. 263/2023";"Brahma Duplo Malte"
22030000;0302100;;19;S;"Bebidas frias";"RICMS/SE - Decreto 21.400/2002 c/c PT 10/92";"Art. 681, I do RICMS/02 e Port. 263/2023";"Brahma Extra Larger/Red/Weiss"
22030000;0302100;;19;S;"Bebidas frias";"RICMS/SE - Decreto 21.400/2002 c/c PT 10/92";"Art. 681, I do RICMS/02 e Port. 263/2023";"Brussels Puro Malte"
22030000;0302100;;19;S;"Bebidas frias";"RICMS/SE - Decreto 21.400/2002 c/c PT 10/92";"Art. 681, I do RICMS/02 e Port. 263/2023";"Budweiser"
22030000;0302100;;19;S;"Bebidas frias";"RICMS/SE - Decreto 21.400/2002 c/c PT 10/92";"Art. 681, I do RICMS/02 e Port. 263/2023";"Burguesa"
22030000;0302100;;19;S;"Bebidas frias";"RICMS/SE - Decreto 21.400/2002 c/c PT 10/92";"Art. 681, I do RICMS/02 e Port. 263/2023";"Cabaré"
22030000;0302100;;19;S;"Bebidas frias";"RICMS/SE - Decreto 21.400/2002 c/c PT 10/92";"Art. 681, I do RICMS/02 e Port. 263/2023";"Cacildis Amber Lager"
22030000;0302100;;19;S;"Bebidas frias";"RICMS/SE - Decreto 21.400/2002 c/c PT 10/92";"Art. 681, I do RICMS/02 e Port. 263/2023";"Cerpa Draft"
22030000;0302100;;19;S;"Bebidas frias";"RICMS/SE - Decreto 21.400/2002 c/c PT 10/92";"Art. 681, I do RICMS/02 e Port. 263/2023";"Cerpa Extra"
22030000;0302100;;19;S;"Bebidas frias";"RICMS/SE - Decreto 21.400/2002 c/c PT 10/92";"Art. 681, I do RICMS/02 e Port. 263/2023";"Cerpa Tijuca"
22030000;0302100;;19;S;"Bebidas frias";"RICMS/SE - Decreto 21.400/2002 c/c PT 10/92";"Art. 681, I do RICMS/02 e Port. 263/2023";"Cerpa Tijuca Puro malte"
22030000;0302100;;19;S;"Bebidas frias";"RICMS/SE - Decreto 21.400/2002 c/c PT 10/92";"Art. 681, I do RICMS/02 e Port. 263/2023";"Colina Pilsen"
22030000;0302100;;19;S;"Bebidas frias";"RICMS/SE - Decreto 21.400/2002 c/c PT 10/92";"Art. 681, I do RICMS/02 e Port. 263/2023";"Colina Puro malte"
22030000;0302100;;19;S;"Bebidas frias";"RICMS/SE - Decreto 21.400/2002 c/c PT 10/92";"Art. 681, I do RICMS/02 e Port. 263/2023";"Conti"
22030000;0302100;;19;S;"Bebidas frias";"RICMS/SE - Decreto 21.400/2002 c/c PT 10/92";"Art. 681, I do RICMS/02 e Port. 263/2023";"Conti Zero Grau"
22030000;0302100;;19;S;"Bebidas frias";"RICMS/SE - Decreto 21.400/2002 c/c PT 10/92";"Art. 681, I do RICMS/02 e Port. 263/2023";"Crystal Pilsen"
22030000;0302100;;19;S;"Bebidas frias";"RICMS/SE - Decreto 21.400/2002 c/c PT 10/92";"Art. 681, I do RICMS/02 e Port. 263/2023";"Devassa"
22030000;0302100;;19;S;"Bebidas frias";"RICMS/SE - Decreto 21.400/2002 c/c PT 10/92";"Art. 681, I do RICMS/02 e Port. 263/2023";"Eisenbahn Pilsen"
22030000;0302100;;19;S;"Bebidas frias";"RICMS/SE - Decreto 21.400/2002 c/c PT 10/92";"Art. 681, I do RICMS/02 e Port. 263/2023";"Eisenbahn Pilsen Unfiltered"
22030000;0302100;;19;S;"Bebidas frias";"RICMS/SE - Decreto 21.400/2002 c/c PT 10/92";"Art. 681, I do RICMS/02 e Port. 263/2023";"Ekaut Pilsener"
22030000;0302100;;19;S;"Bebidas frias";"RICMS/SE - Decreto 21.400/2002 c/c PT 10/92";"Art. 681, I do RICMS/02 e Port. 263/2023";"Estrela Sirius Pilsen"
22030000;0302100;;19;S;"Bebidas frias";"RICMS/SE - Decreto 21.400/2002 c/c PT 10/92";"Art. 681, I do RICMS/02 e Port. 263/2023";"Estrela Sirius Puro malte"
22030000;0302100;;19;S;"Bebidas frias";"RICMS/SE - Decreto 21.400/2002 c/c PT 10/92";"Art. 681, I do RICMS/02 e Port. 263/2023";"Glacial"
22030000;0302100;;19;S;"Bebidas frias";"RICMS/SE - Decreto 21.400/2002 c/c PT 10/92";"Art. 681, I do RICMS/02 e Port. 263/2023";"Heinekem"
22030000;0302100;;19;S;"Bebidas frias";"RICMS/SE - Decreto 21.400/2002 c/c PT 10/92";"Art. 681, I do RICMS/02 e Port. 263/2023";"Império Pilsen"
22030000;0302100;;19;S;"Bebidas frias";"RICMS/SE - Decreto 21.400/2002 c/c PT 10/92";"Art. 681, I do RICMS/02 e Port. 263/2023";"Império Lager"
22030000;0302100;;19;S;"Bebidas frias";"RICMS/SE - Decreto 21.400/2002 c/c PT 10/92";"Art. 681, I do RICMS/02 e Port. 263/2023";"Itaipava Pilsen"
22030000;0302100;;19;S;"Bebidas frias";"RICMS/SE - Decreto 21.400/2002 c/c PT 10/92";"Art. 681, I do RICMS/02 e Port. 263/2023";"Itaipava 100% malte"
22030000;0302100;;19;S;"Bebidas frias";"RICMS/SE - Decreto 21.400/2002 c/c PT 10/92";"Art. 681, I do RICMS/02 e Port. 263/2023";"Kaiser"
22030000;0302100;;19;S;"Bebidas frias";"RICMS/SE - Decreto 21.400/2002 c/c PT 10/92";"Art. 681, I do RICMS/02 e Port. 263/2023";"Lokal Pilsen"
22030000;0302100;;19;S;"Bebidas frias";"RICMS/SE - Decreto 21.400/2002 c/c PT 10/92";"Art. 681, I do RICMS/02 e Port. 263/2023";"No Grau"
22030000;0302100;;19;S;"Bebidas frias";"RICMS/SE - Decreto 21.400/2002 c/c PT 10/92";"Art. 681, I do RICMS/02 e Port. 263/2023";"Nova Extrela Puro Malte"
22030000;0302100;;19;S;"Bebidas frias";"RICMS/SE - Decreto 21.400/2002 c/c PT 10/92";"Art. 681, I do RICMS/02 e Port. 263/2023";"Original"
22030000;0302100;;19;S;"Bebidas frias";"RICMS/SE - Decreto 21.400/2002 c/c PT 10/92";"Art. 681, I do RICMS/02 e Port. 263/2023";"Petra Puro Malte"
22030000;0302100;;19;S;"Bebidas frias";"RICMS/SE - Decreto 21.400/2002 c/c PT 10/92";"Art. 681, I do RICMS/02 e Port. 263/2023";"Proibida"
22030000;0302100;;19;S;"Bebidas frias";"RICMS/SE - Decreto 21.400/2002 c/c PT 10/92";"Art. 681, I do RICMS/02 e Port. 263/2023";"Proibida Puro Malte"
22030000;0302100;;19;S;"Bebidas frias";"RICMS/SE - Decreto 21.400/2002 c/c PT 10/92";"Art. 681, I do RICMS/02 e Port. 263/2023";"Proibida PM Lager"
22030000;0302100;;19;S;"Bebidas frias";"RICMS/SE - Decreto 21.400/2002 c/c PT 10/92";"Art. 681, I do RICMS/02 e Port. 263/2023";"Samba"
22030000;0302100;;19;S;"Bebidas frias";"RICMS/SE - Decreto 21.400/2002 c/c PT 10/92";"Art. 681, I do RICMS/02 e Port. 263/2023";"Schin"
22030000;0302100;;19;S;"Bebidas frias";"RICMS/SE - Decreto 21.400/2002 c/c PT 10/92";"Art. 681, I do RICMS/02 e Port. 263/2023";"Serras Gerais Pilsen"
22030000;0302100;;19;S;"Bebidas frias";"RICMS/SE - Decreto 21.400/2002 c/c PT 10/92";"Art. 681, I do RICMS/02 e Port. 263/2023";"Serramalte"
22030000;0302100;;19;S;"Bebidas frias";"RICMS/SE - Decreto 21.400/2002 c/c PT 10/92";"Art. 681, I do RICMS/02 e Port. 263/2023";"Skol Pilsen"
22030000;0302100;;19;S;"Bebidas frias";"RICMS/SE - Decreto 21.400/2002 c/c PT 10/92";"Art. 681, I do RICMS/02 e Port. 263/2023";"Skol Puro Malte"
22030000;0302100;;19;S;"Bebidas frias";"RICMS/SE - Decreto 21.400/2002 c/c PT 10/92";"Art. 681, I do RICMS/02 e Port. 263/2023";"Spaten"
22030000;0302100;;19;S;"Bebidas frias";"RICMS/SE - Decreto 21.400/2002 c/c PT 10/92";"Art. 681, I do RICMS/02 e Port. 263/2023";"Stella Artois 550/600 ml"
22030000;0302100;;19;S;"Bebidas frias";"RICMS/SE - Decreto 21.400/2002 c/c PT 10/92";"Art. 681, I do RICMS/02 e Port. 263/2023";"Tiger"
22030000;0302100;;19;S;"Bebidas frias";"RICMS/SE - Decreto 21.400/2002 c/c PT 10/92";"Art. 681, I do RICMS/02 e Port. 263/2023";"Outras"
22030000;0302100;;19;S;"Bebidas frias";"RICMS/SE - Decreto 21.400/2002 c/c PT 10/92";"Art. 681, I do RICMS/02 e Port. 263/2023";"Amstel"
22030000;0302100;;19;S;"Bebidas frias";"RICMS/SE - Decreto 21.400/2002 c/c PT 10/92";"Art. 681, I do RICMS/02 e Port. 263/2023";"Antarctica Pilsen Descartável"
22030000;0302100;;19;S;"Bebidas frias";"RICMS/SE - Decreto 21.400/2002 c/c PT 10/92";"Art. 681, I do RICMS/02 e Port. 263/2023";"Antarctica Pilsen Retornável"
22030000;0302100;;19;S;"Bebidas frias";"RICMS/SE - Decreto 21.400/2002 c/c PT 10/92";"Art. 681, I do RICMS/02 e Port. 263/2023";"Antarctica Sub Zero Retornável"
22030000;0302100;;19;S;"Bebidas frias";"RICMS/SE - Decreto 21.400/2002 c/c PT 10/92";"Art. 681, I do RICMS/02 e Port. 263/2023";"Bohemia"
22030000;0302100;;19;S;"Bebidas frias";"RICMS/SE - Decreto 21.400/2002 c/c PT 10/92";"Art. 681, I do RICMS/02 e Port. 263/2023";"Brahma Descartável"
22030000;0302100;;19;S;"Bebidas frias";"RICMS/SE - Decreto 21.400/2002 c/c PT 10/92";"Art. 681, I do RICMS/02 e Port. 263/2023";"Brahma Retornável"
22030000;0302100;;19;S;"Bebidas frias";"RICMS/SE - Decreto 21.400/2002 c/c PT 10/92";"Art. 681, I do RICMS/02 e Port. 263/2023";"Brahma Duplo Malte Retornável"
22030000;0302100;;19;S;"Bebidas frias";"RICMS/SE - Decreto 21.400/2002 c/c PT 10/92";"Art. 681, I do RICMS/02 e Port. 263/2023";"Budweiser 990 ml"
22030000;0302100;;19;S;"Bebidas frias";"RICMS/SE - Decreto 21.400/2002 c/c PT 10/92";"Art. 681, I do RICMS/02 e Port. 263/2023";"Burguesa Retornável"
22030000;0302100;;19;S;"Bebidas frias";"RICMS/SE - Decreto 21.400/2002 c/c PT 10/92";"Art. 681, I do RICMS/02 e Port. 263/2023";"Conti retornável"
22030000;0302100;;19;S;"Bebidas frias";"RICMS/SE - Decreto 21.400/2002 c/c PT 10/92";"Art. 681, I do RICMS/02 e Port. 263/2023";"Conti  Zero Grau Retornável"
22030000;0302100;;19;S;"Bebidas frias";"RICMS/SE - Decreto 21.400/2002 c/c PT 10/92";"Art. 681, I do RICMS/02 e Port. 263/2023";"Crystal Pilsen Retornável"
22030000;0302100;;19;S;"Bebidas frias";"RICMS/SE - Decreto 21.400/2002 c/c PT 10/92";"Art. 681, I do RICMS/02 e Port. 263/2023";"Devassa retornável"
22030000;0302100;;19;S;"Bebidas frias";"RICMS/SE - Decreto 21.400/2002 c/c PT 10/92";"Art. 681, I do RICMS/02 e Port. 263/2023";"Glacial Retornável"
22030000;0302100;;19;S;"Bebidas frias";"RICMS/SE - Decreto 21.400/2002 c/c PT 10/92";"Art. 681, I do RICMS/02 e Port. 263/2023";"Itaipava Pilsen Descartável"
22030000;0302100;;19;S;"Bebidas frias";"RICMS/SE - Decreto 21.400/2002 c/c PT 10/92";"Art. 681, I do RICMS/02 e Port. 263/2023";"Itaipava Pilsen Retornável"
22030000;0302100;;19;S;"Bebidas frias";"RICMS/SE - Decreto 21.400/2002 c/c PT 10/92";"Art. 681, I do RICMS/02 e Port. 263/2023";"Itaipava 100% Malte Descartável"
22030000;0302100;;19;S;"Bebidas frias";"RICMS/SE - Decreto 21.400/2002 c/c PT 10/92";"Art. 681, I do RICMS/02 e Port. 263/2023";"Itaipava 100% Malte Retornável"
22030000;0302100;;19;S;"Bebidas frias";"RICMS/SE - Decreto 21.400/2002 c/c PT 10/92";"Art. 681, I do RICMS/02 e Port. 263/2023";"Lokal Pilsen"
22030000;0302100;;19;S;"Bebidas frias";"RICMS/SE - Decreto 21.400/2002 c/c PT 10/92";"Art. 681, I do RICMS/02 e Port. 263/2023";"No Grau Retornável"
22030000;0302100;;19;S;"Bebidas frias";"RICMS/SE - Decreto 21.400/2002 c/c PT 10/92";"Art. 681, I do RICMS/02 e Port. 263/2023";"Norteña 960 ml"
22030000;0302100;;19;S;"Bebidas frias";"RICMS/SE - Decreto 21.400/2002 c/c PT 10/92";"Art. 681, I do RICMS/02 e Port. 263/2023";"Original"
22030000;0302100;;19;S;"Bebidas frias";"RICMS/SE - Decreto 21.400/2002 c/c PT 10/92";"Art. 681, I do RICMS/02 e Port. 263/2023";"Petra Puro Malte"
22030000;0302100;;19;S;"Bebidas frias";"RICMS/SE - Decreto 21.400/2002 c/c PT 10/92";"Art. 681, I do RICMS/02 e Port. 263/2023";"Proibida Retornável"
22030000;0302100;;19;S;"Bebidas frias";"RICMS/SE - Decreto 21.400/2002 c/c PT 10/92";"Art. 681, I do RICMS/02 e Port. 263/2023";"Quilmes Descartável"
22030000;0302100;;19;S;"Bebidas frias";"RICMS/SE - Decreto 21.400/2002 c/c PT 10/92";"Art. 681, I do RICMS/02 e Port. 263/2023";"Samba"
22030000;0302100;;19;S;"Bebidas frias";"RICMS/SE - Decreto 21.400/2002 c/c PT 10/92";"Art. 681, I do RICMS/02 e Port. 263/2023";"Schin Pilsen Descartável"
22030000;0302100;;19;S;"Bebidas frias";"RICMS/SE - Decreto 21.400/2002 c/c PT 10/92";"Art. 681, I do RICMS/02 e Port. 263/2023";"Schin Pilsen Retornável"
22030000;0302100;;19;S;"Bebidas frias";"RICMS/SE - Decreto 21.400/2002 c/c PT 10/92";"Art. 681, I do RICMS/02 e Port. 263/2023";"Skol Descartável"
22030000;0302100;;19;S;"Bebidas frias";"RICMS/SE - Decreto 21.400/2002 c/c PT 10/92";"Art. 681, I do RICMS/02 e Port. 263/2023";"Skol Retornável"
22030000;0302100;;19;S;"Bebidas frias";"RICMS/SE - Decreto 21.400/2002 c/c PT 10/92";"Art. 681, I do RICMS/02 e Port. 263/2023";"Skol Puro Malte Retornável"
22030000;0302100;;19;S;"Bebidas frias";"RICMS/SE - Decreto 21.400/2002 c/c PT 10/92";"Art. 681, I do RICMS/02 e Port. 263/2023";"Outras (importadas)"
22030000;0302100;;19;S;"Bebidas frias";"RICMS/SE - Decreto 21.400/2002 c/c PT 10/92";"Art. 681, I do RICMS/02 e Port. 263/2023";"Outras (nacionais)"
22030000;0302105;;19;S;"Bebidas frias";"RICMS/SE - Decreto 21.400/2002 c/c PT 10/92";"Art. 681, I do RICMS/02 e Port. 263/2023";"Scholer's Bier German Pilsen 1000 ml"
22030000;0302105;;19;S;"Bebidas frias";"RICMS/SE - Decreto 21.400/2002 c/c PT 10/92";"Art. 681, I do RICMS/02 e Port. 263/2023";"Scholer's Bier IPA 1000 ml"
22030000;0302105;;19;S;"Bebidas frias";"RICMS/SE - Decreto 21.400/2002 c/c PT 10/92";"Art. 681, I do RICMS/02 e Port. 263/2023";"Scholer's Bier Pilsen 1000 ml"
22030000;0302105;;19;S;"Bebidas frias";"RICMS/SE - Decreto 21.400/2002 c/c PT 10/92";"Art. 681, I do RICMS/02 e Port. 263/2023";"Outras"
22030000;0302100;;19;S;"Bebidas frias";"RICMS/SE - Decreto 21.400/2002 c/c PT 10/92";"Art. 681, I do RICMS/02 e Port. 263/2023";"Cerpa Export"
22030000;0302100;;19;S;"Bebidas frias";"RICMS/SE - Decreto 21.400/2002 c/c PT 10/92";"Art. 681, I do RICMS/02 e Port. 263/2023";"Cerpa Tijuca"
22030000;0302100;;19;S;"Bebidas frias";"RICMS/SE - Decreto 21.400/2002 c/c PT 10/92";"Art. 681, I do RICMS/02 e Port. 263/2023";"Outras"
22030000;0302100;;19;S;"Bebidas frias";"RICMS/SE - Decreto 21.400/2002 c/c PT 10/92";"Art. 681, I do RICMS/02 e Port. 263/2023";"Coronita Extra Nac"
22030000;0302100;;19;S;"Bebidas frias";"RICMS/SE - Decreto 21.400/2002 c/c PT 10/92";"Art. 681, I do RICMS/02 e Port. 263/2023";"Estrella Galicia"
22030000;0302100;;19;S;"Bebidas frias";"RICMS/SE - Decreto 21.400/2002 c/c PT 10/92";"Art. 681, I do RICMS/02 e Port. 263/2023";"Império Gold 210 ml"
22030000;0302100;;19;S;"Bebidas frias";"RICMS/SE - Decreto 21.400/2002 c/c PT 10/92";"Art. 681, I do RICMS/02 e Port. 263/2023";"Outras"
22030000;0302100;;19;S;"Bebidas frias";"RICMS/SE - Decreto 21.400/2002 c/c PT 10/92";"Art. 681, I do RICMS/02 e Port. 263/2023";"Bavaria Pilsen"
22030000;0302100;;19;S;"Bebidas frias";"RICMS/SE - Decreto 21.400/2002 c/c PT 10/92";"Art. 681, I do RICMS/02 e Port. 263/2023";"Crystal Pilsen"
22030000;0302100;;19;S;"Bebidas frias";"RICMS/SE - Decreto 21.400/2002 c/c PT 10/92";"Art. 681, I do RICMS/02 e Port. 263/2023";"Ekaut"
22030000;0302100;;19;S;"Bebidas frias";"RICMS/SE - Decreto 21.400/2002 c/c PT 10/92";"Art. 681, I do RICMS/02 e Port. 263/2023";"Estrella Galicia 0,0"
22030000;0302100;;19;S;"Bebidas frias";"RICMS/SE - Decreto 21.400/2002 c/c PT 10/92";"Art. 681, I do RICMS/02 e Port. 263/2023";"Estrella Galicia 0,0 álcool Black"
22030000;0302100;;19;S;"Bebidas frias";"RICMS/SE - Decreto 21.400/2002 c/c PT 10/92";"Art. 681, I do RICMS/02 e Port. 263/2023";"Estrella Galicia 0,0 álcool tostada"
22030000;0302100;;19;S;"Bebidas frias";"RICMS/SE - Decreto 21.400/2002 c/c PT 10/92";"Art. 681, I do RICMS/02 e Port. 263/2023";"Heineken"
22030000;0302100;;19;S;"Bebidas frias";"RICMS/SE - Decreto 21.400/2002 c/c PT 10/92";"Art. 681, I do RICMS/02 e Port. 263/2023";"Império Pilsen"
22030000;0302100;;19;S;"Bebidas frias";"RICMS/SE - Decreto 21.400/2002 c/c PT 10/92";"Art. 681, I do RICMS/02 e Port. 263/2023";"Império Lager"
22030000;0302100;;19;S;"Bebidas frias";"RICMS/SE - Decreto 21.400/2002 c/c PT 10/92";"Art. 681, I do RICMS/02 e Port. 263/2023";"Império Ultra"
22030000;0302100;;19;S;"Bebidas frias";"RICMS/SE - Decreto 21.400/2002 c/c PT 10/92";"Art. 681, I do RICMS/02 e Port. 263/2023";"Itaipava Pilsen"
22030000;0302100;;19;S;"Bebidas frias";"RICMS/SE - Decreto 21.400/2002 c/c PT 10/92";"Art. 681, I do RICMS/02 e Port. 263/2023";"Kaiser"
22030000;0302100;;19;S;"Bebidas frias";"RICMS/SE - Decreto 21.400/2002 c/c PT 10/92";"Art. 681, I do RICMS/02 e Port. 263/2023";"Skol Pilsen"
22030000;0302100;;19;S;"Bebidas frias";"RICMS/SE - Decreto 21.400/2002 c/c PT 10/92";"Art. 681, I do RICMS/02 e Port. 263/2023";"Skol Puro Malte"
22030000;0302100;;19;S;"Bebidas frias";"RICMS/SE - Decreto 21.400/2002 c/c PT 10/92";"Art. 681, I do RICMS/02 e Port. 263/2023";"Stela Artois"
22030000;0302100;;19;S;"Bebidas frias";"RICMS/SE - Decreto 21.400/2002 c/c PT 10/92";"Art. 681, I do RICMS/02 e Port. 263/2023";"Outros"
22030000;0302100;;19;S;"Bebidas frias";"RICMS/SE - Decreto 21.400/2002 c/c PT 10/92";"Art. 681, I do RICMS/02 e Port. 263/2023";"1500 300 ml"
22030000;0302100;;19;S;"Bebidas frias";"RICMS/SE - Decreto 21.400/2002 c/c PT 10/92";"Art. 681, I do RICMS/02 e Port. 263/2023";"1500 330 ml"
22030000;0302100;;19;S;"Bebidas frias";"RICMS/SE - Decreto 21.400/2002 c/c PT 10/92";"Art. 681, I do RICMS/02 e Port. 263/2023";"1906"
22030000;0302100;;19;S;"Bebidas frias";"RICMS/SE - Decreto 21.400/2002 c/c PT 10/92";"Art. 681, I do RICMS/02 e Port. 263/2023";"1906 Black Coupage 330 ml"
22030000;0302100;;19;S;"Bebidas frias";"RICMS/SE - Decreto 21.400/2002 c/c PT 10/92";"Art. 681, I do RICMS/02 e Port. 263/2023";"1906 Red Vintage"
22030000;0302100;;19;S;"Bebidas frias";"RICMS/SE - Decreto 21.400/2002 c/c PT 10/92";"Art. 681, I do RICMS/02 e Port. 263/2023";"Almada 300 ml"
22030000;0302100;;19;S;"Bebidas frias";"RICMS/SE - Decreto 21.400/2002 c/c PT 10/92";"Art. 681, I do RICMS/02 e Port. 263/2023";"Almada 330 ml"
22030000;0302100;;19;S;"Bebidas frias";"RICMS/SE - Decreto 21.400/2002 c/c PT 10/92";"Art. 681, I do RICMS/02 e Port. 263/2023";"Antarctica Cristal"
22030000;0302100;;19;S;"Bebidas frias";"RICMS/SE - Decreto 21.400/2002 c/c PT 10/92";"Art. 681, I do RICMS/02 e Port. 263/2023";"Antarctica Pilsen"
22030000;0302100;;19;S;"Bebidas frias";"RICMS/SE - Decreto 21.400/2002 c/c PT 10/92";"Art. 681, I do RICMS/02 e Port. 263/2023";"Baden Baden Bock 300ml"
22030000;0302100;;19;S;"Bebidas frias";"RICMS/SE - Decreto 21.400/2002 c/c PT 10/92";"Art. 681, I do RICMS/02 e Port. 263/2023";"Becks 330 ml"
22030000;0302100;;19;S;"Bebidas frias";"RICMS/SE - Decreto 21.400/2002 c/c PT 10/92";"Art. 681, I do RICMS/02 e Port. 263/2023";"Bendicta Pilsen 300 ml"
22030000;0302100;;19;S;"Bebidas frias";"RICMS/SE - Decreto 21.400/2002 c/c PT 10/92";"Art. 681, I do RICMS/02 e Port. 263/2023";"Black Princess Gold"
22030000;0302100;;19;S;"Bebidas frias";"RICMS/SE - Decreto 21.400/2002 c/c PT 10/92";"Art. 681, I do RICMS/02 e Port. 263/2023";"Black Princess Outras"
22030000;0302100;;19;S;"Bebidas frias";"RICMS/SE - Decreto 21.400/2002 c/c PT 10/92";"Art. 681, I do RICMS/02 e Port. 263/2023";"Blue Moon Belgian White"
22030000;0302100;;19;S;"Bebidas frias";"RICMS/SE - Decreto 21.400/2002 c/c PT 10/92";"Art. 681, I do RICMS/02 e Port. 263/2023";"Bohemia"
22030000;0302100;;19;S;"Bebidas frias";"RICMS/SE - Decreto 21.400/2002 c/c PT 10/92";"Art. 681, I do RICMS/02 e Port. 263/2023";"Bohemia Escura"
22030000;0302100;;19;S;"Bebidas frias";"RICMS/SE - Decreto 21.400/2002 c/c PT 10/92";"Art. 681, I do RICMS/02 e Port. 263/2023";"Brahama Extra Lager/Red/Weiss"
22030000;0302100;;19;S;"Bebidas frias";"RICMS/SE - Decreto 21.400/2002 c/c PT 10/92";"Art. 681, I do RICMS/02 e Port. 263/2023";"Brahma 0 % Álcool"
22030000;0302100;;19;S;"Bebidas frias";"RICMS/SE - Decreto 21.400/2002 c/c PT 10/92";"Art. 681, I do RICMS/02 e Port. 263/2023";"Brahma Chopp"
22030000;0302100;;19;S;"Bebidas frias";"RICMS/SE - Decreto 21.400/2002 c/c PT 10/92";"Art. 681, I do RICMS/02 e Port. 263/2023";"Brahma Chopp 300 ml"
22030000;0302100;;19;S;"Bebidas frias";"RICMS/SE - Decreto 21.400/2002 c/c PT 10/92";"Art. 681, I do RICMS/02 e Port. 263/2023";"Brahma Duplo Malte 330 ml"
22030000;0302100;;19;S;"Bebidas frias";"RICMS/SE - Decreto 21.400/2002 c/c PT 10/92";"Art. 681, I do RICMS/02 e Port. 263/2023";"Brahma Malzbier"
22030000;0302100;;19;S;"Bebidas frias";"RICMS/SE - Decreto 21.400/2002 c/c PT 10/92";"Art. 681, I do RICMS/02 e Port. 263/2023";"Brooklin East Ipa"
22030000;0302100;;19;S;"Bebidas frias";"RICMS/SE - Decreto 21.400/2002 c/c PT 10/92";"Art. 681, I do RICMS/02 e Port. 263/2023";"Brooklin Lager"
22030000;0302100;;19;S;"Bebidas frias";"RICMS/SE - Decreto 21.400/2002 c/c PT 10/92";"Art. 681, I do RICMS/02 e Port. 263/2023";"Brussels"
22030000;0302100;;19;S;"Bebidas frias";"RICMS/SE - Decreto 21.400/2002 c/c PT 10/92";"Art. 681, I do RICMS/02 e Port. 263/2023";"Budweiser"
22030000;0302100;;19;S;"Bebidas frias";"RICMS/SE - Decreto 21.400/2002 c/c PT 10/92";"Art. 681, I do RICMS/02 e Port. 263/2023";"Budweiser 0,0%"
22030000;0302100;;19;S;"Bebidas frias";"RICMS/SE - Decreto 21.400/2002 c/c PT 10/92";"Art. 681, I do RICMS/02 e Port. 263/2023";"Burguesa 300 ml"
22030000;0302100;;19;S;"Bebidas frias";"RICMS/SE - Decreto 21.400/2002 c/c PT 10/92";"Art. 681, I do RICMS/02 e Port. 263/2023";"Burguesa 330 ml"
22030000;0302100;;19;S;"Bebidas frias";"RICMS/SE - Decreto 21.400/2002 c/c PT 10/92";"Art. 681, I do RICMS/02 e Port. 263/2023";"Cabaré 330 ml"
22030000;0302100;;19;S;"Bebidas frias";"RICMS/SE - Decreto 21.400/2002 c/c PT 10/92";"Art. 681, I do RICMS/02 e Port. 263/2023";"Cacildis Amber Lager"
22030000;0302100;;19;S;"Bebidas frias";"RICMS/SE - Decreto 21.400/2002 c/c PT 10/92";"Art. 681, I do RICMS/02 e Port. 263/2023";"Capunga"
22030000;0302100;;19;S;"Bebidas frias";"RICMS/SE - Decreto 21.400/2002 c/c PT 10/92";"Art. 681, I do RICMS/02 e Port. 263/2023";"Caracu"
22030000;0302100;;19;S;"Bebidas frias";"RICMS/SE - Decreto 21.400/2002 c/c PT 10/92";"Art. 681, I do RICMS/02 e Port. 263/2023";"Cerpa Draft"
22030000;0302100;;19;S;"Bebidas frias";"RICMS/SE - Decreto 21.400/2002 c/c PT 10/92";"Art. 681, I do RICMS/02 e Port. 263/2023";"Cerpa Export"
22030000;0302100;;19;S;"Bebidas frias";"RICMS/SE - Decreto 21.400/2002 c/c PT 10/92";"Art. 681, I do RICMS/02 e Port. 263/2023";"Cerpa Gold"
22030000;0302100;;19;S;"Bebidas frias";"RICMS/SE - Decreto 21.400/2002 c/c PT 10/92";"Art. 681, I do RICMS/02 e Port. 263/2023";"Cerpa Prime 310 ml"
22030000;0302100;;19;S;"Bebidas frias";"RICMS/SE - Decreto 21.400/2002 c/c PT 10/92";"Art. 681, I do RICMS/02 e Port. 263/2023";"Cerpa Tijuca"
22030000;0302100;;19;S;"Bebidas frias";"RICMS/SE - Decreto 21.400/2002 c/c PT 10/92";"Art. 681, I do RICMS/02 e Port. 263/2023";"Cerpa Tijuca Puro malte"
22030000;0302100;;19;S;"Bebidas frias";"RICMS/SE - Decreto 21.400/2002 c/c PT 10/92";"Art. 681, I do RICMS/02 e Port. 263/2023";"Cidade Imperio Dunkel"
22030000;0302100;;19;S;"Bebidas frias";"RICMS/SE - Decreto 21.400/2002 c/c PT 10/92";"Art. 681, I do RICMS/02 e Port. 263/2023";"Cidade Imperio Helles"
22030000;0302100;;19;S;"Bebidas frias";"RICMS/SE - Decreto 21.400/2002 c/c PT 10/92";"Art. 681, I do RICMS/02 e Port. 263/2023";"Cidade Imperio Pilsen"
22030000;0302100;;19;S;"Bebidas frias";"RICMS/SE - Decreto 21.400/2002 c/c PT 10/92";"Art. 681, I do RICMS/02 e Port. 263/2023";"Colina Pilsen 300 ml"
22030000;0302100;;19;S;"Bebidas frias";"RICMS/SE - Decreto 21.400/2002 c/c PT 10/92";"Art. 681, I do RICMS/02 e Port. 263/2023";"Colina Puro Malte"
22030000;0302100;;19;S;"Bebidas frias";"RICMS/SE - Decreto 21.400/2002 c/c PT 10/92";"Art. 681, I do RICMS/02 e Port. 263/2023";"Colorado 300 ml"
22030000;0302100;;19;S;"Bebidas frias";"RICMS/SE - Decreto 21.400/2002 c/c PT 10/92";"Art. 681, I do RICMS/02 e Port. 263/2023";"Colorado Lager 300 ml"
22030000;0302100;;19;S;"Bebidas frias";"RICMS/SE - Decreto 21.400/2002 c/c PT 10/92";"Art. 681, I do RICMS/02 e Port. 263/2023";"Colorado Lager"
22030000;0302100;;19;S;"Bebidas frias";"RICMS/SE - Decreto 21.400/2002 c/c PT 10/92";"Art. 681, I do RICMS/02 e Port. 263/2023";"Conti 300 ml"
22030000;0302100;;19;S;"Bebidas frias";"RICMS/SE - Decreto 21.400/2002 c/c PT 10/92";"Art. 681, I do RICMS/02 e Port. 263/2023";"Conti  Zero Grau  300 ml"
22030000;0302100;;19;S;"Bebidas frias";"RICMS/SE - Decreto 21.400/2002 c/c PT 10/92";"Art. 681, I do RICMS/02 e Port. 263/2023";"Corona Extra Nacional"
22030000;0302100;;19;S;"Bebidas frias";"RICMS/SE - Decreto 21.400/2002 c/c PT 10/92";"Art. 681, I do RICMS/02 e Port. 263/2023";"Corona Sunbrew"
22030000;0302100;;19;S;"Bebidas frias";"RICMS/SE - Decreto 21.400/2002 c/c PT 10/92";"Art. 681, I do RICMS/02 e Port. 263/2023";"Crystalm Pilsen 300 ml"
22030000;0302100;;19;S;"Bebidas frias";"RICMS/SE - Decreto 21.400/2002 c/c PT 10/92";"Art. 681, I do RICMS/02 e Port. 263/2023";"Devassa 300 ml"
22030000;0302100;;19;S;"Bebidas frias";"RICMS/SE - Decreto 21.400/2002 c/c PT 10/92";"Art. 681, I do RICMS/02 e Port. 263/2023";"Ditriguis"
22030000;0302100;;19;S;"Bebidas frias";"RICMS/SE - Decreto 21.400/2002 c/c PT 10/92";"Art. 681, I do RICMS/02 e Port. 263/2023";"Dos Equis"
22030000;0302100;;19;S;"Bebidas frias";"RICMS/SE - Decreto 21.400/2002 c/c PT 10/92";"Art. 681, I do RICMS/02 e Port. 263/2023";"Eisenbahn 355ml"
22030000;0302100;;19;S;"Bebidas frias";"RICMS/SE - Decreto 21.400/2002 c/c PT 10/92";"Art. 681, I do RICMS/02 e Port. 263/2023";"Eisenbahn Unfiltered Pilsen"
22030000;0302100;;19;S;"Bebidas frias";"RICMS/SE - Decreto 21.400/2002 c/c PT 10/92";"Art. 681, I do RICMS/02 e Port. 263/2023";"Ekaut Pilsener"
22030000;0302100;;19;S;"Bebidas frias";"RICMS/SE - Decreto 21.400/2002 c/c PT 10/92";"Art. 681, I do RICMS/02 e Port. 263/2023";"Extrela Galicia 330 ml"
22030000;0302100;;19;S;"Bebidas frias";"RICMS/SE - Decreto 21.400/2002 c/c PT 10/92";"Art. 681, I do RICMS/02 e Port. 263/2023";"Extrela Galicia 330 ml Menor teor de glúten"
22030000;0302100;;19;S;"Bebidas frias";"RICMS/SE - Decreto 21.400/2002 c/c PT 10/92";"Art. 681, I do RICMS/02 e Port. 263/2023";"Extrela Galicia 355 ml"
22030000;0302100;;19;S;"Bebidas frias";"RICMS/SE - Decreto 21.400/2002 c/c PT 10/92";"Art. 681, I do RICMS/02 e Port. 263/2023";"Forevis"
22030000;0302100;;19;S;"Bebidas frias";"RICMS/SE - Decreto 21.400/2002 c/c PT 10/92";"Art. 681, I do RICMS/02 e Port. 263/2023";"Goose Island"
22030000;0302100;;19;S;"Bebidas frias";"RICMS/SE - Decreto 21.400/2002 c/c PT 10/92";"Art. 681, I do RICMS/02 e Port. 263/2023";"Heineken 330 ml"
22030000;0302100;;19;S;"Bebidas frias";"RICMS/SE - Decreto 21.400/2002 c/c PT 10/92";"Art. 681, I do RICMS/02 e Port. 263/2023";"Heineken 0% 330 ml"
22030000;0302100;;19;S;"Bebidas frias";"RICMS/SE - Decreto 21.400/2002 c/c PT 10/92";"Art. 681, I do RICMS/02 e Port. 263/2023";"Hoegaarden"
22030000;0302100;;19;S;"Bebidas frias";"RICMS/SE - Decreto 21.400/2002 c/c PT 10/92";"Art. 681, I do RICMS/02 e Port. 263/2023";"Império Lager"
22030000;0302100;;19;S;"Bebidas frias";"RICMS/SE - Decreto 21.400/2002 c/c PT 10/92";"Art. 681, I do RICMS/02 e Port. 263/2023";"Império Pilsen"
22030000;0302100;;19;S;"Bebidas frias";"RICMS/SE - Decreto 21.400/2002 c/c PT 10/92";"Art. 681, I do RICMS/02 e Port. 263/2023";"Itaipava 300 ml"
22030000;0302100;;19;S;"Bebidas frias";"RICMS/SE - Decreto 21.400/2002 c/c PT 10/92";"Art. 681, I do RICMS/02 e Port. 263/2023";"Ita-Draft"
22030000;0302100;;19;S;"Bebidas frias";"RICMS/SE - Decreto 21.400/2002 c/c PT 10/92";"Art. 681, I do RICMS/02 e Port. 263/2023";"Itaipava Malzebier"
22030000;0302100;;19;S;"Bebidas frias";"RICMS/SE - Decreto 21.400/2002 c/c PT 10/92";"Art. 681, I do RICMS/02 e Port. 263/2023";"Itaipava Pilsen"
22030000;0302100;;19;S;"Bebidas frias";"RICMS/SE - Decreto 21.400/2002 c/c PT 10/92";"Art. 681, I do RICMS/02 e Port. 263/2023";"Itaipava 100% Malte 300 ml"
22030000;0302100;;19;S;"Bebidas frias";"RICMS/SE - Decreto 21.400/2002 c/c PT 10/92";"Art. 681, I do RICMS/02 e Port. 263/2023";"Itaipava 100% Malte"
22030000;0302100;;19;S;"Bebidas frias";"RICMS/SE - Decreto 21.400/2002 c/c PT 10/92";"Art. 681, I do RICMS/02 e Port. 263/2023";"Itaipava Zero Álcool"
22030000;0302100;;19;S;"Bebidas frias";"RICMS/SE - Decreto 21.400/2002 c/c PT 10/92";"Art. 681, I do RICMS/02 e Port. 263/2023";"Kirin Ichiban"
22030000;0302100;;19;S;"Bebidas frias";"RICMS/SE - Decreto 21.400/2002 c/c PT 10/92";"Art. 681, I do RICMS/02 e Port. 263/2023";"Kona"
22030000;0302100;;19;S;"Bebidas frias";"RICMS/SE - Decreto 21.400/2002 c/c PT 10/92";"Art. 681, I do RICMS/02 e Port. 263/2023";"Lagunitas Ipa"
22030000;0302100;;19;S;"Bebidas frias";"RICMS/SE - Decreto 21.400/2002 c/c PT 10/92";"Art. 681, I do RICMS/02 e Port. 263/2023";"Leffe"
22030000;0302100;;19;S;"Bebidas frias";"RICMS/SE - Decreto 21.400/2002 c/c PT 10/92";"Art. 681, I do RICMS/02 e Port. 263/2023";"Maniacs Aloha"
22030000;0302100;;19;S;"Bebidas frias";"RICMS/SE - Decreto 21.400/2002 c/c PT 10/92";"Art. 681, I do RICMS/02 e Port. 263/2023";"Maniacs Belgian Wit"
22030000;0302100;;19;S;"Bebidas frias";"RICMS/SE - Decreto 21.400/2002 c/c PT 10/92";"Art. 681, I do RICMS/02 e Port. 263/2023";"Maniacs Craft Lager"
22030000;0302100;;19;S;"Bebidas frias";"RICMS/SE - Decreto 21.400/2002 c/c PT 10/92";"Art. 681, I do RICMS/02 e Port. 263/2023";"Maniacs IPA"
22030000;0302100;;19;S;"Bebidas frias";"RICMS/SE - Decreto 21.400/2002 c/c PT 10/92";"Art. 681, I do RICMS/02 e Port. 263/2023";"Michelob"
22030000;0302100;;19;S;"Bebidas frias";"RICMS/SE - Decreto 21.400/2002 c/c PT 10/92";"Art. 681, I do RICMS/02 e Port. 263/2023";"Nova Extrela Puro Malte"
22030000;0302100;;19;S;"Bebidas frias";"RICMS/SE - Decreto 21.400/2002 c/c PT 10/92";"Art. 681, I do RICMS/02 e Port. 263/2023";"O'hara's Irish Stout"
22030000;0302100;;19;S;"Bebidas frias";"RICMS/SE - Decreto 21.400/2002 c/c PT 10/92";"Art. 681, I do RICMS/02 e Port. 263/2023";"O'hara's Irish Pale Ale"
22030000;0302100;;19;S;"Bebidas frias";"RICMS/SE - Decreto 21.400/2002 c/c PT 10/92";"Art. 681, I do RICMS/02 e Port. 263/2023";"O'hara's Irish Red"
22030000;0302100;;19;S;"Bebidas frias";"RICMS/SE - Decreto 21.400/2002 c/c PT 10/92";"Art. 681, I do RICMS/02 e Port. 263/2023";"Original 300/330 ml"
22030000;0302100;;19;S;"Bebidas frias";"RICMS/SE - Decreto 21.400/2002 c/c PT 10/92";"Art. 681, I do RICMS/02 e Port. 263/2023";"Patagonia"
22030000;0302100;;19;S;"Bebidas frias";"RICMS/SE - Decreto 21.400/2002 c/c PT 10/92";"Art. 681, I do RICMS/02 e Port. 263/2023";"Paulaner Salvator 330 ml"
22030000;0302100;;19;S;"Bebidas frias";"RICMS/SE - Decreto 21.400/2002 c/c PT 10/92";"Art. 681, I do RICMS/02 e Port. 263/2023";"Petra Premium Escura"
22030000;0302100;;19;S;"Bebidas frias";"RICMS/SE - Decreto 21.400/2002 c/c PT 10/92";"Art. 681, I do RICMS/02 e Port. 263/2023";"Petra Puro Malte"
22030000;0302100;;19;S;"Bebidas frias";"RICMS/SE - Decreto 21.400/2002 c/c PT 10/92";"Art. 681, I do RICMS/02 e Port. 263/2023";"Petra Puro Malte 300 ml"
22030000;0302100;;19;S;"Bebidas frias";"RICMS/SE - Decreto 21.400/2002 c/c PT 10/92";"Art. 681, I do RICMS/02 e Port. 263/2023";"Proibida"
22030000;0302100;;19;S;"Bebidas frias";"RICMS/SE - Decreto 21.400/2002 c/c PT 10/92";"Art. 681, I do RICMS/02 e Port. 263/2023";"Proibida 300 ml"
22030000;0302100;;19;S;"Bebidas frias";"RICMS/SE - Decreto 21.400/2002 c/c PT 10/92";"Art. 681, I do RICMS/02 e Port. 263/2023";"Proibida PM Lager"
22030000;0302100;;19;S;"Bebidas frias";"RICMS/SE - Decreto 21.400/2002 c/c PT 10/92";"Art. 681, I do RICMS/02 e Port. 263/2023";"Proibida Puro Malte"
22030000;0302100;;19;S;"Bebidas frias";"RICMS/SE - Decreto 21.400/2002 c/c PT 10/92";"Art. 681, I do RICMS/02 e Port. 263/2023";"Proibida Puro Malte Forte"
22030000;0302100;;19;S;"Bebidas frias";"RICMS/SE - Decreto 21.400/2002 c/c PT 10/92";"Art. 681, I do RICMS/02 e Port. 263/2023";"Proibida Puro Malte Leve"
22030000;0302100;;19;S;"Bebidas frias";"RICMS/SE - Decreto 21.400/2002 c/c PT 10/92";"Art. 681, I do RICMS/02 e Port. 263/2023";"Proibida Puro Malte Rosa Vermelha Mulher"
22030000;0302100;;19;S;"Bebidas frias";"RICMS/SE - Decreto 21.400/2002 c/c PT 10/92";"Art. 681, I do RICMS/02 e Port. 263/2023";"Samba 300 ml"
22030000;0302100;;19;S;"Bebidas frias";"RICMS/SE - Decreto 21.400/2002 c/c PT 10/92";"Art. 681, I do RICMS/02 e Port. 263/2023";"Schin Pilsen"
22030000;0302100;;19;S;"Bebidas frias";"RICMS/SE - Decreto 21.400/2002 c/c PT 10/92";"Art. 681, I do RICMS/02 e Port. 263/2023";"Schin Pilsen 300 ml"
22030000;0302100;;19;S;"Bebidas frias";"RICMS/SE - Decreto 21.400/2002 c/c PT 10/92";"Art. 681, I do RICMS/02 e Port. 263/2023";"Schin Malzbier"
22030000;0302100;;19;S;"Bebidas frias";"RICMS/SE - Decreto 21.400/2002 c/c PT 10/92";"Art. 681, I do RICMS/02 e Port. 263/2023";"Schin sem Álcool / Zero Álcool"
22030000;0302100;;19;S;"Bebidas frias";"RICMS/SE - Decreto 21.400/2002 c/c PT 10/92";"Art. 681, I do RICMS/02 e Port. 263/2023";"Serramalte 300/330 ml"
22030000;0302100;;19;S;"Bebidas frias";"RICMS/SE - Decreto 21.400/2002 c/c PT 10/92";"Art. 681, I do RICMS/02 e Port. 263/2023";"Serras Gerais Pilsen 300 ml"
22030000;0302100;;19;S;"Bebidas frias";"RICMS/SE - Decreto 21.400/2002 c/c PT 10/92";"Art. 681, I do RICMS/02 e Port. 263/2023";"Spoller Pilsen 300 ml"
22030000;0302100;;19;S;"Bebidas frias";"RICMS/SE - Decreto 21.400/2002 c/c PT 10/92";"Art. 681, I do RICMS/02 e Port. 263/2023";"Skol Pilsen"
22030000;0302100;;19;S;"Bebidas frias";"RICMS/SE - Decreto 21.400/2002 c/c PT 10/92";"Art. 681, I do RICMS/02 e Port. 263/2023";"Skol Pilsen 300 ml"
22030000;0302100;;19;S;"Bebidas frias";"RICMS/SE - Decreto 21.400/2002 c/c PT 10/92";"Art. 681, I do RICMS/02 e Port. 263/2023";"Sol Premium 330 ml"
22030000;0302100;;19;S;"Bebidas frias";"RICMS/SE - Decreto 21.400/2002 c/c PT 10/92";"Art. 681, I do RICMS/02 e Port. 263/2023";"Spaten"
22030000;0302100;;19;S;"Bebidas frias";"RICMS/SE - Decreto 21.400/2002 c/c PT 10/92";"Art. 681, I do RICMS/02 e Port. 263/2023";"Stella Artois 330 ml"
22030000;0302100;;19;S;"Bebidas frias";"RICMS/SE - Decreto 21.400/2002 c/c PT 10/92";"Art. 681, I do RICMS/02 e Port. 263/2023";"Stella Artois sem gluten 330 ml"
22030000;0302100;;19;S;"Bebidas frias";"RICMS/SE - Decreto 21.400/2002 c/c PT 10/92";"Art. 681, I do RICMS/02 e Port. 263/2023";"Stella Pure Gold"
22030000;0302100;;19;S;"Bebidas frias";"RICMS/SE - Decreto 21.400/2002 c/c PT 10/92";"Art. 681, I do RICMS/02 e Port. 263/2023";"Sul Americana"
22030000;0302100;;19;S;"Bebidas frias";"RICMS/SE - Decreto 21.400/2002 c/c PT 10/92";"Art. 681, I do RICMS/02 e Port. 263/2023";"Therezópolis Gold 330 ml"
22030000;0302100;;19;S;"Bebidas frias";"RICMS/SE - Decreto 21.400/2002 c/c PT 10/92";"Art. 681, I do RICMS/02 e Port. 263/2023";"Wals 300 ml"
22030000;0302100;;19;S;"Bebidas frias";"RICMS/SE - Decreto 21.400/2002 c/c PT 10/92";"Art. 681, I do RICMS/02 e Port. 263/2023";"Wals"
22030000;0302100;;19;S;"Bebidas frias";"RICMS/SE - Decreto 21.400/2002 c/c PT 10/92";"Art. 681, I do RICMS/02 e Port. 263/2023";"Warsteiner Premium 330 ml"
22030000;0302100;;19;S;"Bebidas frias";"RICMS/SE - Decreto 21.400/2002 c/c PT 10/92";"Art. 681, I do RICMS/02 e Port. 263/2023";"Xingu"
22030000;0302100;;19;S;"Bebidas frias";"RICMS/SE - Decreto 21.400/2002 c/c PT 10/92";"Art. 681, I do RICMS/02 e Port. 263/2023";"Outras (escuras)"
22030000;0302100;;19;S;"Bebidas frias";"RICMS/SE - Decreto 21.400/2002 c/c PT 10/92";"Art. 681, I do RICMS/02 e Port. 263/2023";"Outras (importadas)"
22030000;0302100;;19;S;"Bebidas frias";"RICMS/SE - Decreto 21.400/2002 c/c PT 10/92";"Art. 681, I do RICMS/02 e Port. 263/2023";"Outras (nacionais)"
22030000;0302100;;19;S;"Bebidas frias";"RICMS/SE - Decreto 21.400/2002 c/c PT 10/92";"Art. 681, I do RICMS/02 e Port. 263/2023";"Outras (sem álcool)"
22030000;0302100;;19;S;"Bebidas frias";"RICMS/SE - Decreto 21.400/2002 c/c PT 10/92";"Art. 681, I do RICMS/02 e Port. 263/2023";"1500"
22030000;0302100;;19;S;"Bebidas frias";"RICMS/SE - Decreto 21.400/2002 c/c PT 10/92";"Art. 681, I do RICMS/02 e Port. 263/2023";"1795   500 ml"
22030000;0302100;;19;S;"Bebidas frias";"RICMS/SE - Decreto 21.400/2002 c/c PT 10/92";"Art. 681, I do RICMS/02 e Port. 263/2023";"1906 Reserva Especial 500 ml"
22030000;0302100;;19;S;"Bebidas frias";"RICMS/SE - Decreto 21.400/2002 c/c PT 10/92";"Art. 681, I do RICMS/02 e Port. 263/2023";"Almada"
22030000;0302100;;19;S;"Bebidas frias";"RICMS/SE - Decreto 21.400/2002 c/c PT 10/92";"Art. 681, I do RICMS/02 e Port. 263/2023";"Amstel"
22030000;0302100;;19;S;"Bebidas frias";"RICMS/SE - Decreto 21.400/2002 c/c PT 10/92";"Art. 681, I do RICMS/02 e Port. 263/2023";"Arre Égua"
22030000;0302100;;19;S;"Bebidas frias";"RICMS/SE - Decreto 21.400/2002 c/c PT 10/92";"Art. 681, I do RICMS/02 e Port. 263/2023";"Baden Baden"
22030000;0302100;;19;S;"Bebidas frias";"RICMS/SE - Decreto 21.400/2002 c/c PT 10/92";"Art. 681, I do RICMS/02 e Port. 263/2023";"Baronesa"
22030000;0302100;;19;S;"Bebidas frias";"RICMS/SE - Decreto 21.400/2002 c/c PT 10/92";"Art. 681, I do RICMS/02 e Port. 263/2023";"Becks"
22030000;0302100;;19;S;"Bebidas frias";"RICMS/SE - Decreto 21.400/2002 c/c PT 10/92";"Art. 681, I do RICMS/02 e Port. 263/2023";"Biritis"
22030000;0302100;;19;S;"Bebidas frias";"RICMS/SE - Decreto 21.400/2002 c/c PT 10/92";"Art. 681, I do RICMS/02 e Port. 263/2023";"Black Princess Gold"
22030000;0302100;;19;S;"Bebidas frias";"RICMS/SE - Decreto 21.400/2002 c/c PT 10/92";"Art. 681, I do RICMS/02 e Port. 263/2023";"Black Princess (Outras)"
22030000;0302100;;19;S;"Bebidas frias";"RICMS/SE - Decreto 21.400/2002 c/c PT 10/92";"Art. 681, I do RICMS/02 e Port. 263/2023";"Bohemia 600 ml"
22030000;0302100;;19;S;"Bebidas frias";"RICMS/SE - Decreto 21.400/2002 c/c PT 10/92";"Art. 681, I do RICMS/02 e Port. 263/2023";"Brahma duplo Malte"
22030000;0302100;;19;S;"Bebidas frias";"RICMS/SE - Decreto 21.400/2002 c/c PT 10/92";"Art. 681, I do RICMS/02 e Port. 263/2023";"Brahma Extra Lager/Red/Weiss"
22030000;0302100;;19;S;"Bebidas frias";"RICMS/SE - Decreto 21.400/2002 c/c PT 10/92";"Art. 681, I do RICMS/02 e Port. 263/2023";"Budweiser"
22030000;0302100;;19;S;"Bebidas frias";"RICMS/SE - Decreto 21.400/2002 c/c PT 10/92";"Art. 681, I do RICMS/02 e Port. 263/2023";"Burguesa"
22030000;0302100;;19;S;"Bebidas frias";"RICMS/SE - Decreto 21.400/2002 c/c PT 10/92";"Art. 681, I do RICMS/02 e Port. 263/2023";"Cabaré 330 ml"
22030000;0302100;;19;S;"Bebidas frias";"RICMS/SE - Decreto 21.400/2002 c/c PT 10/92";"Art. 681, I do RICMS/02 e Port. 263/2023";"Cabueta"
22030000;0302100;;19;S;"Bebidas frias";"RICMS/SE - Decreto 21.400/2002 c/c PT 10/92";"Art. 681, I do RICMS/02 e Port. 263/2023";"Cacildis Amber Lager"
22030000;0302100;;19;S;"Bebidas frias";"RICMS/SE - Decreto 21.400/2002 c/c PT 10/92";"Art. 681, I do RICMS/02 e Port. 263/2023";"Capunga"
22030000;0302100;;19;S;"Bebidas frias";"RICMS/SE - Decreto 21.400/2002 c/c PT 10/92";"Art. 681, I do RICMS/02 e Port. 263/2023";"Cerpa Draft"
22030000;0302100;;19;S;"Bebidas frias";"RICMS/SE - Decreto 21.400/2002 c/c PT 10/92";"Art. 681, I do RICMS/02 e Port. 263/2023";"Cerpa Export"
22030000;0302100;;19;S;"Bebidas frias";"RICMS/SE - Decreto 21.400/2002 c/c PT 10/92";"Art. 681, I do RICMS/02 e Port. 263/2023";"Cerpa Extra"
22030000;0302100;;19;S;"Bebidas frias";"RICMS/SE - Decreto 21.400/2002 c/c PT 10/92";"Art. 681, I do RICMS/02 e Port. 263/2023";"Cerpa Gold"
22030000;0302100;;19;S;"Bebidas frias";"RICMS/SE - Decreto 21.400/2002 c/c PT 10/92";"Art. 681, I do RICMS/02 e Port. 263/2023";"Cerpa Tijuca"
22030000;0302100;;19;S;"Bebidas frias";"RICMS/SE - Decreto 21.400/2002 c/c PT 10/92";"Art. 681, I do RICMS/02 e Port. 263/2023";"Cerpa Tijuca Puro malte"
22030000;0302100;;19;S;"Bebidas frias";"RICMS/SE - Decreto 21.400/2002 c/c PT 10/92";"Art. 681, I do RICMS/02 e Port. 263/2023";"Cidade Imperio Dunkel 500 ml"
22030000;0302100;;19;S;"Bebidas frias";"RICMS/SE - Decreto 21.400/2002 c/c PT 10/92";"Art. 681, I do RICMS/02 e Port. 263/2023";"Cidade Imperial Helles 500 ml"
22030000;0302100;;19;S;"Bebidas frias";"RICMS/SE - Decreto 21.400/2002 c/c PT 10/92";"Art. 681, I do RICMS/02 e Port. 263/2023";"Cidade Imperial Pilsen 500 ml"
22030000;0302100;;19;S;"Bebidas frias";"RICMS/SE - Decreto 21.400/2002 c/c PT 10/92";"Art. 681, I do RICMS/02 e Port. 263/2023";"Colina Pilsen"
22030000;0302100;;19;S;"Bebidas frias";"RICMS/SE - Decreto 21.400/2002 c/c PT 10/92";"Art. 681, I do RICMS/02 e Port. 263/2023";"Colina Puro Malte"
22030000;0302100;;19;S;"Bebidas frias";"RICMS/SE - Decreto 21.400/2002 c/c PT 10/92";"Art. 681, I do RICMS/02 e Port. 263/2023";"Colina Puro Malte Gourmet"
22030000;0302100;;19;S;"Bebidas frias";"RICMS/SE - Decreto 21.400/2002 c/c PT 10/92";"Art. 681, I do RICMS/02 e Port. 263/2023";"Colorado"
22030000;0302100;;19;S;"Bebidas frias";"RICMS/SE - Decreto 21.400/2002 c/c PT 10/92";"Art. 681, I do RICMS/02 e Port. 263/2023";"Colorado Lager"
22030000;0302100;;19;S;"Bebidas frias";"RICMS/SE - Decreto 21.400/2002 c/c PT 10/92";"Art. 681, I do RICMS/02 e Port. 263/2023";"Devassa"
22030000;0302100;;19;S;"Bebidas frias";"RICMS/SE - Decreto 21.400/2002 c/c PT 10/92";"Art. 681, I do RICMS/02 e Port. 263/2023";"Eisenbahn Pilsen"
22030000;0302100;;19;S;"Bebidas frias";"RICMS/SE - Decreto 21.400/2002 c/c PT 10/92";"Art. 681, I do RICMS/02 e Port. 263/2023";"Ekaut"
22030000;0302100;;19;S;"Bebidas frias";"RICMS/SE - Decreto 21.400/2002 c/c PT 10/92";"Art. 681, I do RICMS/02 e Port. 263/2023";"Ekaut Premium Lager"
22030000;0302100;;19;S;"Bebidas frias";"RICMS/SE - Decreto 21.400/2002 c/c PT 10/92";"Art. 681, I do RICMS/02 e Port. 263/2023";"Erdinger Urweisser 500 ml"
22030000;0302100;;19;S;"Bebidas frias";"RICMS/SE - Decreto 21.400/2002 c/c PT 10/92";"Art. 681, I do RICMS/02 e Port. 263/2023";"Extrela Galícia"
22030000;0302100;;19;S;"Bebidas frias";"RICMS/SE - Decreto 21.400/2002 c/c PT 10/92";"Art. 681, I do RICMS/02 e Port. 263/2023";"Extrela Galícia 500 ml"
22030000;0302100;;19;S;"Bebidas frias";"RICMS/SE - Decreto 21.400/2002 c/c PT 10/92";"Art. 681, I do RICMS/02 e Port. 263/2023";"Extrela Galícia Ed Comemorativa 750 ml"
22030000;0302100;;19;S;"Bebidas frias";"RICMS/SE - Decreto 21.400/2002 c/c PT 10/92";"Art. 681, I do RICMS/02 e Port. 263/2023";"Forevis"
22030000;0302100;;19;S;"Bebidas frias";"RICMS/SE - Decreto 21.400/2002 c/c PT 10/92";"Art. 681, I do RICMS/02 e Port. 263/2023";"Franziskaner"
22030000;0302100;;19;S;"Bebidas frias";"RICMS/SE - Decreto 21.400/2002 c/c PT 10/92";"Art. 681, I do RICMS/02 e Port. 263/2023";"Gota Serena"
22030000;0302100;;19;S;"Bebidas frias";"RICMS/SE - Decreto 21.400/2002 c/c PT 10/92";"Art. 681, I do RICMS/02 e Port. 263/2023";"Hacker Pschorr 500 ml"
22030000;0302100;;19;S;"Bebidas frias";"RICMS/SE - Decreto 21.400/2002 c/c PT 10/92";"Art. 681, I do RICMS/02 e Port. 263/2023";"Heineken"
22030000;0302100;;19;S;"Bebidas frias";"RICMS/SE - Decreto 21.400/2002 c/c PT 10/92";"Art. 681, I do RICMS/02 e Port. 263/2023";"Império Pilsen"
22030000;0302100;;19;S;"Bebidas frias";"RICMS/SE - Decreto 21.400/2002 c/c PT 10/92";"Art. 681, I do RICMS/02 e Port. 263/2023";"Império Lager"
22030000;0302100;;19;S;"Bebidas frias";"RICMS/SE - Decreto 21.400/2002 c/c PT 10/92";"Art. 681, I do RICMS/02 e Port. 263/2023";"Itaipava Premium Pilsen"
22030000;0302100;;19;S;"Bebidas frias";"RICMS/SE - Decreto 21.400/2002 c/c PT 10/92";"Art. 681, I do RICMS/02 e Port. 263/2023";"Itaipava 100% malte"
22030000;0302100;;19;S;"Bebidas frias";"RICMS/SE - Decreto 21.400/2002 c/c PT 10/92";"Art. 681, I do RICMS/02 e Port. 263/2023";"Maniacs Aloha"
22030000;0302100;;19;S;"Bebidas frias";"RICMS/SE - Decreto 21.400/2002 c/c PT 10/92";"Art. 681, I do RICMS/02 e Port. 263/2023";"Maniacs Belgian Wit"
22030000;0302100;;19;S;"Bebidas frias";"RICMS/SE - Decreto 21.400/2002 c/c PT 10/92";"Art. 681, I do RICMS/02 e Port. 263/2023";"Maniacs Craft Lager"
22030000;0302100;;19;S;"Bebidas frias";"RICMS/SE - Decreto 21.400/2002 c/c PT 10/92";"Art. 681, I do RICMS/02 e Port. 263/2023";"Maniacs IPA"
22030000;0302100;;19;S;"Bebidas frias";"RICMS/SE - Decreto 21.400/2002 c/c PT 10/92";"Art. 681, I do RICMS/02 e Port. 263/2023";"Original"
22030000;0302100;;19;S;"Bebidas frias";"RICMS/SE - Decreto 21.400/2002 c/c PT 10/92";"Art. 681, I do RICMS/02 e Port. 263/2023";"Patagonia 600 ml"
22030000;0302100;;19;S;"Bebidas frias";"RICMS/SE - Decreto 21.400/2002 c/c PT 10/92";"Art. 681, I do RICMS/02 e Port. 263/2023";"Patagonia 740ml"
22030000;0302100;;19;S;"Bebidas frias";"RICMS/SE - Decreto 21.400/2002 c/c PT 10/92";"Art. 681, I do RICMS/02 e Port. 263/2023";"Paulaner 500 ml"
22030000;0302100;;19;S;"Bebidas frias";"RICMS/SE - Decreto 21.400/2002 c/c PT 10/92";"Art. 681, I do RICMS/02 e Port. 263/2023";"Paulistânea 600 ml"
22030000;0302100;;19;S;"Bebidas frias";"RICMS/SE - Decreto 21.400/2002 c/c PT 10/92";"Art. 681, I do RICMS/02 e Port. 263/2023";"Petra Premium Todas"
22030000;0302100;;19;S;"Bebidas frias";"RICMS/SE - Decreto 21.400/2002 c/c PT 10/92";"Art. 681, I do RICMS/02 e Port. 263/2023";"Petra Puro Malte"
22030000;0302100;;19;S;"Bebidas frias";"RICMS/SE - Decreto 21.400/2002 c/c PT 10/92";"Art. 681, I do RICMS/02 e Port. 263/2023";"Proibida"
22030000;0302100;;19;S;"Bebidas frias";"RICMS/SE - Decreto 21.400/2002 c/c PT 10/92";"Art. 681, I do RICMS/02 e Port. 263/2023";"Proibida Puro Malte"
22030000;0302100;;19;S;"Bebidas frias";"RICMS/SE - Decreto 21.400/2002 c/c PT 10/92";"Art. 681, I do RICMS/02 e Port. 263/2023";"Proibida Puro Malte Forte"
22030000;0302100;;19;S;"Bebidas frias";"RICMS/SE - Decreto 21.400/2002 c/c PT 10/92";"Art. 681, I do RICMS/02 e Port. 263/2023";"Proibida Puro Malte Leve"
22030000;0302100;;19;S;"Bebidas frias";"RICMS/SE - Decreto 21.400/2002 c/c PT 10/92";"Art. 681, I do RICMS/02 e Port. 263/2023";"Scholer's Bier German Pilsner 600 ml"
22030000;0302100;;19;S;"Bebidas frias";"RICMS/SE - Decreto 21.400/2002 c/c PT 10/92";"Art. 681, I do RICMS/02 e Port. 263/2023";"Scholer's Bier Pilsen 600 ml"
22030000;0302100;;19;S;"Bebidas frias";"RICMS/SE - Decreto 21.400/2002 c/c PT 10/92";"Art. 681, I do RICMS/02 e Port. 263/2023";"Scholer's Bier IPA 500 ml"
22030000;0302100;;19;S;"Bebidas frias";"RICMS/SE - Decreto 21.400/2002 c/c PT 10/92";"Art. 681, I do RICMS/02 e Port. 263/2023";"Scholer's Bier Vienna 500 ml"
22030000;0302100;;19;S;"Bebidas frias";"RICMS/SE - Decreto 21.400/2002 c/c PT 10/92";"Art. 681, I do RICMS/02 e Port. 263/2023";"Scholer's Bier Weizen 500 ml"
22030000;0302100;;19;S;"Bebidas frias";"RICMS/SE - Decreto 21.400/2002 c/c PT 10/92";"Art. 681, I do RICMS/02 e Port. 263/2023";"Scholer's Weizen Doppelbock 500 ml"
22030000;0302100;;19;S;"Bebidas frias";"RICMS/SE - Decreto 21.400/2002 c/c PT 10/92";"Art. 681, I do RICMS/02 e Port. 263/2023";"Serramalte"
22030000;0302100;;19;S;"Bebidas frias";"RICMS/SE - Decreto 21.400/2002 c/c PT 10/92";"Art. 681, I do RICMS/02 e Port. 263/2023";"Serras Gerais Pilsen"
22030000;0302100;;19;S;"Bebidas frias";"RICMS/SE - Decreto 21.400/2002 c/c PT 10/92";"Art. 681, I do RICMS/02 e Port. 263/2023";"Sol Premium"
22030000;0302100;;19;S;"Bebidas frias";"RICMS/SE - Decreto 21.400/2002 c/c PT 10/92";"Art. 681, I do RICMS/02 e Port. 263/2023";"Spaten"
22030000;0302100;;19;S;"Bebidas frias";"RICMS/SE - Decreto 21.400/2002 c/c PT 10/92";"Art. 681, I do RICMS/02 e Port. 263/2023";"Spoller Pilsen"
22030000;0302100;;19;S;"Bebidas frias";"RICMS/SE - Decreto 21.400/2002 c/c PT 10/92";"Art. 681, I do RICMS/02 e Port. 263/2023";"Stella Artois 550/600 ml"
22030000;0302100;;19;S;"Bebidas frias";"RICMS/SE - Decreto 21.400/2002 c/c PT 10/92";"Art. 681, I do RICMS/02 e Port. 263/2023";"Sul Americana"
22030000;0302100;;19;S;"Bebidas frias";"RICMS/SE - Decreto 21.400/2002 c/c PT 10/92";"Art. 681, I do RICMS/02 e Port. 263/2023";"Terres America Ipa"
22030000;0302100;;19;S;"Bebidas frias";"RICMS/SE - Decreto 21.400/2002 c/c PT 10/92";"Art. 681, I do RICMS/02 e Port. 263/2023";"Terres America Pale Ale"
22030000;0302100;;19;S;"Bebidas frias";"RICMS/SE - Decreto 21.400/2002 c/c PT 10/92";"Art. 681, I do RICMS/02 e Port. 263/2023";"Terres Pilsen"
22030000;0302100;;19;S;"Bebidas frias";"RICMS/SE - Decreto 21.400/2002 c/c PT 10/92";"Art. 681, I do RICMS/02 e Port. 263/2023";"Terres red Ipa"
22030000;0302100;;19;S;"Bebidas frias";"RICMS/SE - Decreto 21.400/2002 c/c PT 10/92";"Art. 681, I do RICMS/02 e Port. 263/2023";"Therezópolis Gold"
22030000;0302100;;19;S;"Bebidas frias";"RICMS/SE - Decreto 21.400/2002 c/c PT 10/92";"Art. 681, I do RICMS/02 e Port. 263/2023";"Voiller IPA"
22030000;0302100;;19;S;"Bebidas frias";"RICMS/SE - Decreto 21.400/2002 c/c PT 10/92";"Art. 681, I do RICMS/02 e Port. 263/2023";"Voiller Pilsen"
22030000;0302100;;19;S;"Bebidas frias";"RICMS/SE - Decreto 21.400/2002 c/c PT 10/92";"Art. 681, I do RICMS/02 e Port. 263/2023";"Voiller Red Ale"
22030000;0302100;;19;S;"Bebidas frias";"RICMS/SE - Decreto 21.400/2002 c/c PT 10/92";"Art. 681, I do RICMS/02 e Port. 263/2023";"Voiller Weiss"
22030000;0302100;;19;S;"Bebidas frias";"RICMS/SE - Decreto 21.400/2002 c/c PT 10/92";"Art. 681, I do RICMS/02 e Port. 263/2023";"Wals"
22030000;0302100;;19;S;"Bebidas frias";"RICMS/SE - Decreto 21.400/2002 c/c PT 10/92";"Art. 681, I do RICMS/02 e Port. 263/2023";"Warsteiner Premium 660 ml"
22030000;0302100;;19;S;"Bebidas frias";"RICMS/SE - Decreto 21.400/2002 c/c PT 10/92";"Art. 681, I do RICMS/02 e Port. 263/2023";"Weltenburger (todas)"
22030000;0302100;;19;S;"Bebidas frias";"RICMS/SE - Decreto 21.400/2002 c/c PT 10/92";"Art. 681, I do RICMS/02 e Port. 263/2023";"Outras (importadas)"
22030000;0302100;;19;S;"Bebidas frias";"RICMS/SE - Decreto 21.400/2002 c/c PT 10/92";"Art. 681, I do RICMS/02 e Port. 263/2023";"Outras (nacionais)"
22030000;0302100;;19;S;"Bebidas frias";"RICMS/SE - Decreto 21.400/2002 c/c PT 10/92";"Art. 681, I do RICMS/02 e Port. 263/2023";"1500"
22030000;0302100;;19;S;"Bebidas frias";"RICMS/SE - Decreto 21.400/2002 c/c PT 10/92";"Art. 681, I do RICMS/02 e Port. 263/2023";"Almada"
22030000;0302100;;19;S;"Bebidas frias";"RICMS/SE - Decreto 21.400/2002 c/c PT 10/92";"Art. 681, I do RICMS/02 e Port. 263/2023";"Amstel"
22030000;0302100;;19;S;"Bebidas frias";"RICMS/SE - Decreto 21.400/2002 c/c PT 10/92";"Art. 681, I do RICMS/02 e Port. 263/2023";"Antarctica Sub Zero"
22030000;0302100;;19;S;"Bebidas frias";"RICMS/SE - Decreto 21.400/2002 c/c PT 10/92";"Art. 681, I do RICMS/02 e Port. 263/2023";"Bavaria Pilsen"
22030000;0302100;;19;S;"Bebidas frias";"RICMS/SE - Decreto 21.400/2002 c/c PT 10/92";"Art. 681, I do RICMS/02 e Port. 263/2023";"Bohemia Pilsen"
22030000;0302100;;19;S;"Bebidas frias";"RICMS/SE - Decreto 21.400/2002 c/c PT 10/92";"Art. 681, I do RICMS/02 e Port. 263/2023";"Brahma Chopp"
22030000;0302100;;19;S;"Bebidas frias";"RICMS/SE - Decreto 21.400/2002 c/c PT 10/92";"Art. 681, I do RICMS/02 e Port. 263/2023";"Brahma Duplo Malte"
22030000;0302100;;19;S;"Bebidas frias";"RICMS/SE - Decreto 21.400/2002 c/c PT 10/92";"Art. 681, I do RICMS/02 e Port. 263/2023";"Brahma Extra Lager"
22030000;0302100;;19;S;"Bebidas frias";"RICMS/SE - Decreto 21.400/2002 c/c PT 10/92";"Art. 681, I do RICMS/02 e Port. 263/2023";"Budweiser"
22030000;0302100;;19;S;"Bebidas frias";"RICMS/SE - Decreto 21.400/2002 c/c PT 10/92";"Art. 681, I do RICMS/02 e Port. 263/2023";"Burguesa"
22030000;0302100;;19;S;"Bebidas frias";"RICMS/SE - Decreto 21.400/2002 c/c PT 10/92";"Art. 681, I do RICMS/02 e Port. 263/2023";"Cabaré 330 ml"
22030000;0302100;;19;S;"Bebidas frias";"RICMS/SE - Decreto 21.400/2002 c/c PT 10/92";"Art. 681, I do RICMS/02 e Port. 263/2023";"Cerpa Draft"
22030000;0302100;;19;S;"Bebidas frias";"RICMS/SE - Decreto 21.400/2002 c/c PT 10/92";"Art. 681, I do RICMS/02 e Port. 263/2023";"Cerpa Tijuca"
22030000;0302100;;19;S;"Bebidas frias";"RICMS/SE - Decreto 21.400/2002 c/c PT 10/92";"Art. 681, I do RICMS/02 e Port. 263/2023";"Cerveja Puro Malte"
22030000;0302100;;19;S;"Bebidas frias";"RICMS/SE - Decreto 21.400/2002 c/c PT 10/92";"Art. 681, I do RICMS/02 e Port. 263/2023";"Colina Pilsen"
22030000;0302100;;19;S;"Bebidas frias";"RICMS/SE - Decreto 21.400/2002 c/c PT 10/92";"Art. 681, I do RICMS/02 e Port. 263/2023";"Conti"
22030000;0302100;;19;S;"Bebidas frias";"RICMS/SE - Decreto 21.400/2002 c/c PT 10/92";"Art. 681, I do RICMS/02 e Port. 263/2023";"Conti Zero Grau"
22030000;0302100;;19;S;"Bebidas frias";"RICMS/SE - Decreto 21.400/2002 c/c PT 10/92";"Art. 681, I do RICMS/02 e Port. 263/2023";"Crystal Pilsen"
22030000;0302100;;19;S;"Bebidas frias";"RICMS/SE - Decreto 21.400/2002 c/c PT 10/92";"Art. 681, I do RICMS/02 e Port. 263/2023";"Devassa"
22030000;0302100;;19;S;"Bebidas frias";"RICMS/SE - Decreto 21.400/2002 c/c PT 10/92";"Art. 681, I do RICMS/02 e Port. 263/2023";"Extrella Galicia"
22030000;0302100;;19;S;"Bebidas frias";"RICMS/SE - Decreto 21.400/2002 c/c PT 10/92";"Art. 681, I do RICMS/02 e Port. 263/2023";"Heineken"
22030000;0302100;;19;S;"Bebidas frias";"RICMS/SE - Decreto 21.400/2002 c/c PT 10/92";"Art. 681, I do RICMS/02 e Port. 263/2023";"Heineken 0%"
22030000;0302100;;19;S;"Bebidas frias";"RICMS/SE - Decreto 21.400/2002 c/c PT 10/92";"Art. 681, I do RICMS/02 e Port. 263/2023";"Hoegaarden"
22030000;0302100;;19;S;"Bebidas frias";"RICMS/SE - Decreto 21.400/2002 c/c PT 10/92";"Art. 681, I do RICMS/02 e Port. 263/2023";"Império Gold"
22030000;0302100;;19;S;"Bebidas frias";"RICMS/SE - Decreto 21.400/2002 c/c PT 10/92";"Art. 681, I do RICMS/02 e Port. 263/2023";"Império Pilsen"
22030000;0302100;;19;S;"Bebidas frias";"RICMS/SE - Decreto 21.400/2002 c/c PT 10/92";"Art. 681, I do RICMS/02 e Port. 263/2023";"Império Lager"
22030000;0302100;;19;S;"Bebidas frias";"RICMS/SE - Decreto 21.400/2002 c/c PT 10/92";"Art. 681, I do RICMS/02 e Port. 263/2023";"Imperio Ultra"
22030000;0302100;;19;S;"Bebidas frias";"RICMS/SE - Decreto 21.400/2002 c/c PT 10/92";"Art. 681, I do RICMS/02 e Port. 263/2023";"Itaipava Pilsen"
22030000;0302100;;19;S;"Bebidas frias";"RICMS/SE - Decreto 21.400/2002 c/c PT 10/92";"Art. 681, I do RICMS/02 e Port. 263/2023";"Itaipava Premium"
22030000;0302100;;19;S;"Bebidas frias";"RICMS/SE - Decreto 21.400/2002 c/c PT 10/92";"Art. 681, I do RICMS/02 e Port. 263/2023";"Itaipava 100% Malte"
22030000;0302100;;19;S;"Bebidas frias";"RICMS/SE - Decreto 21.400/2002 c/c PT 10/92";"Art. 681, I do RICMS/02 e Port. 263/2023";"kaiser"
22030000;0302100;;19;S;"Bebidas frias";"RICMS/SE - Decreto 21.400/2002 c/c PT 10/92";"Art. 681, I do RICMS/02 e Port. 263/2023";"Kona"
22030000;0302100;;19;S;"Bebidas frias";"RICMS/SE - Decreto 21.400/2002 c/c PT 10/92";"Art. 681, I do RICMS/02 e Port. 263/2023";"Michelob"
22030000;0302100;;19;S;"Bebidas frias";"RICMS/SE - Decreto 21.400/2002 c/c PT 10/92";"Art. 681, I do RICMS/02 e Port. 263/2023";"No Grau"
22030000;0302100;;19;S;"Bebidas frias";"RICMS/SE - Decreto 21.400/2002 c/c PT 10/92";"Art. 681, I do RICMS/02 e Port. 263/2023";"Original"
22030000;0302100;;19;S;"Bebidas frias";"RICMS/SE - Decreto 21.400/2002 c/c PT 10/92";"Art. 681, I do RICMS/02 e Port. 263/2023";"Petra Puro Malte"
22030000;0302100;;19;S;"Bebidas frias";"RICMS/SE - Decreto 21.400/2002 c/c PT 10/92";"Art. 681, I do RICMS/02 e Port. 263/2023";"Proibida"
22030000;0302100;;19;S;"Bebidas frias";"RICMS/SE - Decreto 21.400/2002 c/c PT 10/92";"Art. 681, I do RICMS/02 e Port. 263/2023";"Proibida Puro Malte"
22030000;0302100;;19;S;"Bebidas frias";"RICMS/SE - Decreto 21.400/2002 c/c PT 10/92";"Art. 681, I do RICMS/02 e Port. 263/2023";"Proibida Puro Malte Forte"
22030000;0302100;;19;S;"Bebidas frias";"RICMS/SE - Decreto 21.400/2002 c/c PT 10/92";"Art. 681, I do RICMS/02 e Port. 263/2023";"Proibida Puro Malte Leve"
22030000;0302100;;19;S;"Bebidas frias";"RICMS/SE - Decreto 21.400/2002 c/c PT 10/92";"Art. 681, I do RICMS/02 e Port. 263/2023";"Proibida Puro Malte Rosa Vermelha Mulher"
22030000;0302100;;19;S;"Bebidas frias";"RICMS/SE - Decreto 21.400/2002 c/c PT 10/92";"Art. 681, I do RICMS/02 e Port. 263/2023";"Quilmes"
22030000;0302100;;19;S;"Bebidas frias";"RICMS/SE - Decreto 21.400/2002 c/c PT 10/92";"Art. 681, I do RICMS/02 e Port. 263/2023";"Samba"
22030000;0302100;;19;S;"Bebidas frias";"RICMS/SE - Decreto 21.400/2002 c/c PT 10/92";"Art. 681, I do RICMS/02 e Port. 263/2023";"Schin"
22030000;0302100;;19;S;"Bebidas frias";"RICMS/SE - Decreto 21.400/2002 c/c PT 10/92";"Art. 681, I do RICMS/02 e Port. 263/2023";"Skol Pilsen"
22030000;0302100;;19;S;"Bebidas frias";"RICMS/SE - Decreto 21.400/2002 c/c PT 10/92";"Art. 681, I do RICMS/02 e Port. 263/2023";"Skol Puro Malte"
22030000;0302100;;19;S;"Bebidas frias";"RICMS/SE - Decreto 21.400/2002 c/c PT 10/92";"Art. 681, I do RICMS/02 e Port. 263/2023";"Spaten"
22030000;0302100;;19;S;"Bebidas frias";"RICMS/SE - Decreto 21.400/2002 c/c PT 10/92";"Art. 681, I do RICMS/02 e Port. 263/2023";"Spoller Pilsen"
22030000;0302100;;19;S;"Bebidas frias";"RICMS/SE - Decreto 21.400/2002 c/c PT 10/92";"Art. 681, I do RICMS/02 e Port. 263/2023";"Stela Artois"
22030000;0302100;;19;S;"Bebidas frias";"RICMS/SE - Decreto 21.400/2002 c/c PT 10/92";"Art. 681, I do RICMS/02 e Port. 263/2023";"Outras"
22030000;0302100;;19;S;"Bebidas frias";"RICMS/SE - Decreto 21.400/2002 c/c PT 10/92";"Art. 681, I do RICMS/02 e Port. 263/2023";"1500"
22030000;0302100;;19;S;"Bebidas frias";"RICMS/SE - Decreto 21.400/2002 c/c PT 10/92";"Art. 681, I do RICMS/02 e Port. 263/2023";"Abiúda"
22030000;0302100;;19;S;"Bebidas frias";"RICMS/SE - Decreto 21.400/2002 c/c PT 10/92";"Art. 681, I do RICMS/02 e Port. 263/2023";"Almada"
22030000;0302100;;19;S;"Bebidas frias";"RICMS/SE - Decreto 21.400/2002 c/c PT 10/92";"Art. 681, I do RICMS/02 e Port. 263/2023";"Amstel"
22030000;0302100;;19;S;"Bebidas frias";"RICMS/SE - Decreto 21.400/2002 c/c PT 10/92";"Art. 681, I do RICMS/02 e Port. 263/2023";"Amstel pack com 18"
22030000;0302100;;19;S;"Bebidas frias";"RICMS/SE - Decreto 21.400/2002 c/c PT 10/92";"Art. 681, I do RICMS/02 e Port. 263/2023";"Antarctica Pilsen"
22030000;0302100;;19;S;"Bebidas frias";"RICMS/SE - Decreto 21.400/2002 c/c PT 10/92";"Art. 681, I do RICMS/02 e Port. 263/2023";"Antarctica Sub Zero"
22030000;0302100;;19;S;"Bebidas frias";"RICMS/SE - Decreto 21.400/2002 c/c PT 10/92";"Art. 681, I do RICMS/02 e Port. 263/2023";"Baden Baden American IPA"
22030000;0302100;;19;S;"Bebidas frias";"RICMS/SE - Decreto 21.400/2002 c/c PT 10/92";"Art. 681, I do RICMS/02 e Port. 263/2023";"Baden Baden Cristal"
22030000;0302100;;19;S;"Bebidas frias";"RICMS/SE - Decreto 21.400/2002 c/c PT 10/92";"Art. 681, I do RICMS/02 e Port. 263/2023";"Baden Baden Golden"
22030000;0302100;;19;S;"Bebidas frias";"RICMS/SE - Decreto 21.400/2002 c/c PT 10/92";"Art. 681, I do RICMS/02 e Port. 263/2023";"Baden Baden Peach"
22030000;0302100;;19;S;"Bebidas frias";"RICMS/SE - Decreto 21.400/2002 c/c PT 10/92";"Art. 681, I do RICMS/02 e Port. 263/2023";"Baden Baden Witbier"
22030000;0302100;;19;S;"Bebidas frias";"RICMS/SE - Decreto 21.400/2002 c/c PT 10/92";"Art. 681, I do RICMS/02 e Port. 263/2023";"Bavária 0,0"
22030000;0302100;;19;S;"Bebidas frias";"RICMS/SE - Decreto 21.400/2002 c/c PT 10/92";"Art. 681, I do RICMS/02 e Port. 263/2023";"Bavária Pilsen"
22030000;0302100;;19;S;"Bebidas frias";"RICMS/SE - Decreto 21.400/2002 c/c PT 10/92";"Art. 681, I do RICMS/02 e Port. 263/2023";"Becks"
22030000;0302100;;19;S;"Bebidas frias";"RICMS/SE - Decreto 21.400/2002 c/c PT 10/92";"Art. 681, I do RICMS/02 e Port. 263/2023";"Black Princess Gold"
22030000;0302100;;19;S;"Bebidas frias";"RICMS/SE - Decreto 21.400/2002 c/c PT 10/92";"Art. 681, I do RICMS/02 e Port. 263/2023";"Blue Moon Belgian White"
22030000;0302100;;19;S;"Bebidas frias";"RICMS/SE - Decreto 21.400/2002 c/c PT 10/92";"Art. 681, I do RICMS/02 e Port. 263/2023";"Bohemia"
22030000;0302100;;19;S;"Bebidas frias";"RICMS/SE - Decreto 21.400/2002 c/c PT 10/92";"Art. 681, I do RICMS/02 e Port. 263/2023";"Bohemia 310 ml"
22030000;0302100;;19;S;"Bebidas frias";"RICMS/SE - Decreto 21.400/2002 c/c PT 10/92";"Art. 681, I do RICMS/02 e Port. 263/2023";"Bohemia 0 % Álcool"
22030000;0302100;;19;S;"Bebidas frias";"RICMS/SE - Decreto 21.400/2002 c/c PT 10/92";"Art. 681, I do RICMS/02 e Port. 263/2023";"Brahma Chopp"
22030000;0302100;;19;S;"Bebidas frias";"RICMS/SE - Decreto 21.400/2002 c/c PT 10/92";"Art. 681, I do RICMS/02 e Port. 263/2023";"Brahma Chopp 310 ml - Multipack (valor por unidade)"
22030000;0302100;;19;S;"Bebidas frias";"RICMS/SE - Decreto 21.400/2002 c/c PT 10/92";"Art. 681, I do RICMS/02 e Port. 263/2023";"Brahma Duplo Malte"
22030000;0302100;;19;S;"Bebidas frias";"RICMS/SE - Decreto 21.400/2002 c/c PT 10/92";"Art. 681, I do RICMS/02 e Port. 263/2023";"Brahma Duplo Malte Trigo"
22030000;0302100;;19;S;"Bebidas frias";"RICMS/SE - Decreto 21.400/2002 c/c PT 10/92";"Art. 681, I do RICMS/02 e Port. 263/2023";"Brahma Duplo Malte Tostada"
22030000;0302100;;19;S;"Bebidas frias";"RICMS/SE - Decreto 21.400/2002 c/c PT 10/92";"Art. 681, I do RICMS/02 e Port. 263/2023";"Brahma Duplo Malte Escura"
22030000;0302100;;19;S;"Bebidas frias";"RICMS/SE - Decreto 21.400/2002 c/c PT 10/92";"Art. 681, I do RICMS/02 e Port. 263/2023";"Brahma Duplo Malte 310 ml - Multipack (valor por unidade)"
22030000;0302100;;19;S;"Bebidas frias";"RICMS/SE - Decreto 21.400/2002 c/c PT 10/92";"Art. 681, I do RICMS/02 e Port. 263/2023";"Brahma Extra Lager"
22030000;0302100;;19;S;"Bebidas frias";"RICMS/SE - Decreto 21.400/2002 c/c PT 10/92";"Art. 681, I do RICMS/02 e Port. 263/2023";"Brahma Extra Red/Weiss"
22030000;0302100;;19;S;"Bebidas frias";"RICMS/SE - Decreto 21.400/2002 c/c PT 10/92";"Art. 681, I do RICMS/02 e Port. 263/2023";"Brahma Malzbier"
22030000;0302100;;19;S;"Bebidas frias";"RICMS/SE - Decreto 21.400/2002 c/c PT 10/92";"Art. 681, I do RICMS/02 e Port. 263/2023";"Brooklyn East Ipa"
22030000;0302100;;19;S;"Bebidas frias";"RICMS/SE - Decreto 21.400/2002 c/c PT 10/92";"Art. 681, I do RICMS/02 e Port. 263/2023";"Brooklyn Lager"
22030000;0302100;;19;S;"Bebidas frias";"RICMS/SE - Decreto 21.400/2002 c/c PT 10/92";"Art. 681, I do RICMS/02 e Port. 263/2023";"Brooklyn Stonewall Inn Ipa"
22030000;0302100;;19;S;"Bebidas frias";"RICMS/SE - Decreto 21.400/2002 c/c PT 10/92";"Art. 681, I do RICMS/02 e Port. 263/2023";"Brussels Puro Malte"
22030000;0302100;;19;S;"Bebidas frias";"RICMS/SE - Decreto 21.400/2002 c/c PT 10/92";"Art. 681, I do RICMS/02 e Port. 263/2023";"Budweiser"
22030000;0302100;;19;S;"Bebidas frias";"RICMS/SE - Decreto 21.400/2002 c/c PT 10/92";"Art. 681, I do RICMS/02 e Port. 263/2023";"Budweiser 0,0%"
22030000;0302100;;19;S;"Bebidas frias";"RICMS/SE - Decreto 21.400/2002 c/c PT 10/92";"Art. 681, I do RICMS/02 e Port. 263/2023";"Budweiser 310 ml - Multipack (valor por unidade)"
22030000;0302100;;19;S;"Bebidas frias";"RICMS/SE - Decreto 21.400/2002 c/c PT 10/92";"Art. 681, I do RICMS/02 e Port. 263/2023";"Burguesa"
22030000;0302100;;19;S;"Bebidas frias";"RICMS/SE - Decreto 21.400/2002 c/c PT 10/92";"Art. 681, I do RICMS/02 e Port. 263/2023";"Cabaré"
22030000;0302100;;19;S;"Bebidas frias";"RICMS/SE - Decreto 21.400/2002 c/c PT 10/92";"Art. 681, I do RICMS/02 e Port. 263/2023";"Cacildis Amber Lager"
22030000;0302100;;19;S;"Bebidas frias";"RICMS/SE - Decreto 21.400/2002 c/c PT 10/92";"Art. 681, I do RICMS/02 e Port. 263/2023";"Caracu"
22030000;0302100;;19;S;"Bebidas frias";"RICMS/SE - Decreto 21.400/2002 c/c PT 10/92";"Art. 681, I do RICMS/02 e Port. 263/2023";"Cerpa Draft"
22030000;0302100;;19;S;"Bebidas frias";"RICMS/SE - Decreto 21.400/2002 c/c PT 10/92";"Art. 681, I do RICMS/02 e Port. 263/2023";"Cerpa Export 310 ml"
22030000;0302100;;19;S;"Bebidas frias";"RICMS/SE - Decreto 21.400/2002 c/c PT 10/92";"Art. 681, I do RICMS/02 e Port. 263/2023";"Cerpa Extra"
22030000;0302100;;19;S;"Bebidas frias";"RICMS/SE - Decreto 21.400/2002 c/c PT 10/92";"Art. 681, I do RICMS/02 e Port. 263/2023";"Cerpa Gold"
22030000;0302100;;19;S;"Bebidas frias";"RICMS/SE - Decreto 21.400/2002 c/c PT 10/92";"Art. 681, I do RICMS/02 e Port. 263/2023";"Cerpa Nevada"
22030000;0302100;;19;S;"Bebidas frias";"RICMS/SE - Decreto 21.400/2002 c/c PT 10/92";"Art. 681, I do RICMS/02 e Port. 263/2023";"Cerpa Prime 310 ml"
22030000;0302100;;19;S;"Bebidas frias";"RICMS/SE - Decreto 21.400/2002 c/c PT 10/92";"Art. 681, I do RICMS/02 e Port. 263/2023";"Cerveja Puro Malte"
22030000;0302100;;19;S;"Bebidas frias";"RICMS/SE - Decreto 21.400/2002 c/c PT 10/92";"Art. 681, I do RICMS/02 e Port. 263/2023";"Cerpa Tijuca 310 ml"
22030000;0302100;;19;S;"Bebidas frias";"RICMS/SE - Decreto 21.400/2002 c/c PT 10/92";"Art. 681, I do RICMS/02 e Port. 263/2023";"Cerpa Tijuca Puro malte"
22030000;0302100;;19;S;"Bebidas frias";"RICMS/SE - Decreto 21.400/2002 c/c PT 10/92";"Art. 681, I do RICMS/02 e Port. 263/2023";"Colorado Lager"
22030000;0302100;;19;S;"Bebidas frias";"RICMS/SE - Decreto 21.400/2002 c/c PT 10/92";"Art. 681, I do RICMS/02 e Port. 263/2023";"Colorado (outras)"
22030000;0302100;;19;S;"Bebidas frias";"RICMS/SE - Decreto 21.400/2002 c/c PT 10/92";"Art. 681, I do RICMS/02 e Port. 263/2023";"Colina Pilsen"
22030000;0302100;;19;S;"Bebidas frias";"RICMS/SE - Decreto 21.400/2002 c/c PT 10/92";"Art. 681, I do RICMS/02 e Port. 263/2023";"Conti"
22030000;0302100;;19;S;"Bebidas frias";"RICMS/SE - Decreto 21.400/2002 c/c PT 10/92";"Art. 681, I do RICMS/02 e Port. 263/2023";"Conti Zero Grau"
22030000;0302100;;19;S;"Bebidas frias";"RICMS/SE - Decreto 21.400/2002 c/c PT 10/92";"Art. 681, I do RICMS/02 e Port. 263/2023";"Conti  Malzbier"
22030000;0302100;;19;S;"Bebidas frias";"RICMS/SE - Decreto 21.400/2002 c/c PT 10/92";"Art. 681, I do RICMS/02 e Port. 263/2023";"Corona Extra"
22030000;0302100;;19;S;"Bebidas frias";"RICMS/SE - Decreto 21.400/2002 c/c PT 10/92";"Art. 681, I do RICMS/02 e Port. 263/2023";"Crystal Pilsen"
22030000;0302100;;19;S;"Bebidas frias";"RICMS/SE - Decreto 21.400/2002 c/c PT 10/92";"Art. 681, I do RICMS/02 e Port. 263/2023";"Devassa"
22030000;0302100;;19;S;"Bebidas frias";"RICMS/SE - Decreto 21.400/2002 c/c PT 10/92";"Art. 681, I do RICMS/02 e Port. 263/2023";"Devassa Pack 18 unidades"
22030000;0302100;;19;S;"Bebidas frias";"RICMS/SE - Decreto 21.400/2002 c/c PT 10/92";"Art. 681, I do RICMS/02 e Port. 263/2023";"Devassa sabores Limão e Maracujá"
22030000;0302100;;19;S;"Bebidas frias";"RICMS/SE - Decreto 21.400/2002 c/c PT 10/92";"Art. 681, I do RICMS/02 e Port. 263/2023";"Eisenbahn"
22030000;0302100;;19;S;"Bebidas frias";"RICMS/SE - Decreto 21.400/2002 c/c PT 10/92";"Art. 681, I do RICMS/02 e Port. 263/2023";"Eisenbahn  Unfiltered Pilsen"
22030000;0302100;;19;S;"Bebidas frias";"RICMS/SE - Decreto 21.400/2002 c/c PT 10/92";"Art. 681, I do RICMS/02 e Port. 263/2023";"Ekaut"
22030000;0302100;;19;S;"Bebidas frias";"RICMS/SE - Decreto 21.400/2002 c/c PT 10/92";"Art. 681, I do RICMS/02 e Port. 263/2023";"Extrela Galicia"
22030000;0302100;;19;S;"Bebidas frias";"RICMS/SE - Decreto 21.400/2002 c/c PT 10/92";"Art. 681, I do RICMS/02 e Port. 263/2023";"Extrela Galicia 0,0"
22030000;0302100;;19;S;"Bebidas frias";"RICMS/SE - Decreto 21.400/2002 c/c PT 10/92";"Art. 681, I do RICMS/02 e Port. 263/2023";"Extrela Sirius Pilsen"
22030000;0302100;;19;S;"Bebidas frias";"RICMS/SE - Decreto 21.400/2002 c/c PT 10/92";"Art. 681, I do RICMS/02 e Port. 263/2023";"Extrela Sirius Puro Malte"
22030000;0302100;;19;S;"Bebidas frias";"RICMS/SE - Decreto 21.400/2002 c/c PT 10/92";"Art. 681, I do RICMS/02 e Port. 263/2023";"Glacial"
22030000;0302100;;19;S;"Bebidas frias";"RICMS/SE - Decreto 21.400/2002 c/c PT 10/92";"Art. 681, I do RICMS/02 e Port. 263/2023";"Goose Island"
22030000;0302100;;19;S;"Bebidas frias";"RICMS/SE - Decreto 21.400/2002 c/c PT 10/92";"Art. 681, I do RICMS/02 e Port. 263/2023";"Heineken"
22030000;0302100;;19;S;"Bebidas frias";"RICMS/SE - Decreto 21.400/2002 c/c PT 10/92";"Art. 681, I do RICMS/02 e Port. 263/2023";"Heineken 0%"
22030000;0302100;;19;S;"Bebidas frias";"RICMS/SE - Decreto 21.400/2002 c/c PT 10/92";"Art. 681, I do RICMS/02 e Port. 263/2023";"Hoegaarden 0,0% 330 ml"
22030000;0302100;;19;S;"Bebidas frias";"RICMS/SE - Decreto 21.400/2002 c/c PT 10/92";"Art. 681, I do RICMS/02 e Port. 263/2023";"Império Pilsen"
22030000;0302100;;19;S;"Bebidas frias";"RICMS/SE - Decreto 21.400/2002 c/c PT 10/92";"Art. 681, I do RICMS/02 e Port. 263/2023";"Império Lager"
22030000;0302100;;19;S;"Bebidas frias";"RICMS/SE - Decreto 21.400/2002 c/c PT 10/92";"Art. 681, I do RICMS/02 e Port. 263/2023";"Itaipava Malzebier"
22030000;0302100;;19;S;"Bebidas frias";"RICMS/SE - Decreto 21.400/2002 c/c PT 10/92";"Art. 681, I do RICMS/02 e Port. 263/2023";"Itaipava Pilsen"
22030000;0302100;;19;S;"Bebidas frias";"RICMS/SE - Decreto 21.400/2002 c/c PT 10/92";"Art. 681, I do RICMS/02 e Port. 263/2023";"Itaipava Premium"
22030000;0302100;;19;S;"Bebidas frias";"RICMS/SE - Decreto 21.400/2002 c/c PT 10/92";"Art. 681, I do RICMS/02 e Port. 263/2023";"Itaipava 100% Malte"
22030000;0302100;;19;S;"Bebidas frias";"RICMS/SE - Decreto 21.400/2002 c/c PT 10/92";"Art. 681, I do RICMS/02 e Port. 263/2023";"Itaipava Zero Álcool"
22030000;0302100;;19;S;"Bebidas frias";"RICMS/SE - Decreto 21.400/2002 c/c PT 10/92";"Art. 681, I do RICMS/02 e Port. 263/2023";"Kaiser"
22030000;0302100;;19;S;"Bebidas frias";"RICMS/SE - Decreto 21.400/2002 c/c PT 10/92";"Art. 681, I do RICMS/02 e Port. 263/2023";"Kirin Ichiban"
22030000;0302100;;19;S;"Bebidas frias";"RICMS/SE - Decreto 21.400/2002 c/c PT 10/92";"Art. 681, I do RICMS/02 e Port. 263/2023";"Lagunitas Ipa"
22030000;0302100;;19;S;"Bebidas frias";"RICMS/SE - Decreto 21.400/2002 c/c PT 10/92";"Art. 681, I do RICMS/02 e Port. 263/2023";"Lokal Pilsen"
22030000;0302100;;19;S;"Bebidas frias";"RICMS/SE - Decreto 21.400/2002 c/c PT 10/92";"Art. 681, I do RICMS/02 e Port. 263/2023";"Maniacs Aloha"
22030000;0302100;;19;S;"Bebidas frias";"RICMS/SE - Decreto 21.400/2002 c/c PT 10/92";"Art. 681, I do RICMS/02 e Port. 263/2023";"Maniacs Bahia Vanilla"
22030000;0302100;;19;S;"Bebidas frias";"RICMS/SE - Decreto 21.400/2002 c/c PT 10/92";"Art. 681, I do RICMS/02 e Port. 263/2023";"Maniacs Cacau Sour"
22030000;0302100;;19;S;"Bebidas frias";"RICMS/SE - Decreto 21.400/2002 c/c PT 10/92";"Art. 681, I do RICMS/02 e Port. 263/2023";"Maniacs Ipa"
22030000;0302100;;19;S;"Bebidas frias";"RICMS/SE - Decreto 21.400/2002 c/c PT 10/92";"Art. 681, I do RICMS/02 e Port. 263/2023";"Maniacs Mad maniacs"
22030000;0302100;;19;S;"Bebidas frias";"RICMS/SE - Decreto 21.400/2002 c/c PT 10/92";"Art. 681, I do RICMS/02 e Port. 263/2023";"Michelob"
22030000;0302100;;19;S;"Bebidas frias";"RICMS/SE - Decreto 21.400/2002 c/c PT 10/92";"Art. 681, I do RICMS/02 e Port. 263/2023";"No Grau"
22030000;0302100;;19;S;"Bebidas frias";"RICMS/SE - Decreto 21.400/2002 c/c PT 10/92";"Art. 681, I do RICMS/02 e Port. 263/2023";"Nova Extrela Puro Malte"
22030000;0302100;;19;S;"Bebidas frias";"RICMS/SE - Decreto 21.400/2002 c/c PT 10/92";"Art. 681, I do RICMS/02 e Port. 263/2023";"Original"
22030000;0302100;;19;S;"Bebidas frias";"RICMS/SE - Decreto 21.400/2002 c/c PT 10/92";"Art. 681, I do RICMS/02 e Port. 263/2023";"Patagonia"
22030000;0302100;;19;S;"Bebidas frias";"RICMS/SE - Decreto 21.400/2002 c/c PT 10/92";"Art. 681, I do RICMS/02 e Port. 263/2023";"Petra Premium Escura"
22030000;0302100;;19;S;"Bebidas frias";"RICMS/SE - Decreto 21.400/2002 c/c PT 10/92";"Art. 681, I do RICMS/02 e Port. 263/2023";"Petra Puro Malte"
22030000;0302100;;19;S;"Bebidas frias";"RICMS/SE - Decreto 21.400/2002 c/c PT 10/92";"Art. 681, I do RICMS/02 e Port. 263/2023";"Proibida"
22030000;0302100;;19;S;"Bebidas frias";"RICMS/SE - Decreto 21.400/2002 c/c PT 10/92";"Art. 681, I do RICMS/02 e Port. 263/2023";"Proibida PM Lager"
22030000;0302100;;19;S;"Bebidas frias";"RICMS/SE - Decreto 21.400/2002 c/c PT 10/92";"Art. 681, I do RICMS/02 e Port. 263/2023";"Proibida Puro Malte"
22030000;0302100;;19;S;"Bebidas frias";"RICMS/SE - Decreto 21.400/2002 c/c PT 10/92";"Art. 681, I do RICMS/02 e Port. 263/2023";"Proibida Puro Malte Forte"
22030000;0302100;;19;S;"Bebidas frias";"RICMS/SE - Decreto 21.400/2002 c/c PT 10/92";"Art. 681, I do RICMS/02 e Port. 263/2023";"Proibida Puro Malte Leve"
22030000;0302100;;19;S;"Bebidas frias";"RICMS/SE - Decreto 21.400/2002 c/c PT 10/92";"Art. 681, I do RICMS/02 e Port. 263/2023";"Quilmes"
22030000;0302100;;19;S;"Bebidas frias";"RICMS/SE - Decreto 21.400/2002 c/c PT 10/92";"Art. 681, I do RICMS/02 e Port. 263/2023";"Samba"
22030000;0302100;;19;S;"Bebidas frias";"RICMS/SE - Decreto 21.400/2002 c/c PT 10/92";"Art. 681, I do RICMS/02 e Port. 263/2023";"Serramalte"
22030000;0302100;;19;S;"Bebidas frias";"RICMS/SE - Decreto 21.400/2002 c/c PT 10/92";"Art. 681, I do RICMS/02 e Port. 263/2023";"Schin"
22030000;0302100;;19;S;"Bebidas frias";"RICMS/SE - Decreto 21.400/2002 c/c PT 10/92";"Art. 681, I do RICMS/02 e Port. 263/2023";"Schin sem álcool / zero álcool"
22030000;0302100;;19;S;"Bebidas frias";"RICMS/SE - Decreto 21.400/2002 c/c PT 10/92";"Art. 681, I do RICMS/02 e Port. 263/2023";"Skol Pilsen"
22030000;0302100;;19;S;"Bebidas frias";"RICMS/SE - Decreto 21.400/2002 c/c PT 10/92";"Art. 681, I do RICMS/02 e Port. 263/2023";"Skol Puro Malte"
22030000;0302100;;19;S;"Bebidas frias";"RICMS/SE - Decreto 21.400/2002 c/c PT 10/92";"Art. 681, I do RICMS/02 e Port. 263/2023";"Skol Puro Malte Pack (valor por unidade)"
22030000;0302100;;19;S;"Bebidas frias";"RICMS/SE - Decreto 21.400/2002 c/c PT 10/92";"Art. 681, I do RICMS/02 e Port. 263/2023";"Sol Premium 310 ml"
22030000;0302100;;19;S;"Bebidas frias";"RICMS/SE - Decreto 21.400/2002 c/c PT 10/92";"Art. 681, I do RICMS/02 e Port. 263/2023";"Spaten"
22030000;0302100;;19;S;"Bebidas frias";"RICMS/SE - Decreto 21.400/2002 c/c PT 10/92";"Art. 681, I do RICMS/02 e Port. 263/2023";"Spoller"
22030000;0302100;;19;S;"Bebidas frias";"RICMS/SE - Decreto 21.400/2002 c/c PT 10/92";"Art. 681, I do RICMS/02 e Port. 263/2023";"Spoller Malzebier"
22030000;0302100;;19;S;"Bebidas frias";"RICMS/SE - Decreto 21.400/2002 c/c PT 10/92";"Art. 681, I do RICMS/02 e Port. 263/2023";"Spoller Sem álcool"
22030000;0302100;;19;S;"Bebidas frias";"RICMS/SE - Decreto 21.400/2002 c/c PT 10/92";"Art. 681, I do RICMS/02 e Port. 263/2023";"Stella Artois 310ml - multipack (valor por unidade)"
22030000;0302100;;19;S;"Bebidas frias";"RICMS/SE - Decreto 21.400/2002 c/c PT 10/92";"Art. 681, I do RICMS/02 e Port. 263/2023";"Stella Artois 350ml"
22030000;0302100;;19;S;"Bebidas frias";"RICMS/SE - Decreto 21.400/2002 c/c PT 10/92";"Art. 681, I do RICMS/02 e Port. 263/2023";"Tiger"
22030000;0302100;;19;S;"Bebidas frias";"RICMS/SE - Decreto 21.400/2002 c/c PT 10/92";"Art. 681, I do RICMS/02 e Port. 263/2023";"Voiller Pilsen"
22030000;0302100;;19;S;"Bebidas frias";"RICMS/SE - Decreto 21.400/2002 c/c PT 10/92";"Art. 681, I do RICMS/02 e Port. 263/2023";"Xingu"
22030000;0302100;;19;S;"Bebidas frias";"RICMS/SE - Decreto 21.400/2002 c/c PT 10/92";"Art. 681, I do RICMS/02 e Port. 263/2023";"Outras (escuras)"
22030000;0302100;;19;S;"Bebidas frias";"RICMS/SE - Decreto 21.400/2002 c/c PT 10/92";"Art. 681, I do RICMS/02 e Port. 263/2023";"Outras (importadas)"
22030000;0302100;;19;S;"Bebidas frias";"RICMS/SE - Decreto 21.400/2002 c/c PT 10/92";"Art. 681, I do RICMS/02 e Port. 263/2023";"Outras (nacionais)"
22030000;0302100;;19;S;"Bebidas frias";"RICMS/SE - Decreto 21.400/2002 c/c PT 10/92";"Art. 681, I do RICMS/02 e Port. 263/2023";"Outras (sem álcool)"
22030000;0302100;;19;S;"Bebidas frias";"RICMS/SE - Decreto 21.400/2002 c/c PT 10/92";"Art. 681, I do RICMS/02 e Port. 263/2023";"A Certa Pilsen"
22030000;0302100;;19;S;"Bebidas frias";"RICMS/SE - Decreto 21.400/2002 c/c PT 10/92";"Art. 681, I do RICMS/02 e Port. 263/2023";"Almada"
22030000;0302100;;19;S;"Bebidas frias";"RICMS/SE - Decreto 21.400/2002 c/c PT 10/92";"Art. 681, I do RICMS/02 e Port. 263/2023";"Amstel"
22030000;0302100;;19;S;"Bebidas frias";"RICMS/SE - Decreto 21.400/2002 c/c PT 10/92";"Art. 681, I do RICMS/02 e Port. 263/2023";"Antarctica Pilsen"
22030000;0302100;;19;S;"Bebidas frias";"RICMS/SE - Decreto 21.400/2002 c/c PT 10/92";"Art. 681, I do RICMS/02 e Port. 263/2023";"Antarctica Sub Zero"
22030000;0302100;;19;S;"Bebidas frias";"RICMS/SE - Decreto 21.400/2002 c/c PT 10/92";"Art. 681, I do RICMS/02 e Port. 263/2023";"Bavária Pilsen"
22030000;0302100;;19;S;"Bebidas frias";"RICMS/SE - Decreto 21.400/2002 c/c PT 10/92";"Art. 681, I do RICMS/02 e Port. 263/2023";"Brahma Chopp"
22030000;0302100;;19;S;"Bebidas frias";"RICMS/SE - Decreto 21.400/2002 c/c PT 10/92";"Art. 681, I do RICMS/02 e Port. 263/2023";"Brahma Chopp 410 ml - Multpack (valor por unidade)"
22030000;0302100;;19;S;"Bebidas frias";"RICMS/SE - Decreto 21.400/2002 c/c PT 10/92";"Art. 681, I do RICMS/02 e Port. 263/2023";"Brahma Duplo Malte"
22030000;0302100;;19;S;"Bebidas frias";"RICMS/SE - Decreto 21.400/2002 c/c PT 10/92";"Art. 681, I do RICMS/02 e Port. 263/2023";"Brahma Duplo Malte 410 ml - Multpack (valor por unidade)"
22030000;0302100;;19;S;"Bebidas frias";"RICMS/SE - Decreto 21.400/2002 c/c PT 10/92";"Art. 681, I do RICMS/02 e Port. 263/2023";"Brussels Puro Malte"
22030000;0302100;;19;S;"Bebidas frias";"RICMS/SE - Decreto 21.400/2002 c/c PT 10/92";"Art. 681, I do RICMS/02 e Port. 263/2023";"Bohemia Pilsen 410 ml - Multpack (valor por unidade)"
22030000;0302100;;19;S;"Bebidas frias";"RICMS/SE - Decreto 21.400/2002 c/c PT 10/92";"Art. 681, I do RICMS/02 e Port. 263/2023";"Bohemia"
22030000;0302100;;19;S;"Bebidas frias";"RICMS/SE - Decreto 21.400/2002 c/c PT 10/92";"Art. 681, I do RICMS/02 e Port. 263/2023";"Budweiser 410 ml"
22030000;0302100;;19;S;"Bebidas frias";"RICMS/SE - Decreto 21.400/2002 c/c PT 10/92";"Art. 681, I do RICMS/02 e Port. 263/2023";"Budweiser 410 ml - Multpack (valor por unidade)"
22030000;0302100;;19;S;"Bebidas frias";"RICMS/SE - Decreto 21.400/2002 c/c PT 10/92";"Art. 681, I do RICMS/02 e Port. 263/2023";"Budweiser"
22030000;0302100;;19;S;"Bebidas frias";"RICMS/SE - Decreto 21.400/2002 c/c PT 10/92";"Art. 681, I do RICMS/02 e Port. 263/2023";"Burguesa"
22030000;0302100;;19;S;"Bebidas frias";"RICMS/SE - Decreto 21.400/2002 c/c PT 10/92";"Art. 681, I do RICMS/02 e Port. 263/2023";"Capunga"
22030000;0302100;;19;S;"Bebidas frias";"RICMS/SE - Decreto 21.400/2002 c/c PT 10/92";"Art. 681, I do RICMS/02 e Port. 263/2023";"Cerveja Puro Malte"
22030000;0302100;;19;S;"Bebidas frias";"RICMS/SE - Decreto 21.400/2002 c/c PT 10/92";"Art. 681, I do RICMS/02 e Port. 263/2023";"Cidade Imperio Dunkel"
22030000;0302100;;19;S;"Bebidas frias";"RICMS/SE - Decreto 21.400/2002 c/c PT 10/92";"Art. 681, I do RICMS/02 e Port. 263/2023";"Cidade Imperio Hessel"
22030000;0302100;;19;S;"Bebidas frias";"RICMS/SE - Decreto 21.400/2002 c/c PT 10/92";"Art. 681, I do RICMS/02 e Port. 263/2023";"Cidade Imperio Pilsen"
22030000;0302100;;19;S;"Bebidas frias";"RICMS/SE - Decreto 21.400/2002 c/c PT 10/92";"Art. 681, I do RICMS/02 e Port. 263/2023";"Colina Pilsen"
22030000;0302100;;19;S;"Bebidas frias";"RICMS/SE - Decreto 21.400/2002 c/c PT 10/92";"Art. 681, I do RICMS/02 e Port. 263/2023";"Colorado 410 ml"
22030000;0302100;;19;S;"Bebidas frias";"RICMS/SE - Decreto 21.400/2002 c/c PT 10/92";"Art. 681, I do RICMS/02 e Port. 263/2023";"Conti"
22030000;0302100;;19;S;"Bebidas frias";"RICMS/SE - Decreto 21.400/2002 c/c PT 10/92";"Art. 681, I do RICMS/02 e Port. 263/2023";"Conti Zero Grau"
22030000;0302100;;19;S;"Bebidas frias";"RICMS/SE - Decreto 21.400/2002 c/c PT 10/92";"Art. 681, I do RICMS/02 e Port. 263/2023";"Conti  Malzbier"
22030000;0302100;;19;S;"Bebidas frias";"RICMS/SE - Decreto 21.400/2002 c/c PT 10/92";"Art. 681, I do RICMS/02 e Port. 263/2023";"Crystal Pilsen"
22030000;0302100;;19;S;"Bebidas frias";"RICMS/SE - Decreto 21.400/2002 c/c PT 10/92";"Art. 681, I do RICMS/02 e Port. 263/2023";"Devassa"
22030000;0302100;;19;S;"Bebidas frias";"RICMS/SE - Decreto 21.400/2002 c/c PT 10/92";"Art. 681, I do RICMS/02 e Port. 263/2023";"Ekaut"
22030000;0302100;;19;S;"Bebidas frias";"RICMS/SE - Decreto 21.400/2002 c/c PT 10/92";"Art. 681, I do RICMS/02 e Port. 263/2023";"Estrella Galicia"
22030000;0302100;;19;S;"Bebidas frias";"RICMS/SE - Decreto 21.400/2002 c/c PT 10/92";"Art. 681, I do RICMS/02 e Port. 263/2023";"Estrela Sirius Pilsen"
22030000;0302100;;19;S;"Bebidas frias";"RICMS/SE - Decreto 21.400/2002 c/c PT 10/92";"Art. 681, I do RICMS/02 e Port. 263/2023";"Estrela Sirius Puro malte"
22030000;0302100;;19;S;"Bebidas frias";"RICMS/SE - Decreto 21.400/2002 c/c PT 10/92";"Art. 681, I do RICMS/02 e Port. 263/2023";"Glacial"
22030000;0302100;;19;S;"Bebidas frias";"RICMS/SE - Decreto 21.400/2002 c/c PT 10/92";"Art. 681, I do RICMS/02 e Port. 263/2023";"Império Pilsen"
22030000;0302100;;19;S;"Bebidas frias";"RICMS/SE - Decreto 21.400/2002 c/c PT 10/92";"Art. 681, I do RICMS/02 e Port. 263/2023";"Império Lager"
22030000;0302100;;19;S;"Bebidas frias";"RICMS/SE - Decreto 21.400/2002 c/c PT 10/92";"Art. 681, I do RICMS/02 e Port. 263/2023";"Itaipava Pilsen"
22030000;0302100;;19;S;"Bebidas frias";"RICMS/SE - Decreto 21.400/2002 c/c PT 10/92";"Art. 681, I do RICMS/02 e Port. 263/2023";"Itaipava 100% malte"
22030000;0302100;;19;S;"Bebidas frias";"RICMS/SE - Decreto 21.400/2002 c/c PT 10/92";"Art. 681, I do RICMS/02 e Port. 263/2023";"Kaiser"
22030000;0302100;;19;S;"Bebidas frias";"RICMS/SE - Decreto 21.400/2002 c/c PT 10/92";"Art. 681, I do RICMS/02 e Port. 263/2023";"Lokal Pilsen"
22030000;0302100;;19;S;"Bebidas frias";"RICMS/SE - Decreto 21.400/2002 c/c PT 10/92";"Art. 681, I do RICMS/02 e Port. 263/2023";"Nova Extrela Puro Malte"
22030000;0302100;;19;S;"Bebidas frias";"RICMS/SE - Decreto 21.400/2002 c/c PT 10/92";"Art. 681, I do RICMS/02 e Port. 263/2023";"Macedônia Kolsch"
22030000;0302100;;19;S;"Bebidas frias";"RICMS/SE - Decreto 21.400/2002 c/c PT 10/92";"Art. 681, I do RICMS/02 e Port. 263/2023";"Maniacs Aloha"
22030000;0302100;;19;S;"Bebidas frias";"RICMS/SE - Decreto 21.400/2002 c/c PT 10/92";"Art. 681, I do RICMS/02 e Port. 263/2023";"Maniacs Caft Lager"
22030000;0302100;;19;S;"Bebidas frias";"RICMS/SE - Decreto 21.400/2002 c/c PT 10/92";"Art. 681, I do RICMS/02 e Port. 263/2023";"Maniacs Ipa"
22030000;0302100;;19;S;"Bebidas frias";"RICMS/SE - Decreto 21.400/2002 c/c PT 10/92";"Art. 681, I do RICMS/02 e Port. 263/2023";"Maniacs Oktoberfest"
22030000;0302100;;19;S;"Bebidas frias";"RICMS/SE - Decreto 21.400/2002 c/c PT 10/92";"Art. 681, I do RICMS/02 e Port. 263/2023";"Maniacs Hop Arabica"
22030000;0302100;;19;S;"Bebidas frias";"RICMS/SE - Decreto 21.400/2002 c/c PT 10/92";"Art. 681, I do RICMS/02 e Port. 263/2023";"Patagonia"
22030000;0302100;;19;S;"Bebidas frias";"RICMS/SE - Decreto 21.400/2002 c/c PT 10/92";"Art. 681, I do RICMS/02 e Port. 263/2023";"Petra puro malte"
22030000;0302100;;19;S;"Bebidas frias";"RICMS/SE - Decreto 21.400/2002 c/c PT 10/92";"Art. 681, I do RICMS/02 e Port. 263/2023";"Proibida"
22030000;0302100;;19;S;"Bebidas frias";"RICMS/SE - Decreto 21.400/2002 c/c PT 10/92";"Art. 681, I do RICMS/02 e Port. 263/2023";"Proibida Puro Malte Leve"
22030000;0302100;;19;S;"Bebidas frias";"RICMS/SE - Decreto 21.400/2002 c/c PT 10/92";"Art. 681, I do RICMS/02 e Port. 263/2023";"Original"
22030000;0302100;;19;S;"Bebidas frias";"RICMS/SE - Decreto 21.400/2002 c/c PT 10/92";"Art. 681, I do RICMS/02 e Port. 263/2023";"Samba"
22030000;0302100;;19;S;"Bebidas frias";"RICMS/SE - Decreto 21.400/2002 c/c PT 10/92";"Art. 681, I do RICMS/02 e Port. 263/2023";"Schin"
22030000;0302100;;19;S;"Bebidas frias";"RICMS/SE - Decreto 21.400/2002 c/c PT 10/92";"Art. 681, I do RICMS/02 e Port. 263/2023";"Skol Puro Malte"
22030000;0302100;;19;S;"Bebidas frias";"RICMS/SE - Decreto 21.400/2002 c/c PT 10/92";"Art. 681, I do RICMS/02 e Port. 263/2023";"Skol Pilsen"
22030000;0302100;;19;S;"Bebidas frias";"RICMS/SE - Decreto 21.400/2002 c/c PT 10/92";"Art. 681, I do RICMS/02 e Port. 263/2023";"Skol Pilsen 410 ml - Multpack (valor por unidade)"
22030000;0302100;;19;S;"Bebidas frias";"RICMS/SE - Decreto 21.400/2002 c/c PT 10/92";"Art. 681, I do RICMS/02 e Port. 263/2023";"Spoller"
22030000;0302100;;19;S;"Bebidas frias";"RICMS/SE - Decreto 21.400/2002 c/c PT 10/92";"Art. 681, I do RICMS/02 e Port. 263/2023";"Spoller Malzebier"
22030000;0302100;;19;S;"Bebidas frias";"RICMS/SE - Decreto 21.400/2002 c/c PT 10/92";"Art. 681, I do RICMS/02 e Port. 263/2023";"Spaten"
22030000;0302100;;19;S;"Bebidas frias";"RICMS/SE - Decreto 21.400/2002 c/c PT 10/92";"Art. 681, I do RICMS/02 e Port. 263/2023";"Stella Artois 410 ml"
22030000;0302100;;19;S;"Bebidas frias";"RICMS/SE - Decreto 21.400/2002 c/c PT 10/92";"Art. 681, I do RICMS/02 e Port. 263/2023";"Stella Artois 410 ml - Multpack (valor por unidade)"
22030000;0302100;;19;S;"Bebidas frias";"RICMS/SE - Decreto 21.400/2002 c/c PT 10/92";"Art. 681, I do RICMS/02 e Port. 263/2023";"Sul Americana"
22030000;0302100;;19;S;"Bebidas frias";"RICMS/SE - Decreto 21.400/2002 c/c PT 10/92";"Art. 681, I do RICMS/02 e Port. 263/2023";"Wals"
22030000;0302100;;19;S;"Bebidas frias";"RICMS/SE - Decreto 21.400/2002 c/c PT 10/92";"Art. 681, I do RICMS/02 e Port. 263/2023";"Outras (nacionais)"
22030000;0302100;;19;S;"Bebidas frias";"RICMS/SE - Decreto 21.400/2002 c/c PT 10/92";"Art. 681, I do RICMS/02 e Port. 263/2023";"Outras (importadas)"
22030000;0302100;;19;S;"Bebidas frias";"RICMS/SE - Decreto 21.400/2002 c/c PT 10/92";"Art. 681, I do RICMS/02 e Port. 263/2023";"8.6 Especial Blond Beer"
22030000;0302100;;19;S;"Bebidas frias";"RICMS/SE - Decreto 21.400/2002 c/c PT 10/92";"Art. 681, I do RICMS/02 e Port. 263/2023";"8.6 Especial Red Beer"
22030000;0302100;;19;S;"Bebidas frias";"RICMS/SE - Decreto 21.400/2002 c/c PT 10/92";"Art. 681, I do RICMS/02 e Port. 263/2023";"Brahma Chopp"
22030000;0302100;;19;S;"Bebidas frias";"RICMS/SE - Decreto 21.400/2002 c/c PT 10/92";"Art. 681, I do RICMS/02 e Port. 263/2023";"Itaipava"
22030000;0302100;;19;S;"Bebidas frias";"RICMS/SE - Decreto 21.400/2002 c/c PT 10/92";"Art. 681, I do RICMS/02 e Port. 263/2023";"Skol Pilsen"
22030000;0302100;;19;S;"Bebidas frias";"RICMS/SE - Decreto 21.400/2002 c/c PT 10/92";"Art. 681, I do RICMS/02 e Port. 263/2023";"Outras Importadas"
22030000;0302100;;19;S;"Bebidas frias";"RICMS/SE - Decreto 21.400/2002 c/c PT 10/92";"Art. 681, I do RICMS/02 e Port. 263/2023";"Outras"
22030000;0302100;;19;S;"Bebidas frias";"RICMS/SE - Decreto 21.400/2002 c/c PT 10/92";"Art. 681, I do RICMS/02 e Port. 263/2023";"Heineken Keg 5 Litros"
22030000;0302100;;19;S;"Bebidas frias";"RICMS/SE - Decreto 21.400/2002 c/c PT 10/92";"Art. 681, I do RICMS/02 e Port. 263/2023";"Outras"
22030000;0302100;;19;S;"Bebidas frias";"RICMS/SE - Decreto 21.400/2002 c/c PT 10/92";"Art. 681, I do RICMS/02 e Port. 263/2023";"1906 Res Especial Kit C/ 6 Garrafas 330 ml Descartáveis"
22030000;0302100;;19;S;"Bebidas frias";"RICMS/SE - Decreto 21.400/2002 c/c PT 10/92";"Art. 681, I do RICMS/02 e Port. 263/2023";"Extrela Gallicia Kit C/ 6 Garrafas 330 ml Descartáveis"
22030000;0302100;;19;S;"Bebidas frias";"RICMS/SE - Decreto 21.400/2002 c/c PT 10/92";"Art. 681, I do RICMS/02 e Port. 263/2023";"Outros Garrafas de 330 ml Descart."
22030000;0302300;;19;S;"Bebidas frias";"RICMS/SE - Decreto 21.400/2002 c/c PT 10/92";"Art. 681, I do RICMS/02 e Port. 263/2023";"Amstel"
22030000;0302300;;19;S;"Bebidas frias";"RICMS/SE - Decreto 21.400/2002 c/c PT 10/92";"Art. 681, I do RICMS/02 e Port. 263/2023";"Antarctica, Brahma, Skol"
22030000;0302300;;19;S;"Bebidas frias";"RICMS/SE - Decreto 21.400/2002 c/c PT 10/92";"Art. 681, I do RICMS/02 e Port. 263/2023";"Cabueta"
22030000;0302300;;19;S;"Bebidas frias";"RICMS/SE - Decreto 21.400/2002 c/c PT 10/92";"Art. 681, I do RICMS/02 e Port. 263/2023";"Cerpa"
22030000;0302300;;19;S;"Bebidas frias";"RICMS/SE - Decreto 21.400/2002 c/c PT 10/92";"Art. 681, I do RICMS/02 e Port. 263/2023";"Cerpa Tijuca Puro malte"
22030000;0302300;;19;S;"Bebidas frias";"RICMS/SE - Decreto 21.400/2002 c/c PT 10/92";"Art. 681, I do RICMS/02 e Port. 263/2023";"Cervejaria sergipana"
22030000;0302300;;19;S;"Bebidas frias";"RICMS/SE - Decreto 21.400/2002 c/c PT 10/92";"Art. 681, I do RICMS/02 e Port. 263/2023";"Colina"
22030000;0302300;;19;S;"Bebidas frias";"RICMS/SE - Decreto 21.400/2002 c/c PT 10/92";"Art. 681, I do RICMS/02 e Port. 263/2023";"Colina Puro Malte"
22030000;0302300;;19;S;"Bebidas frias";"RICMS/SE - Decreto 21.400/2002 c/c PT 10/92";"Art. 681, I do RICMS/02 e Port. 263/2023";"Conti"
22030000;0302300;;19;S;"Bebidas frias";"RICMS/SE - Decreto 21.400/2002 c/c PT 10/92";"Art. 681, I do RICMS/02 e Port. 263/2023";"Dalla Ipa Pet 1500 ml"
22030000;0302300;;19;S;"Bebidas frias";"RICMS/SE - Decreto 21.400/2002 c/c PT 10/92";"Art. 681, I do RICMS/02 e Port. 263/2023";"Dalla Pilsen Pet 1500 ml"
22030000;0302300;;19;S;"Bebidas frias";"RICMS/SE - Decreto 21.400/2002 c/c PT 10/92";"Art. 681, I do RICMS/02 e Port. 263/2023";"Dalla Munich Dunpel Pet 1500 ml"
22030000;0302300;;19;S;"Bebidas frias";"RICMS/SE - Decreto 21.400/2002 c/c PT 10/92";"Art. 681, I do RICMS/02 e Port. 263/2023";"Dalla Triplo Malte 1500 ml"
22030000;0302300;;19;S;"Bebidas frias";"RICMS/SE - Decreto 21.400/2002 c/c PT 10/92";"Art. 681, I do RICMS/02 e Port. 263/2023";"Dalla Wess Pet 1500 ml"
22030000;0302300;;19;S;"Bebidas frias";"RICMS/SE - Decreto 21.400/2002 c/c PT 10/92";"Art. 681, I do RICMS/02 e Port. 263/2023";"Dalla Vinho 1500 ml"
22030000;0302300;;19;S;"Bebidas frias";"RICMS/SE - Decreto 21.400/2002 c/c PT 10/92";"Art. 681, I do RICMS/02 e Port. 263/2023";"Devassa"
22030000;0302300;;19;S;"Bebidas frias";"RICMS/SE - Decreto 21.400/2002 c/c PT 10/92";"Art. 681, I do RICMS/02 e Port. 263/2023";"Eisenbahn"
22030000;0302300;;19;S;"Bebidas frias";"RICMS/SE - Decreto 21.400/2002 c/c PT 10/92";"Art. 681, I do RICMS/02 e Port. 263/2023";"Ekaut"
22030000;0302300;;19;S;"Bebidas frias";"RICMS/SE - Decreto 21.400/2002 c/c PT 10/92";"Art. 681, I do RICMS/02 e Port. 263/2023";"Gota serena"
22030000;0302300;;19;S;"Bebidas frias";"RICMS/SE - Decreto 21.400/2002 c/c PT 10/92";"Art. 681, I do RICMS/02 e Port. 263/2023";"Heineken"
22030000;0302300;;19;S;"Bebidas frias";"RICMS/SE - Decreto 21.400/2002 c/c PT 10/92";"Art. 681, I do RICMS/02 e Port. 263/2023";"Império Pìlsen"
22030000;0302300;;19;S;"Bebidas frias";"RICMS/SE - Decreto 21.400/2002 c/c PT 10/92";"Art. 681, I do RICMS/02 e Port. 263/2023";"Kaiser"
22030000;0302300;;19;S;"Bebidas frias";"RICMS/SE - Decreto 21.400/2002 c/c PT 10/92";"Art. 681, I do RICMS/02 e Port. 263/2023";"Petra Puro Malte"
22030000;0302300;;19;S;"Bebidas frias";"RICMS/SE - Decreto 21.400/2002 c/c PT 10/92";"Art. 681, I do RICMS/02 e Port. 263/2023";"Schin"
22030000;0302300;;19;S;"Bebidas frias";"RICMS/SE - Decreto 21.400/2002 c/c PT 10/92";"Art. 681, I do RICMS/02 e Port. 263/2023";"Scholer's Bier IPA"
22030000;0302300;;19;S;"Bebidas frias";"RICMS/SE - Decreto 21.400/2002 c/c PT 10/92";"Art. 681, I do RICMS/02 e Port. 263/2023";"Scholer's Bier Pilsen"
22030000;0302300;;19;S;"Bebidas frias";"RICMS/SE - Decreto 21.400/2002 c/c PT 10/92";"Art. 681, I do RICMS/02 e Port. 263/2023";"Scholer's Bier Vienna"
22030000;0302300;;19;S;"Bebidas frias";"RICMS/SE - Decreto 21.400/2002 c/c PT 10/92";"Art. 681, I do RICMS/02 e Port. 263/2023";"Scholer's German Pilsner"
22030000;0302300;;19;S;"Bebidas frias";"RICMS/SE - Decreto 21.400/2002 c/c PT 10/92";"Art. 681, I do RICMS/02 e Port. 263/2023";"Serras Gerais"
22030000;0302300;;19;S;"Bebidas frias";"RICMS/SE - Decreto 21.400/2002 c/c PT 10/92";"Art. 681, I do RICMS/02 e Port. 263/2023";"Serras Gerais Puro Malte"
22030000;0302300;;19;S;"Bebidas frias";"RICMS/SE - Decreto 21.400/2002 c/c PT 10/92";"Art. 681, I do RICMS/02 e Port. 263/2023";"Spoller"
22030000;0302300;;19;S;"Bebidas frias";"RICMS/SE - Decreto 21.400/2002 c/c PT 10/92";"Art. 681, I do RICMS/02 e Port. 263/2023";"Stella Artois"
22030000;0302300;;19;S;"Bebidas frias";"RICMS/SE - Decreto 21.400/2002 c/c PT 10/92";"Art. 681, I do RICMS/02 e Port. 263/2023";"Terres Pilsen"
22030000;0302300;;19;S;"Bebidas frias";"RICMS/SE - Decreto 21.400/2002 c/c PT 10/92";"Art. 681, I do RICMS/02 e Port. 263/2023";"Terres Apa"
22030000;0302300;;19;S;"Bebidas frias";"RICMS/SE - Decreto 21.400/2002 c/c PT 10/92";"Art. 681, I do RICMS/02 e Port. 263/2023";"Terres Aber Lager"
22030000;0302300;;19;S;"Bebidas frias";"RICMS/SE - Decreto 21.400/2002 c/c PT 10/92";"Art. 681, I do RICMS/02 e Port. 263/2023";"Terres Ipa"
22030000;0302300;;19;S;"Bebidas frias";"RICMS/SE - Decreto 21.400/2002 c/c PT 10/92";"Art. 681, I do RICMS/02 e Port. 263/2023";"Terres Red Ipa"
22030000;0302300;;19;S;"Bebidas frias";"RICMS/SE - Decreto 21.400/2002 c/c PT 10/92";"Art. 681, I do RICMS/02 e Port. 263/2023";"Terres Blonde Ale"
22030000;0302300;;19;S;"Bebidas frias";"RICMS/SE - Decreto 21.400/2002 c/c PT 10/92";"Art. 681, I do RICMS/02 e Port. 263/2023";"Terres Stout"
22030000;0302300;;19;S;"Bebidas frias";"RICMS/SE - Decreto 21.400/2002 c/c PT 10/92";"Art. 681, I do RICMS/02 e Port. 263/2023";"Tiger"
22030000;0302300;;19;S;"Bebidas frias";"RICMS/SE - Decreto 21.400/2002 c/c PT 10/92";"Art. 681, I do RICMS/02 e Port. 263/2023";"Voiller"
22030000;0302300;;19;S;"Bebidas frias";"RICMS/SE - Decreto 21.400/2002 c/c PT 10/92";"Art. 681, I do RICMS/02 e Port. 263/2023";"Outros"
2205;0200100;55.56;25;S;"Bebidas Quentes";"RICMS/SE - Decreto 21.400/2002 c/c PT 15/06";"Art. 681, XVIII, XIX e XXIV e Anexo IX, Tabela XI do RICMS/02";"Aperitivos, amargos, bitter e similares"
22089000;0200100;55.56;25;S;"Bebidas Quentes";"RICMS/SE - Decreto 21.400/2002 c/c PT 15/06";"Art. 681, XVIII, XIX e XXIV e Anexo IX, Tabela XI do RICMS/02";"Aperitivos, amargos, bitter e similares"
22089000;0200200;55.56;25;S;"Bebidas Quentes";"RICMS/SE - Decreto 21.400/2002 c/c PT 15/06";"Art. 681, XVIII, XIX e XXIV e Anexo IX, Tabela XI do RICMS/02";"Batida e similares"
22089000;0200300;55.56;25;S;"Bebidas Quentes";"RICMS/SE - Decreto 21.400/2002 c/c PT 15/06";"Art. 681, XVIII, XIX e XXIV e Anexo IX, Tabela XI do RICMS/02";"Bebida ice"
220720;0200400;41.94;19;S;"Bebidas Quentes";"RICMS/SE - Decreto 21.400/2002 c/c PT 15/06";"Art. 681, XVIII, XIX e XXIV e Anexo IX, Tabela XI do RICMS/02";"Cachaça e aguardentes"
22084000;0200400;41.94;19;S;"Bebidas Quentes";"RICMS/SE - Decreto 21.400/2002 c/c PT 15/06";"Art. 681, XVIII, XIX e XXIV e Anexo IX, Tabela XI do RICMS/02";"Cachaça e aguardentes"
2205;0200500;55.56;25;S;"Bebidas Quentes";"RICMS/SE - Decreto 21.400/2002 c/c PT 15/06";"Art. 681, XVIII, XIX e XXIV e Anexo IX, Tabela XI do RICMS/02";"Catuaba e similares"
22060090;0200500;55.56;25;S;"Bebidas Quentes";"RICMS/SE - Decreto 21.400/2002 c/c PT 15/06";"Art. 681, XVIII, XIX e XXIV e Anexo IX, Tabela XI do RICMS/02";"Catuaba e similares"
22089000;0200500;55.56;25;S;"Bebidas Quentes";"RICMS/SE - Decreto 21.400/2002 c/c PT 15/06";"Art. 681, XVIII, XIX e XXIV e Anexo IX, Tabela XI do RICMS/02";"Catuaba e similares"
22089000;0200600;55.56;25;S;"Bebidas Quentes";"RICMS/SE - Decreto 21.400/2002 c/c PT 15/06";"Art. 681, XVIII, XIX e XXIV e Anexo IX, Tabela XI do RICMS/02";"Conhaque, brandy e similares"
22082000;0200700;55.56;25;S;"Bebidas Quentes";"RICMS/SE - Decreto 21.400/2002 c/c PT 15/06";"Art. 681, XVIII, XIX e XXIV e Anexo IX, Tabela XI do RICMS/02";"Cooler"
22085000;0200800;55.56;25;S;"Bebidas Quentes";"RICMS/SE - Decreto 21.400/2002 c/c PT 15/06";"Art. 681, XVIII, XIX e XXIV e Anexo IX, Tabela XI do RICMS/02";"Gim (gin) e genebra"
2205;0200900;55.56;25;S;"Bebidas Quentes";"RICMS/SE - Decreto 21.400/2002 c/c PT 15/06";"Art. 681, XVIII, XIX e XXIV e Anexo IX, Tabela XI do RICMS/02";"Jurubeba e similares"
22060090;0200900;55.56;25;S;"Bebidas Quentes";"RICMS/SE - Decreto 21.400/2002 c/c PT 15/06";"Art. 681, XVIII, XIX e XXIV e Anexo IX, Tabela XI do RICMS/02";"Jurubeba e similares"
22089000;0200900;55.56;25;S;"Bebidas Quentes";"RICMS/SE - Decreto 21.400/2002 c/c PT 15/06";"Art. 681, XVIII, XIX e XXIV e Anexo IX, Tabela XI do RICMS/02";"Jurubeba e similares"
22087000;0201000;55.56;25;S;"Bebidas Quentes";"RICMS/SE - Decreto 21.400/2002 c/c PT 15/06";"Art. 681, XVIII, XIX e XXIV e Anexo IX, Tabela XI do RICMS/02";"Licores e similares"
22082000;0201100;55.56;25;S;"Bebidas Quentes";"RICMS/SE - Decreto 21.400/2002 c/c PT 15/06";"Art. 681, XVIII, XIX e XXIV e Anexo IX, Tabela XI do RICMS/02";"Pisco"
22084000;0201200;55.56;25;S;"Bebidas Quentes";"RICMS/SE - Decreto 21.400/2002 c/c PT 15/06";"Art. 681, XVIII, XIX e XXIV e Anexo IX, Tabela XI do RICMS/02";"Rum"
22060090;0201300;55.56;25;S;"Bebidas Quentes";"RICMS/SE - Decreto 21.400/2002 c/c PT 15/06";"Art. 681, XVIII, XIX e XXIV e Anexo IX, Tabela XI do RICMS/02";"Saquê"
22089000;0201400;55.56;25;S;"Bebidas Quentes";"RICMS/SE - Decreto 21.400/2002 c/c PT 15/06";"Art. 681, XVIII, XIX e XXIV e Anexo IX, Tabela XI do RICMS/02";"Steinhaeger"
22089000;0201500;55.56;25;S;"Bebidas Quentes";"RICMS/SE - Decreto 21.400/2002 c/c PT 15/06";"Art. 681, XVIII, XIX e XXIV e Anexo IX, Tabela XI do RICMS/02";"Tequila"
220830;0201600;55.56;25;S;"Bebidas Quentes";"RICMS/SE - Decreto 21.400/2002 c/c PT 15/06";"Art. 681, XVIII, XIX e XXIV e Anexo IX, Tabela XI do RICMS/02";"Uísque"
2205;0201700;55.56;25;S;"Bebidas Quentes";"RICMS/SE - Decreto 21.400/2002 c/c PT 15/06";"Art. 681, XVIII, XIX e XXIV e Anexo IX, Tabela XI do RICMS/02";"Vermute e similares"
22086000;0201800;55.56;25;S;"Bebidas Quentes";"RICMS/SE - Decreto 21.400/2002 c/c PT 15/06";"Art. 681, XVIII, XIX e XXIV e Anexo IX, Tabela XI do RICMS/02";"Vodka"
22089000;0201900;55.56;25;S;"Bebidas Quentes";"RICMS/SE - Decreto 21.400/2002 c/c PT 15/06";"Art. 681, XVIII, XIX e XXIV e Anexo IX, Tabela XI do RICMS/02";"Derivados de vodka"
22089000;0202000;55.56;25;S;"Bebidas Quentes";"RICMS/SE - Decreto 21.400/2002 c/c PT 15/06";"Art. 681, XVIII, XIX e XXIV e Anexo IX, Tabela XI do RICMS/02";"Arak"
22082000;0202100;55.56;25;S;"Bebidas Quentes";"RICMS/SE - Decreto 21.400/2002 c/c PT 15/06";"Art. 681, XVIII, XIX e XXIV e Anexo IX, Tabela XI do RICMS/02";"Aguardente vínica / grappa"
22060010;0202200;55.56;25;S;"Bebidas Quentes";"RICMS/SE - Decreto 21.400/2002 c/c PT 15/06";"Art. 681, XVIII, XIX e XXIV e Anexo IX, Tabela XI do RICMS/02";"Sidra e similares"
2205;0202300;55.56;25;S;"Bebidas Quentes";"RICMS/SE - Decreto 21.400/2002 c/c PT 15/06";"Art. 681, XVIII, XIX e XXIV e Anexo IX, Tabela XI do RICMS/02";"Sangrias e coquetéis"
22060090;0202300;55.56;25;S;"Bebidas Quentes";"RICMS/SE - Decreto 21.400/2002 c/c PT 15/06";"Art. 681, XVIII, XIX e XXIV e Anexo IX, Tabela XI do RICMS/02";"Sangrias e coquetéis"
22089000;0202300;55.56;25;S;"Bebidas Quentes";"RICMS/SE - Decreto 21.400/2002 c/c PT 15/06";"Art. 681, XVIII, XIX e XXIV e Anexo IX, Tabela XI do RICMS/02";"Sangrias e coquetéis"
2204;0202400;55.56;25;S;"Bebidas Quentes";"RICMS/SE - Decreto 21.400/2002 c/c PT 15/06";"Art. 681, XVIII, XIX e XXIV e Anexo IX, Tabela XI do RICMS/02";"Vinhos de uvas frescas, incluindo os vinhos enriquecidos com álcool; mostos de uvas."
2205;0299900;55.56;25;S;"Bebidas Quentes";"RICMS/SE - Decreto 21.400/2002 c/c PT 15/06";"Art. 681, XVIII, XIX e XXIV e Anexo IX, Tabela XI do RICMS/02";"Outras bebidas alcoólicas não especificadas nos itens anteriores"
2206;0299900;55.56;25;S;"Bebidas Quentes";"RICMS/SE - Decreto 21.400/2002 c/c PT 15/06";"Art. 681, XVIII, XIX e XXIV e Anexo IX, Tabela XI do RICMS/02";"Outras bebidas alcoólicas não especificadas nos itens anteriores"
2207;0299900;55.56;25;S;"Bebidas Quentes";"RICMS/SE - Decreto 21.400/2002 c/c PT 15/06";"Art. 681, XVIII, XIX e XXIV e Anexo IX, Tabela XI do RICMS/02";"Outras bebidas alcoólicas não especificadas nos itens anteriores"
2208;0299900;55.56;25;S;"Bebidas Quentes";"RICMS/SE - Decreto 21.400/2002 c/c PT 15/06";"Art. 681, XVIII, XIX e XXIV e Anexo IX, Tabela XI do RICMS/02";"Outras bebidas alcoólicas não especificadas nos itens anteriores"
2402;0400100;50;;S;"Cigarro";"RICMS/SE - Decreto 21.400/2002";"Art. 681, IV, §§ 11 a 12 e art. 684, § 4º-E, XXIII do RICMS/02";"Charutos, cigarrilhas e cigarros, de tabaco ou dos seus sucedâneos"
24031;0400200;50;;S;"Cigarro";"RICMS/SE - Decreto 21.400/2002";"Art. 681, IV, §§ 11 a 12 e art. 684, § 4º-E, XXIII do RICMS/02";"Tabaco para fumar, mesmo contendo sucedâneos de tabaco em qualquer proporção"
2523;0500100;32;19;S;"Cimentos";"RICMS/SE - Decreto 21.400/2002 c/c PT 11/85";"Art. 681, II, Anexo IX, Tabela I, item 6 do RICMS/02";"Cimento"
8539;0900100;76.33;19;S;"Lampadas";"RICMS/SE - Decreto 21.400/2002 c/c PT 17/85";"Art. 681, XI e Anexo IX, Tabela I, item 14 do RICMS/02";"Lâmpadas elétricas"
8540;0900200;122.54;19;S;"Lampadas";"RICMS/SE - Decreto 21.400/2002 c/c PT 17/85";"Art. 681, XI e Anexo IX, Tabela I, item 14 do RICMS/03";"Lâmpadas eletrônicas"
85041000;0900300;68.44;19;S;"Lampadas";"RICMS/SE - Decreto 21.400/2002 c/c PT 17/85";"Art. 681, XI e Anexo IX, Tabela I, item 14 do RICMS/04";"Reatores para lâmpadas ou tubos de descargas"
853650;0900400;122.54;19;S;"Lampadas";"RICMS/SE - Decreto 21.400/2002 c/c PT 17/85";"Art. 681, XI e Anexo IX, Tabela I, item 14 do RICMS/05";"'Starter'"
85395000;0900500;80.04;19;S;"Lampadas";"RICMS/SE - Decreto 21.400/2002 c/c PT 17/85";"Art. 681, XI e Anexo IX, Tabela I, item 14 do RICMS/06";"Lâmpadas de LED (Diodos Emissores de Luz)"
3003;1300100;65.89;;S;"Medicamento";"RICMS/SE - Decreto 21.400/2002 c/c CV 234/17";"Art. 681, VI ; 684, § 4º-E, XIX, do RICMS/02";"Medicamentos de referência – positiva, exceto para uso veterinário"
3004;1300100;65.89;;S;"Medicamento";"RICMS/SE - Decreto 21.400/2002 c/c CV 234/17";"Art. 681, VI ; 684, § 4º-E, XIX, do RICMS/02";"Medicamentos de referência – positiva, exceto para uso veterinário"
3003;1300101;59.6;;S;"Medicamento";"RICMS/SE - Decreto 21.400/2002 c/c CV 234/17";"Art. 681, VI ; 684, § 4º-E, XIX, do RICMS/02";"Medicamentos de referência – negativa, exceto para uso veterinário"
3004;1300101;59.6;;S;"Medicamento";"RICMS/SE - Decreto 21.400/2002 c/c CV 234/17";"Art. 681, VI ; 684, § 4º-E, XIX, do RICMS/02";"Medicamentos de referência – negativa, exceto para uso veterinário"
3003;1300102;69.66;;S;"Medicamento";"RICMS/SE - Decreto 21.400/2002 c/c CV 234/17";"Art. 681, VI ; 684, § 4º-E, XIX, do RICMS/02";"Medicamentos de referência – neutra, exceto para uso veterinário"
3004;1300102;69.66;;S;"Medicamento";"RICMS/SE - Decreto 21.400/2002 c/c CV 234/17";"Art. 681, VI ; 684, § 4º-E, XIX, do RICMS/02";"Medicamentos de referência – neutra, exceto para uso veterinário"
3003;1300200;65.89;;S;"Medicamento";"RICMS/SE - Decreto 21.400/2002 c/c CV 234/17";"Art. 681, VI ; 684, § 4º-E, XIX, do RICMS/02";"Medicamentos genéricos – positiva, exceto para uso veterinário"
3004;1300200;65.89;;S;"Medicamento";"RICMS/SE - Decreto 21.400/2002 c/c CV 234/17";"Art. 681, VI ; 684, § 4º-E, XIX, do RICMS/02";"Medicamentos genéricos – positiva, exceto para uso veterinário"
3003;1300201;59.6;;S;"Medicamento";"RICMS/SE - Decreto 21.400/2002 c/c CV 234/17";"Art. 681, VI ; 684, § 4º-E, XIX, do RICMS/02";"Medicamentos genéricos – negativa, exceto para uso veterinário"
3004;1300201;59.6;;S;"Medicamento";"RICMS/SE - Decreto 21.400/2002 c/c CV 234/17";"Art. 681, VI ; 684, § 4º-E, XIX, do RICMS/02";"Medicamentos genéricos – negativa, exceto para uso veterinário"
3003;1300202;69.66;;S;"Medicamento";"RICMS/SE - Decreto 21.400/2002 c/c CV 234/17";"Art. 681, VI ; 684, § 4º-E, XIX, do RICMS/02";"Medicamentos genéricos – neutra, exceto para uso veterinário"
3004;1300202;69.66;;S;"Medicamento";"RICMS/SE - Decreto 21.400/2002 c/c CV 234/17";"Art. 681, VI ; 684, § 4º-E, XIX, do RICMS/02";"Medicamentos genéricos – neutra, exceto para uso veterinário"
3003;1300300;65.89;;S;"Medicamento";"RICMS/SE - Decreto 21.400/2002 c/c CV 234/17";"Art. 681, VI ; 684, § 4º-E, XIX, do RICMS/02";"Medicamentos similares – positiva, exceto para uso veterinário"
3004;1300300;65.89;;S;"Medicamento";"RICMS/SE - Decreto 21.400/2002 c/c CV 234/17";"Art. 681, VI ; 684, § 4º-E, XIX, do RICMS/02";"Medicamentos similares – positiva, exceto para uso veterinário"
3003;1300301;59.6;;S;"Medicamento";"RICMS/SE - Decreto 21.400/2002 c/c CV 234/17";"Art. 681, VI ; 684, § 4º-E, XIX, do RICMS/02";"Medicamentos similares – negativa, exceto para uso veterinário"
3004;1300301;59.6;;S;"Medicamento";"RICMS/SE - Decreto 21.400/2002 c/c CV 234/17";"Art. 681, VI ; 684, § 4º-E, XIX, do RICMS/02";"Medicamentos similares – negativa, exceto para uso veterinário"
3003;1300302;69.66;;S;"Medicamento";"RICMS/SE - Decreto 21.400/2002 c/c CV 234/17";"Art. 681, VI ; 684, § 4º-E, XIX, do RICMS/02";"Medicamentos similares – neutra, exceto para uso veterinário"
3004;1300302;69.66;;S;"Medicamento";"RICMS/SE - Decreto 21.400/2002 c/c CV 234/17";"Art. 681, VI ; 684, § 4º-E, XIX, do RICMS/02";"Medicamentos similares – neutra, exceto para uso veterinário"
3003;1300400;65.89;;S;"Medicamento";"RICMS/SE - Decreto 21.400/2002 c/c CV 234/17";"Art. 681, VI ; 684, § 4º-E, XIX, do RICMS/02";"Outros tipos de medicamentos – positiva, exceto para uso veterinário"
3004;1300400;65.89;;S;"Medicamento";"RICMS/SE - Decreto 21.400/2002 c/c CV 234/17";"Art. 681, VI ; 684, § 4º-E, XIX, do RICMS/02";"Outros tipos de medicamentos – positiva, exceto para uso veterinário"
3003;1300401;59.6;;S;"Medicamento";"RICMS/SE - Decreto 21.400/2002 c/c CV 234/17";"Art. 681, VI ; 684, § 4º-E, XIX, do RICMS/02";"Outros tipos de medicamentos – negativa, exceto para uso veterinário"
3004;1300401;59.6;;S;"Medicamento";"RICMS/SE - Decreto 21.400/2002 c/c CV 234/17";"Art. 681, VI ; 684, § 4º-E, XIX, do RICMS/02";"Outros tipos de medicamentos – negativa, exceto para uso veterinário"
3003;1300402;69.66;;S;"Medicamento";"RICMS/SE - Decreto 21.400/2002 c/c CV 234/17";"Art. 681, VI ; 684, § 4º-E, XIX, do RICMS/02";"Outros tipos de medicamentos – neutra, exceto para uso veterinário"
3004;1300402;69.66;;S;"Medicamento";"RICMS/SE - Decreto 21.400/2002 c/c CV 234/17";"Art. 681, VI ; 684, § 4º-E, XIX, do RICMS/02";"Outros tipos de medicamentos – neutra, exceto para uso veterinário"
30066000;1300500;65.89;;S;"Medicamento";"RICMS/SE - Decreto 21.400/2002 c/c CV 234/17";"Art. 681, VI ; 684, § 4º-E, XIX, do RICMS/02";"Preparações químicas contraceptivas à base de hormônios, de outros produtos da posição 29.37 ou de espermicidas – positiva"
30066000;1300501;59.6;;S;"Medicamento";"RICMS/SE - Decreto 21.400/2002 c/c CV 234/17";"Art. 681, VI ; 684, § 4º-E, XIX, do RICMS/02";"Preparações químicas contraceptivas à base de hormônios, de outros produtos da posição 29.37 ou de espermicidas – negativa"
2936;1300600;69.66;;S;"Medicamento";"RICMS/SE - Decreto 21.400/2002 c/c CV 234/17";"Art. 681, VI ; 684, § 4º-E, XIX, do RICMS/02";"Provitaminas e vitaminas, naturais ou reproduzidas por síntese (incluídos os concentrados naturais), bem como os seus derivados utilizados principalmente como vitaminas, misturados ou não entre si, mesmo em quaisquer soluções – neutra"
300630;1300700;65.89;;S;"Medicamento";"RICMS/SE - Decreto 21.400/2002 c/c CV 234/17";"Art. 681, VI ; 684, § 4º-E, XIX, do RICMS/02";"Preparações opacificantes (contrastantes) para exames radiográficos e reagentes de diagnóstico concebidos para serem administrados ao paciente – positiva"
300630;1300701;59.6;;S;"Medicamento";"RICMS/SE - Decreto 21.400/2002 c/c CV 234/17";"Art. 681, VI ; 684, § 4º-E, XIX, do RICMS/02";"Preparações opacificantes (contrastantes) para exames radiográficos e reagentes de diagnóstico concebidos para serem administrados ao paciente – negativa"
3002;1300800;65.89;;S;"Medicamento";"RICMS/SE - Decreto 21.400/2002 c/c CV 234/17";"Art. 681, VI ; 684, § 4º-E, XIX, do RICMS/02";"Antissoro, outras frações do sangue, produtos imunológicos modificados, mesmo obtidos por via biotecnológica, exceto para uso veterinário – positiva"
3002;1300801;59.6;;S;"Medicamento";"RICMS/SE - Decreto 21.400/2002 c/c CV 234/17";"Art. 681, VI ; 684, § 4º-E, XIX, do RICMS/02";"Antissoro, outras frações do sangue, produtos imunológicos modificados, mesmo obtidos por via biotecnológica, exceto para uso veterinário – negativa"
3002;1300900;65.89;;S;"Medicamento";"RICMS/SE - Decreto 21.400/2002 c/c CV 234/17";"Art. 681, VI ; 684, § 4º-E, XIX, do RICMS/02";"Vacinas e produtos semelhantes, exceto para uso veterinário – positiva;"
3002;1300901;55.71;;S;"Medicamento";"RICMS/SE - Decreto 21.400/2002 c/c CV 234/17";"Art. 681, VI ; 684, § 4º-E, XIX, do RICMS/02";"Vacinas e produtos semelhantes, exceto para uso veterinário – negativa;"
30051010;1301000;65.89;;S;"Medicamento";"RICMS/SE - Decreto 21.400/2002 c/c CV 234/17";"Art. 681, VI ; 684, § 4º-E, XIX, do RICMS/02";"Curativos (pensos) adesivos e outros artigos com uma camada adesiva, impregnados ou recobertos de substâncias farmacêuticas - Lista Positiva"
30051010;1301001;59.6;;S;"Medicamento";"RICMS/SE - Decreto 21.400/2002 c/c CV 234/17";"Art. 681, VI ; 684, § 4º-E, XIX, do RICMS/02";"Curativos (pensos) adesivos e outros artigos com uma camada adesiva, impregnados ou recobertos de substâncias farmacêuticas – Lista Negativa"
3005;1301100;69.66;;S;"Medicamento";"RICMS/SE - Decreto 21.400/2002 c/c CV 234/17";"Art. 681, VI ; 684, § 4º-E, XIX, do RICMS/02";"Algodão, atadura, esparadrapo, gazes, pensos, sinapismos, e outros, acondicionados para venda a retalho para usos medicinais, cirúrgicos ou dentários, não impregnados ou recobertos de substâncias farmacêuticas - Lista Neutra"
40151100;1301200;69.66;;S;"Medicamento";"RICMS/SE - Decreto 21.400/2002 c/c CV 234/17";"Art. 681, VI ; 684, § 4º-E, XIX, do RICMS/02";"Luvas cirúrgicas e luvas de procedimento – neutra"
40151900;1301200;69.66;;S;"Medicamento";"RICMS/SE - Decreto 21.400/2002 c/c CV 234/17";"Art. 681, VI ; 684, § 4º-E, XIX, do RICMS/02";"Luvas cirúrgicas e luvas de procedimento – neutra"
40141000;1301300;;;N;"Medicamento";"RICMS/SE - Decreto 21.400/2002";"Planilha oficial de ST de Sergipe (Portal Nacional da ST), aba Medicamento, CEST 13.013.00";"Preservativo – neutra"
901831;1301400;69.66;;S;"Medicamento";"RICMS/SE - Decreto 21.400/2002 c/c CV 234/17";"Art. 681, VI ; 684, § 4º-E, XIX, do RICMS/02";"Seringas, mesmo com agulhas – neutra"
9018321;1301500;69.66;;S;"Medicamento";"RICMS/SE - Decreto 21.400/2002 c/c CV 234/17";"Art. 681, VI ; 684, § 4º-E, XIX, do RICMS/02";"Agulhas para seringas – neutra"
39269090;1301600;69.66;;S;"Medicamento";"RICMS/SE - Decreto 21.400/2002 c/c CV 234/17";"Art. 681, VI ; 684, § 4º-E, XIX, do RICMS/02";"Contraceptivos (dispositivos intrauterinos – DIU) – neutra"
90189099;1301600;69.66;;S;"Medicamento";"RICMS/SE - Decreto 21.400/2002 c/c CV 234/17";"Art. 681, VI ; 684, § 4º-E, XIX, do RICMS/02";"Contraceptivos (dispositivos intrauterinos – DIU) – neutra"
40111000;1600100;56.2;19;S;"Pneu";"RICMS/SE - Decreto 21.400/2002 c/c CV 102/17";"Art. 681, III e 684, § 4º-E do RICMS/02";"Pneus novos, dos tipos utilizados em automóveis de passageiros (incluídos os veículos de uso misto - camionetas e os automóveis de corrida)"
4011;1600200;45.2;19;S;"Pneu";"RICMS/SE - Decreto 21.400/2002 c/c CV 102/17";"Art. 681, III e 684, § 4º-E do RICMS/02";"Pneus novos, dos tipos utilizados em caminhões (inclusive para os fora-de-estrada), ônibus, aviões, máquinas de terraplenagem, de construção e conservação de estradas, máquinas e tratores agrícolas, pá-carregadeira"
40114000;1600300;76;19;S;"Pneu";"RICMS/SE - Decreto 21.400/2002 c/c CV 102/17";"Art. 681, III e 684, § 4º-E do RICMS/02";"Pneus novos para motocicletas"
4011;1600400;59.5;19;S;"Pneu";"RICMS/SE - Decreto 21.400/2002 c/c CV 102/17";"Art. 681, III e 684, § 4º-E do RICMS/02";"Outros tipos de pneus novos, exceto os itens classificados no CEST 16.005.00"
40115000;1600500;;;N;"Pneu";"RICMS/SE - Decreto 21.400/2002 c/c -";"Planilha oficial de ST de Sergipe (Portal Nacional da ST), aba Pneu, CEST 16.005.00";"Pneus novos de borracha dos tipos utilizados em bicicletas"
40121;1600600;;;N;"Pneu";"RICMS/SE - Decreto 21.400/2002 c/c -";"Planilha oficial de ST de Sergipe (Portal Nacional da ST), aba Pneu, CEST 16.006.00";"Pneus recauchutados"
401290;1600700;59.5;19;S;"Pneu";"RICMS/SE - Decreto 21.400/2002 c/c CV 102/17";"Art. 681, III e 684, § 4º-E do RICMS/02";"Protetores de borracha, exceto os itens classificados no CEST 16.007.01"
401290;1600701;;;N;"Pneu";"RICMS/SE - Decreto 21.400/2002 c/c -";"Planilha oficial de ST de Sergipe (Portal Nacional da ST), aba Pneu, CEST 16.007.01";"Protetores de borracha para bicicletas"
4013;1600800;59.5;19;S;"Pneu";"RICMS/SE - Decreto 21.400/2002 c/c CV 102/17";"Art. 681, III e 684, § 4º-E do RICMS/02";"Câmaras de ar de borracha, exceto os itens classificados no CEST 16.009.00"
40132000;1600900;;;N;"Pneu";"RICMS/SE - Decreto 21.400/2002 c/c -";"Planilha oficial de ST de Sergipe (Portal Nacional da ST), aba Pneu, CEST 16.009.00";"Câmaras de ar de borracha dos tipos utilizados em bicicletas"
19059090;1703101;;19;S;"Alimenticio";"RICMS/SE - Decreto 21.400/2002 c/c PT 53/17";"Art. 720-A e 720-D, I";"Salgadinhos diversos, derivados de farinha de trigo"
11010010;1704400;85.26;19;S;"Alimenticio";"RICMS/SE - Decreto 21.400/2002 c/c PT46/00";"Art. 708 e 709-A";"Farinha de trigo especial, em embalagem inferior ou igual a 1 kg"
11010010;1704401;85.26;19;S;"Alimenticio";"RICMS/SE - Decreto 21.400/2002 c/c PT46/00";"Art. 708 e 709-A";"Farinha de trigo especial, em embalagem superior a 1 kg e inferior a 5 kg"
11010010;1704402;85.26;19;S;"Alimenticio";"RICMS/SE - Decreto 21.400/2002 c/c PT46/00";"Art. 708 e 709-A";"Farinha de trigo especial, em embalagem igual a 5 kg"
11010010;1704403;85.26;19;S;"Alimenticio";"RICMS/SE - Decreto 21.400/2002 c/c PT46/00";"Art. 708 e 709-A";"Farinha de trigo especial, em embalagem superior a 5 kg e inferior ou igual a 25 kg"
11010010;1704404;85.26;19;S;"Alimenticio";"RICMS/SE - Decreto 21.400/2002 c/c PT46/00";"Art. 708 e 709-A";"Farinha de trigo especial, em embalagem superior a 25 kg e inferior ou igual a 50 kg"
11010010;1704405;85.26;19;S;"Alimenticio";"RICMS/SE - Decreto 21.400/2002 c/c PT46/00";"Art. 708 e 709-A";"Farinha de trigo comum, em embalagem igual a 5 kg"
11010010;1704406;85.26;19;S;"Alimenticio";"RICMS/SE - Decreto 21.400/2002 c/c PT46/00";"Art. 708 e 709-A";"Farinha de trigo comum, em embalagem superior a 5 kg e inferior ou igual a 25 kg"
11010010;1704407;85.26;19;S;"Alimenticio";"RICMS/SE - Decreto 21.400/2002 c/c PT46/00";"Art. 708 e 709-A";"Farinha de trigo comum, em embalagem superior a 25 kg e inferior ou igual a 50 kg"
11010010;1704408;85.26;19;S;"Alimenticio";"RICMS/SE - Decreto 21.400/2002 c/c PT46/00";"Art. 708 e 709-A";"Farinha de trigo doméstica especial, em embalagem superior a 5 kg e inferior e igual a 10 kg"
11010010;1704409;85.26;19;S;"Alimenticio";"RICMS/SE - Decreto 21.400/2002 c/c PT46/00";"Art. 708 e 709-A";"Farinha de trigo doméstica com fermento, em embalagem superior a 5 kg e inferior e igual a 10 kg"
11010010;1704410;85.26;19;S;"Alimenticio";"RICMS/SE - Decreto 21.400/2002 c/c PT46/00";"Art. 708 e 709-A";"Farinha de trigo especial, em embalagem superior a 50 Kg"
11010010;1704411;85.26;19;S;"Alimenticio";"RICMS/SE - Decreto 21.400/2002 c/c PT46/00";"Art. 708 e 709-A";"Farinha de trigo comum, em embalagem inferior ou igual a 1 kg"
11010010;1704412;85.26;19;S;"Alimenticio";"RICMS/SE - Decreto 21.400/2002 c/c PT46/00";"Art. 708 e 709-A";"Farinha de trigo comum, em embalagem superior a 1 kg e inferior a 5 Kg"
11010010;1704413;85.26;19;S;"Alimenticio";"RICMS/SE - Decreto 21.400/2002 c/c PT46/00";"Art. 708 e 709-A";"Farinha de trigo comum, em embalagem superior a 50 kg"
11010010;1704414;85.26;19;S;"Alimenticio";"RICMS/SE - Decreto 21.400/2002 c/c PT46/00";"Art. 708 e 709-A";"Farinha de trigo doméstica especial, em embalagem inferior ou igual a 1 kg"
11010010;1704415;85.26;19;S;"Alimenticio";"RICMS/SE - Decreto 21.400/2002 c/c PT46/00";"Art. 708 e 709-A";"Farinha de trigo doméstica especial, em embalagem superior a 1 kg e inferior a 5 Kg"
11010010;1704416;85.26;19;S;"Alimenticio";"RICMS/SE - Decreto 21.400/2002 c/c PT46/00";"Art. 708 e 709-A";"Farinha de trigo doméstica especial, em embalagem igual a 5 Kg"
11010010;1704417;85.26;19;S;"Alimenticio";"RICMS/SE - Decreto 21.400/2002 c/c PT46/00";"Art. 708 e 709-A";"Farinha de trigo doméstica especial, em embalagem superior a 10 Kg"
11010010;1704418;85.26;19;S;"Alimenticio";"RICMS/SE - Decreto 21.400/2002 c/c PT46/00";"Art. 708 e 709-A";"Farinha de trigo doméstica com fermento, em embalagem inferior ou igual a 1 kg"
11010010;1704419;85.26;19;S;"Alimenticio";"RICMS/SE - Decreto 21.400/2002 c/c PT46/00";"Art. 708 e 709-A";"Farinha de trigo doméstica com fermento, em embalagem superior a 1 kg e inferior a 5 Kg"
11010010;1704420;85.26;19;S;"Alimenticio";"RICMS/SE - Decreto 21.400/2002 c/c PT46/00";"Art. 708 e 709-A";"Farinha de trigo doméstica com fermento, em embalagem igual a 5 Kg"
11010010;1704421;85.26;19;S;"Alimenticio";"RICMS/SE - Decreto 21.400/2002 c/c PT46/00";"Art. 708 e 709-A";"Farinha de trigo doméstica com fermento, em embalagem superior a 10 Kg"
11010010;1704422;85.26;19;S;"Alimenticio";"RICMS/SE - Decreto 21.400/2002 c/c PT46/00";"Art. 708 e 709-A";"Outras farinhas de trigo, em embalagem inferior ou igual a 1 kg"
11010010;1704423;85.26;19;S;"Alimenticio";"RICMS/SE - Decreto 21.400/2002 c/c PT46/00";"Art. 708 e 709-A";"Outras farinhas de trigo, em embalagem superior a 1 kg e inferior a 5 Kg"
11010010;1704424;85.26;19;S;"Alimenticio";"RICMS/SE - Decreto 21.400/2002 c/c PT46/00";"Art. 708 e 709-A";"Outras farinhas de trigo, em embalagem igual a 5 Kg"
11010010;1704425;85.26;19;S;"Alimenticio";"RICMS/SE - Decreto 21.400/2002 c/c PT46/00";"Art. 708 e 709-A";"Outras farinhas de trigo, em embalagem superior a 5 Kg e inferior ou igual a 25 kg"
11010010;1704426;85.26;19;S;"Alimenticio";"RICMS/SE - Decreto 21.400/2002 c/c PT46/00";"Art. 708 e 709-A";"Outras farinhas de trigo, em embalagem superior a 25 Kg e inferior ou igual a 50 kg"
11010010;1704427;85.26;19;S;"Alimenticio";"RICMS/SE - Decreto 21.400/2002 c/c PT46/00";"Art. 708 e 709-A";"Outras farinhas de trigo, em embalagem superior a 50 Kg"
19023000;1704701;;19;S;"Alimenticio";"RICMS/SE - Decreto 21.400/2002 c/c PT 53/17";"Art. 720-A e 720-D, I";"Massas alimentícias tipo instantânea, derivadas de farinha de trigo."
19021;1704902;;19;S;"Alimenticio";"RICMS/SE - Decreto 21.400/2002 c/c PT 53/17";"Art. 720-A e 720-D, I";"Massas alimentícias do tipo granoduro, não cozidas, nem recheadas, nem preparadas de outro modo, exceto a descrita no CEST 17.049.05"
19021900;1704903;;19;S;"Alimenticio";"RICMS/SE - Decreto 21.400/2002 c/c PT 53/17";"Art. 720-A e 720-D, I";"Massas alimentícias do tipo comum, não cozidas, nem recheadas, nem preparadas de outro modo, que não contenham ovos"
19021900;1704904;;19;S;"Alimenticio";"RICMS/SE - Decreto 21.400/2002 c/c PT 53/17";"Art. 720-A e 720-D, I";"Massas alimentícias do tipo sêmola, não cozidas, nem recheadas, nem preparadas de outro modo, que não contenham ovos"
19021900;1704905;;19;S;"Alimenticio";"RICMS/SE - Decreto 21.400/2002 c/c PT 53/17";"Art. 720-A e 720-D, I";"Massas alimentícias do tipo granoduro, não cozidas, nem recheadas, nem preparadas de outro modo, que não contenham ovos"
19021;1704906;;19;S;"Alimenticio";"RICMS/SE - Decreto 21.400/2002 c/c PT 53/17";"Art. 720-A e 720-D, I";"Massas alimentícias do tipo comum, não cozidas, nem recheadas, nem preparadas de outro modo, exceto a descrita no CEST 17.049.03, derivadas de farinha de trigo"
19021;1704907;;19;S;"Alimenticio";"RICMS/SE - Decreto 21.400/2002 c/c PT 53/17";"Art. 720-A e 720-D, I";"Massas alimentícias do tipo sêmola, não cozidas, nem recheadas, nem preparadas de outro modo, exceto a descrita no CEST 17.049.04, derivadas de farinha de trigo"
190520;1705000;;19;S;"Alimenticio";"RICMS/SE - Decreto 21.400/2002 c/c PT 53/17";"Art. 720-A e 720-D, I";"Pães industrializados, inclusive de especiarias, exceto panetones e bolo de forma"
19052090;1705100;;19;S;"Alimenticio";"RICMS/SE - Decreto 21.400/2002 c/c PT 53/17";"Art. 720-A e 720-D, I";"Bolo de forma, inclusive de especiarias"
19052010;1705200;;19;S;"Alimenticio";"RICMS/SE - Decreto 21.400/2002 c/c PT 53/17";"Art. 720-A e 720-D, I";"Panetones"
19053100;1705300;;19;S;"Alimenticio";"RICMS/SE - Decreto 21.400/2002 c/c PT 53/17";"Art. 720-A e 720-D, I";"Biscoitos e bolachas derivados de farinha de trigo; (exceto dos tipos “cream cracker”, “água e sal”, “maisena”, “maria” e outros de consumo popular que não sejam adicionados de cacau, nem recheados, cobertos ou amanteigados, independentemente de sua denominação comercial)"
19053100;1705301;;19;S;"Alimenticio";"RICMS/SE - Decreto 21.400/2002 c/c PT 53/17";"Art. 720-A e 720-D, I";"Biscoitos e bolachas derivados de farinha de trigo dos tipos “maisena” e “maria” e outros de consumo popular que não sejam adicionados de cacau, nem recheados, cobertos ou amanteigados, independentemente de sua denominação comercial, exceto o CEST 17.053.02"
19053100;1705302;;19;S;"Alimenticio";"RICMS/SE - Decreto 21.400/2002 c/c PT 53/17";"Art. 720-A e 720-D, I";"Biscoitos e bolachas derivados de farinha de trigo dos tipos 'cream cracker' e 'água e sal' de consumo popular"
19059020;1705600;;19;S;"Alimenticio";"RICMS/SE - Decreto 21.400/2002 c/c PT 53/17";"Art. 720-A e 720-D, I";"Biscoitos e bolachas derivados de farinha de trigo dos tipos “cream cracker” e “água e sal”"
19059020;1705602;;19;S;"Alimenticio";"RICMS/SE - Decreto 21.400/2002 c/c PT 53/17";"Art. 720-A e 720-D, I";"Outras bolachas, exceto casquinhas para sorvete e os biscoitos e bolachas relacionados nos CEST 17.056.00 e 17.056.01"
19053200;1705700;;19;S;"Alimenticio";"RICMS/SE - Decreto 21.400/2002 c/c PT 53/17";"Art. 720-A e 720-D, I";"“Waffles” e “wafers” - sem cobertura"
19053200;1705800;;19;S;"Alimenticio";"RICMS/SE - Decreto 21.400/2002 c/c PT 53/17";"Art. 720-A e 720-D, I";"“Waffles” e “wafers” - com cobertura"
19054000;1705900;;19;S;"Alimenticio";"RICMS/SE - Decreto 21.400/2002 c/c PT 53/17";"Art. 720-A e 720-D, I";"Torradas, pão torrado e produtos semelhantes torrados"
19059010;1706000;;19;S;"Alimenticio";"RICMS/SE - Decreto 21.400/2002 c/c PT 53/17";"Art. 720-A e 720-D, I";"Outros pães de forma"
19059090;1706200;;19;S;"Alimenticio";"RICMS/SE - Decreto 21.400/2002 c/c PT 53/17";"Art. 720-A e 720-D, I";"Outros pães, exceto o classificado no CEST 17.062.03"
19059090;1706201;;19;S;"Alimenticio";"RICMS/SE - Decreto 21.400/2002 c/c PT 53/17";"Art. 720-A e 720-D, I";"Outros bolos industrializados e produtos de panificação não especificados anteriormente, incluindo as pizzas; exceto os classificados nos CEST 17.062.02 e 17.062.03"
19059020;1706202;;19;S;"Alimenticio";"RICMS/SE - Decreto 21.400/2002 c/c PT 53/17";"Art. 720-A e 720-D, I";"Casquinhas para sorvete"
19059090;1706202;;19;S;"Alimenticio";"RICMS/SE - Decreto 21.400/2002 c/c PT 53/17";"Art. 720-A e 720-D, I";"Casquinhas para sorvete"
19059090;1706203;;19;S;"Alimenticio";"RICMS/SE - Decreto 21.400/2002 c/c PT 53/17";"Art. 720-A e 720-D, I";"Pão francês até 200g"
19051000;1706300;;19;S;"Alimenticio";"RICMS/SE - Decreto 21.400/2002 c/c PT 53/17";"Art. 720-A e 720-D, I";"Pão denominado knackebrot"
190590;1706400;;19;S;"Alimenticio";"RICMS/SE - Decreto 21.400/2002 c/c PT 53/17";"Art. 720-A e 720-D, I";"Demais pães industrializados"
33061000;2002300;;;S;"HPPC";"RICMS/SE - Decreto 21.400/2002";"Art. 681, XXVII e art. 684, §§ 4º-D e § 4º-E, XXV";"Dentifrícios"
33062000;2002400;;;S;"HPPC";"RICMS/SE - Decreto 21.400/2002";"Art. 681, XXVII e art. 684, §§ 4º-D e § 4º-E, XXV";"Fios utilizados para limpar os espaços interdentais (fios dentais)"
33069000;2002500;;;S;"HPPC";"RICMS/SE - Decreto 21.400/2002";"Art. 681, XXVII e art. 684, §§ 4º-D e § 4º-E, XXV";"Outras preparações para higiene bucal ou dentária"
40149090;2003900;;;S;"HPPC";"RICMS/SE - Decreto 21.400/2002";"Art. 681, XXVII e art. 684, §§ 4º-D e § 4º-E, XXV";"Chupetas e bicos para mamadeiras e para chupetas, de borracha"
39249000;2004000;;;S;"HPPC";"RICMS/SE - Decreto 21.400/2002";"Art. 681, XXVII e art. 684, §§ 4º-D e § 4º-E, XXV";"Chupetas e bicos para mamadeiras e para chupetas, de silicone"
39269040;2004000;;;S;"HPPC";"RICMS/SE - Decreto 21.400/2002";"Art. 681, XXVII e art. 684, §§ 4º-D e § 4º-E, XXV";"Chupetas e bicos para mamadeiras e para chupetas, de silicone"
96190000;2004800;;;S;"HPPC";"RICMS/SE - Decreto 21.400/2002";"Art. 681, XXVII e art. 684, §§ 4º-D e § 4º-E, XXV";"Fraldas, exceto os descritos no CEST 20.048.01"
96190000;2004801;;;S;"HPPC";"RICMS/SE - Decreto 21.400/2002";"Art. 681, XXVII e art. 684, §§ 4º-D e § 4º-E, XXV";"Fraldas de fibras têxteis"
96190000;2004900;;;S;"HPPC";"RICMS/SE - Decreto 21.400/2002";"Art. 681, XXVII e art. 684, §§ 4º-D e § 4º-E, XXV";"Tampões higiênicos"
96190000;2005000;;;S;"HPPC";"RICMS/SE - Decreto 21.400/2002";"Art. 681, XXVII e art. 684, §§ 4º-D e § 4º-E, XXV";"Absorventes higiênicos externos"
56012190;2005100;;;S;"HPPC";"RICMS/SE - Decreto 21.400/2002";"Art. 681, XXVII e art. 684, §§ 4º-D e § 4º-E, XXV";"Hastes flexíveis (uso não medicinal)"
96032100;2005800;;;S;"HPPC";"RICMS/SE - Decreto 21.400/2002";"Art. 681, XXVII e art. 684, §§ 4º-D e § 4º-E, XXV";"Escovas de dentes, incluídas as escovas para dentaduras"
39233090;2006300;;;S;"HPPC";"RICMS/SE - Decreto 21.400/2002";"Art. 681, XXVII e art. 684, §§ 4º-D e § 4º-E, XXV";"Mamadeiras"
39241000;2006300;;;S;"HPPC";"RICMS/SE - Decreto 21.400/2002";"Art. 681, XXVII e art. 684, §§ 4º-D e § 4º-E, XXV";"Mamadeiras"
39249000;2006300;;;S;"HPPC";"RICMS/SE - Decreto 21.400/2002";"Art. 681, XXVII e art. 684, §§ 4º-D e § 4º-E, XXV";"Mamadeiras"
40149090;2006300;;;S;"HPPC";"RICMS/SE - Decreto 21.400/2002";"Art. 681, XXVII e art. 684, §§ 4º-D e § 4º-E, XXV";"Mamadeiras"
7013;2006300;;;S;"HPPC";"RICMS/SE - Decreto 21.400/2002";"Art. 681, XXVII e art. 684, §§ 4º-D e § 4º-E, XXV";"Mamadeiras"
39233000;2006300;;;S;"HPPC";"RICMS/SE - Decreto 21.400/2002";"Art. 681, XXVII e art. 684, §§ 4º-D e § 4º-E, XXV";"Mamadeiras"
70102000;2006300;;;S;"HPPC";"RICMS/SE - Decreto 21.400/2002";"Art. 681, XXVII e art. 684, §§ 4º-D e § 4º-E, XXV";"Mamadeiras"
82121020;2006400;;;S;"HPPC";"RICMS/SE - Decreto 21.400/2002 c/c PT 16/85";"Art. 681, VIII e Item 13 da Tabela I do Anexo IX do RICMS/02";"Aparelhos e lâminas de barbear"
82122010;2006400;;;S;"HPPC";"RICMS/SE - Decreto 21.400/2002 c/c PT 16/85";"Art. 681, VIII e Item 13 da Tabela I do Anexo IX do RICMS/02";"Aparelhos e lâminas de barbear"
85078000;2103900;54;19;S;"Eletronicos";"RICMS/SE - Decreto 21.400/2002";"Art. 681, IX e Anexo IX, Tabela I, item 19 do RICMS/02";"Outros acumuladores"
8517123;2105300;19.9;19;S;"Eletronicos";"RICMS/SE - Decreto 21.400/2002 c/c Conv. 213/2017";"Art. 681, XVII e art. 684, § 4-E do RICMS/02";"Telefones para redes celulares, exceto por satélite, os de uso automotivo e os classificados no CEST 21.053.01"
85171231;2105301;19.9;19;S;"Eletronicos";"RICMS/SE - Decreto 21.400/2002 c/c Conv. 213/2017";"Art. 681, XVII e art. 684, § 4-E do RICMS/02";"Telefones para redes celulares portáteis, exceto por satélite"
85235200;2106300;19.9;19;S;"Eletronicos";"RICMS/SE - Decreto 21.400/2002 c/c Conv. 213/2017";"Art. 681, XVII e art. 684, § 4-E do RICMS/02";"Cartões inteligentes ('smart cards')"
85235200;2106400;19.9;19;S;"Eletronicos";"RICMS/SE - Decreto 21.400/2002 c/c Conv. 213/2017";"Art. 681, XVII e art. 684, § 4-E do RICMS/02";"Cartões inteligentes ('sim cards')"
2309;2200100;62.63;19;S;"Racoes";"RICMS/SE - Decreto 21.400/2002 c/c PT 26/04";"Art. 681, XIV e Anexo IX, Tabela I, item 43 do RICMS/02";"Ração tipo “pet” para animais domésticos"
210500;2300100;87;19;S;"Sorvetes";"RICMS/SE - Decreto 21.400/2002 c/c PT 20/05";"Art. 681, XV e Anexo IX, Tabela I, item 44 do RICMS/02";"Sorvetes de qualquer espécie"
1806;2300200;3.71;19;S;"Sorvetes";"RICMS/SE - Decreto 21.400/2002 c/c PT 20/05";"Art. 681, XV e Anexo IX, Tabela I, item 44 do RICMS/02";"Preparados para fabricação de sorvete em máquina"
1901;2300200;3.71;19;S;"Sorvetes";"RICMS/SE - Decreto 21.400/2002 c/c PT 20/05";"Art. 681, XV e Anexo IX, Tabela I, item 44 do RICMS/02";"Preparados para fabricação de sorvete em máquina"
2106;2300200;3.71;19;S;"Sorvetes";"RICMS/SE - Decreto 21.400/2002 c/c PT 20/05";"Art. 681, XV e Anexo IX, Tabela I, item 44 do RICMS/02";"Preparados para fabricação de sorvete em máquina"
0404;2300200;3.71;19;S;"Sorvetes";"RICMS/SE - Decreto 21.400/2002 c/c PT 20/05";"Art. 681, XV e Anexo IX, Tabela I, item 44 do RICMS/02";"Preparados para fabricação de sorvete em máquina"
3208;2400100;48.5;19;S;"Tintas";"RICMS/SE - Decreto 21.400/2002 c/c CV 118/17";"Art. 681, V e 684, § 4º-E, I, 'a' do RICMS/02";"Tintas, vernizes"
3209;2400100;48.5;19;S;"Tintas";"RICMS/SE - Decreto 21.400/2002 c/c CV 118/17";"Art. 681, V e 684, § 4º-E, I, 'a' do RICMS/02";"Tintas, vernizes"
321000;2400100;48.5;19;S;"Tintas";"RICMS/SE - Decreto 21.400/2002 c/c CV 118/17";"Art. 681, V e 684, § 4º-E, I, 'a' do RICMS/02";"Tintas, vernizes"
2821;2400200;48.5;19;S;"Tintas";"RICMS/SE - Decreto 21.400/2002 c/c CV 118/17";"Art. 681, V e 684, § 4º-E, I, 'a' do RICMS/02";"Xadrez e pós assemelhados, exceto pigmentos à base de dióxido de titânio classificados no código 3206.11.19"
32041700;2400200;48.5;19;S;"Tintas";"RICMS/SE - Decreto 21.400/2002 c/c CV 118/17";"Art. 681, V e 684, § 4º-E, I, 'a' do RICMS/02";"Xadrez e pós assemelhados, exceto pigmentos à base de dióxido de titânio classificados no código 3206.11.19"
3206;2400200;48.5;19;S;"Tintas";"RICMS/SE - Decreto 21.400/2002 c/c CV 118/17";"Art. 681, V e 684, § 4º-E, I, 'a' do RICMS/02";"Xadrez e pós assemelhados, exceto pigmentos à base de dióxido de titânio classificados no código 3206.11.19"
3204;2400300;65;19;S;"Tintas";"RICMS/SE - Decreto 21.400/2002 c/c CV 118/17";"Art. 681, V e 684, § 4º-E, I, 'b' do RICMS/02";"Corantes para aplicação em bases, tintas e vernizes"
32050000;2400300;65;19;S;"Tintas";"RICMS/SE - Decreto 21.400/2002 c/c CV 118/17";"Art. 681, V e 684, § 4º-E, I, 'b' do RICMS/02";"Corantes para aplicação em bases, tintas e vernizes"
3206;2400300;65;19;S;"Tintas";"RICMS/SE - Decreto 21.400/2002 c/c CV 118/17";"Art. 681, V e 684, § 4º-E, I, 'b' do RICMS/02";"Corantes para aplicação em bases, tintas e vernizes"
3212;2400300;65;19;S;"Tintas";"RICMS/SE - Decreto 21.400/2002 c/c CV 118/17";"Art. 681, V e 684, § 4º-E, I, 'b' do RICMS/02";"Corantes para aplicação em bases, tintas e vernizes"
87021000;2500100;30;;S;"Automoveis";"RICMS/SE - Decreto 21.400/2002";"Art. 691, I e 693 do RICMS/02";"Veículos automóveis para transporte de 10 pessoas ou mais, incluindo o motorista, com motor de pistão, de ignição por compressão (diesel ou semidiesel), com volume interno de habitáculo, destinado a passageiros e motorista, superior a 6 m³, mas inferior a 9 m³"
87029090;2500200;30;;S;"Automoveis";"RICMS/SE - Decreto 21.400/2002";"Art. 691, I e 693 do RICMS/02";"Outros veículos automóveis para transporte de 10 pessoas ou mais, incluindo o motorista, com volume interno de habitáculo, destinado a passageiros e motorista, superior a 6 m³, mas inferior a 9 m³"
87032100;2500300;30;;S;"Automoveis";"RICMS/SE - Decreto 21.400/2002";"Art. 691, I e 693 do RICMS/02";"Automóveis com motor explosão, de cilindrada não superior a 1000 cm³"
87032210;2500400;30;;S;"Automoveis";"RICMS/SE - Decreto 21.400/2002";"Art. 691, I e 693 do RICMS/02";"Automóveis com motor explosão, de cilindrada superior a 1000 cm³, mas não superior a 1500 cm³, com capacidade de transporte de pessoas sentadas inferior ou igual a 6, incluído o condutor, exceto carro celular"
87032290;2500500;30;;S;"Automoveis";"RICMS/SE - Decreto 21.400/2002";"Art. 691, I e 693 do RICMS/02";"Outros automóveis com motor explosão, de cilindrada superior a 1000 cm³, mas não superior a 1500 cm³, exceto carro celular"
87032310;2500600;30;;S;"Automoveis";"RICMS/SE - Decreto 21.400/2002";"Art. 691, I e 693 do RICMS/02";"Automóveis com motor explosão, de cilindrada superior a 1500 cm³, mas não superior a 3000 cm³, com capacidade de transporte de pessoas sentadas inferior ou igual a 6, incluído o condutor, exceto carro celular, carro funerário e automóveis de corrida"
87032390;2500700;30;;S;"Automoveis";"RICMS/SE - Decreto 21.400/2002";"Art. 691, I e 693 do RICMS/02";"Outros automóveis com motor explosão, de cilindrada superior a 1500 cm³, mas não superior a 3000 cm³, exceto carro celular, carro funerário e automóveis de corrida"
87032410;2500800;30;;S;"Automoveis";"RICMS/SE - Decreto 21.400/2002";"Art. 691, I e 693 do RICMS/02";"Automóveis com motor explosão, de cilindrada superior a 3000 cm³, com capacidade de transporte de pessoas sentadas inferior ou igual a 6, incluído o condutor, exceto carro celular, carro funerário e automóveis de corrida"
87032490;2500900;30;;S;"Automoveis";"RICMS/SE - Decreto 21.400/2002";"Art. 691, I e 693 do RICMS/02";"Outros automóveis com motor explosão, de cilindrada superior a 3000 cm³, exceto carro celular, carro funerário e automóveis de corrida"
87033210;2501000;30;;S;"Automoveis";"RICMS/SE - Decreto 21.400/2002";"Art. 691, I e 693 do RICMS/02";"Automóveis com motor diesel ou semidiesel, de cilindrada superior a 1500 cm³, mas não superior a 2500 cm³, com capacidade de transporte de pessoas sentadas inferior ou igual a 6, incluído o condutor, exceto ambulância, carro celular e carro funerário"
87033290;2501100;30;;S;"Automoveis";"RICMS/SE - Decreto 21.400/2002";"Art. 691, I e 693 do RICMS/02";"Outros automóveis com motor diesel ou semidiesel, de cilindrada superior a 1500 cm³, mas não superior a 2500 cm³, exceto ambulância, carro celular e carro funerário"
87033310;2501200;30;;S;"Automoveis";"RICMS/SE - Decreto 21.400/2002";"Art. 691, I e 693 do RICMS/02";"Automóveis com motor diesel ou semidiesel, de cilindrada superior a 2500 cm³, com capacidade de transporte de pessoas sentadas inferior ou igual a 6, incluído o condutor, exceto carro celular e carro funerário"
87033390;2501300;30;;S;"Automoveis";"RICMS/SE - Decreto 21.400/2002";"Art. 691, I e 693 do RICMS/02";"Outros automóveis com motor diesel ou semidiesel, de cilindrada superior a 2500 cm³, exceto carro celular e carro funerário"
87042110;2501400;30;;S;"Automoveis";"RICMS/SE - Decreto 21.400/2002";"Art. 691, I e 693 do RICMS/02";"Veículos automóveis para transporte de mercadorias, de peso em carga máxima não superior a 5 toneladas, chassis com motor diesel ou semidiesel e cabina, exceto caminhão de peso em carga máxima superior a 3,9 toneladas"
87042120;2501500;30;;S;"Automoveis";"RICMS/SE - Decreto 21.400/2002";"Art. 691, I e 693 do RICMS/02";"Veículos automóveis para transporte de mercadorias, de peso em carga máxima não superior a 5 toneladas, com motor diesel ou semidiesel, com caixa basculante, exceto caminhão de peso em carga máxima superior a 3,9 toneladas"
87042130;2501600;30;;S;"Automoveis";"RICMS/SE - Decreto 21.400/2002";"Art. 691, I e 693 do RICMS/02";"Veículos automóveis para transporte de mercadorias, de peso em carga máxima não superior a 5 toneladas, frigoríficos ou isotérmicos, com motor diesel ou semidiesel, exceto caminhão de peso em carga máxima superior a 3,9 toneladas"
87042190;2501700;30;;S;"Automoveis";"RICMS/SE - Decreto 21.400/2002";"Art. 691, I e 693 do RICMS/02";"Outros veículos automóveis para transporte de mercadorias, de peso em carga máxima não superior a 5 toneladas, com motor diesel ou semidiesel, exceto carro-forte para transporte de valores e caminhão de peso em carga máxima superior a 3,9 toneladas"
87043110;2501800;30;;S;"Automoveis";"RICMS/SE - Decreto 21.400/2002";"Art. 691, I e 693 do RICMS/02";"Veículos automóveis para transporte de mercadorias, de peso em carga máxima não superior a 5 toneladas, com motor a explosão, chassis e cabina, exceto caminhão de peso em carga máxima superior a 3,9 toneladas"
87043120;2501900;30;;S;"Automoveis";"RICMS/SE - Decreto 21.400/2002";"Art. 691, I e 693 do RICMS/02";"Veículos automóveis para transporte de mercadorias, de peso em carga máxima não superior a 5 toneladas, com motor explosão com caixa basculante, exceto caminhão de peso em carga máxima superior a 3,9 toneladas"
87043130;2502000;30;;S;"Automoveis";"RICMS/SE - Decreto 21.400/2002";"Art. 691, I e 693 do RICMS/02";"Veículos automóveis para transporte de mercadorias, de peso em carga máxima não superior a 5 toneladas, frigoríficos ou isotérmicos com motor explosão, exceto caminhão de peso em carga máxima superior a 3,9 toneladas"
87043190;2502100;30;;S;"Automoveis";"RICMS/SE - Decreto 21.400/2002";"Art. 691, I e 693 do RICMS/02";"Outros veículos automóveis para transporte de mercadorias, de peso em carga máxima não superior a 5 toneladas, com motor a explosão, exceto carro-forte para transporte de valores e caminhão de peso em carga máxima superior a 3,9 toneladas"
87022000;2502200;30;;S;"Automoveis";"RICMS/SE - Decreto 21.400/2002";"Art. 691, I e 693 do RICMS/02";"Veículos automóveis para transporte de 10 pessoas ou mais, incluindo o motorista, com motor de pistão, de ignição por compressão (diesel ou semidiesel) e um motor elétrico, com volume interno de habitáculo, destinado a passageiros e motorista, superior a 6 m³, mas inferior a 9 m³"
87023000;2502300;30;;S;"Automoveis";"RICMS/SE - Decreto 21.400/2002";"Art. 691, I e 693 do RICMS/02";"Veículos automóveis para transporte de 10 pessoas ou mais, incluindo o motorista, com motor de pistão alternativo, de ignição por centelha (faísca) e um motor elétrico, com volume interno de habitáculo, destinado a passageiros e motorista, superior a 6 m³, mas inferior a 9 m³"
87029000;2502400;30;;S;"Automoveis";"RICMS/SE - Decreto 21.400/2002";"Art. 691, I e 693 do RICMS/02";"Outros veículos automóveis para transporte de 10 pessoas ou mais, incluindo o motorista, com volume interno de habitáculo, destinado a passageiros e motorista, superior a 6 m³, mas inferior a 9 m³"
87034000;2502500;30;;S;"Automoveis";"RICMS/SE - Decreto 21.400/2002";"Art. 691, I e 693 do RICMS/02";"Automóveis equipados para propulsão, simultaneamente, com um motor de pistão alternativo de ignição por centelha (faísca*) e um motor elétrico, exceto os suscetíveis de serem carregados por conexão a uma fonte externa de energia elétrica, o carro celular e o carro funerário"
87035000;2502600;30;;S;"Automoveis";"RICMS/SE - Decreto 21.400/2002";"Art. 691, I e 693 do RICMS/02";"Automóveis equipados para propulsão, simultaneamente, com um motor de pistão por compressão (diesel ou semidiesel) e um motor elétrico, exceto os suscetíveis de serem carregados por conexão a uma fonte externa de energia elétrica, exceto o carro celular e o carro funerário"
87036000;2502700;30;;S;"Automoveis";"RICMS/SE - Decreto 21.400/2002";"Art. 691, I e 693 do RICMS/02";"Automóveis equipados para propulsão, simultaneamente, com um motor de pistão alternativo de ignição por centelha (faísca*) e um motor elétrico, suscetíveis de serem carregados por conexão a uma fonte externa de energia elétrica, exceto o carro celular e o carro funerário"
87037000;2502800;30;;S;"Automoveis";"RICMS/SE - Decreto 21.400/2002";"Art. 691, I e 693 do RICMS/02";"Automóveis equipados para propulsão, simultaneamente, com um motor de pistão por compressão (diesel ou semidiesel) e um motor elétrico, suscetíveis de serem carregados por conexão a uma fonte externa de energia elétrica, exceto o carro celular e o carro funerário"
87038000;2502900;30;;S;"Automoveis";"RICMS/SE - Decreto 21.400/2002";"Art. 691, I e 693 do RICMS/02";"Outros veículos, equipados unicamente com motor elétrico para propulsão"
8711;2600100;34;;S;"Motos";"RICMS/SE - Decreto 21.400/2002";"Art. 691, II e 693 do RICMS/02";"Motocicletas (incluídos os ciclomotores) e outros ciclos equipados com motor auxiliar, mesmo com carro lateral; carros laterais"
