segmento;anexo;item;cest;ncm;descricao;op_interna;protocolo;legislacao;mva4;mva7;mva12;mva_int;mva2_4;mva2_7;mva2_12;mva2_int;mva_ns4;mva_ns7;mva_ns12;mva_imp;pfc;aliq_interna;fecoep;aliq_txt;vigencia;versao
AUTOPEÇAS;II;1;0100100;38151210;Catalisadores em colmeia cerâmica ou metálica para conversão catalítica de gases de escape de veículos e outros catalisadores;S;PT 97/10;Art. 681, XVI, e Anexo IX, Tabela VI do RICMS/02;106.14;99.69;88.96;71.78;63.87;58.75;50.22;36.56;;;;;;19;1;19% + 1% (FECOEP);01/07/2023;0019
AUTOPEÇAS;II;1;0100100;38151290;Catalisadores em colmeia cerâmica ou metálica para conversão catalítica de gases de escape de veículos e outros catalisadores;S;PT 97/10;Art. 681, XVI, e Anexo IX, Tabela VI do RICMS/02;106.14;99.69;88.96;71.78;63.87;58.75;50.22;36.56;;;;;;19;1;19% + 1% (FECOEP);01/07/2023;0019
AUTOPEÇAS;II;2;0100200;3917;Tubos e seus acessórios (por exemplo, juntas, cotovelos, flanges, uniões), de plásticos;S;PT 97/10;Art. 681, XVI, e Anexo IX, Tabela VI do RICMS/02;106.14;99.69;88.96;71.78;63.87;58.75;50.22;36.56;;;;;;19;1;19% + 1% (FECOEP);01/07/2023;0019
AUTOPEÇAS;II;3;0100300;39181000;Protetores de caçamba;S;PT 97/10;Art. 681, XVI, e Anexo IX, Tabela VI do RICMS/02;106.14;99.69;88.96;71.78;63.87;58.75;50.22;36.56;;;;;;19;1;19% + 1% (FECOEP);01/07/2023;0019
AUTOPEÇAS;II;4;0100400;39233000;Reservatórios de óleo;S;PT 97/10;Art. 681, XVI, e Anexo IX, Tabela VI do RICMS/02;106.14;99.69;88.96;71.78;63.87;58.75;50.22;36.56;;;;;;19;1;19% + 1% (FECOEP);01/07/2023;0019
AUTOPEÇAS;II;5;0100500;39263000;Frisos, decalques, molduras e acabamentos;S;PT 97/10;Art. 681, XVI, e Anexo IX, Tabela VI do RICMS/02;106.14;99.69;88.96;71.78;63.87;58.75;50.22;36.56;;;;;;19;1;19% + 1% (FECOEP);01/07/2023;0019
AUTOPEÇAS;II;6;0100600;40103;Correias de transmissão de borracha vulcanizada, de matérias têxteis, mesmo impregnadas, revestidas ou recobertas, de plástico, ou estratificadas com plástico ou reforçadas com metal ou com outras matérias;S;PT 97/10;Art. 681, XVI, e Anexo IX, Tabela VI do RICMS/02;106.14;99.69;88.96;71.78;63.87;58.75;50.22;36.56;;;;;;19;1;19% + 1% (FECOEP);01/07/2023;0019
AUTOPEÇAS;II;6;0100600;59100000;Correias de transmissão de borracha vulcanizada, de matérias têxteis, mesmo impregnadas, revestidas ou recobertas, de plástico, ou estratificadas com plástico ou reforçadas com metal ou com outras matérias;S;PT 97/10;Art. 681, XVI, e Anexo IX, Tabela VI do RICMS/02;106.14;99.69;88.96;71.78;63.87;58.75;50.22;36.56;;;;;;19;1;19% + 1% (FECOEP);01/07/2023;0019
AUTOPEÇAS;II;7;0100700;40169300;Juntas, gaxetas e outros elementos com função semelhante de vedação;S;PT 97/10;Art. 681, XVI, e Anexo IX, Tabela VI do RICMS/02;106.14;99.69;88.96;71.78;63.87;58.75;50.22;36.56;;;;;;19;1;19% + 1% (FECOEP);01/07/2023;0019
AUTOPEÇAS;II;7;0100700;4823909;Juntas, gaxetas e outros elementos com função semelhante de vedação;S;PT 97/10;Art. 681, XVI, e Anexo IX, Tabela VI do RICMS/02;106.14;99.69;88.96;71.78;63.87;58.75;50.22;36.56;;;;;;19;1;19% + 1% (FECOEP);01/07/2023;0019
AUTOPEÇAS;II;8;0100800;40161010;Partes de veículos automóveis, tratores e máquinas autopropulsadas;S;PT 97/10;Art. 681, XVI, e Anexo IX, Tabela VI do RICMS/02;106.14;99.69;88.96;71.78;63.87;58.75;50.22;36.56;;;;;;19;1;19% + 1% (FECOEP);01/07/2023;0019
AUTOPEÇAS;II;9;0100900;40169990;Tapetes, revestimentos, mesmo confeccionados, batentes, buchas e coxins;S;PT 97/10;Art. 681, XVI, e Anexo IX, Tabela VI do RICMS/02;106.14;99.69;88.96;71.78;63.87;58.75;50.22;36.56;;;;;;19;1;19% + 1% (FECOEP);01/07/2023;0019
AUTOPEÇAS;II;9;0100900;57050000;Tapetes, revestimentos, mesmo confeccionados, batentes, buchas e coxins;S;PT 97/10;Art. 681, XVI, e Anexo IX, Tabela VI do RICMS/02;106.14;99.69;88.96;71.78;63.87;58.75;50.22;36.56;;;;;;19;1;19% + 1% (FECOEP);01/07/2023;0019
AUTOPEÇAS;II;10;0101000;59039000;Tecidos impregnados, revestidos, recobertos ou estratificados, com plástico;S;PT 97/10;Art. 681, XVI, e Anexo IX, Tabela VI do RICMS/02;106.14;99.69;88.96;71.78;63.87;58.75;50.22;36.56;;;;;;19;1;19% + 1% (FECOEP);01/07/2023;0019
AUTOPEÇAS;II;11;0101100;59090000;Mangueiras e tubos semelhantes, de matérias têxteis, mesmo com reforço ou acessórios de outras matérias;S;PT 97/10;Art. 681, XVI, e Anexo IX, Tabela VI do RICMS/02;106.14;99.69;88.96;71.78;63.87;58.75;50.22;36.56;;;;;;19;1;19% + 1% (FECOEP);01/07/2023;0019
AUTOPEÇAS;II;12;0101200;63061;Encerados e toldos;S;PT 97/10;Art. 681, XVI, e Anexo IX, Tabela VI do RICMS/02;106.14;99.69;88.96;71.78;63.87;58.75;50.22;36.56;;;;;;19;1;19% + 1% (FECOEP);01/07/2023;0019
AUTOPEÇAS;II;13;0101300;65061000;Capacetes e artefatos de uso semelhante, de proteção, para uso em motocicletas, incluídos ciclomotores;S;PT 97/10;Art. 681, XVI, e Anexo IX, Tabela VI do RICMS/02;106.14;99.69;88.96;71.78;63.87;58.75;50.22;36.56;;;;;;19;1;19% + 1% (FECOEP);01/07/2023;0019
AUTOPEÇAS;II;14;0101400;6813;Guarnições de fricção (por exemplo, placas, rolos, tiras, segmentos, discos, anéis, pastilhas), não montadas, para freios, embreagens ou qualquer outro mecanismo de fricção, à base de amianto, de outras substâncias minerais ou de celulose, mesmo combinadas com têxteis ou outras matérias;S;PT 97/10;Art. 681, XVI, e Anexo IX, Tabela VI do RICMS/02;106.14;99.69;88.96;71.78;63.87;58.75;50.22;36.56;;;;;;19;1;19% + 1% (FECOEP);01/07/2023;0019
AUTOPEÇAS;II;15;0101500;70071100;Vidros de dimensões e formatos que permitam aplicação automotiva;S;PT 97/10;Art. 681, XVI, e Anexo IX, Tabela VI do RICMS/02;106.14;99.69;88.96;71.78;63.87;58.75;50.22;36.56;;;;;;19;1;19% + 1% (FECOEP);01/07/2023;0019
AUTOPEÇAS;II;15;0101500;70072100;Vidros de dimensões e formatos que permitam aplicação automotiva;S;PT 97/10;Art. 681, XVI, e Anexo IX, Tabela VI do RICMS/02;106.14;99.69;88.96;71.78;63.87;58.75;50.22;36.56;;;;;;19;1;19% + 1% (FECOEP);01/07/2023;0019
AUTOPEÇAS;II;16;0101600;70091000;Espelhos retrovisores;S;PT 97/10;Art. 681, XVI, e Anexo IX, Tabela VI do RICMS/02;106.14;99.69;88.96;71.78;63.87;58.75;50.22;36.56;;;;;;19;1;19% + 1% (FECOEP);01/07/2023;0019
AUTOPEÇAS;II;17;0101700;70140000;Lentes de faróis, lanternas e outros utensílios;S;PT 97/10;Art. 681, XVI, e Anexo IX, Tabela VI do RICMS/02;106.14;99.69;88.96;71.78;63.87;58.75;50.22;36.56;;;;;;19;1;19% + 1% (FECOEP);01/07/2023;0019
AUTOPEÇAS;II;18;0101800;73110000;Cilindro de aço para GNV (gás natural veicular);S;PT 97/10;Art. 681, XVI, e Anexo IX, Tabela VI do RICMS/02;106.14;99.69;88.96;71.78;63.87;58.75;50.22;36.56;;;;;;19;1;19% + 1% (FECOEP);01/07/2023;0019
AUTOPEÇAS;II;19;0101900;73110000;Recipientes para gases comprimidos ou liquefeitos, de ferro fundido, ferro ou aço, exceto o descrito no item 18.0;S;PT 97/10;Art. 681, XVI, e Anexo IX, Tabela VI do RICMS/02;106.14;99.69;88.96;71.78;63.87;58.75;50.22;36.56;;;;;;19;1;19% + 1% (FECOEP);01/07/2023;0019
AUTOPEÇAS;II;20;0102000;7320;Molas e folhas de molas, de ferro ou aço;S;PT 97/10;Art. 681, XVI, e Anexo IX, Tabela VI do RICMS/02;106.14;99.69;88.96;71.78;63.87;58.75;50.22;36.56;;;;;;19;1;19% + 1% (FECOEP);01/07/2023;0019
AUTOPEÇAS;II;21;0102100;7325;Obras moldadas, de ferro fundido, ferro ou aço, exceto as do código 7325.91.00;S;PT 97/10;Art. 681, XVI, e Anexo IX, Tabela VI do RICMS/02;106.14;99.69;88.96;71.78;63.87;58.75;50.22;36.56;;;;;;19;1;19% + 1% (FECOEP);01/07/2023;0019
AUTOPEÇAS;II;22;0102200;780600;Peso de chumbo para balanceamento de roda;S;PT 97/10;Art. 681, XVI, e Anexo IX, Tabela VI do RICMS/02;106.14;99.69;88.96;71.78;63.87;58.75;50.22;36.56;;;;;;19;1;19% + 1% (FECOEP);01/07/2023;0019
AUTOPEÇAS;II;23;0102300;80070090;Peso para balanceamento de roda e outros utensílios de estanho;S;PT 97/10;Art. 681, XVI, e Anexo IX, Tabela VI do RICMS/02;106.14;99.69;88.96;71.78;63.87;58.75;50.22;36.56;;;;;;19;1;19% + 1% (FECOEP);01/07/2023;0019
AUTOPEÇAS;II;24;0102400;830120;Fechaduras e partes de fechaduras;S;PT 97/10;Art. 681, XVI, e Anexo IX, Tabela VI do RICMS/02;106.14;99.69;88.96;71.78;63.87;58.75;50.22;36.56;;;;;;19;1;19% + 1% (FECOEP);01/07/2023;0019
AUTOPEÇAS;II;24;0102400;830160;Fechaduras e partes de fechaduras;S;PT 97/10;Art. 681, XVI, e Anexo IX, Tabela VI do RICMS/02;106.14;99.69;88.96;71.78;63.87;58.75;50.22;36.56;;;;;;19;1;19% + 1% (FECOEP);01/07/2023;0019
AUTOPEÇAS;II;25;0102500;830170;Chaves apresentadas isoladamente;S;PT 97/10;Art. 681, XVI, e Anexo IX, Tabela VI do RICMS/02;106.14;99.69;88.96;71.78;63.87;58.75;50.22;36.56;;;;;;19;1;19% + 1% (FECOEP);01/07/2023;0019
AUTOPEÇAS;II;26;0102600;83021000;Dobradiças, guarnições, ferragens e artigos semelhantes de metais comuns;S;PT 97/10;Art. 681, XVI, e Anexo IX, Tabela VI do RICMS/02;106.14;99.69;88.96;71.78;63.87;58.75;50.22;36.56;;;;;;19;1;19% + 1% (FECOEP);01/07/2023;0019
AUTOPEÇAS;II;26;0102600;83023000;Dobradiças, guarnições, ferragens e artigos semelhantes de metais comuns;S;PT 97/10;Art. 681, XVI, e Anexo IX, Tabela VI do RICMS/02;106.14;99.69;88.96;71.78;63.87;58.75;50.22;36.56;;;;;;19;1;19% + 1% (FECOEP);01/07/2023;0019
AUTOPEÇAS;II;27;0102700;831000;Triângulo de segurança;S;PT 97/10;Art. 681, XVI, e Anexo IX, Tabela VI do RICMS/02;106.14;99.69;88.96;71.78;63.87;58.75;50.22;36.56;;;;;;19;1;19% + 1% (FECOEP);01/07/2023;0019
AUTOPEÇAS;II;28;0102800;84073;Motores de pistão alternativo dos tipos utilizados para propulsão de veículos do Capítulo 87;S;PT 97/10;Art. 681, XVI, e Anexo IX, Tabela VI do RICMS/02;106.14;99.69;88.96;71.78;63.87;58.75;50.22;36.56;;;;;;19;1;19% + 1% (FECOEP);01/07/2023;0019
AUTOPEÇAS;II;29;0102900;840820;Motores dos tipos utilizados para propulsão de veículos automotores;S;PT 97/10;Art. 681, XVI, e Anexo IX, Tabela VI do RICMS/02;106.14;99.69;88.96;71.78;63.87;58.75;50.22;36.56;;;;;;19;1;19% + 1% (FECOEP);01/07/2023;0019
AUTOPEÇAS;II;30;0103000;84099;Partes reconhecíveis como exclusiva ou principalmente destinadas aos motores das posições 8407 ou 8408;S;PT 97/10;Art. 681, XVI, e Anexo IX, Tabela VI do RICMS/02;106.14;99.69;88.96;71.78;63.87;58.75;50.22;36.56;;;;;;19;1;19% + 1% (FECOEP);01/07/2023;0019
AUTOPEÇAS;II;31;0103100;84122;Motores hidráulicos;S;PT 97/10;Art. 681, XVI, e Anexo IX, Tabela VI do RICMS/02;106.14;99.69;88.96;71.78;63.87;58.75;50.22;36.56;;;;;;19;1;19% + 1% (FECOEP);01/07/2023;0019
AUTOPEÇAS;II;32;0103200;841330;Bombas para combustíveis, lubrificantes ou líquidos de arrefecimento, próprias para motores de ignição por centelha ou por compressão;S;PT 97/10;Art. 681, XVI, e Anexo IX, Tabela VI do RICMS/02;106.14;99.69;88.96;71.78;63.87;58.75;50.22;36.56;;;;;;19;1;19% + 1% (FECOEP);01/07/2023;0019
AUTOPEÇAS;II;33;0103300;84141000;Bombas de vácuo;S;PT 97/10;Art. 681, XVI, e Anexo IX, Tabela VI do RICMS/02;106.14;99.69;88.96;71.78;63.87;58.75;50.22;36.56;;;;;;19;1;19% + 1% (FECOEP);01/07/2023;0019
AUTOPEÇAS;II;34;0103400;8414801;Compressores e turbocompressores de ar;S;PT 97/10;Art. 681, XVI, e Anexo IX, Tabela VI do RICMS/02;106.14;99.69;88.96;71.78;63.87;58.75;50.22;36.56;;;;;;19;1;19% + 1% (FECOEP);01/07/2023;0019
AUTOPEÇAS;II;34;0103400;8414802;Compressores e turbocompressores de ar;S;PT 97/10;Art. 681, XVI, e Anexo IX, Tabela VI do RICMS/02;106.14;99.69;88.96;71.78;63.87;58.75;50.22;36.56;;;;;;19;1;19% + 1% (FECOEP);01/07/2023;0019
AUTOPEÇAS;II;35;0103500;84139190;Partes das bombas, compressores e turbocompressores dos CEST 01.032.00, 01.033.00 e 01.034.00;S;PT 97/10;Art. 681, XVI, e Anexo IX, Tabela VI do RICMS/02;106.14;99.69;88.96;71.78;63.87;58.75;50.22;36.56;;;;;;19;1;19% + 1% (FECOEP);01/07/2023;0019
AUTOPEÇAS;II;35;0103500;84149010;Partes das bombas, compressores e turbocompressores dos CEST 01.032.00, 01.033.00 e 01.034.00;S;PT 97/10;Art. 681, XVI, e Anexo IX, Tabela VI do RICMS/02;106.14;99.69;88.96;71.78;63.87;58.75;50.22;36.56;;;;;;19;1;19% + 1% (FECOEP);01/07/2023;0019
AUTOPEÇAS;II;35;0103500;8414903;Partes das bombas, compressores e turbocompressores dos CEST 01.032.00, 01.033.00 e 01.034.00;S;PT 97/10;Art. 681, XVI, e Anexo IX, Tabela VI do RICMS/02;106.14;99.69;88.96;71.78;63.87;58.75;50.22;36.56;;;;;;19;1;19% + 1% (FECOEP);01/07/2023;0019
AUTOPEÇAS;II;35;0103500;84149039;Partes das bombas, compressores e turbocompressores dos CEST 01.032.00, 01.033.00 e 01.034.00;S;PT 97/10;Art. 681, XVI, e Anexo IX, Tabela VI do RICMS/02;106.14;99.69;88.96;71.78;63.87;58.75;50.22;36.56;;;;;;19;1;19% + 1% (FECOEP);01/07/2023;0019
AUTOPEÇAS;II;36;0103600;841520;Máquinas e aparelhos de ar condicionado;S;PT 97/10;Art. 681, XVI, e Anexo IX, Tabela VI do RICMS/02;106.14;99.69;88.96;71.78;63.87;58.75;50.22;36.56;;;;;;19;1;19% + 1% (FECOEP);01/07/2023;0019
AUTOPEÇAS;II;37;0103700;8419;Aparelhos para filtrar óleos minerais nos motores de ignição por centelha ou por compressão;S;PT 97/10;Art. 681, XVI, e Anexo IX, Tabela VI do RICMS/02;106.14;99.69;88.96;71.78;63.87;58.75;50.22;36.56;;;;;;19;1;19% + 1% (FECOEP);01/07/2023;0019
AUTOPEÇAS;II;38;0103800;84212990;Filtros a vácuo;S;PT 97/10;Art. 681, XVI, e Anexo IX, Tabela VI do RICMS/02;106.14;99.69;88.96;71.78;63.87;58.75;50.22;36.56;;;;;;19;1;19% + 1% (FECOEP);01/07/2023;0019
AUTOPEÇAS;II;39;0103900;84219;Partes dos aparelhos para filtrar ou depurar líquidos ou gases;S;PT 97/10;Art. 681, XVI, e Anexo IX, Tabela VI do RICMS/02;106.14;99.69;88.96;71.78;63.87;58.75;50.22;36.56;;;;;;19;1;19% + 1% (FECOEP);01/07/2023;0019
AUTOPEÇAS;II;40;0104000;84241000;Extintores, mesmo carregados;S;PT 97/10;Art. 681, XVI, e Anexo IX, Tabela VI do RICMS/02;106.14;99.69;88.96;71.78;63.87;58.75;50.22;36.56;;;;;;19;1;19% + 1% (FECOEP);01/07/2023;0019
AUTOPEÇAS;II;41;0104100;84213100;Filtros de entrada de ar para motores de ignição por centelha ou por compressão;S;PT 97/10;Art. 681, XVI, e Anexo IX, Tabela VI do RICMS/02;106.14;99.69;88.96;71.78;63.87;58.75;50.22;36.56;;;;;;19;1;19% + 1% (FECOEP);01/07/2023;0019
AUTOPEÇAS;II;42;0104200;84213920;Depuradores por conversão catalítica de gases de escape;S;PT 97/10;Art. 681, XVI, e Anexo IX, Tabela VI do RICMS/02;106.14;99.69;88.96;71.78;63.87;58.75;50.22;36.56;;;;;;19;1;19% + 1% (FECOEP);01/07/2023;0019
AUTOPEÇAS;II;43;0104300;84254200;Macacos;S;PT 97/10;Art. 681, XVI, e Anexo IX, Tabela VI do RICMS/02;106.14;99.69;88.96;71.78;63.87;58.75;50.22;36.56;;;;;;19;1;19% + 1% (FECOEP);01/07/2023;0019
AUTOPEÇAS;II;44;0104400;84311010;Partes para macacos do CEST 01.043.00;S;PT 97/10;Art. 681, XVI, e Anexo IX, Tabela VI do RICMS/02;106.14;99.69;88.96;71.78;63.87;58.75;50.22;36.56;;;;;;19;1;19% + 1% (FECOEP);01/07/2023;0019
AUTOPEÇAS;II;45;0104500;8431492;Partes reconhecíveis como exclusiva ou principalmente destinadas às máquinas agrícolas ou rodoviárias;S;PT 97/10;Art. 681, XVI, e Anexo IX, Tabela VI do RICMS/02;106.14;99.69;88.96;71.78;63.87;58.75;50.22;36.56;;;;;;19;1;19% + 1% (FECOEP);01/07/2023;0019
AUTOPEÇAS;II;46;0104501;84339090;Partes reconhecíveis como exclusiva ou principalmente destinadas às máquinas agrícolas ou rodoviárias;S;PT 97/10;Art. 681, XVI, e Anexo IX, Tabela VI do RICMS/02;106.14;99.69;88.96;71.78;63.87;58.75;50.22;36.56;;;;;;19;1;19% + 1% (FECOEP);01/07/2023;0019
AUTOPEÇAS;II;47;0104600;84811000;Válvulas redutoras de pressão;S;PT 97/10;Art. 681, XVI, e Anexo IX, Tabela VI do RICMS/02;106.14;99.69;88.96;71.78;63.87;58.75;50.22;36.56;;;;;;19;1;19% + 1% (FECOEP);01/07/2023;0019
AUTOPEÇAS;II;48;0104700;84812;Válvulas para transmissão óleo-hidráulicas ou pneumáticas;S;PT 97/10;Art. 681, XVI, e Anexo IX, Tabela VI do RICMS/02;106.14;99.69;88.96;71.78;63.87;58.75;50.22;36.56;;;;;;19;1;19% + 1% (FECOEP);01/07/2023;0019
AUTOPEÇAS;II;49;0104800;84818092;Válvulas solenoides;S;PT 97/10;Art. 681, XVI, e Anexo IX, Tabela VI do RICMS/02;106.14;99.69;88.96;71.78;63.87;58.75;50.22;36.56;;;;;;19;1;19% + 1% (FECOEP);01/07/2023;0019
AUTOPEÇAS;II;50;0104900;8482;Rolamentos;S;PT 97/10;Art. 681, XVI, e Anexo IX, Tabela VI do RICMS/02;106.14;99.69;88.96;71.78;63.87;58.75;50.22;36.56;;;;;;19;1;19% + 1% (FECOEP);01/07/2023;0019
AUTOPEÇAS;II;51;0105000;8483;Árvores de transmissão (incluídas as árvores de “cames” e virabrequins) e manivelas , mancais e “bronzes” , engrenagens e rodas de fricção , eixos de esferas ou de roletes , redutores, multiplicadores, caixas de transmissão e variadores de velocidade, incluídos os conversores de torque , volantes e polias, incluídas as polias para cadernais , embreagens e dispositivos de acoplamento, incluídas as juntas de articulação;S;PT 97/10;Art. 681, XVI, e Anexo IX, Tabela VI do RICMS/02;106.14;99.69;88.96;71.78;63.87;58.75;50.22;36.56;;;;;;19;1;19% + 1% (FECOEP);01/07/2023;0019
AUTOPEÇAS;II;52;0105100;8484;Juntas metaloplásticas , jogos ou sortidos de juntas de composições diferentes, apresentados em bolsas, envelopes ou embalagens semelhantes , juntas de vedação mecânicas (selos mecânicos);S;PT 97/10;Art. 681, XVI, e Anexo IX, Tabela VI do RICMS/02;106.14;99.69;88.96;71.78;63.87;58.75;50.22;36.56;;;;;;19;1;19% + 1% (FECOEP);01/07/2023;0019
AUTOPEÇAS;II;53;0105200;850520;Acoplamentos, embreagens, variadores de velocidade e freios, eletromagnéticos;S;PT 97/10;Art. 681, XVI, e Anexo IX, Tabela VI do RICMS/02;106.14;99.69;88.96;71.78;63.87;58.75;50.22;36.56;;;;;;19;1;19% + 1% (FECOEP);01/07/2023;0019
AUTOPEÇAS;II;54;0105300;850710;Acumuladores elétricos de chumbo, do tipo utilizado para o arranque dos motores de pistão;S;PT 97/10;Art. 681, XVI, e Anexo IX, Tabela VI do RICMS/02;106.14;99.69;88.96;71.78;63.87;58.75;50.22;36.56;;;;;;19;1;19% + 1% (FECOEP);01/07/2023;0019
AUTOPEÇAS;II;55;0105301;85071010;Acumuladores elétricos de chumbo, do tipo utilizado para o arranque dos motores de pistão e de capacidade inferior ou igual a 20 Ah e tensão inferior ou igual a 12 V;S;PT 97/10;Art. 681, XVI, e Anexo IX, Tabela VI do RICMS/02;106.14;99.69;88.96;71.78;63.87;58.75;50.22;36.56;;;;;;19;1;19% + 1% (FECOEP);01/07/2023;0019
AUTOPEÇAS;II;56;0105400;8511;Aparelhos e dispositivos elétricos de ignição ou de arranque para motores de ignição por centelha ou por compressão (por exemplo, magnetos, dínamos-magnetos, bobinas de ignição, velas de ignição ou de aquecimento, motores de arranque) , geradores (dínamos e alternadores, por exemplo) e conjuntores-disjuntores utilizados com estes motores;S;PT 97/10;Art. 681, XVI, e Anexo IX, Tabela VI do RICMS/02;106.14;99.69;88.96;71.78;63.87;58.75;50.22;36.56;;;;;;19;1;19% + 1% (FECOEP);01/07/2023;0019
AUTOPEÇAS;II;57;0105500;851220;Aparelhos elétricos de iluminação ou de sinalização (exceto os da posição 8539), limpadores de para-brisas, degeladores e desembaçadores (desembaciadores) elétricos e suas partes;S;PT 97/10;Art. 681, XVI, e Anexo IX, Tabela VI do RICMS/02;106.14;99.69;88.96;71.78;63.87;58.75;50.22;36.56;;;;;;19;1;19% + 1% (FECOEP);01/07/2023;0019
AUTOPEÇAS;II;57;0105500;851440;Aparelhos elétricos de iluminação ou de sinalização (exceto os da posição 8539), limpadores de para-brisas, degeladores e desembaçadores (desembaciadores) elétricos e suas partes;S;PT 97/10;Art. 681, XVI, e Anexo IX, Tabela VI do RICMS/02;106.14;99.69;88.96;71.78;63.87;58.75;50.22;36.56;;;;;;19;1;19% + 1% (FECOEP);01/07/2023;0019
AUTOPEÇAS;II;57;0105500;85149000;Aparelhos elétricos de iluminação ou de sinalização (exceto os da posição 8539), limpadores de para-brisas, degeladores e desembaçadores (desembaciadores) elétricos e suas partes;S;PT 97/10;Art. 681, XVI, e Anexo IX, Tabela VI do RICMS/02;106.14;99.69;88.96;71.78;63.87;58.75;50.22;36.56;;;;;;19;1;19% + 1% (FECOEP);01/07/2023;0019
AUTOPEÇAS;II;58;0105600;85171213;Telefones móveis do tipo dos utilizados em veículos automóveis.;S;PT 97/10;Art. 681, XVI, e Anexo IX, Tabela VI do RICMS/02;106.14;99.69;88.96;71.78;63.87;58.75;50.22;36.56;;;;;;19;1;19% + 1% (FECOEP);01/07/2023;0019
AUTOPEÇAS;II;59;0105700;8518;Alto-falantes, amplificadores elétricos de audiofrequência e partes;S;PT 97/10;Art. 681, XVI, e Anexo IX, Tabela VI do RICMS/02;106.14;99.69;88.96;71.78;63.87;58.75;50.22;36.56;;;;;;19;1;19% + 1% (FECOEP);01/07/2023;0019
AUTOPEÇAS;II;60;0105800;85185000;Aparelhos elétricos de amplificação de som para veículos automotores;S;PT 97/10;Art. 681, XVI, e Anexo IX, Tabela VI do RICMS/02;106.14;99.69;88.96;71.78;63.87;58.75;50.22;36.56;;;;;;19;1;19% + 1% (FECOEP);01/07/2023;0019
AUTOPEÇAS;II;61;0105900;851981;Aparelhos de reprodução de som;S;PT 97/10;Art. 681, XVI, e Anexo IX, Tabela VI do RICMS/02;106.14;99.69;88.96;71.78;63.87;58.75;50.22;36.56;;;;;;19;1;19% + 1% (FECOEP);01/07/2023;0019
AUTOPEÇAS;II;62;0106000;8525501;Aparelhos transmissores (emissores) de radiotelefonia ou radiotelegrafia (rádio receptor/transmissor);S;PT 97/10;Art. 681, XVI, e Anexo IX, Tabela VI do RICMS/02;106.14;99.69;88.96;71.78;63.87;58.75;50.22;36.56;;;;;;19;1;19% + 1% (FECOEP);01/07/2023;0019
AUTOPEÇAS;II;62;0106000;85256010;Aparelhos transmissores (emissores) de radiotelefonia ou radiotelegrafia (rádio receptor/transmissor);S;PT 97/10;Art. 681, XVI, e Anexo IX, Tabela VI do RICMS/02;106.14;99.69;88.96;71.78;63.87;58.75;50.22;36.56;;;;;;19;1;19% + 1% (FECOEP);01/07/2023;0019
AUTOPEÇAS;II;63;0106100;85272100;Aparelhos receptores de radiodifusão que só funcionem com fonte externa de energia combinados com um aparelho de gravação ou de reprodução de som, do tipo utilizado em veículos automóveis;S;PT 97/10;Art. 681, XVI, e Anexo IX, Tabela VI do RICMS/02;106.14;99.69;88.96;71.78;63.87;58.75;50.22;36.56;;;;;;19;1;19% + 1% (FECOEP);01/07/2023;0019
AUTOPEÇAS;II;64;0106200;85272900;Outros aparelhos receptores de radiodifusão que só funcionem com fonte externa de energia, do tipo utilizado em veículos automóveis;S;PT 97/10;Art. 681, XVI, e Anexo IX, Tabela VI do RICMS/02;106.14;99.69;88.96;71.78;63.87;58.75;50.22;36.56;;;;;;19;1;19% + 1% (FECOEP);01/07/2023;0019
AUTOPEÇAS;II;65;0106201;85219090;Outros aparelhos videofônicos de gravação ou de reprodução, mesmo incorporando um receptor de sinais videofônicos, dos tipos utilizados exclusivamente em veículos automotores;S;PT 97/10;Art. 681, XVI, e Anexo IX, Tabela VI do RICMS/02;106.14;99.69;88.96;71.78;63.87;58.75;50.22;36.56;;;;;;19;1;19% + 1% (FECOEP);01/07/2023;0019
AUTOPEÇAS;II;66;0106300;85291090;Antenas;S;PT 97/10;Art. 681, XVI, e Anexo IX, Tabela VI do RICMS/02;106.14;99.69;88.96;71.78;63.87;58.75;50.22;36.56;;;;;;19;1;19% + 1% (FECOEP);01/07/2023;0019
AUTOPEÇAS;II;67;0106400;853400;Circuitos impressos;S;PT 97/10;Art. 681, XVI, e Anexo IX, Tabela VI do RICMS/02;106.14;99.69;88.96;71.78;63.87;58.75;50.22;36.56;;;;;;19;1;19% + 1% (FECOEP);01/07/2023;0019
AUTOPEÇAS;II;68;0106500;853530;Interruptores e seccionadores e comutadores;S;PT 97/10;Art. 681, XVI, e Anexo IX, Tabela VI do RICMS/02;106.14;99.69;88.96;71.78;63.87;58.75;50.22;36.56;;;;;;19;1;19% + 1% (FECOEP);01/07/2023;0019
AUTOPEÇAS;II;68;0106500;853650;Interruptores e seccionadores e comutadores;S;PT 97/10;Art. 681, XVI, e Anexo IX, Tabela VI do RICMS/02;106.14;99.69;88.96;71.78;63.87;58.75;50.22;36.56;;;;;;19;1;19% + 1% (FECOEP);01/07/2023;0019
AUTOPEÇAS;II;69;0106600;85361000;Fusíveis e corta-circuitos de fusíveis;S;PT 97/10;Art. 681, XVI, e Anexo IX, Tabela VI do RICMS/02;106.14;99.69;88.96;71.78;63.87;58.75;50.22;36.56;;;;;;19;1;19% + 1% (FECOEP);01/07/2023;0019
AUTOPEÇAS;II;70;0106700;85362000;Disjuntores;S;PT 97/10;Art. 681, XVI, e Anexo IX, Tabela VI do RICMS/02;106.14;99.69;88.96;71.78;63.87;58.75;50.22;36.56;;;;;;19;1;19% + 1% (FECOEP);01/07/2023;0019
AUTOPEÇAS;II;71;0106800;85364;Relés;S;PT 97/10;Art. 681, XVI, e Anexo IX, Tabela VI do RICMS/02;106.14;99.69;88.96;71.78;63.87;58.75;50.22;36.56;;;;;;19;1;19% + 1% (FECOEP);01/07/2023;0019
AUTOPEÇAS;II;72;0106900;8538;Partes reconhecíveis como exclusivas ou principalmente destinados aos aparelhos dos CEST 01.065.00, 01.066.00, 01.067.00 e 01.068.00;S;PT 97/10;Art. 681, XVI, e Anexo IX, Tabela VI do RICMS/02;106.14;99.69;88.96;71.78;63.87;58.75;50.22;36.56;;;;;;19;1;19% + 1% (FECOEP);01/07/2023;0019
AUTOPEÇAS;II;73;0107000;853910;Faróis e projetores, em unidades seladas;S;PT 97/10;Art. 681, XVI, e Anexo IX, Tabela VI do RICMS/02;106.14;99.69;88.96;71.78;63.87;58.75;50.22;36.56;;;;;;19;1;19% + 1% (FECOEP);01/07/2023;0019
AUTOPEÇAS;II;74;0107100;85392;Lâmpadas e tubos de incandescência, exceto de raios ultravioleta ou infravermelhos;S;PT 97/10;Art. 681, XVI, e Anexo IX, Tabela VI do RICMS/02;106.14;99.69;88.96;71.78;63.87;58.75;50.22;36.56;;;;;;19;1;19% + 1% (FECOEP);01/07/2023;0019
AUTOPEÇAS;II;75;0107200;85442000;Cabos coaxiais e outros condutores elétricos coaxiais;S;PT 97/10;Art. 681, XVI, e Anexo IX, Tabela VI do RICMS/02;106.14;99.69;88.96;71.78;63.87;58.75;50.22;36.56;;;;;;19;1;19% + 1% (FECOEP);01/07/2023;0019
AUTOPEÇAS;II;76;0107300;85443000;Jogos de fios para velas de ignição e outros jogos de fios;S;PT 97/10;Art. 681, XVI, e Anexo IX, Tabela VI do RICMS/02;106.14;99.69;88.96;71.78;63.87;58.75;50.22;36.56;;;;;;19;1;19% + 1% (FECOEP);01/07/2023;0019
AUTOPEÇAS;II;77;0107400;8707;Carroçarias para os veículos automóveis das posições 8701 a 8705, incluídas as cabinas;S;PT 97/10;Art. 681, XVI, e Anexo IX, Tabela VI do RICMS/02;106.14;99.69;88.96;71.78;63.87;58.75;50.22;36.56;;;;;;19;1;19% + 1% (FECOEP);01/07/2023;0019
AUTOPEÇAS;II;78;0107500;8708;Partes e acessórios dos veículos automóveis das posições 8701 a 8705;S;PT 97/10;Art. 681, XVI, e Anexo IX, Tabela VI do RICMS/02;106.14;99.69;88.96;71.78;63.87;58.75;50.22;36.56;;;;;;19;1;19% + 1% (FECOEP);01/07/2023;0019
AUTOPEÇAS;II;79;0107600;87141;Parte e acessórios de motocicletas (incluídos os ciclomotores);S;PT 97/10;Art. 681, XVI, e Anexo IX, Tabela VI do RICMS/02;106.14;99.69;88.96;71.78;63.87;58.75;50.22;36.56;;;;;;19;1;19% + 1% (FECOEP);01/07/2023;0019
AUTOPEÇAS;II;80;0107700;87169090;Engates para reboques e semirreboques;S;PT 97/10;Art. 681, XVI, e Anexo IX, Tabela VI do RICMS/02;106.14;99.69;88.96;71.78;63.87;58.75;50.22;36.56;;;;;;19;1;19% + 1% (FECOEP);01/07/2023;0019
AUTOPEÇAS;II;81;0107800;902610;Medidores de nível , Medidores de vazão;S;PT 97/10;Art. 681, XVI, e Anexo IX, Tabela VI do RICMS/02;106.14;99.69;88.96;71.78;63.87;58.75;50.22;36.56;;;;;;19;1;19% + 1% (FECOEP);01/07/2023;0019
AUTOPEÇAS;II;82;0107900;902620;Aparelhos para medida ou controle da pressão;S;PT 97/10;Art. 681, XVI, e Anexo IX, Tabela VI do RICMS/02;106.14;99.69;88.96;71.78;63.87;58.75;50.22;36.56;;;;;;19;1;19% + 1% (FECOEP);01/07/2023;0019
AUTOPEÇAS;II;83;0108000;9029;Contadores, indicadores de velocidade e tacômetros, suas partes e acessórios;S;PT 97/10;Art. 681, XVI, e Anexo IX, Tabela VI do RICMS/02;106.14;99.69;88.96;71.78;63.87;58.75;50.22;36.56;;;;;;19;1;19% + 1% (FECOEP);01/07/2023;0019
AUTOPEÇAS;II;84;0108100;90303321;Amperímetros;S;PT 97/10;Art. 681, XVI, e Anexo IX, Tabela VI do RICMS/02;106.14;99.69;88.96;71.78;63.87;58.75;50.22;36.56;;;;;;19;1;19% + 1% (FECOEP);01/07/2023;0019
AUTOPEÇAS;II;85;0108200;90318040;Aparelhos digitais, de uso em veículos automóveis, para medida e indicação de múltiplas grandezas tais como: velocidade média, consumos instantâneo e médio e autonomia (computador de bordo);S;PT 97/10;Art. 681, XVI, e Anexo IX, Tabela VI do RICMS/02;106.14;99.69;88.96;71.78;63.87;58.75;50.22;36.56;;;;;;19;1;19% + 1% (FECOEP);01/07/2023;0019
AUTOPEÇAS;II;86;0108300;9032892;Controladores eletrônicos;S;PT 97/10;Art. 681, XVI, e Anexo IX, Tabela VI do RICMS/02;106.14;99.69;88.96;71.78;63.87;58.75;50.22;36.56;;;;;;19;1;19% + 1% (FECOEP);01/07/2023;0019
AUTOPEÇAS;II;87;0108400;91040000;Relógios para painéis de instrumentos e relógios semelhantes;S;PT 97/10;Art. 681, XVI, e Anexo IX, Tabela VI do RICMS/02;106.14;99.69;88.96;71.78;63.87;58.75;50.22;36.56;;;;;;19;1;19% + 1% (FECOEP);01/07/2023;0019
AUTOPEÇAS;II;88;0108500;94012000;Assentos e partes de assentos;S;PT 97/10;Art. 681, XVI, e Anexo IX, Tabela VI do RICMS/02;106.14;99.69;88.96;71.78;63.87;58.75;50.22;36.56;;;;;;19;1;19% + 1% (FECOEP);01/07/2023;0019
AUTOPEÇAS;II;88;0108500;94019090;Assentos e partes de assentos;S;PT 97/10;Art. 681, XVI, e Anexo IX, Tabela VI do RICMS/02;106.14;99.69;88.96;71.78;63.87;58.75;50.22;36.56;;;;;;19;1;19% + 1% (FECOEP);01/07/2023;0019
AUTOPEÇAS;II;89;0108600;96138000;Acendedores;S;PT 97/10;Art. 681, XVI, e Anexo IX, Tabela VI do RICMS/02;106.14;99.69;88.96;71.78;63.87;58.75;50.22;36.56;;;;;;19;1;19% + 1% (FECOEP);01/07/2023;0019
AUTOPEÇAS;II;90;0108700;4009;Tubos de borracha vulcanizada não endurecida, mesmo providos de seus acessórios;S;PT 97/10;Art. 681, XVI, e Anexo IX, Tabela VI do RICMS/02;106.14;99.69;88.96;71.78;63.87;58.75;50.22;36.56;;;;;;19;1;19% + 1% (FECOEP);01/07/2023;0019
AUTOPEÇAS;II;91;0108800;45049000;Juntas de vedação de cortiça natural e de amianto;S;PT 97/10;Art. 681, XVI, e Anexo IX, Tabela VI do RICMS/02;106.14;99.69;88.96;71.78;63.87;58.75;50.22;36.56;;;;;;19;1;19% + 1% (FECOEP);01/07/2023;0019
AUTOPEÇAS;II;91;0108800;68129910;Juntas de vedação de cortiça natural e de amianto;S;PT 97/10;Art. 681, XVI, e Anexo IX, Tabela VI do RICMS/02;106.14;99.69;88.96;71.78;63.87;58.75;50.22;36.56;;;;;;19;1;19% + 1% (FECOEP);01/07/2023;0019
AUTOPEÇAS;II;92;0108900;48234000;Papel-diagrama para tacógrafo, em disco;S;PT 97/10;Art. 681, XVI, e Anexo IX, Tabela VI do RICMS/02;106.14;99.69;88.96;71.78;63.87;58.75;50.22;36.56;;;;;;19;1;19% + 1% (FECOEP);01/07/2023;0019
AUTOPEÇAS;II;93;0109000;39191000;Fitas, tiras, adesivos, autocolantes, de plástico, refletores, mesmo em rolos , placas metálicas com película de plástico refletora, próprias para colocação em carrocerias, para-choques de veículos de carga, motocicletas, ciclomotores, capacetes, bonés de agentes de trânsito e de condutores de veículos, atuando como dispositivos refletivos de segurança rodoviários;S;PT 97/10;Art. 681, XVI, e Anexo IX, Tabela VI do RICMS/02;106.14;99.69;88.96;71.78;63.87;58.75;50.22;36.56;;;;;;19;1;19% + 1% (FECOEP);01/07/2023;0019
AUTOPEÇAS;II;93;0109000;39199000;Fitas, tiras, adesivos, autocolantes, de plástico, refletores, mesmo em rolos , placas metálicas com película de plástico refletora, próprias para colocação em carrocerias, para-choques de veículos de carga, motocicletas, ciclomotores, capacetes, bonés de agentes de trânsito e de condutores de veículos, atuando como dispositivos refletivos de segurança rodoviários;S;PT 97/10;Art. 681, XVI, e Anexo IX, Tabela VI do RICMS/02;106.14;99.69;88.96;71.78;63.87;58.75;50.22;36.56;;;;;;19;1;19% + 1% (FECOEP);01/07/2023;0019
AUTOPEÇAS;II;93;0109000;87082999;Fitas, tiras, adesivos, autocolantes, de plástico, refletores, mesmo em rolos , placas metálicas com película de plástico refletora, próprias para colocação em carrocerias, para-choques de veículos de carga, motocicletas, ciclomotores, capacetes, bonés de agentes de trânsito e de condutores de veículos, atuando como dispositivos refletivos de segurança rodoviários;S;PT 97/10;Art. 681, XVI, e Anexo IX, Tabela VI do RICMS/02;106.14;99.69;88.96;71.78;63.87;58.75;50.22;36.56;;;;;;19;1;19% + 1% (FECOEP);01/07/2023;0019
AUTOPEÇAS;II;94;0109100;84123110;Cilindros pneumáticos;S;PT 97/10;Art. 681, XVI, e Anexo IX, Tabela VI do RICMS/02;106.14;99.69;88.96;71.78;63.87;58.75;50.22;36.56;;;;;;19;1;19% + 1% (FECOEP);01/07/2023;0019
AUTOPEÇAS;II;95;0109200;84131900;Bomba elétrica de lavador de para-brisa;S;PT 97/10;Art. 681, XVI, e Anexo IX, Tabela VI do RICMS/02;106.14;99.69;88.96;71.78;63.87;58.75;50.22;36.56;;;;;;19;1;19% + 1% (FECOEP);01/07/2023;0019
AUTOPEÇAS;II;95;0109200;84135090;Bomba elétrica de lavador de para-brisa;S;PT 97/10;Art. 681, XVI, e Anexo IX, Tabela VI do RICMS/02;106.14;99.69;88.96;71.78;63.87;58.75;50.22;36.56;;;;;;19;1;19% + 1% (FECOEP);01/07/2023;0019
AUTOPEÇAS;II;95;0109200;84138100;Bomba elétrica de lavador de para-brisa;S;PT 97/10;Art. 681, XVI, e Anexo IX, Tabela VI do RICMS/02;106.14;99.69;88.96;71.78;63.87;58.75;50.22;36.56;;;;;;19;1;19% + 1% (FECOEP);01/07/2023;0019
AUTOPEÇAS;II;96;0109300;84136019;Bomba de assistência de direção hidráulica;S;PT 97/10;Art. 681, XVI, e Anexo IX, Tabela VI do RICMS/02;106.14;99.69;88.96;71.78;63.87;58.75;50.22;36.56;;;;;;19;1;19% + 1% (FECOEP);01/07/2023;0019
AUTOPEÇAS;II;96;0109300;84137010;Bomba de assistência de direção hidráulica;S;PT 97/10;Art. 681, XVI, e Anexo IX, Tabela VI do RICMS/02;106.14;99.69;88.96;71.78;63.87;58.75;50.22;36.56;;;;;;19;1;19% + 1% (FECOEP);01/07/2023;0019
AUTOPEÇAS;II;97;0109400;84145910;Motoventiladores;S;PT 97/10;Art. 681, XVI, e Anexo IX, Tabela VI do RICMS/02;106.14;99.69;88.96;71.78;63.87;58.75;50.22;36.56;;;;;;19;1;19% + 1% (FECOEP);01/07/2023;0019
AUTOPEÇAS;II;97;0109400;84145990;Motoventiladores;S;PT 97/10;Art. 681, XVI, e Anexo IX, Tabela VI do RICMS/02;106.14;99.69;88.96;71.78;63.87;58.75;50.22;36.56;;;;;;19;1;19% + 1% (FECOEP);01/07/2023;0019
AUTOPEÇAS;II;98;0109500;84213990;Filtros de pólen do ar-condicionado;S;PT 97/10;Art. 681, XVI, e Anexo IX, Tabela VI do RICMS/02;106.14;99.69;88.96;71.78;63.87;58.75;50.22;36.56;;;;;;19;1;19% + 1% (FECOEP);01/07/2023;0019
AUTOPEÇAS;II;99;0109600;85011019;“Máquina” de vidro elétrico de porta;S;PT 97/10;Art. 681, XVI, e Anexo IX, Tabela VI do RICMS/02;106.14;99.69;88.96;71.78;63.87;58.75;50.22;36.56;;;;;;19;1;19% + 1% (FECOEP);01/07/2023;0019
AUTOPEÇAS;II;100;0109700;85013110;Motor de limpador de para-brisa;S;PT 97/10;Art. 681, XVI, e Anexo IX, Tabela VI do RICMS/02;106.14;99.69;88.96;71.78;63.87;58.75;50.22;36.56;;;;;;19;1;19% + 1% (FECOEP);01/07/2023;0019
AUTOPEÇAS;II;101;0109800;85045000;Bobinas de reatância e de autoindução;S;PT 97/10;Art. 681, XVI, e Anexo IX, Tabela VI do RICMS/02;106.14;99.69;88.96;71.78;63.87;58.75;50.22;36.56;;;;;;19;1;19% + 1% (FECOEP);01/07/2023;0019
AUTOPEÇAS;II;102;0109900;850720;Baterias de chumbo e de níquel-cádmio;S;PT 97/10;Art. 681, XVI, e Anexo IX, Tabela VI do RICMS/02;106.14;99.69;88.96;71.78;63.87;58.75;50.22;36.56;;;;;;19;1;19% + 1% (FECOEP);01/07/2023;0019
AUTOPEÇAS;II;102;0109900;850730;Baterias de chumbo e de níquel-cádmio;S;PT 97/10;Art. 681, XVI, e Anexo IX, Tabela VI do RICMS/02;106.14;99.69;88.96;71.78;63.87;58.75;50.22;36.56;;;;;;19;1;19% + 1% (FECOEP);01/07/2023;0019
AUTOPEÇAS;II;103;0110000;85123000;Aparelhos de sinalização acústica (buzina);S;PT 97/10;Art. 681, XVI, e Anexo IX, Tabela VI do RICMS/02;106.14;99.69;88.96;71.78;63.87;58.75;50.22;36.56;;;;;;19;1;19% + 1% (FECOEP);01/07/2023;0019
AUTOPEÇAS;II;104;0110100;9032898;Instrumentos para regulação de grandezas não elétricas;S;PT 97/10;Art. 681, XVI, e Anexo IX, Tabela VI do RICMS/02;106.14;99.69;88.96;71.78;63.87;58.75;50.22;36.56;;;;;;19;1;19% + 1% (FECOEP);01/07/2023;0019
AUTOPEÇAS;II;104;0110100;9032899;Instrumentos para regulação de grandezas não elétricas;S;PT 97/10;Art. 681, XVI, e Anexo IX, Tabela VI do RICMS/02;106.14;99.69;88.96;71.78;63.87;58.75;50.22;36.56;;;;;;19;1;19% + 1% (FECOEP);01/07/2023;0019
AUTOPEÇAS;II;105;0110200;90271000;Analisadores de gases ou de fumaça (sonda lambda);S;PT 97/10;Art. 681, XVI, e Anexo IX, Tabela VI do RICMS/02;106.14;99.69;88.96;71.78;63.87;58.75;50.22;36.56;;;;;;19;1;19% + 1% (FECOEP);01/07/2023;0019
AUTOPEÇAS;II;106;0110300;40081100;Perfilados de borracha vulcanizada não endurecida;S;PT 97/10;Art. 681, XVI, e Anexo IX, Tabela VI do RICMS/02;106.14;99.69;88.96;71.78;63.87;58.75;50.22;36.56;;;;;;19;1;19% + 1% (FECOEP);01/07/2023;0019
AUTOPEÇAS;II;107;0110400;56012219;Artefatos de pasta de fibra de uso automotivo;S;PT 97/10;Art. 681, XVI, e Anexo IX, Tabela VI do RICMS/02;106.14;99.69;88.96;71.78;63.87;58.75;50.22;36.56;;;;;;19;1;19% + 1% (FECOEP);01/07/2023;0019
AUTOPEÇAS;II;108;0110500;57032000;Tapetes/carpetes - nailón;S;PT 97/10;Art. 681, XVI, e Anexo IX, Tabela VI do RICMS/02;106.14;99.69;88.96;71.78;63.87;58.75;50.22;36.56;;;;;;19;1;19% + 1% (FECOEP);01/07/2023;0019
AUTOPEÇAS;II;109;0110600;57033000;Tapetes de matérias têxteis sintéticas;S;PT 97/10;Art. 681, XVI, e Anexo IX, Tabela VI do RICMS/02;106.14;99.69;88.96;71.78;63.87;58.75;50.22;36.56;;;;;;19;1;19% + 1% (FECOEP);01/07/2023;0019
AUTOPEÇAS;II;110;0110700;59119000;Forração interior capacete;S;PT 97/10;Art. 681, XVI, e Anexo IX, Tabela VI do RICMS/02;106.14;99.69;88.96;71.78;63.87;58.75;50.22;36.56;;;;;;19;1;19% + 1% (FECOEP);01/07/2023;0019
AUTOPEÇAS;II;111;0110800;69039099;Outros para-brisas;S;PT 97/10;Art. 681, XVI, e Anexo IX, Tabela VI do RICMS/02;106.14;99.69;88.96;71.78;63.87;58.75;50.22;36.56;;;;;;19;1;19% + 1% (FECOEP);01/07/2023;0019
AUTOPEÇAS;II;112;0110900;70072900;Moldura com espelho;S;PT 97/10;Art. 681, XVI, e Anexo IX, Tabela VI do RICMS/02;106.14;99.69;88.96;71.78;63.87;58.75;50.22;36.56;;;;;;19;1;19% + 1% (FECOEP);01/07/2023;0019
AUTOPEÇAS;II;113;0111000;73145000;Corrente de transmissão;S;PT 97/10;Art. 681, XVI, e Anexo IX, Tabela VI do RICMS/02;106.14;99.69;88.96;71.78;63.87;58.75;50.22;36.56;;;;;;19;1;19% + 1% (FECOEP);01/07/2023;0019
AUTOPEÇAS;II;114;0111100;73151100;Corrente transmissão;S;PT 97/10;Art. 681, XVI, e Anexo IX, Tabela VI do RICMS/02;106.14;99.69;88.96;71.78;63.87;58.75;50.22;36.56;;;;;;19;1;19% + 1% (FECOEP);01/07/2023;0019
AUTOPEÇAS;II;115;0111200;73151210;Outras correntes de transmissão;S;PT 97/10;Art. 681, XVI, e Anexo IX, Tabela VI do RICMS/02;106.14;99.69;88.96;71.78;63.87;58.75;50.22;36.56;;;;;;19;1;19% + 1% (FECOEP);01/07/2023;0019
AUTOPEÇAS;II;116;0111300;84189900;Condensador tubular metálico;S;PT 97/10;Art. 681, XVI, e Anexo IX, Tabela VI do RICMS/02;106.14;99.69;88.96;71.78;63.87;58.75;50.22;36.56;;;;;;19;1;19% + 1% (FECOEP);01/07/2023;0019
AUTOPEÇAS;II;117;0111400;841950;Trocadores de calor;S;PT 97/10;Art. 681, XVI, e Anexo IX, Tabela VI do RICMS/02;106.14;99.69;88.96;71.78;63.87;58.75;50.22;36.56;;;;;;19;1;19% + 1% (FECOEP);01/07/2023;0019
AUTOPEÇAS;II;118;0111500;84249090;Partes de aparelhos mecânicos de pulverizar ou dispersar;S;PT 97/10;Art. 681, XVI, e Anexo IX, Tabela VI do RICMS/02;106.14;99.69;88.96;71.78;63.87;58.75;50.22;36.56;;;;;;19;1;19% + 1% (FECOEP);01/07/2023;0019
AUTOPEÇAS;II;119;0111600;84254910;Macacos manuais para veículos;S;PT 97/10;Art. 681, XVI, e Anexo IX, Tabela VI do RICMS/02;106.14;99.69;88.96;71.78;63.87;58.75;50.22;36.56;;;;;;19;1;19% + 1% (FECOEP);01/07/2023;0019
AUTOPEÇAS;II;120;0111700;84314100;Caçambas, pás, ganchos e tenazes para máquinas rodoviárias;S;PT 97/10;Art. 681, XVI, e Anexo IX, Tabela VI do RICMS/02;106.14;99.69;88.96;71.78;63.87;58.75;50.22;36.56;;;;;;19;1;19% + 1% (FECOEP);01/07/2023;0019
AUTOPEÇAS;II;121;0111800;85016100;Geradores de corrente alternada de potência não superior a 75 kva;S;PT 97/10;Art. 681, XVI, e Anexo IX, Tabela VI do RICMS/02;106.14;99.69;88.96;71.78;63.87;58.75;50.22;36.56;;;;;;19;1;19% + 1% (FECOEP);01/07/2023;0019
AUTOPEÇAS;II;122;0111900;85311090;Aparelhos elétricos para alarme de uso automotivo;S;PT 97/10;Art. 681, XVI, e Anexo IX, Tabela VI do RICMS/02;106.14;99.69;88.96;71.78;63.87;58.75;50.22;36.56;;;;;;19;1;19% + 1% (FECOEP);01/07/2023;0019
AUTOPEÇAS;II;123;0112000;90141000;Bússolas;S;PT 97/10;Art. 681, XVI, e Anexo IX, Tabela VI do RICMS/02;106.14;99.69;88.96;71.78;63.87;58.75;50.22;36.56;;;;;;19;1;19% + 1% (FECOEP);01/07/2023;0019
AUTOPEÇAS;II;124;0112100;90251990;Indicadores de temperatura;S;PT 97/10;Art. 681, XVI, e Anexo IX, Tabela VI do RICMS/02;106.14;99.69;88.96;71.78;63.87;58.75;50.22;36.56;;;;;;19;1;19% + 1% (FECOEP);01/07/2023;0019
AUTOPEÇAS;II;125;0112200;90259010;Partes de indicadores de temperatura;S;PT 97/10;Art. 681, XVI, e Anexo IX, Tabela VI do RICMS/02;106.14;99.69;88.96;71.78;63.87;58.75;50.22;36.56;;;;;;19;1;19% + 1% (FECOEP);01/07/2023;0019
AUTOPEÇAS;II;126;0112300;902690;Partes de aparelhos de medida ou controle;S;PT 97/10;Art. 681, XVI, e Anexo IX, Tabela VI do RICMS/02;106.14;99.69;88.96;71.78;63.87;58.75;50.22;36.56;;;;;;19;1;19% + 1% (FECOEP);01/07/2023;0019
AUTOPEÇAS;II;127;0112400;90321010;Termostatos;S;PT 97/10;Art. 681, XVI, e Anexo IX, Tabela VI do RICMS/02;106.14;99.69;88.96;71.78;63.87;58.75;50.22;36.56;;;;;;19;1;19% + 1% (FECOEP);01/07/2023;0019
AUTOPEÇAS;II;128;0112500;90321090;Instrumentos e aparelhos para regulação;S;PT 97/10;Art. 681, XVI, e Anexo IX, Tabela VI do RICMS/02;106.14;99.69;88.96;71.78;63.87;58.75;50.22;36.56;;;;;;19;1;19% + 1% (FECOEP);01/07/2023;0019
AUTOPEÇAS;II;129;0112600;90322000;Pressostatos;S;PT 97/10;Art. 681, XVI, e Anexo IX, Tabela VI do RICMS/02;106.14;99.69;88.96;71.78;63.87;58.75;50.22;36.56;;;;;;19;1;19% + 1% (FECOEP);01/07/2023;0019
AUTOPEÇAS;II;130;0112700;871690;Peças para reboques e semirreboques, exceto os itens classificados no CEST 01.077.00;S;PT 97/10;Art. 681, XVI, e Anexo IX, Tabela VI do RICMS/02;106.14;99.69;88.96;71.78;63.87;58.75;50.22;36.56;;;;;;19;1;19% + 1% (FECOEP);01/07/2023;0019
AUTOPEÇAS;II;131;0112800;73229010;Geradores de ar quente a combustível líquido, com capacidade superior ou igual a 1.500 kcal/h, mas inferior ou igual a 10.400 kcal/h, do tipo dos utilizados em veículos automóveis;S;PT 97/10;Art. 681, XVI, e Anexo IX, Tabela VI do RICMS/02;106.14;99.69;88.96;71.78;63.87;58.75;50.22;36.56;;;;;;19;1;19% + 1% (FECOEP);01/07/2023;0019
AUTOPEÇAS;II;132;0199900;;Outras peças, partes e acessórios para veículos automotores não relacionados nos demais itens deste anexo;S;PT 97/10;Art. 681, XVI, e Anexo IX, Tabela VI do RICMS/02;106.14;99.69;88.96;71.78;63.87;58.75;50.22;36.56;;;;;;19;1;19% + 1% (FECOEP);01/07/2023;0019
ÁGUAS;IV;3;0300300;;San Pellegrino;S;PT 11/91;Art. 681, I do RICMS/02 e Port. 264/2023;;;;;;;;;;;;;5,91;19;2;19% + 2% (FECOEP);01/07/2023;0019
ÁGUAS;IV;3.1;0300300;;Outras importadas;S;PT 11/91;Art. 681, I do RICMS/02 e Port. 264/2023;;;;;;;;;;;;;7,88;19;2;19% + 2% (FECOEP);01/07/2023;0019
ÁGUAS;IV;3.2;0300300;;Outras nacionais;S;PT 11/91;Art. 681, I do RICMS/02 e Port. 264/2023;;;;;;;;;;;;;7,35;19;2;19% + 2% (FECOEP);01/07/2023;0019
ÁGUAS;IV;3.3;0300300;;Acqua Panna 250 ml;S;PT 11/91;Art. 681, I do RICMS/02 e Port. 264/2023;;;;;;;;;;;;;5,91;;;0,19;01/07/2023;0019
ÁGUAS;IV;3.4;0300300;;Acqua Panna 500 a 505 ml;S;PT 11/91;Art. 681, I do RICMS/02 e Port. 264/2023;;;;;;;;;;;;;7,35;;;0,19;01/07/2023;0019
ÁGUAS;IV;3.5;0300300;;Minalba Premium;S;PT 11/91;Art. 681, I do RICMS/02 e Port. 264/2023;;;;;;;;;;;;;4,61;;;0,19;01/07/2023;0019
ÁGUAS;IV;3.6;0300300;;Todas (importadas);S;PT 11/91;Art. 681, I do RICMS/02 e Port. 264/2023;;;;;;;;;;;;;6,3;;;0,19;01/07/2023;0019
ÁGUAS;IV;3.7;0300300;;Todas (nacionais);S;PT 11/91;Art. 681, I do RICMS/02 e Port. 264/2023;;;;;;;;;;;;;5,25;;;0,19;01/07/2023;0019
ÁGUAS;IV;3.8;0300300;;Acqua Panna 250 ml;S;PT 11/91;Art. 681, I do RICMS/02 e Port. 264/2023;;;;;;;;;;;;;5,91;;;0,19;01/07/2023;0019
ÁGUAS;IV;3.9;0300300;;Minalba Premium;S;PT 11/91;Art. 681, I do RICMS/02 e Port. 264/2023;;;;;;;;;;;;;4,61;19;2;19% + 2% (FECOEP);01/07/2023;0019
ÁGUAS;IV;3.10;0300300;;Todas (importadas);S;PT 11/91;Art. 681, I do RICMS/02 e Port. 264/2023;;;;;;;;;;;;;6,83;19;2;19% + 2% (FECOEP);01/07/2023;0019
ÁGUAS;IV;3.11;0300300;;Todas (nacionais);S;PT 11/91;Art. 681, I do RICMS/02 e Port. 264/2023;;;;;;;;;;;;;5,25;19;2;19% + 2% (FECOEP);01/07/2023;0019
ÁGUAS;IV;3.12;0300300;;San Pellegrino;S;PT 11/91;Art. 681, I do RICMS/02 e Port. 264/2023;;;;;;;;;;;;;8,93;19;2;19% + 2% (FECOEP);01/07/2023;0019
ÁGUAS;IV;3.13;0300300;;Acqua Panna;S;PT 11/91;Art. 681, I do RICMS/02 e Port. 264/2023;;;;;;;;;;;;;8,93;19;2;19% + 2% (FECOEP);01/07/2023;0019
ÁGUAS;IV;3.14;0300300;;Perrier;S;PT 11/91;Art. 681, I do RICMS/02 e Port. 264/2023;;;;;;;;;;;;;8,4;19;2;19% + 2% (FECOEP);01/07/2023;0019
ÁGUAS;IV;3.15;0300300;;Outras importadas;S;PT 11/91;Art. 681, I do RICMS/02 e Port. 264/2023;;;;;;;;;;;;;12,6;19;2;19% + 2% (FECOEP);01/07/2023;0019
ÁGUAS;IV;3.16;0300300;;Outras Nacionais;S;PT 11/91;Art. 681, I do RICMS/02 e Port. 264/2023;;;;;;;;;;;;;9,45;19;2;19% + 2% (FECOEP);01/07/2023;0019
ÁGUAS;IV;3.17;0300300;;Todas importadas;S;PT 11/91;Art. 681, I do RICMS/02 e Port. 264/2023;;;;;;;;;;;;;40,5;;;0,19;01/07/2023;0019
ÁGUAS;IV;3.18;0300300;;Todas nacionais;S;PT 11/91;Art. 681, I do RICMS/02 e Port. 264/2023;;;;;;;;;;;;;7,35;;;0,19;01/07/2023;0019
ÁGUAS;IV;3.19;0300300;;Todas importadas;S;PT 11/91;Art. 681, I do RICMS/02 e Port. 264/2023;;;;;;;;;;;;;10,5;19;2;19% + 2% (FECOEP);01/07/2023;0019
ÁGUAS;IV;3.20;0300300;;Todas nacionais;S;PT 11/91;Art. 681, I do RICMS/02 e Port. 264/2023;;;;;;;;;;;;;7,35;19;2;19% + 2% (FECOEP);01/07/2023;0019
ÁGUAS;IV;8;0300800;;Ama 350 ml;S;PT 11/91;Art. 681, I do RICMS/02 e Port. 264/2023;;;;;;;;;;;;;2,09;19;2;19% + 2% (FECOEP);01/07/2023;0019
ÁGUAS;IV;8.1;0300504;;Minalba 310 ml;S;PT 11/91;Art. 681, I do RICMS/02 e Port. 264/2023;;;;;;;;;;;;;2,09;19;2;19% + 2% (FECOEP);01/07/2023;0019
ÁGUAS;IV;8,2;0300800;;Perrier Limão 250 ml;S;PT 11/91;Art. 681, I do RICMS/02 e Port. 264/2023;;;;;;;;;;;;;4,2;19;2;19% + 2% (FECOEP);01/07/2023;0019
ÁGUAS;IV;8,3;0300800;;Perrier 330 ml;S;PT 11/91;Art. 681, I do RICMS/02 e Port. 264/2023;;;;;;;;;;;;;4,2;19;2;19% + 2% (FECOEP);01/07/2023;0019
ÁGUAS;IV;8.2;0300800;;outras;S;PT 11/91;Art. 681, I do RICMS/02 e Port. 264/2023;;;;;;;;;;;;;5,25;19;2;19% + 2% (FECOEP);01/07/2023;0019
ÁGUAS;IV;8,4;0300800;;Ama 350 ml;S;PT 11/91;Art. 681, I do RICMS/02 e Port. 264/2023;;;;;;;;;;;;;1,98;;;0,19;01/07/2023;0019
ÁGUAS;IV;8,5;0300504;;Minalba 310 ml;S;PT 11/91;Art. 681, I do RICMS/02 e Port. 264/2023;;;;;;;;;;;;;1,98;;;0,19;01/07/2023;0019
ÁGUAS;IV;8.3;0300800;;Outros;S;PT 11/91;Art. 681, I do RICMS/02 e Port. 264/2023;;;;;;;;;;;;;3,15;;;0,19;01/07/2023;0019
ÁGUAS;IV;5;0300500;;Crystal;S;PT 11/91;Art. 681, I do RICMS/02 e Port. 264/2023;;;;;;;;;;;;;0,39;;;0,19;01/07/2023;0019
ÁGUAS;IV;5,1;0300500;;Dias D'Avila;S;PT 11/91;Art. 681, I do RICMS/02 e Port. 264/2023;;;;;;;;;;;;;0,37;;;0,19;01/07/2023;0019
ÁGUAS;IV;5,2;0300500;;Dinda;S;PT 11/91;Art. 681, I do RICMS/02 e Port. 264/2023;;;;;;;;;;;;;0,36;;;0,19;01/07/2023;0019
ÁGUAS;IV;5,3;0300500;;Entre Rios;S;PT 11/91;Art. 681, I do RICMS/02 e Port. 264/2023;;;;;;;;;;;;;0,37;;;0,19;01/07/2023;0019
ÁGUAS;IV;5,4;0300500;;FazBem;S;PT 11/91;Art. 681, I do RICMS/02 e Port. 264/2023;;;;;;;;;;;;;0,37;;;0,19;01/07/2023;0019
ÁGUAS;IV;5,5;0300500;;Imperial;S;PT 11/91;Art. 681, I do RICMS/02 e Port. 264/2023;;;;;;;;;;;;;0,37;;;0,19;01/07/2023;0019
ÁGUAS;IV;5,6;0300500;;Indaiá;S;PT 11/91;Art. 681, I do RICMS/02 e Port. 264/2023;;;;;;;;;;;;;0,39;;;0,19;01/07/2023;0019
ÁGUAS;IV;5,7;0300500;;Indiana;S;PT 11/91;Art. 681, I do RICMS/02 e Port. 264/2023;;;;;;;;;;;;;0,37;;;0,19;01/07/2023;0019
ÁGUAS;IV;5,8;0300500;;Itaperoá;S;PT 11/91;Art. 681, I do RICMS/02 e Port. 264/2023;;;;;;;;;;;;;0,37;;;0,19;01/07/2023;0019
ÁGUAS;IV;5,9;0300500;;Lev;S;PT 11/91;Art. 681, I do RICMS/02 e Port. 264/2023;;;;;;;;;;;;;0,37;;;0,19;01/07/2023;0019
ÁGUAS;IV;5,1;0300500;;Monte Claro;S;PT 11/91;Art. 681, I do RICMS/02 e Port. 264/2023;;;;;;;;;;;;;0,37;;;0,19;01/07/2023;0019
ÁGUAS;IV;5,11;0300500;;Santa Joana;S;PT 11/91;Art. 681, I do RICMS/02 e Port. 264/2023;;;;;;;;;;;;;0,39;;;0,19;01/07/2023;0019
ÁGUAS;IV;5,12;0300500;;Outras;S;PT 11/91;Art. 681, I do RICMS/02 e Port. 264/2023;;;;;;;;;;;;;1,1;;;0,19;01/07/2023;0019
ÁGUAS;IV;5,13;0300500;;Crystal;S;PT 11/91;Art. 681, I do RICMS/02 e Port. 264/2023;;;;;;;;;;;;;0,55;;;0,19;01/07/2023;0019
ÁGUAS;IV;5.14;0300500;;Dias D'Ávila;S;PT 11/91;Art. 681, I do RICMS/02 e Port. 264/2023;;;;;;;;;;;;;0,52;;;0,19;01/07/2023;0019
ÁGUAS;IV;5.15;0300500;;Dinda;S;PT 11/91;Art. 681, I do RICMS/02 e Port. 264/2023;;;;;;;;;;;;;0,52;;;0,19;01/07/2023;0019
ÁGUAS;IV;5.16;0300500;;Entre Rios;S;PT 11/91;Art. 681, I do RICMS/02 e Port. 264/2023;;;;;;;;;;;;;0,52;;;0,19;01/07/2023;0019
ÁGUAS;IV;5.17;0300500;;FazBem;S;PT 11/91;Art. 681, I do RICMS/02 e Port. 264/2023;;;;;;;;;;;;;0,52;;;0,19;01/07/2023;0019
ÁGUAS;IV;5,18;0300500;;Imperial;S;PT 11/91;Art. 681, I do RICMS/02 e Port. 264/2023;;;;;;;;;;;;;0,52;;;0,19;01/07/2023;0019
ÁGUAS;IV;5,19;0300500;;Indiana;S;PT 11/91;Art. 681, I do RICMS/02 e Port. 264/2023;;;;;;;;;;;;;0,52;;;0,19;01/07/2023;0019
ÁGUAS;IV;5,2;0300500;;Lev;S;PT 11/91;Art. 681, I do RICMS/02 e Port. 264/2023;;;;;;;;;;;;;0,52;;;0,19;01/07/2023;0019
ÁGUAS;IV;5,21;0300500;;Monte Claro;S;PT 11/91;Art. 681, I do RICMS/02 e Port. 264/2023;;;;;;;;;;;;;0,52;;;0,19;01/07/2023;0019
ÁGUAS;IV;5,22;0300500;;Santa Joana;S;PT 11/91;Art. 681, I do RICMS/02 e Port. 264/2023;;;;;;;;;;;;;0,5;;;0,19;01/07/2023;0019
ÁGUAS;IV;5,23;0300500;;Outras;S;PT 11/91;Art. 681, I do RICMS/02 e Port. 264/2023;;;;;;;;;;;;;1,32;;;0,19;01/07/2023;0019
ÁGUAS;IV;5,24;0300504;;Dias D'Avila;S;PT 11/91;Art. 681, I do RICMS/02 e Port. 264/2023;;;;;;;;;;;;;0,5;;;0,19;01/07/2023;0019
ÁGUAS;IV;5,25;0300504;;Outras;S;PT 11/91;Art. 681, I do RICMS/02 e Port. 264/2023;;;;;;;;;;;;;0,66;;;0,19;01/07/2023;0019
ÁGUAS;IV;5,26;0300504;;Crystal;S;PT 11/91;Art. 681, I do RICMS/02 e Port. 264/2023;;;;;;;;;;;;;0,84;;;0,19;01/07/2023;0019
ÁGUAS;IV;5,27;0300504;;Dias D’Ávila;S;PT 11/91;Art. 681, I do RICMS/02 e Port. 264/2023;;;;;;;;;;;;;0,84;;;0,19;01/07/2023;0019
ÁGUAS;IV;5,28;0300504;;Entre Rios;S;PT 11/91;Art. 681, I do RICMS/02 e Port. 264/2023;;;;;;;;;;;;;0,79;;;0,19;01/07/2023;0019
ÁGUAS;IV;5,29;0300504;;FazBem;S;PT 11/91;Art. 681, I do RICMS/02 e Port. 264/2023;;;;;;;;;;;;;0,79;;;0,19;01/07/2023;0019
ÁGUAS;IV;5,3;0300504;;Imperial;S;PT 11/91;Art. 681, I do RICMS/02 e Port. 264/2023;;;;;;;;;;;;;0,79;;;0,19;01/07/2023;0019
ÁGUAS;IV;5,31;0300504;;Indaiá;S;PT 11/91;Art. 681, I do RICMS/02 e Port. 264/2023;;;;;;;;;;;;;0,85;;;0,19;01/07/2023;0019
ÁGUAS;IV;5,32;0300504;;Itaperoá;S;PT 11/91;Art. 681, I do RICMS/02 e Port. 264/2023;;;;;;;;;;;;;0,79;;;0,19;01/07/2023;0019
ÁGUAS;IV;5,33;0300504;;Lev;S;PT 11/91;Art. 681, I do RICMS/02 e Port. 264/2023;;;;;;;;;;;;;0,79;;;0,19;01/07/2023;0019
ÁGUAS;IV;5,34;0300504;;Loa;S;PT 11/91;Art. 681, I do RICMS/02 e Port. 264/2023;;;;;;;;;;;;;0,79;;;0,19;01/07/2023;0019
ÁGUAS;IV;5,35;0300504;;Minalba;S;PT 11/91;Art. 681, I do RICMS/02 e Port. 264/2023;;;;;;;;;;;;;1,19;;;0,19;01/07/2023;0019
ÁGUAS;IV;5,36;0300504;;Nestlé Pureza Vital;S;PT 11/91;Art. 681, I do RICMS/02 e Port. 264/2023;;;;;;;;;;;;;0,85;;;0,19;01/07/2023;0019
ÁGUAS;IV;5,37;0300504;;Santa Joana;S;PT 11/91;Art. 681, I do RICMS/02 e Port. 264/2023;;;;;;;;;;;;;0,85;;;0,19;01/07/2023;0019
ÁGUAS;IV;5,38;0300504;;São Lourenço;S;PT 11/91;Art. 681, I do RICMS/02 e Port. 264/2023;;;;;;;;;;;;;1;;;0,19;01/07/2023;0019
ÁGUAS;IV;5,39;0300504;;Schin;S;PT 11/91;Art. 681, I do RICMS/02 e Port. 264/2023;;;;;;;;;;;;;0,8;;;0,19;01/07/2023;0019
ÁGUAS;IV;5,4;0300504;;Outras;S;PT 11/91;Art. 681, I do RICMS/02 e Port. 264/2023;;;;;;;;;;;;;1,58;;;0,19;01/07/2023;0019
ÁGUAS;IV;5,41;0300504;;Crystal;S;PT 11/91;Art. 681, I do RICMS/02 e Port. 264/2023;;;;;;;;;;;;;0,9;19;2;19% + 2% (FECOEP);01/07/2023;0019
ÁGUAS;IV;5,42;0300504;;Dias D'Ávila;S;PT 11/91;Art. 681, I do RICMS/02 e Port. 264/2023;;;;;;;;;;;;;0,9;19;2;19% + 2% (FECOEP);01/07/2023;0019
ÁGUAS;IV;5,43;0300504;;Entre Rios;S;PT 11/91;Art. 681, I do RICMS/02 e Port. 264/2023;;;;;;;;;;;;;0,89;19;2;19% + 2% (FECOEP);01/07/2023;0019
ÁGUAS;IV;5,44;0300504;;FazBem;S;PT 11/91;Art. 681, I do RICMS/02 e Port. 264/2023;;;;;;;;;;;;;0,89;19;2;19% + 2% (FECOEP);01/07/2023;0019
ÁGUAS;IV;5,44999999999999;0300504;;Imperial;S;PT 11/91;Art. 681, I do RICMS/02 e Port. 264/2023;;;;;;;;;;;;;0,89;19;2;19% + 2% (FECOEP);01/07/2023;0019
ÁGUAS;IV;5,45999999999999;0300504;;Indaiá;S;PT 11/91;Art. 681, I do RICMS/02 e Port. 264/2023;;;;;;;;;;;;;0,9;19;2;19% + 2% (FECOEP);01/07/2023;0019
ÁGUAS;IV;5,46999999999999;0300504;;Lev;S;PT 11/91;Art. 681, I do RICMS/02 e Port. 264/2023;;;;;;;;;;;;;0,89;19;2;19% + 2% (FECOEP);01/07/2023;0019
ÁGUAS;IV;5,47999999999999;0300504;;Loa;S;PT 11/91;Art. 681, I do RICMS/02 e Port. 264/2023;;;;;;;;;;;;;0,89;19;2;19% + 2% (FECOEP);01/07/2023;0019
ÁGUAS;IV;5,48999999999999;0300504;;Minalba;S;PT 11/91;Art. 681, I do RICMS/02 e Port. 264/2023;;;;;;;;;;;;;1,3;19;2;19% + 2% (FECOEP);01/07/2023;0019
ÁGUAS;IV;5,49999999999999;0300504;;Nestlè Pureza Vital;S;PT 11/91;Art. 681, I do RICMS/02 e Port. 264/2023;;;;;;;;;;;;;0,9;19;2;19% + 2% (FECOEP);01/07/2023;0019
ÁGUAS;IV;5,50999999999999;0300504;;Santa Joana;S;PT 11/91;Art. 681, I do RICMS/02 e Port. 264/2023;;;;;;;;;;;;;0,9;19;2;19% + 2% (FECOEP);01/07/2023;0019
ÁGUAS;IV;5,51999999999999;0300504;;São Lourenço;S;PT 11/91;Art. 681, I do RICMS/02 e Port. 264/2023;;;;;;;;;;;;;1,05;19;2;19% + 2% (FECOEP);01/07/2023;0019
ÁGUAS;IV;5,52999999999999;0300504;;Schin;S;PT 11/91;Art. 681, I do RICMS/02 e Port. 264/2023;;;;;;;;;;;;;0,89;19;2;19% + 2% (FECOEP);01/07/2023;0019
ÁGUAS;IV;5,53999999999999;0300504;;Outras;S;PT 11/91;Art. 681, I do RICMS/02 e Port. 264/2023;;;;;;;;;;;;;2,1;19;2;19% + 2% (FECOEP);01/07/2023;0019
ÁGUAS;IV;5,54999999999999;0300504;;Unick PH 8;S;PT 11/91;Art. 681, I do RICMS/02 e Port. 264/2023;;;;;;;;;;;;;4,61;;;0,19;01/07/2023;0019
ÁGUAS;IV;5,55999999999999;0300504;;Unick PH 10;S;PT 11/91;Art. 681, I do RICMS/02 e Port. 264/2023;;;;;;;;;;;;;5,19;;;0,19;01/07/2023;0019
ÁGUAS;IV;5,56999999999999;0300504;;Outras;S;PT 11/91;Art. 681, I do RICMS/02 e Port. 264/2023;;;;;;;;;;;;;6,3;;;0,19;01/07/2023;0019
ÁGUAS;IV;5,57999999999999;0300504;;Acqua Panna;S;PT 11/91;Art. 681, I do RICMS/02 e Port. 264/2023;;;;;;;;;;;;;7,14;;;0,19;01/07/2023;0019
ÁGUAS;IV;5,58999999999999;0300504;;Ama;S;PT 11/91;Art. 681, I do RICMS/02 e Port. 264/2023;;;;;;;;;;;;;1,04;;;0,19;01/07/2023;0019
ÁGUAS;IV;5,59999999999999;0300504;;Campinho;S;PT 11/91;Art. 681, I do RICMS/02 e Port. 264/2023;;;;;;;;;;;;;0,82;;;0,19;01/07/2023;0019
ÁGUAS;IV;5,60999999999999;0300504;;Crystal;S;PT 11/91;Art. 681, I do RICMS/02 e Port. 264/2023;;;;;;;;;;;;;0,84;;;0,19;01/07/2023;0019
ÁGUAS;IV;5,61999999999999;0300504;;Dias D’Ávila;S;PT 11/91;Art. 681, I do RICMS/02 e Port. 264/2023;;;;;;;;;;;;;0,82;;;0,19;01/07/2023;0019
ÁGUAS;IV;5,62999999999999;0300504;;Dias D’Ávila Sport;S;PT 11/91;Art. 681, I do RICMS/02 e Port. 264/2023;;;;;;;;;;;;;0,86;;;0,19;01/07/2023;0019
ÁGUAS;IV;5,63999999999999;0300504;;Dinda;S;PT 11/91;Art. 681, I do RICMS/02 e Port. 264/2023;;;;;;;;;;;;;0,82;;;0,19;01/07/2023;0019
ÁGUAS;IV;5,64999999999999;0300504;;Entre Rios;S;PT 11/91;Art. 681, I do RICMS/02 e Port. 264/2023;;;;;;;;;;;;;0,82;;;0,19;01/07/2023;0019
ÁGUAS;IV;5,65999999999999;0300504;;FazBem;S;PT 11/91;Art. 681, I do RICMS/02 e Port. 264/2023;;;;;;;;;;;;;0,82;;;0,19;01/07/2023;0019
ÁGUAS;IV;5,66999999999999;0300504;;G Barbosa;S;PT 11/91;Art. 681, I do RICMS/02 e Port. 264/2023;;;;;;;;;;;;;0,82;;;0,19;01/07/2023;0019
ÁGUAS;IV;5,67999999999999;0300504;;Imperial;S;PT 11/91;Art. 681, I do RICMS/02 e Port. 264/2023;;;;;;;;;;;;;0,82;;;0,19;01/07/2023;0019
ÁGUAS;IV;5,68999999999999;0300504;;Indaiá;S;PT 11/91;Art. 681, I do RICMS/02 e Port. 264/2023;;;;;;;;;;;;;0,84;;;0,19;01/07/2023;0019
ÁGUAS;IV;5,69999999999999;0300504;;Indiana;S;PT 11/91;Art. 681, I do RICMS/02 e Port. 264/2023;;;;;;;;;;;;;0,82;;;0,19;01/07/2023;0019
ÁGUAS;IV;5,70999999999999;0300504;;Itaperoá;S;PT 11/91;Art. 681, I do RICMS/02 e Port. 264/2023;;;;;;;;;;;;;0,82;;;0,19;01/07/2023;0019
ÁGUAS;IV;5,71999999999999;0300504;;Lev;S;PT 11/91;Art. 681, I do RICMS/02 e Port. 264/2023;;;;;;;;;;;;;0,82;;;0,19;01/07/2023;0019
ÁGUAS;IV;5,72999999999999;0300504;;Levíssima;S;PT 11/91;Art. 681, I do RICMS/02 e Port. 264/2023;;;;;;;;;;;;;1,33;;;0,19;01/07/2023;0019
ÁGUAS;IV;5,73999999999999;0300504;;Lôa;S;PT 11/91;Art. 681, I do RICMS/02 e Port. 264/2023;;;;;;;;;;;;;0,82;;;0,19;01/07/2023;0019
ÁGUAS;IV;5,74999999999999;0300504;;Monte Claro;S;PT 11/91;Art. 681, I do RICMS/02 e Port. 264/2023;;;;;;;;;;;;;0,82;;;0,19;01/07/2023;0019
ÁGUAS;IV;5,75999999999999;0300504;;Nestlè Pureza Vital;S;PT 11/91;Art. 681, I do RICMS/02 e Port. 264/2023;;;;;;;;;;;;;0,84;;;0,19;01/07/2023;0019
ÁGUAS;IV;5,76999999999999;0300504;;Santa Joana;S;PT 11/91;Art. 681, I do RICMS/02 e Port. 264/2023;;;;;;;;;;;;;0,84;;;0,19;01/07/2023;0019
ÁGUAS;IV;5,77999999999999;0300504;;São Lourenço;S;PT 11/91;Art. 681, I do RICMS/02 e Port. 264/2023;;;;;;;;;;;;;0,84;;;0,19;01/07/2023;0019
ÁGUAS;IV;5,78999999999999;0300504;;Schin;S;PT 11/91;Art. 681, I do RICMS/02 e Port. 264/2023;;;;;;;;;;;;;0,87;;;0,19;01/07/2023;0019
ÁGUAS;IV;5,79999999999999;0300504;;Outras;S;PT 11/91;Art. 681, I do RICMS/02 e Port. 264/2023;;;;;;;;;;;;;3,15;;;0,19;01/07/2023;0019
ÁGUAS;IV;5,80999999999999;0300504;;Ama;S;PT 11/91;Art. 681, I do RICMS/02 e Port. 264/2023;;;;;;;;;;;;;1,14;19;2;19% + 2% (FECOEP);01/07/2023;0019
ÁGUAS;IV;5,81999999999999;0300504;;Campinho;S;PT 11/91;Art. 681, I do RICMS/02 e Port. 264/2023;;;;;;;;;;;;;1,03;19;2;19% + 2% (FECOEP);01/07/2023;0019
ÁGUAS;IV;5,82999999999999;0300504;;Crystal;S;PT 11/91;Art. 681, I do RICMS/02 e Port. 264/2023;;;;;;;;;;;;;1,05;19;2;19% + 2% (FECOEP);01/07/2023;0019
ÁGUAS;IV;5,83999999999999;0300504;;Dias D’Ávila;S;PT 11/91;Art. 681, I do RICMS/02 e Port. 264/2023;;;;;;;;;;;;;1,07;19;2;19% + 2% (FECOEP);01/07/2023;0019
ÁGUAS;IV;5,84999999999999;0300504;;Entre Rios;S;PT 11/91;Art. 681, I do RICMS/02 e Port. 264/2023;;;;;;;;;;;;;1,03;19;2;19% + 2% (FECOEP);01/07/2023;0019
ÁGUAS;IV;5,85999999999999;0300504;;FazBem;S;PT 11/91;Art. 681, I do RICMS/02 e Port. 264/2023;;;;;;;;;;;;;1,03;19;2;19% + 2% (FECOEP);01/07/2023;0019
ÁGUAS;IV;5,86999999999999;0300504;;G Barbosa;S;PT 11/91;Art. 681, I do RICMS/02 e Port. 264/2023;;;;;;;;;;;;;1,03;19;2;19% + 2% (FECOEP);01/07/2023;0019
ÁGUAS;IV;5,87999999999999;0300504;;Imperial;S;PT 11/91;Art. 681, I do RICMS/02 e Port. 264/2023;;;;;;;;;;;;;1,05;19;2;19% + 2% (FECOEP);01/07/2023;0019
ÁGUAS;IV;5,88999999999999;0300504;;Indaiá;S;PT 11/91;Art. 681, I do RICMS/02 e Port. 264/2023;;;;;;;;;;;;;1,07;19;2;19% + 2% (FECOEP);01/07/2023;0019
ÁGUAS;IV;5,89999999999999;0300504;;Itaperoá;S;PT 11/91;Art. 681, I do RICMS/02 e Port. 264/2023;;;;;;;;;;;;;1,03;19;2;19% + 2% (FECOEP);01/07/2023;0019
ÁGUAS;IV;5,90999999999999;0300504;;Lev;S;PT 11/91;Art. 681, I do RICMS/02 e Port. 264/2023;;;;;;;;;;;;;1,03;19;2;19% + 2% (FECOEP);01/07/2023;0019
ÁGUAS;IV;5,91999999999998;0300504;;Loa;S;PT 11/91;Art. 681, I do RICMS/02 e Port. 264/2023;;;;;;;;;;;;;1,03;19;2;19% + 2% (FECOEP);01/07/2023;0019
ÁGUAS;IV;5,92999999999998;0300504;;Monte Claro;S;PT 11/91;Art. 681, I do RICMS/02 e Port. 264/2023;;;;;;;;;;;;;1,03;19;2;19% + 2% (FECOEP);01/07/2023;0019
ÁGUAS;IV;5,93999999999998;0300504;;Nestlè Pureza Vital;S;PT 11/91;Art. 681, I do RICMS/02 e Port. 264/2023;;;;;;;;;;;;;1,07;19;2;19% + 2% (FECOEP);01/07/2023;0019
ÁGUAS;IV;5,94999999999998;0300504;;Santa Joana;S;PT 11/91;Art. 681, I do RICMS/02 e Port. 264/2023;;;;;;;;;;;;;1,07;19;2;19% + 2% (FECOEP);01/07/2023;0019
ÁGUAS;IV;5,95999999999998;0300504;;São Lourenço;S;PT 11/91;Art. 681, I do RICMS/02 e Port. 264/2023;;;;;;;;;;;;;1,16;19;2;19% + 2% (FECOEP);01/07/2023;0019
ÁGUAS;IV;5,96999999999998;0300504;;Schin;S;PT 11/91;Art. 681, I do RICMS/02 e Port. 264/2023;;;;;;;;;;;;;1,03;19;2;19% + 2% (FECOEP);01/07/2023;0019
ÁGUAS;IV;5,97999999999998;0300504;;Outras;S;PT 11/91;Art. 681, I do RICMS/02 e Port. 264/2023;;;;;;;;;;;;;2,63;19;2;19% + 2% (FECOEP);01/07/2023;0019
ÁGUAS;IV;5,98999999999998;0300504;;Minalba;S;PT 11/91;Art. 681, I do RICMS/02 e Port. 264/2023;;;;;;;;;;;;;2,18;19;2;19% + 2% (FECOEP);01/07/2023;0019
ÁGUAS;IV;5,1;0300504;;Outras;S;PT 11/91;Art. 681, I do RICMS/02 e Port. 264/2023;;;;;;;;;;;;;2,42;19;2;19% + 2% (FECOEP);01/07/2023;0019
ÁGUAS;IV;5,101;0300504;;Ama;S;PT 11/91;Art. 681, I do RICMS/02 e Port. 264/2023;;;;;;;;;;;;;1,77;19;2;19% + 2% (FECOEP);01/07/2023;0019
ÁGUAS;IV;5,102;0300504;;Campinho;S;PT 11/91;Art. 681, I do RICMS/02 e Port. 264/2023;;;;;;;;;;;;;1,65;19;2;19% + 2% (FECOEP);01/07/2023;0019
ÁGUAS;IV;5,103;0300504;;Crystal;S;PT 11/91;Art. 681, I do RICMS/02 e Port. 264/2023;;;;;;;;;;;;;1,73;19;2;19% + 2% (FECOEP);01/07/2023;0019
ÁGUAS;IV;5,104;0300504;;Dias D'Avila;S;PT 11/91;Art. 681, I do RICMS/02 e Port. 264/2023;;;;;;;;;;;;;1,71;19;2;19% + 2% (FECOEP);01/07/2023;0019
ÁGUAS;IV;5,105;0300504;;Dinda;S;PT 11/92;Art. 681, I do RICMS/02 e Port. 264/2023;;;;;;;;;;;;;1,65;19;2;19% + 2% (FECOEP);01/07/2023;0019
ÁGUAS;IV;5,106;0300504;;Entre Rios;S;PT 11/93;Art. 681, I do RICMS/02 e Port. 264/2023;;;;;;;;;;;;;1,65;19;2;19% + 2% (FECOEP);01/07/2023;0019
ÁGUAS;IV;5,107;0300504;;FazBem;S;PT 11/94;Art. 681, I do RICMS/02 e Port. 264/2023;;;;;;;;;;;;;1,65;19;2;19% + 2% (FECOEP);01/07/2023;0019
ÁGUAS;IV;5,108;0300504;;G Barbosa;S;PT 11/95;Art. 681, I do RICMS/02 e Port. 264/2023;;;;;;;;;;;;;1,65;19;2;19% + 2% (FECOEP);01/07/2023;0019
ÁGUAS;IV;5,109;0300504;;Imperial;S;PT 11/94;Art. 681, I do RICMS/02 e Port. 264/2023;;;;;;;;;;;;;1,65;19;2;19% + 2% (FECOEP);01/07/2023;0019
ÁGUAS;IV;5,11;0300504;;Indaiá;S;PT 11/95;Art. 681, I do RICMS/02 e Port. 264/2023;;;;;;;;;;;;;1,73;19;2;19% + 2% (FECOEP);01/07/2023;0019
ÁGUAS;IV;5,111;0300504;;Itaperoá;S;PT 11/96;Art. 681, I do RICMS/02 e Port. 264/2023;;;;;;;;;;;;;1,65;19;2;19% + 2% (FECOEP);01/07/2023;0019
ÁGUAS;IV;5,112;0300504;;Lev;S;PT 11/96;Art. 681, I do RICMS/02 e Port. 264/2023;;;;;;;;;;;;;1,65;19;2;19% + 2% (FECOEP);01/07/2023;0019
ÁGUAS;IV;5,113;0300504;;Loa;S;PT 11/97;Art. 681, I do RICMS/02 e Port. 264/2023;;;;;;;;;;;;;1,65;19;2;19% + 2% (FECOEP);01/07/2023;0019
ÁGUAS;IV;5,114;0300504;;Minalba;S;PT 11/91;Art. 681, I do RICMS/02 e Port. 264/2023;;;;;;;;;;;;;2,04;;;0,19;01/07/2023;0019
ÁGUAS;IV;5,115;0300504;;Monte Claro;S;PT 11/91;Art. 681, I do RICMS/02 e Port. 264/2023;;;;;;;;;;;;;1,65;;;0,19;01/07/2023;0019
ÁGUAS;IV;5,116;0300504;;Nestlè Pureza;S;PT 11/91;Art. 681, I do RICMS/02 e Port. 264/2023;;;;;;;;;;;;;2,09;;;0,19;01/07/2023;0019
ÁGUAS;IV;5,11700000000001;0300504;;Nestlè Pureza Vital;S;PT 11/91;Art. 681, I do RICMS/02 e Port. 264/2023;;;;;;;;;;;;;2,04;;;0,19;01/07/2023;0019
ÁGUAS;IV;5,11800000000001;0300504;;Santa Joana;S;PT 11/91;Art. 681, I do RICMS/02 e Port. 264/2023;;;;;;;;;;;;;1,73;;;0,19;01/07/2023;0019
ÁGUAS;IV;5,11900000000001;0300504;;Schin;S;PT 11/91;Art. 681, I do RICMS/02 e Port. 264/2023;;;;;;;;;;;;;1,73;;;0,19;01/07/2023;0019
ÁGUAS;IV;5,12000000000001;0300504;;Outras;S;PT 11/91;Art. 681, I do RICMS/02 e Port. 264/2023;;;;;;;;;;;;;3,68;;;0,19;01/07/2023;0019
ÁGUAS;IV;5,12100000000001;0300504;;Crystal;S;PT 11/91;Art. 681, I do RICMS/02 e Port. 264/2023;;;;;;;;;;;;;1,96;19;2;19% + 2% (FECOEP);01/07/2023;0019
ÁGUAS;IV;5,12200000000001;0300504;;Entre Rios;S;PT 11/91;Art. 681, I do RICMS/02 e Port. 264/2023;;;;;;;;;;;;;1,79;19;2;19% + 2% (FECOEP);01/07/2023;0019
ÁGUAS;IV;5,12300000000001;0300504;;Indaiá;S;PT 11/91;Art. 681, I do RICMS/02 e Port. 264/2023;;;;;;;;;;;;;1,96;19;2;19% + 2% (FECOEP);01/07/2023;0019
ÁGUAS;IV;5,12400000000001;0300504;;Minalba;S;PT 11/91;Art. 681, I do RICMS/02 e Port. 264/2023;;;;;;;;;;;;;2,09;19;2;19% + 2% (FECOEP);01/07/2023;0019
ÁGUAS;IV;5,12500000000001;0300504;;Nestlè Pureza Vital 1260 ml;S;PT 11/91;Art. 681, I do RICMS/02 e Port. 264/2023;;;;;;;;;;;;;2,09;19;2;19% + 2% (FECOEP);01/07/2023;0019
ÁGUAS;IV;5,12600000000001;0300504;;Santa Joana;S;PT 11/91;Art. 681, I do RICMS/02 e Port. 264/2023;;;;;;;;;;;;;1,96;19;2;19% + 2% (FECOEP);01/07/2023;0019
ÁGUAS;IV;5,12700000000001;0300504;;Schin;S;PT 11/91;Art. 681, I do RICMS/02 e Port. 264/2023;;;;;;;;;;;;;1,96;19;2;19% + 2% (FECOEP);01/07/2023;0019
ÁGUAS;IV;5,12800000000001;0300504;;Outras;S;PT 11/92;Art. 681, I do RICMS/02 e Port. 264/2023;;;;;;;;;;;;;3,89;19;2;19% + 2% (FECOEP);01/07/2023;0019
ÁGUAS;IV;5,12900000000001;0300504;;Todas;S;PT 11/91;Art. 681, I do RICMS/02 e Port. 264/2023;;;;;;;;;;;;;2,42;;;0,19;01/07/2023;0019
ÁGUAS;IV;5,13000000000001;0300504;;Todas;S;PT 11/91;Art. 681, I do RICMS/02 e Port. 264/2023;;;;;;;;;;;;;2,63;19;2;19% + 2% (FECOEP);01/07/2023;0019
ÁGUAS;IV;5,13100000000001;0300504;;Indaiá;S;PT 11/91;Art. 681, I do RICMS/02 e Port. 264/2023;;;;;;;;;;;;;4,19;;;0,19;01/07/2023;0019
ÁGUAS;IV;5,13200000000001;0300504;;Outras;S;PT 11/91;Art. 681, I do RICMS/02 e Port. 264/2023;;;;;;;;;;;;;5,25;;;0,19;01/07/2023;0019
ÁGUAS;IV;5,13300000000001;0300504;;Crystal;S;PT 11/91;Art. 681, I do RICMS/02 e Port. 264/2023;;;;;;;;;;;;;5,27;19;2;19% + 2% (FECOEP);01/07/2023;0019
ÁGUAS;IV;5,13400000000001;0300504;;Dias D'Avila;S;PT 11/92;Art. 681, I do RICMS/02 e Port. 264/2023;;;;;;;;;;;;;5,27;19;2;19% + 2% (FECOEP);01/07/2023;0019
ÁGUAS;IV;5,13500000000001;0300504;;Entre Rios;S;PT 11/91;Art. 681, I do RICMS/02 e Port. 264/2023;;;;;;;;;;;;;5,27;;;0,19;01/07/2023;0019
ÁGUAS;IV;5,13600000000001;0300504;;FazBem;S;PT 11/91;Art. 681, I do RICMS/02 e Port. 264/2023;;;;;;;;;;;;;5,27;;;0,19;01/07/2023;0019
ÁGUAS;IV;5,13700000000001;0300504;;Imperial;S;PT 11/91;Art. 681, I do RICMS/02 e Port. 264/2023;;;;;;;;;;;;;5,27;;;0,19;01/07/2023;0019
ÁGUAS;IV;5,13800000000001;0300504;;Indaiá;S;PT 11/91;Art. 681, I do RICMS/02 e Port. 264/2023;;;;;;;;;;;;;5,32;19;2;19% + 2% (FECOEP);01/07/2023;0019
ÁGUAS;IV;5,13900000000001;0300504;;Itaperoá;S;PT 11/91;Art. 681, I do RICMS/02 e Port. 264/2023;;;;;;;;;;;;;5,27;;;0,19;01/07/2023;0019
ÁGUAS;IV;5,14000000000001;0300504;;Lev;S;PT 11/91;Art. 681, I do RICMS/02 e Port. 264/2023;;;;;;;;;;;;;5,75;;;0,19;01/07/2023;0019
ÁGUAS;IV;5,14100000000001;0300504;;Nestle Pureza Vital 6300 ml;S;PT 11/91;Art. 681, I do RICMS/02 e Port. 264/2023;;;;;;;;;;;;;6,6;;;0,19;01/07/2023;0019
ÁGUAS;IV;5,14200000000001;0300504;;Outras;S;PT 11/91;Art. 681, I do RICMS/02 e Port. 264/2023;;;;;;;;;;;;;7,7;;;0,19;01/07/2023;0019
ÁGUAS;IV;24.1;0302400;;Indaiá;S;PT 11/91;Art. 681, I do RICMS/02 e Port. 264/2023;;;;;;;;;;;;;9,05;;;0,19;01/07/2023;0019
ÁGUAS;IV;24.2;0302400;;Outras;S;PT 11/91;Art. 681, I do RICMS/02 e Port. 264/2023;;;;;;;;;;;;;12,1;;;0,19;01/07/2023;0019
ÁGUAS;IV;24.3;0302400;;É Leve;S;PT 11/91;Art. 681, I do RICMS/02 e Port. 264/2023;;;;;;;;;;;;;2,37;;;0,19;01/07/2023;0019
ÁGUAS;IV;24.4;0302400;;Entre Rios;S;PT 11/91;Art. 681, I do RICMS/02 e Port. 264/2023;;;;;;;;;;;;;2,37;;;0,19;01/07/2023;0019
ÁGUAS;IV;24.5;0302400;;É Leve;S;PT 11/91;Art. 681, I do RICMS/02 e Port. 264/2023;;;;;;;;;;;;;2,49;;;0,19;01/07/2023;0019
ÁGUAS;IV;24.6;0302400;;Entre Rios;S;PT 11/91;Art. 681, I do RICMS/02 e Port. 264/2023;;;;;;;;;;;;;2,49;;;0,19;01/07/2023;0019
ÁGUAS;IV;24.7;0302400;;Fazbem;S;PT 11/91;Art. 681, I do RICMS/02 e Port. 264/2023;;;;;;;;;;;;;2,49;;;0,19;01/07/2023;0019
ÁGUAS;IV;24.8;0302400;;Imperial;S;PT 11/91;Art. 681, I do RICMS/02 e Port. 264/2023;;;;;;;;;;;;;2,49;;;0,19;01/07/2023;0019
ÁGUAS;IV;24.9;0302400;;Indaiá;S;PT 11/91;Art. 681, I do RICMS/02 e Port. 264/2023;;;;;;;;;;;;;2,52;;;0,19;01/07/2023;0019
ÁGUAS;IV;24.10;0302400;;Itaperoá;S;PT 11/91;Art. 681, I do RICMS/02 e Port. 264/2023;;;;;;;;;;;;;2,49;;;0,19;01/07/2023;0019
ÁGUAS;IV;24.11;0302400;;Lev;S;PT 11/91;Art. 681, I do RICMS/02 e Port. 264/2023;;;;;;;;;;;;;2,49;;;0,19;01/07/2023;0019
ÁGUAS;IV;24.12;0302400;;São Cristóvão;S;PT 11/91;Art. 681, I do RICMS/02 e Port. 264/2023;;;;;;;;;;;;;2,49;;;0,19;01/07/2023;0019
ÁGUAS;IV;24.13;0302400;;Outras;S;PT 11/91;Art. 681, I do RICMS/02 e Port. 264/2023;;;;;;;;;;;;;5,25;;;0,19;01/07/2023;0019
ÁGUAS;IV;25;0302500;;Águas Claras;S;PT 11/91;Art. 681, I do RICMS/02 e Port. 264/2023;;;;;;;;;;;;;5,11;;;0,19;01/07/2023;0019
ÁGUAS;IV;25,1;0302500;;Dias D’Ávila;S;PT 11/91;Art. 681, I do RICMS/02 e Port. 264/2023;;;;;;;;;;;;;5,17;;;0,19;01/07/2023;0019
ÁGUAS;IV;25,2;0302500;;Dinda;S;PT 11/91;Art. 681, I do RICMS/02 e Port. 264/2023;;;;;;;;;;;;;4,15;;;0,19;01/07/2023;0019
ÁGUAS;IV;25,3;0302500;;É Leve;S;PT 11/91;Art. 681, I do RICMS/02 e Port. 264/2023;;;;;;;;;;;;;5,11;;;0,19;01/07/2023;0019
ÁGUAS;IV;25,4;0302500;;Entre Rios;S;PT 11/91;Art. 681, I do RICMS/02 e Port. 264/2023;;;;;;;;;;;;;5,11;;;0,19;01/07/2023;0019
ÁGUAS;IV;25,5;0302500;;FazBem;S;PT 11/91;Art. 681, I do RICMS/02 e Port. 264/2023;;;;;;;;;;;;;5,11;;;0,19;01/07/2023;0019
ÁGUAS;IV;25,6;0302500;;Imperial;S;PT 11/91;Art. 681, I do RICMS/02 e Port. 264/2023;;;;;;;;;;;;;5,11;;;0,19;01/07/2023;0019
ÁGUAS;IV;25,7;0302500;;Indaiá;S;PT 11/91;Art. 681, I do RICMS/02 e Port. 264/2023;;;;;;;;;;;;;5,17;;;0,19;01/07/2023;0019
ÁGUAS;IV;25,8;0302500;;Indiana;S;PT 11/91;Art. 681, I do RICMS/02 e Port. 264/2023;;;;;;;;;;;;;5,11;;;0,19;01/07/2023;0019
ÁGUAS;IV;25,9;0302500;;Itaperoá;S;PT 11/91;Art. 681, I do RICMS/02 e Port. 264/2023;;;;;;;;;;;;;5,11;;;0,19;01/07/2023;0019
ÁGUAS;IV;25,1;0302500;;Lev;S;PT 11/91;Art. 681, I do RICMS/02 e Port. 264/2023;;;;;;;;;;;;;5,11;;;0,19;01/07/2023;0019
ÁGUAS;IV;25,11;0302500;;Monte Claro;S;PT 11/91;Art. 681, I do RICMS/02 e Port. 264/2023;;;;;;;;;;;;;4,76;;;0,19;01/07/2023;0019
ÁGUAS;IV;25,12;0302500;;Santa Cecília;S;PT 11/91;Art. 681, I do RICMS/02 e Port. 264/2023;;;;;;;;;;;;;5,11;;;0,19;01/07/2023;0019
ÁGUAS;IV;25,13;0302500;;São Cristóvão;S;PT 11/91;Art. 681, I do RICMS/02 e Port. 264/2023;;;;;;;;;;;;;4,97;;;0,19;01/07/2023;0019
ÁGUAS;IV;25,14;0302500;;Outras;S;PT 11/91;Art. 681, I do RICMS/02 e Port. 264/2023;;;;;;;;;;;;;7,53;;;0,19;01/07/2023;0019
ÁGUAS;IV;25,15;0302500;;Vale;S;PT 11/91;Art. 681, I do RICMS/02 e Port. 264/2023;;;;;;;;;;;;;4,15;;;0,19;01/07/2023;0019
ÁGUAS;IV;25,16;0302500;;Outras;S;PT 11/91;Art. 681, I do RICMS/02 e Port. 264/2023;;;;;;;;;;;;;6,45;;;0,19;01/07/2023;0019
CERVEJAS, CHOPES, REFRIGERANTES E OUTRAS BEBIDAS;IV;11;0301100;;Coca-Cola (todos);S;PT 10/92;Art. 681, I do RICMS/02 e Port. 263/2023;;;;;;;;;;;;;2;19;2;19% + 2% (FECOEP);01/07/2023;0019
CERVEJAS, CHOPES, REFRIGERANTES E OUTRAS BEBIDAS;IV;11.1;0301100;;Fanta (todos);S;PT 10/92;Art. 681, I do RICMS/02 e Port. 263/2023;;;;;;;;;;;;;2;19;2;19% + 2% (FECOEP);01/07/2023;0019
CERVEJAS, CHOPES, REFRIGERANTES E OUTRAS BEBIDAS;IV;11.2;0301100;;Guaraná Kuat (todos);S;PT 10/92;Art. 681, I do RICMS/02 e Port. 263/2023;;;;;;;;;;;;;2;19;2;19% + 2% (FECOEP);01/07/2023;0019
CERVEJAS, CHOPES, REFRIGERANTES E OUTRAS BEBIDAS;IV;11.3;0301100;;São Geraldo Caju;S;PT 10/92;Art. 681, I do RICMS/02 e Port. 263/2023;;;;;;;;;;;;;1,20;19;2;19% + 2% (FECOEP);01/07/2023;0019
CERVEJAS, CHOPES, REFRIGERANTES E OUTRAS BEBIDAS;IV;11.4;0301100;;Sprite (todos);S;PT 10/92;Art. 681, I do RICMS/02 e Port. 263/2023;;;;;;;;;;;;;2;19;2;19% + 2% (FECOEP);01/07/2023;0019
CERVEJAS, CHOPES, REFRIGERANTES E OUTRAS BEBIDAS;IV;11.5;0301100;;Outros;S;PT 10/92;Art. 681, I do RICMS/02 e Port. 263/2023;;;;;;;;;;;;;3;19;2;19% + 2% (FECOEP);01/07/2023;0019
CERVEJAS, CHOPES, REFRIGERANTES E OUTRAS BEBIDAS;IV;11.6;0301100;;Wewi;S;PT 10/92;Art. 681, I do RICMS/02 e Port. 263/2023;;;;;;;;;;;;;3,50;19;2;19% + 2% (FECOEP);01/07/2023;0019
CERVEJAS, CHOPES, REFRIGERANTES E OUTRAS BEBIDAS;IV;11.7;0301100;;Outros;S;PT 10/92;Art. 681, I do RICMS/02 e Port. 263/2023;;;;;;;;;;;;;3;19;2;19% + 2% (FECOEP);01/07/2023;0019
CERVEJAS, CHOPES, REFRIGERANTES E OUTRAS BEBIDAS;IV;10;0301000;;Cerpa (todos);S;PT 10/92;Art. 681, I do RICMS/02 e Port. 263/2023;;;;;;;;;;;;;2,60;19;2;19% + 2% (FECOEP);01/07/2023;0019
CERVEJAS, CHOPES, REFRIGERANTES E OUTRAS BEBIDAS;IV;10.1;0301000;;Coca-Cola (todos);S;PT 10/92;Art. 681, I do RICMS/02 e Port. 263/2023;;;;;;;;;;;;;3,87;19;2;19% + 2% (FECOEP);01/07/2023;0019
CERVEJAS, CHOPES, REFRIGERANTES E OUTRAS BEBIDAS;IV;10.2;0301000;;Conti Cola (todas);S;PT 10/92;Art. 681, I do RICMS/02 e Port. 263/2023;;;;;;;;;;;;;2,60;19;2;19% + 2% (FECOEP);01/07/2023;0019
CERVEJAS, CHOPES, REFRIGERANTES E OUTRAS BEBIDAS;IV;10.3;0301000;;Fanta (todos);S;PT 10/92;Art. 681, I do RICMS/02 e Port. 263/2023;;;;;;;;;;;;;3,88;19;2;19% + 2% (FECOEP);01/07/2023;0019
CERVEJAS, CHOPES, REFRIGERANTES E OUTRAS BEBIDAS;IV;10.4;0301000;;Guaraná Antarctica (todos);S;PT 10/92;Art. 681, I do RICMS/02 e Port. 263/2023;;;;;;;;;;;;;4;19;2;19% + 2% (FECOEP);01/07/2023;0019
CERVEJAS, CHOPES, REFRIGERANTES E OUTRAS BEBIDAS;IV;10.5;0301000;;Guaraná Kuat (todos);S;PT 10/92;Art. 681, I do RICMS/02 e Port. 263/2023;;;;;;;;;;;;;3,57;19;2;19% + 2% (FECOEP);01/07/2023;0019
CERVEJAS, CHOPES, REFRIGERANTES E OUTRAS BEBIDAS;IV;10.6;0301000;;Pepsi-Cola;S;PT 10/92;Art. 681, I do RICMS/02 e Port. 263/2023;;;;;;;;;;;;;3,30;19;2;19% + 2% (FECOEP);01/07/2023;0019
CERVEJAS, CHOPES, REFRIGERANTES E OUTRAS BEBIDAS;IV;10.7;0301000;;Soda Limonada Antarctica;S;PT 10/92;Art. 681, I do RICMS/02 e Port. 263/2023;;;;;;;;;;;;;3,30;19;2;19% + 2% (FECOEP);01/07/2023;0019
CERVEJAS, CHOPES, REFRIGERANTES E OUTRAS BEBIDAS;IV;10.8;0301000;;Sprite (todos);S;PT 10/92;Art. 681, I do RICMS/02 e Port. 263/2023;;;;;;;;;;;;;3,48;19;2;19% + 2% (FECOEP);01/07/2023;0019
CERVEJAS, CHOPES, REFRIGERANTES E OUTRAS BEBIDAS;IV;10.9;0301000;;Sukita;S;PT 10/92;Art. 681, I do RICMS/02 e Port. 263/2023;;;;;;;;;;;;;3,23;19;2;19% + 2% (FECOEP);01/07/2023;0019
CERVEJAS, CHOPES, REFRIGERANTES E OUTRAS BEBIDAS;IV;10.10;0301000;;Outros;S;PT 10/92;Art. 681, I do RICMS/02 e Port. 263/2023;;;;;;;;;;;;;5,00;19;2;19% + 2% (FECOEP);01/07/2023;0019
CERVEJAS, CHOPES, REFRIGERANTES E OUTRAS BEBIDAS;IV;11.8;0301100;;Hiran;S;PT 10/92;Art. 681, I do RICMS/02 e Port. 263/2023;;;;;;;;;;;;;1,80;19;2;19% + 2% (FECOEP);01/07/2023;0019
CERVEJAS, CHOPES, REFRIGERANTES E OUTRAS BEBIDAS;IV;11.9;0301100;;São Geraldo Caju;S;PT 10/92;Art. 681, I do RICMS/02 e Port. 263/2023;;;;;;;;;;;;;2,05;19;2;19% + 2% (FECOEP);01/07/2023;0019
CERVEJAS, CHOPES, REFRIGERANTES E OUTRAS BEBIDAS;IV;11.10;0301100;;Taubaiana;S;PT 10/92;Art. 681, I do RICMS/02 e Port. 263/2023;;;;;;;;;;;;;2,80;19;2;19% + 2% (FECOEP);01/07/2023;0019
CERVEJAS, CHOPES, REFRIGERANTES E OUTRAS BEBIDAS;IV;11.11;0301100;;Todos;S;PT 10/92;Art. 681, I do RICMS/02 e Port. 263/2023;;;;;;;;;;;;;4,00;19;2;19% + 2% (FECOEP);01/07/2023;0019
CERVEJAS, CHOPES, REFRIGERANTES E OUTRAS BEBIDAS;IV;11.12;0301100;;Coca cola;S;PT 10/92;Art. 681, I do RICMS/02 e Port. 263/2023;;;;;;;;;;;;;4,90;19;2;19% + 2% (FECOEP);01/07/2023;0019
CERVEJAS, CHOPES, REFRIGERANTES E OUTRAS BEBIDAS;IV;11.13;0301100;;Conti Cola (todas);S;PT 10/92;Art. 681, I do RICMS/02 e Port. 263/2023;;;;;;;;;;;;;3,60;19;2;19% + 2% (FECOEP);01/07/2023;0019
CERVEJAS, CHOPES, REFRIGERANTES E OUTRAS BEBIDAS;IV;11.14;0301100;;Fanta;S;PT 10/92;Art. 681, I do RICMS/02 e Port. 263/2023;;;;;;;;;;;;;4,62;19;2;19% + 2% (FECOEP);01/07/2023;0019
CERVEJAS, CHOPES, REFRIGERANTES E OUTRAS BEBIDAS;IV;11.15;0301100;;Guaraná Antártica;S;PT 10/92;Art. 681, I do RICMS/02 e Port. 263/2023;;;;;;;;;;;;;4,71;19;2;19% + 2% (FECOEP);01/07/2023;0019
CERVEJAS, CHOPES, REFRIGERANTES E OUTRAS BEBIDAS;IV;11.16;0301100;;Guaraná Kuat;S;PT 10/92;Art. 681, I do RICMS/02 e Port. 263/2023;;;;;;;;;;;;;4,75;19;2;19% + 2% (FECOEP);01/07/2023;0019
CERVEJAS, CHOPES, REFRIGERANTES E OUTRAS BEBIDAS;IV;11.17;0301100;;Pepsi-cola;S;PT 10/92;Art. 681, I do RICMS/02 e Port. 263/2023;;;;;;;;;;;;;3,90;19;2;19% + 2% (FECOEP);01/07/2023;0019
CERVEJAS, CHOPES, REFRIGERANTES E OUTRAS BEBIDAS;IV;11.18;0301100;;Outros;S;PT 10/92;Art. 681, I do RICMS/02 e Port. 263/2023;;;;;;;;;;;;;6,00;19;2;19% + 2% (FECOEP);01/07/2023;0019
CERVEJAS, CHOPES, REFRIGERANTES E OUTRAS BEBIDAS;IV;11.19;0301101;;Cereser;S;PT 10/92;Art. 681, I do RICMS/02 e Port. 263/2023;;;;;;;;;;;;;16,50;19;2;19% + 2% (FECOEP);01/07/2023;0019
CERVEJAS, CHOPES, REFRIGERANTES E OUTRAS BEBIDAS;IV;11.20;0301101;;Outros;S;PT 10/92;Art. 681, I do RICMS/02 e Port. 263/2023;;;;;;;;;;;;;16,50;19;2;19% + 2% (FECOEP);01/07/2023;0019
CERVEJAS, CHOPES, REFRIGERANTES E OUTRAS BEBIDAS;IV;11.21;0301100;;Capricho;S;PT 10/92;Art. 681, I do RICMS/02 e Port. 263/2023;;;;;;;;;;;;;8,00;19;2;19% + 2% (FECOEP);01/07/2023;0019
CERVEJAS, CHOPES, REFRIGERANTES E OUTRAS BEBIDAS;IV;11.22;0301100;;Conti Cola (todas);S;PT 10/92;Art. 681, I do RICMS/02 e Port. 263/2023;;;;;;;;;;;;;5,53;19;2;19% + 2% (FECOEP);01/07/2023;0019
CERVEJAS, CHOPES, REFRIGERANTES E OUTRAS BEBIDAS;IV;11.23;0301100;;Guaraná Antártica;S;PT 10/92;Art. 681, I do RICMS/02 e Port. 263/2023;;;;;;;;;;;;;8;19;2;19% + 2% (FECOEP);01/07/2023;0019
CERVEJAS, CHOPES, REFRIGERANTES E OUTRAS BEBIDAS;IV;11.24;0301100;;Pepsi Cola;S;PT 10/92;Art. 681, I do RICMS/02 e Port. 263/2023;;;;;;;;;;;;;8,00;19;2;19% + 2% (FECOEP);01/07/2023;0019
CERVEJAS, CHOPES, REFRIGERANTES E OUTRAS BEBIDAS;IV;11.25;0301100;;Outros;S;PT 10/92;Art. 681, I do RICMS/02 e Port. 263/2023;;;;;;;;;;;;;10,00;19;2;19% + 2% (FECOEP);01/07/2023;0019
CERVEJAS, CHOPES, REFRIGERANTES E OUTRAS BEBIDAS;IV;10.11;0301001;;Coca-Cola / Zero;S;PT 10/92;Art. 681, I do RICMS/02 e Port. 263/2023;;;;;;;;;;;;;1,95;19;2;19% + 2% (FECOEP);01/07/2023;0019
CERVEJAS, CHOPES, REFRIGERANTES E OUTRAS BEBIDAS;IV;10,12;0301001;;Coca-Cola Zero/Sem açucar;S;PT 10/92;Art. 681, I do RICMS/02 e Port. 263/2023;;;;;;;;;;;;;1,90;19;2;19% + 2% (FECOEP);01/07/2023;0019
CERVEJAS, CHOPES, REFRIGERANTES E OUTRAS BEBIDAS;IV;10,13;0301001;;Coroa;S;PT 10/92;Art. 681, I do RICMS/02 e Port. 263/2023;;;;;;;;;;;;;1,00;19;2;19% + 2% (FECOEP);01/07/2023;0019
CERVEJAS, CHOPES, REFRIGERANTES E OUTRAS BEBIDAS;IV;10.12;0301001;;Cajuína 250 ml;S;PT 10/92;Art. 681, I do RICMS/02 e Port. 263/2023;;;;;;;;;;;;;1,88;19;2;19% + 2% (FECOEP);01/07/2023;0019
CERVEJAS, CHOPES, REFRIGERANTES E OUTRAS BEBIDAS;IV;10,14;0301001;;Dore 250 ml (todos);S;PT 10/92;Art. 681, I do RICMS/02 e Port. 263/2023;;;;;;;;;;;;;0,95;19;2;19% + 2% (FECOEP);01/07/2023;0019
CERVEJAS, CHOPES, REFRIGERANTES E OUTRAS BEBIDAS;IV;10,15;0301001;;Dore Citrus;S;PT 10/92;Art. 681, I do RICMS/02 e Port. 263/2023;;;;;;;;;;;;;0,95;19;2;19% + 2% (FECOEP);01/07/2023;0019
CERVEJAS, CHOPES, REFRIGERANTES E OUTRAS BEBIDAS;IV;10.13;0301001;;Fanta (todas);S;PT 10/92;Art. 681, I do RICMS/02 e Port. 263/2023;;;;;;;;;;;;;1,60;19;2;19% + 2% (FECOEP);01/07/2023;0019
CERVEJAS, CHOPES, REFRIGERANTES E OUTRAS BEBIDAS;IV;10,16;0301001;;Friish (todos);S;PT 10/92;Art. 681, I do RICMS/02 e Port. 263/2023;;;;;;;;;;;;;0,90;19;2;19% + 2% (FECOEP);01/07/2023;0019
CERVEJAS, CHOPES, REFRIGERANTES E OUTRAS BEBIDAS;IV;10,17;0301001;;Goob (todos) 200 ml;S;PT 10/92;Art. 681, I do RICMS/02 e Port. 263/2023;;;;;;;;;;;;;1,19;19;2;19% + 2% (FECOEP);01/07/2023;0019
CERVEJAS, CHOPES, REFRIGERANTES E OUTRAS BEBIDAS;IV;10.14;0301001;;Goob (todos) 250 ml;S;PT 10/92;Art. 681, I do RICMS/02 e Port. 263/2023;;;;;;;;;;;;;1,30;19;2;19% + 2% (FECOEP);01/07/2023;0019
CERVEJAS, CHOPES, REFRIGERANTES E OUTRAS BEBIDAS;IV;10,18;0301101;;Grapetti 250 ml;S;PT 10/92;Art. 681, I do RICMS/02 e Port. 263/2023;;;;;;;;;;;;;0,88;19;2;19% + 2% (FECOEP);01/07/2023;0019
CERVEJAS, CHOPES, REFRIGERANTES E OUTRAS BEBIDAS;IV;10,19;0301001;;Grapetti 290 ml;S;PT 10/92;Art. 681, I do RICMS/02 e Port. 263/2023;;;;;;;;;;;;;0,90;19;2;19% + 2% (FECOEP);01/07/2023;0019
CERVEJAS, CHOPES, REFRIGERANTES E OUTRAS BEBIDAS;IV;10.15;0301001;;Guaraná Antarctica;S;PT 10/92;Art. 681, I do RICMS/02 e Port. 263/2023;;;;;;;;;;;;;1,47;19;2;19% + 2% (FECOEP);01/07/2023;0019
CERVEJAS, CHOPES, REFRIGERANTES E OUTRAS BEBIDAS;IV;10,2;0301001;;Guaraná Kuat;S;PT 10/92;Art. 681, I do RICMS/02 e Port. 263/2023;;;;;;;;;;;;;1,56;19;2;19% + 2% (FECOEP);01/07/2023;0019
CERVEJAS, CHOPES, REFRIGERANTES E OUTRAS BEBIDAS;IV;10,21;0301001;;Ice Cola;S;PT 10/92;Art. 681, I do RICMS/02 e Port. 263/2023;;;;;;;;;;;;;1,13;19;2;19% + 2% (FECOEP);01/07/2023;0019
CERVEJAS, CHOPES, REFRIGERANTES E OUTRAS BEBIDAS;IV;10,22;0301001;;Ice Lemon;S;PT 10/92;Art. 681, I do RICMS/02 e Port. 263/2023;;;;;;;;;;;;;1,13;19;2;19% + 2% (FECOEP);01/07/2023;0019
CERVEJAS, CHOPES, REFRIGERANTES E OUTRAS BEBIDAS;IV;10,23;0301001;;Refri Indaiá (todos) 200 ml;S;PT 10/92;Art. 681, I do RICMS/02 e Port. 263/2023;;;;;;;;;;;;;0,79;19;2;19% + 2% (FECOEP);01/07/2023;0019
CERVEJAS, CHOPES, REFRIGERANTES E OUTRAS BEBIDAS;IV;10,24;0301001;;Refri Indaiá (todos) 250 ml;S;PT 10/92;Art. 681, I do RICMS/02 e Port. 263/2023;;;;;;;;;;;;;1,12;19;2;19% + 2% (FECOEP);01/07/2023;0019
CERVEJAS, CHOPES, REFRIGERANTES E OUTRAS BEBIDAS;IV;10,25;0301001;;Pepsi-Cola (todos);S;PT 10/92;Art. 681, I do RICMS/02 e Port. 263/2023;;;;;;;;;;;;;1,46;19;2;19% + 2% (FECOEP);01/07/2023;0019
CERVEJAS, CHOPES, REFRIGERANTES E OUTRAS BEBIDAS;IV;10,26;0301001;;Q'Tal 250 ml;S;PT 10/92;Art. 681, I do RICMS/02 e Port. 263/2023;;;;;;;;;;;;;0,88;19;2;19% + 2% (FECOEP);01/07/2023;0019
CERVEJAS, CHOPES, REFRIGERANTES E OUTRAS BEBIDAS;IV;10,27;0301001;;Q'Tal 330 ml;S;PT 10/92;Art. 681, I do RICMS/02 e Port. 263/2023;;;;;;;;;;;;;1,02;19;2;19% + 2% (FECOEP);01/07/2023;0019
CERVEJAS, CHOPES, REFRIGERANTES E OUTRAS BEBIDAS;IV;10,28;0301001;;Refree (todos);S;PT 10/92;Art. 681, I do RICMS/02 e Port. 263/2023;;;;;;;;;;;;;1,07;19;2;19% + 2% (FECOEP);01/07/2023;0019
CERVEJAS, CHOPES, REFRIGERANTES E OUTRAS BEBIDAS;IV;10,29;0301001;;Rochedinho (todos);S;PT 10/92;Art. 681, I do RICMS/02 e Port. 263/2023;;;;;;;;;;;;;1,09;19;2;19% + 2% (FECOEP);01/07/2023;0019
CERVEJAS, CHOPES, REFRIGERANTES E OUTRAS BEBIDAS;IV;10,3;0301001;;Santa Joana (todos);S;PT 10/92;Art. 681, I do RICMS/02 e Port. 263/2023;;;;;;;;;;;;;1,02;19;2;19% + 2% (FECOEP);01/07/2023;0019
CERVEJAS, CHOPES, REFRIGERANTES E OUTRAS BEBIDAS;IV;10,31;0301001;;São Geraldo Guaraná;S;PT 10/92;Art. 681, I do RICMS/02 e Port. 263/2023;;;;;;;;;;;;;1,36;19;2;19% + 2% (FECOEP);01/07/2023;0019
CERVEJAS, CHOPES, REFRIGERANTES E OUTRAS BEBIDAS;IV;10,32;0301001;;São Geraldo Uva;S;PT 10/92;Art. 681, I do RICMS/02 e Port. 263/2023;;;;;;;;;;;;;1,36;19;2;19% + 2% (FECOEP);01/07/2023;0019
CERVEJAS, CHOPES, REFRIGERANTES E OUTRAS BEBIDAS;IV;10,33;0301001;;Simba Guaraná;S;PT 10/92;Art. 681, I do RICMS/02 e Port. 263/2023;;;;;;;;;;;;;1,09;19;2;19% + 2% (FECOEP);01/07/2023;0019
CERVEJAS, CHOPES, REFRIGERANTES E OUTRAS BEBIDAS;IV;10,34;0301001;;Soda Limonada Antarctica;S;PT 10/92;Art. 681, I do RICMS/02 e Port. 263/2023;;;;;;;;;;;;;1,36;19;2;19% + 2% (FECOEP);01/07/2023;0019
CERVEJAS, CHOPES, REFRIGERANTES E OUTRAS BEBIDAS;IV;10,35;0301001;;Sprite;S;PT 10/92;Art. 681, I do RICMS/02 e Port. 263/2023;;;;;;;;;;;;;1,56;19;2;19% + 2% (FECOEP);01/07/2023;0019
CERVEJAS, CHOPES, REFRIGERANTES E OUTRAS BEBIDAS;IV;10,36;0301001;;Sukita (todas);S;PT 10/92;Art. 681, I do RICMS/02 e Port. 263/2023;;;;;;;;;;;;;1,38;19;2;19% + 2% (FECOEP);01/07/2023;0019
CERVEJAS, CHOPES, REFRIGERANTES E OUTRAS BEBIDAS;IV;10,37;0301001;;Viva Schin Cola;S;PT 10/92;Art. 681, I do RICMS/02 e Port. 263/2023;;;;;;;;;;;;;1,22;19;2;19% + 2% (FECOEP);01/07/2023;0019
CERVEJAS, CHOPES, REFRIGERANTES E OUTRAS BEBIDAS;IV;10,38;0301001;;Viva Schin Sabores;S;PT 10/92;Art. 681, I do RICMS/02 e Port. 263/2023;;;;;;;;;;;;;1,20;19;2;19% + 2% (FECOEP);01/07/2023;0019
CERVEJAS, CHOPES, REFRIGERANTES E OUTRAS BEBIDAS;IV;10,39;0301001;;Xameguinho;S;PT 10/92;Art. 681, I do RICMS/02 e Port. 263/2023;;;;;;;;;;;;;1,11;19;2;19% + 2% (FECOEP);01/07/2023;0019
CERVEJAS, CHOPES, REFRIGERANTES E OUTRAS BEBIDAS;IV;10,4;0301001;;Outros;S;PT 10/92;Art. 681, I do RICMS/02 e Port. 263/2023;;;;;;;;;;;;;2,75;19;2;19% + 2% (FECOEP);01/07/2023;0019
CERVEJAS, CHOPES, REFRIGERANTES E OUTRAS BEBIDAS;IV;10,41;0301001;;Áqua Zero;S;PT 10/92;Art. 681, I do RICMS/02 e Port. 263/2023;;;;;;;;;;;;;3,57;19;2;19% + 2% (FECOEP);01/07/2023;0019
CERVEJAS, CHOPES, REFRIGERANTES E OUTRAS BEBIDAS;IV;10,42;0301001;;Aquarius Fresh (todos);S;PT 10/92;Art. 681, I do RICMS/02 e Port. 263/2023;;;;;;;;;;;;;3,97;19;2;19% + 2% (FECOEP);01/07/2023;0019
CERVEJAS, CHOPES, REFRIGERANTES E OUTRAS BEBIDAS;IV;10,43;0301001;;Coca-Cola 500 ml (todos);S;PT 10/92;Art. 681, I do RICMS/02 e Port. 263/2023;;;;;;;;;;;;;4,31;19;2;19% + 2% (FECOEP);01/07/2023;0019
CERVEJAS, CHOPES, REFRIGERANTES E OUTRAS BEBIDAS;IV;10,44;0301001;;Conti Cola (todas);S;PT 10/92;Art. 681, I do RICMS/02 e Port. 263/2023;;;;;;;;;;;;;3,35;19;2;19% + 2% (FECOEP);01/07/2023;0019
CERVEJAS, CHOPES, REFRIGERANTES E OUTRAS BEBIDAS;IV;10,45;0301001;;Conti Sabores (todos);S;PT 10/92;Art. 681, I do RICMS/02 e Port. 263/2023;;;;;;;;;;;;;2,97;19;2;19% + 2% (FECOEP);01/07/2023;0019
CERVEJAS, CHOPES, REFRIGERANTES E OUTRAS BEBIDAS;IV;10,46;0301001;;Coroa;S;PT 10/92;Art. 681, I do RICMS/02 e Port. 263/2023;;;;;;;;;;;;;1,64;19;2;19% + 2% (FECOEP);01/07/2023;0019
CERVEJAS, CHOPES, REFRIGERANTES E OUTRAS BEBIDAS;IV;10,47;0301001;;Crystal Sabor Limão 510 ml;S;PT 10/92;Art. 681, I do RICMS/02 e Port. 263/2023;;;;;;;;;;;;;2,18;19;2;19% + 2% (FECOEP);01/07/2023;0019
CERVEJAS, CHOPES, REFRIGERANTES E OUTRAS BEBIDAS;IV;10,48;0301001;;Crystal Sabor futver 510 ml;S;PT 10/92;Art. 681, I do RICMS/02 e Port. 263/2023;;;;;;;;;;;;;2,18;19;2;19% + 2% (FECOEP);01/07/2023;0019
CERVEJAS, CHOPES, REFRIGERANTES E OUTRAS BEBIDAS;IV;10,49;0301001;;Fanta 500 ml (todos);S;PT 10/92;Art. 681, I do RICMS/02 e Port. 263/2023;;;;;;;;;;;;;3,53;19;2;19% + 2% (FECOEP);01/07/2023;0019
CERVEJAS, CHOPES, REFRIGERANTES E OUTRAS BEBIDAS;IV;10,5;0301001;;Goob (todos);S;PT 10/92;Art. 681, I do RICMS/02 e Port. 263/2023;;;;;;;;;;;;;2,15;19;2;19% + 2% (FECOEP);01/07/2023;0019
CERVEJAS, CHOPES, REFRIGERANTES E OUTRAS BEBIDAS;IV;10,51;0301001;;Guaraná Antarctica;S;PT 10/92;Art. 681, I do RICMS/02 e Port. 263/2023;;;;;;;;;;;;;4,10;19;2;19% + 2% (FECOEP);01/07/2023;0019
CERVEJAS, CHOPES, REFRIGERANTES E OUTRAS BEBIDAS;IV;10,52;0301001;;Guaraná Kuat / Zero;S;PT 10/92;Art. 681, I do RICMS/02 e Port. 263/2023;;;;;;;;;;;;;4,03;19;2;19% + 2% (FECOEP);01/07/2023;0019
CERVEJAS, CHOPES, REFRIGERANTES E OUTRAS BEBIDAS;IV;10,53;0301001;;H2OH;S;PT 10/92;Art. 681, I do RICMS/02 e Port. 263/2023;;;;;;;;;;;;;4,25;19;2;19% + 2% (FECOEP);01/07/2023;0019
CERVEJAS, CHOPES, REFRIGERANTES E OUTRAS BEBIDAS;IV;10,54;0301001;;Ice Cola (todos);S;PT 10/92;Art. 681, I do RICMS/02 e Port. 263/2023;;;;;;;;;;;;;2,15;19;2;19% + 2% (FECOEP);01/07/2023;0019
CERVEJAS, CHOPES, REFRIGERANTES E OUTRAS BEBIDAS;IV;10,55;0301001;;Pepsi-Cola / Twist;S;PT 10/92;Art. 681, I do RICMS/02 e Port. 263/2023;;;;;;;;;;;;;4,10;19;2;19% + 2% (FECOEP);01/07/2023;0019
CERVEJAS, CHOPES, REFRIGERANTES E OUTRAS BEBIDAS;IV;10,56;0301001;;Q'Tal;S;PT 10/92;Art. 681, I do RICMS/02 e Port. 263/2023;;;;;;;;;;;;;1,58;19;2;19% + 2% (FECOEP);01/07/2023;0019
CERVEJAS, CHOPES, REFRIGERANTES E OUTRAS BEBIDAS;IV;10,57;0301001;;Refree (todos);S;PT 10/92;Art. 681, I do RICMS/02 e Port. 263/2023;;;;;;;;;;;;;2,15;19;2;19% + 2% (FECOEP);01/07/2023;0019
CERVEJAS, CHOPES, REFRIGERANTES E OUTRAS BEBIDAS;IV;10,58;0301001;;Soda Limonada Antarctica;S;PT 10/92;Art. 681, I do RICMS/02 e Port. 263/2023;;;;;;;;;;;;;4,10;19;2;19% + 2% (FECOEP);01/07/2023;0019
CERVEJAS, CHOPES, REFRIGERANTES E OUTRAS BEBIDAS;IV;10,59;0301001;;Sprite fresh limão;S;PT 10/92;Art. 681, I do RICMS/02 e Port. 263/2023;;;;;;;;;;;;;3,90;19;2;19% + 2% (FECOEP);01/07/2023;0019
CERVEJAS, CHOPES, REFRIGERANTES E OUTRAS BEBIDAS;IV;10,6;0301001;;Sukita;S;PT 10/92;Art. 681, I do RICMS/02 e Port. 263/2023;;;;;;;;;;;;;3,89;19;2;19% + 2% (FECOEP);01/07/2023;0019
CERVEJAS, CHOPES, REFRIGERANTES E OUTRAS BEBIDAS;IV;10,61;0301001;;Taubaiana;S;PT 10/92;Art. 681, I do RICMS/02 e Port. 263/2023;;;;;;;;;;;;;2,06;19;2;19% + 2% (FECOEP);01/07/2023;0019
CERVEJAS, CHOPES, REFRIGERANTES E OUTRAS BEBIDAS;IV;10,62;0301001;;Viva Schin Cola;S;PT 10/92;Art. 681, I do RICMS/02 e Port. 263/2023;;;;;;;;;;;;;2,60;19;2;19% + 2% (FECOEP);01/07/2023;0019
CERVEJAS, CHOPES, REFRIGERANTES E OUTRAS BEBIDAS;IV;10,63;0301001;;Viva Schin Sabores;S;PT 10/92;Art. 681, I do RICMS/02 e Port. 263/2023;;;;;;;;;;;;;2,60;19;2;19% + 2% (FECOEP);01/07/2023;0019
CERVEJAS, CHOPES, REFRIGERANTES E OUTRAS BEBIDAS;IV;10,64;0301001;;Outros;S;PT 10/92;Art. 681, I do RICMS/02 e Port. 263/2023;;;;;;;;;;;;;4,73;19;2;19% + 2% (FECOEP);01/07/2023;0019
CERVEJAS, CHOPES, REFRIGERANTES E OUTRAS BEBIDAS;IV;10,65;0301001;;Baré (todos);S;PT 10/92;Art. 681, I do RICMS/02 e Port. 263/2023;;;;;;;;;;;;;3,25;19;2;19% + 2% (FECOEP);01/07/2023;0019
CERVEJAS, CHOPES, REFRIGERANTES E OUTRAS BEBIDAS;IV;10,66;0301001;;Caju Tradicional Pack 2 Unid.;S;PT 10/92;Art. 681, I do RICMS/02 e Port. 263/2023;;;;;;;;;;;;;6,98;19;2;19% + 2% (FECOEP);01/07/2023;0019
CERVEJAS, CHOPES, REFRIGERANTES E OUTRAS BEBIDAS;IV;10,67;0301001;;Caju Reduzido Pack 2 Unid.;S;PT 10/92;Art. 681, I do RICMS/02 e Port. 263/2023;;;;;;;;;;;;;6,98;19;2;19% + 2% (FECOEP);01/07/2023;0019
CERVEJAS, CHOPES, REFRIGERANTES E OUTRAS BEBIDAS;IV;10,68;0301001;;Coca-Cola Menos Açúcar;S;PT 10/92;Art. 681, I do RICMS/02 e Port. 263/2023;;;;;;;;;;;;;5,66;19;2;19% + 2% (FECOEP);01/07/2023;0019
CERVEJAS, CHOPES, REFRIGERANTES E OUTRAS BEBIDAS;IV;10,69;0301001;;Coca-Cola Sem Açúcar;S;PT 10/92;Art. 681, I do RICMS/02 e Port. 263/2023;;;;;;;;;;;;;5,50;19;2;19% + 2% (FECOEP);01/07/2023;0019
CERVEJAS, CHOPES, REFRIGERANTES E OUTRAS BEBIDAS;IV;10,7;0301001;;Coroa;S;PT 10/92;Art. 681, I do RICMS/02 e Port. 263/2023;;;;;;;;;;;;;2,13;19;2;19% + 2% (FECOEP);01/07/2023;0019
CERVEJAS, CHOPES, REFRIGERANTES E OUTRAS BEBIDAS;IV;10,71;0301001;;Cerpa (Todos);S;PT 10/92;Art. 681, I do RICMS/02 e Port. 263/2023;;;;;;;;;;;;;2,71;19;2;19% + 2% (FECOEP);01/07/2023;0019
CERVEJAS, CHOPES, REFRIGERANTES E OUTRAS BEBIDAS;IV;10,72;0301001;;Dore (todos);S;PT 10/92;Art. 681, I do RICMS/02 e Port. 263/2023;;;;;;;;;;;;;2,17;19;2;19% + 2% (FECOEP);01/07/2023;0019
CERVEJAS, CHOPES, REFRIGERANTES E OUTRAS BEBIDAS;IV;10,73;0301001;;Fanta (todos);S;PT 10/92;Art. 681, I do RICMS/02 e Port. 263/2023;;;;;;;;;;;;;4,89;19;2;19% + 2% (FECOEP);01/07/2023;0019
CERVEJAS, CHOPES, REFRIGERANTES E OUTRAS BEBIDAS;IV;10,74;0301001;;Friish;S;PT 10/92;Art. 681, I do RICMS/02 e Port. 263/2023;;;;;;;;;;;;;1,90;19;2;19% + 2% (FECOEP);01/07/2023;0019
CERVEJAS, CHOPES, REFRIGERANTES E OUTRAS BEBIDAS;IV;10,75;0301001;;Goob (todos);S;PT 10/92;Art. 681, I do RICMS/02 e Port. 263/2023;;;;;;;;;;;;;3,22;19;2;19% + 2% (FECOEP);01/07/2023;0019
CERVEJAS, CHOPES, REFRIGERANTES E OUTRAS BEBIDAS;IV;10,76;0301001;;Grapetti;S;PT 10/92;Art. 681, I do RICMS/02 e Port. 263/2023;;;;;;;;;;;;;2,17;19;2;19% + 2% (FECOEP);01/07/2023;0019
CERVEJAS, CHOPES, REFRIGERANTES E OUTRAS BEBIDAS;IV;10,77;0301001;;Guaraná Antarctica (todos);S;PT 10/92;Art. 681, I do RICMS/02 e Port. 263/2023;;;;;;;;;;;;;4,77;19;2;19% + 2% (FECOEP);01/07/2023;0019
CERVEJAS, CHOPES, REFRIGERANTES E OUTRAS BEBIDAS;IV;10,78;0301001;;Guaraná Antártica P 1 L Multipack 2 Unidades;S;PT 10/92;Art. 681, I do RICMS/02 e Port. 263/2023;;;;;;;;;;;;;6,49;19;2;19% + 2% (FECOEP);01/07/2023;0019
CERVEJAS, CHOPES, REFRIGERANTES E OUTRAS BEBIDAS;IV;10,79;0301001;;Guaraná Antártica + Pepsi P 1 L Multipack 2 Unidades;S;PT 10/92;Art. 681, I do RICMS/02 e Port. 263/2023;;;;;;;;;;;;;5,49;19;2;19% + 2% (FECOEP);01/07/2023;0019
CERVEJAS, CHOPES, REFRIGERANTES E OUTRAS BEBIDAS;IV;10,8;0301001;;Guaraná Antártica + Pepsi Black P 1 L Multipack com 2 unid;S;PT 10/92;Art. 681, I do RICMS/02 e Port. 263/2023;;;;;;;;;;;;;6,49;19;2;19% + 2% (FECOEP);01/07/2023;0019
CERVEJAS, CHOPES, REFRIGERANTES E OUTRAS BEBIDAS;IV;10,81;0301001;;Guaraná Kuat / Zero;S;PT 10/92;Art. 681, I do RICMS/02 e Port. 263/2023;;;;;;;;;;;;;4,62;19;2;19% + 2% (FECOEP);01/07/2023;0019
CERVEJAS, CHOPES, REFRIGERANTES E OUTRAS BEBIDAS;IV;10,82;0301001;;Hiran (todos);S;PT 10/92;Art. 681, I do RICMS/02 e Port. 263/2023;;;;;;;;;;;;;3,58;19;2;19% + 2% (FECOEP);01/07/2023;0019
CERVEJAS, CHOPES, REFRIGERANTES E OUTRAS BEBIDAS;IV;10,83;0301001;;Ice Cola (todos);S;PT 10/92;Art. 681, I do RICMS/02 e Port. 263/2023;;;;;;;;;;;;;2,53;19;2;19% + 2% (FECOEP);01/07/2023;0019
CERVEJAS, CHOPES, REFRIGERANTES E OUTRAS BEBIDAS;IV;10,84;0301001;;Indaiá Refri (todos);S;PT 10/92;Art. 681, I do RICMS/02 e Port. 263/2023;;;;;;;;;;;;;2,71;19;2;19% + 2% (FECOEP);01/07/2023;0019
CERVEJAS, CHOPES, REFRIGERANTES E OUTRAS BEBIDAS;IV;10,85;0301001;;Kitubaína Dore;S;PT 10/92;Art. 681, I do RICMS/02 e Port. 263/2023;;;;;;;;;;;;;1,99;19;2;19% + 2% (FECOEP);01/07/2023;0019
CERVEJAS, CHOPES, REFRIGERANTES E OUTRAS BEBIDAS;IV;10,86;0301001;;Pepsi-Cola Pack 2 Unidades;S;PT 10/92;Art. 681, I do RICMS/02 e Port. 263/2023;;;;;;;;;;;;;6,49;19;2;19% + 2% (FECOEP);01/07/2023;0019
CERVEJAS, CHOPES, REFRIGERANTES E OUTRAS BEBIDAS;IV;10,87;0301001;;Pepsi-Cola (todas);S;PT 10/92;Art. 681, I do RICMS/02 e Port. 263/2023;;;;;;;;;;;;;4,46;19;2;19% + 2% (FECOEP);01/07/2023;0019
CERVEJAS, CHOPES, REFRIGERANTES E OUTRAS BEBIDAS;IV;10,88;0301001;;Q'Tal;S;PT 10/92;Art. 681, I do RICMS/02 e Port. 263/2023;;;;;;;;;;;;;2,17;19;2;19% + 2% (FECOEP);01/07/2023;0019
CERVEJAS, CHOPES, REFRIGERANTES E OUTRAS BEBIDAS;IV;10,89;0301001;;Refree (todos);S;PT 10/92;Art. 681, I do RICMS/02 e Port. 263/2023;;;;;;;;;;;;;2,53;19;2;19% + 2% (FECOEP);01/07/2023;0019
CERVEJAS, CHOPES, REFRIGERANTES E OUTRAS BEBIDAS;IV;10,9;0301001;;Rochedo (todos);S;PT 10/92;Art. 681, I do RICMS/02 e Port. 263/2023;;;;;;;;;;;;;2,53;19;2;19% + 2% (FECOEP);01/07/2023;0019
CERVEJAS, CHOPES, REFRIGERANTES E OUTRAS BEBIDAS;IV;10,91;0301001;;São Geraldo Caju;S;PT 10/92;Art. 681, I do RICMS/02 e Port. 263/2023;;;;;;;;;;;;;4,87;19;2;19% + 2% (FECOEP);01/07/2023;0019
CERVEJAS, CHOPES, REFRIGERANTES E OUTRAS BEBIDAS;IV;10,92;0301001;;Soda Limonada Antarctica (todas);S;PT 10/92;Art. 681, I do RICMS/02 e Port. 263/2023;;;;;;;;;;;;;4,45;19;2;19% + 2% (FECOEP);01/07/2023;0019
CERVEJAS, CHOPES, REFRIGERANTES E OUTRAS BEBIDAS;IV;10,93;0301001;;Sprite / Zero;S;PT 10/92;Art. 681, I do RICMS/02 e Port. 263/2023;;;;;;;;;;;;;4,89;19;2;19% + 2% (FECOEP);01/07/2023;0019
CERVEJAS, CHOPES, REFRIGERANTES E OUTRAS BEBIDAS;IV;10,94;0301001;;Sukita;S;PT 10/92;Art. 681, I do RICMS/02 e Port. 263/2023;;;;;;;;;;;;;4,02;19;2;19% + 2% (FECOEP);01/07/2023;0019
CERVEJAS, CHOPES, REFRIGERANTES E OUTRAS BEBIDAS;IV;10,95;0301001;;Viva Schin Cola;S;PT 10/92;Art. 681, I do RICMS/02 e Port. 263/2023;;;;;;;;;;;;;3,58;19;2;19% + 2% (FECOEP);01/07/2023;0019
CERVEJAS, CHOPES, REFRIGERANTES E OUTRAS BEBIDAS;IV;10,96;0301001;;Outros;S;PT 10/92;Art. 681, I do RICMS/02 e Port. 263/2023;;;;;;;;;;;;;6;19;2;19% + 2% (FECOEP);01/07/2023;0019
CERVEJAS, CHOPES, REFRIGERANTES E OUTRAS BEBIDAS;IV;10,97;0301001;;Coca-cola / Coca-cola Menos Açúcar;S;PT 10/92;Art. 681, I do RICMS/02 e Port. 263/2023;;;;;;;;;;;;;6,04;19;2;19% + 2% (FECOEP);01/07/2023;0019
CERVEJAS, CHOPES, REFRIGERANTES E OUTRAS BEBIDAS;IV;10,98;0301001;;Coca-Cola Menos Açúcar;S;PT 10/92;Art. 681, I do RICMS/02 e Port. 263/2023;;;;;;;;;;;;;5,10;19;2;19% + 2% (FECOEP);01/07/2023;0019
CERVEJAS, CHOPES, REFRIGERANTES E OUTRAS BEBIDAS;IV;10,99;0301001;;Coca-Cola + Fanta Laranja (combo);S;PT 10/92;Art. 681, I do RICMS/02 e Port. 263/2023;;;;;;;;;;;;;10,80;19;2;19% + 2% (FECOEP);01/07/2023;0019
CERVEJAS, CHOPES, REFRIGERANTES E OUTRAS BEBIDAS;IV;10,1;0301001;;Coca-Cola + Guaraná Kuat (combo);S;PT 10/92;Art. 681, I do RICMS/02 e Port. 263/2023;;;;;;;;;;;;;10,24;19;2;19% + 2% (FECOEP);01/07/2023;0019
CERVEJAS, CHOPES, REFRIGERANTES E OUTRAS BEBIDAS;IV;10,101;0301001;;Coroa;S;PT 10/92;Art. 681, I do RICMS/02 e Port. 263/2023;;;;;;;;;;;;;2;19;2;19% + 2% (FECOEP);01/07/2023;0019
CERVEJAS, CHOPES, REFRIGERANTES E OUTRAS BEBIDAS;IV;10,102;0301001;;Fanta (todos);S;PT 10/92;Art. 681, I do RICMS/02 e Port. 263/2023;;;;;;;;;;;;;5,09;19;2;19% + 2% (FECOEP);01/07/2023;0019
CERVEJAS, CHOPES, REFRIGERANTES E OUTRAS BEBIDAS;IV;10,103;0301001;;Goob (todos);S;PT 10/92;Art. 681, I do RICMS/02 e Port. 263/2023;;;;;;;;;;;;;3,20;19;2;19% + 2% (FECOEP);01/07/2023;0019
CERVEJAS, CHOPES, REFRIGERANTES E OUTRAS BEBIDAS;IV;10,104;0301001;;Guaraná Antártica (todos);S;PT 10/92;Art. 681, I do RICMS/02 e Port. 263/2023;;;;;;;;;;;;;5,16;19;2;19% + 2% (FECOEP);01/07/2023;0019
CERVEJAS, CHOPES, REFRIGERANTES E OUTRAS BEBIDAS;IV;10,105;0301001;;Guaraná Kuat (todos);S;PT 10/92;Art. 681, I do RICMS/02 e Port. 263/2023;;;;;;;;;;;;;4,84;19;2;19% + 2% (FECOEP);01/07/2023;0019
CERVEJAS, CHOPES, REFRIGERANTES E OUTRAS BEBIDAS;IV;10,106;0301001;;H2OH;S;PT 10/92;Art. 681, I do RICMS/02 e Port. 263/2023;;;;;;;;;;;;;6,29;19;2;19% + 2% (FECOEP);01/07/2023;0019
CERVEJAS, CHOPES, REFRIGERANTES E OUTRAS BEBIDAS;IV;10,107;0301001;;Ice Cola (todos);S;PT 10/92;Art. 681, I do RICMS/02 e Port. 263/2023;;;;;;;;;;;;;3,34;19;2;19% + 2% (FECOEP);01/07/2023;0019
CERVEJAS, CHOPES, REFRIGERANTES E OUTRAS BEBIDAS;IV;10,108;0301001;;Pepsi-Cola;S;PT 10/92;Art. 681, I do RICMS/02 e Port. 263/2023;;;;;;;;;;;;;4,77;19;2;19% + 2% (FECOEP);01/07/2023;0019
CERVEJAS, CHOPES, REFRIGERANTES E OUTRAS BEBIDAS;IV;10,109;0301001;;Refree (todos);S;PT 10/92;Art. 681, I do RICMS/02 e Port. 263/2023;;;;;;;;;;;;;3,20;19;2;19% + 2% (FECOEP);01/07/2023;0019
CERVEJAS, CHOPES, REFRIGERANTES E OUTRAS BEBIDAS;IV;10,11;0301001;;Sukita;S;PT 10/92;Art. 681, I do RICMS/02 e Port. 263/2023;;;;;;;;;;;;;4,62;19;2;19% + 2% (FECOEP);01/07/2023;0019
CERVEJAS, CHOPES, REFRIGERANTES E OUTRAS BEBIDAS;IV;10,111;0301001;;Outros;S;PT 10/92;Art. 681, I do RICMS/02 e Port. 263/2023;;;;;;;;;;;;;7,00;19;2;19% + 2% (FECOEP);01/07/2023;0019
CERVEJAS, CHOPES, REFRIGERANTES E OUTRAS BEBIDAS;IV;10,112;0301001;;Baré (todos);S;PT 10/92;Art. 681, I do RICMS/02 e Port. 263/2023;;;;;;;;;;;;;4,60;19;2;19% + 2% (FECOEP);01/07/2023;0019
CERVEJAS, CHOPES, REFRIGERANTES E OUTRAS BEBIDAS;IV;10,113;0301001;;Cerpa (todos);S;PT 10/92;Art. 681, I do RICMS/02 e Port. 263/2023;;;;;;;;;;;;;4,16;19;2;19% + 2% (FECOEP);01/07/2023;0019
CERVEJAS, CHOPES, REFRIGERANTES E OUTRAS BEBIDAS;IV;10,114;0301001;;Coca-Cola (todos);S;PT 10/92;Art. 681, I do RICMS/02 e Port. 263/2023;;;;;;;;;;;;;9,11;19;2;19% + 2% (FECOEP);01/07/2023;0019
CERVEJAS, CHOPES, REFRIGERANTES E OUTRAS BEBIDAS;IV;10,115;0301001;;Coca-Cola Zero;S;PT 10/92;Art. 681, I do RICMS/02 e Port. 263/2023;;;;;;;;;;;;;8,62;19;2;19% + 2% (FECOEP);01/07/2023;0019
CERVEJAS, CHOPES, REFRIGERANTES E OUTRAS BEBIDAS;IV;10,116;0301001;;Coca-Cola + Coca-Cola sem açúcar (combo);S;PT 10/92;Art. 681, I do RICMS/02 e Port. 263/2023;;;;;;;;;;;;;16,99;19;2;19% + 2% (FECOEP);01/07/2023;0019
CERVEJAS, CHOPES, REFRIGERANTES E OUTRAS BEBIDAS;IV;10,117;0301001;;Coca-Cola + Fanta Guaraná (combo);S;PT 10/92;Art. 681, I do RICMS/02 e Port. 263/2023;;;;;;;;;;;;;14,56;19;2;19% + 2% (FECOEP);01/07/2023;0019
CERVEJAS, CHOPES, REFRIGERANTES E OUTRAS BEBIDAS;IV;10,118;0301001;;Coca-Cola + Fanta Laranja (combo);S;PT 10/92;Art. 681, I do RICMS/02 e Port. 263/2023;;;;;;;;;;;;;14,73;19;2;19% + 2% (FECOEP);01/07/2023;0019
CERVEJAS, CHOPES, REFRIGERANTES E OUTRAS BEBIDAS;IV;10,119;0301001;;Coca-Cola + Sprite Original (combo);S;PT 10/92;Art. 681, I do RICMS/02 e Port. 263/2023;;;;;;;;;;;;;13,97;19;2;19% + 2% (FECOEP);01/07/2023;0019
CERVEJAS, CHOPES, REFRIGERANTES E OUTRAS BEBIDAS;IV;10,121;0301001;;Coca-Cola REFPET;S;PT 10/92;Art. 681, I do RICMS/02 e Port. 263/2023;;;;;;;;;;;;;6,61;19;2;19% + 2% (FECOEP);01/07/2023;0019
CERVEJAS, CHOPES, REFRIGERANTES E OUTRAS BEBIDAS;IV;10,122;0301001;;Coca-Cola REFPET (Com o valor da embalagem);S;PT 10/92;Art. 681, I do RICMS/02 e Port. 263/2023;;;;;;;;;;;;;8;19;2;19% + 2% (FECOEP);01/07/2023;0019
CERVEJAS, CHOPES, REFRIGERANTES E OUTRAS BEBIDAS;IV;10,123;0301001;;Conti cola (todas);S;PT 10/92;Art. 681, I do RICMS/02 e Port. 263/2023;;;;;;;;;;;;;5,04;19;2;19% + 2% (FECOEP);01/07/2023;0019
CERVEJAS, CHOPES, REFRIGERANTES E OUTRAS BEBIDAS;IV;10,124;0301001;;Conti Sabores (todos);S;PT 10/92;Art. 681, I do RICMS/02 e Port. 263/2023;;;;;;;;;;;;;4,78;19;2;19% + 2% (FECOEP);01/07/2023;0019
CERVEJAS, CHOPES, REFRIGERANTES E OUTRAS BEBIDAS;IV;10,125;0301001;;Coroa;S;PT 10/92;Art. 681, I do RICMS/02 e Port. 263/2023;;;;;;;;;;;;;3;19;2;19% + 2% (FECOEP);01/07/2023;0019
CERVEJAS, CHOPES, REFRIGERANTES E OUTRAS BEBIDAS;IV;10,126;0301001;;Dore (todos);S;PT 10/92;Art. 681, I do RICMS/02 e Port. 263/2023;;;;;;;;;;;;;2,90;19;2;19% + 2% (FECOEP);01/07/2023;0019
CERVEJAS, CHOPES, REFRIGERANTES E OUTRAS BEBIDAS;IV;10,127;0301001;;Fanta (todos);S;PT 10/92;Art. 681, I do RICMS/02 e Port. 263/2023;;;;;;;;;;;;;7,27;19;2;19% + 2% (FECOEP);01/07/2023;0019
CERVEJAS, CHOPES, REFRIGERANTES E OUTRAS BEBIDAS;IV;10,128;0301001;;Fanta Guaraná REFPET;S;PT 10/92;Art. 681, I do RICMS/02 e Port. 263/2023;;;;;;;;;;;;;5,97;19;2;19% + 2% (FECOEP);01/07/2023;0019
CERVEJAS, CHOPES, REFRIGERANTES E OUTRAS BEBIDAS;IV;10,129;0301001;;Fanta Guaraná REFPET (Com o valor da embalagem);S;PT 10/92;Art. 681, I do RICMS/02 e Port. 263/2023;;;;;;;;;;;;;8,52;19;2;19% + 2% (FECOEP);01/07/2023;0019
CERVEJAS, CHOPES, REFRIGERANTES E OUTRAS BEBIDAS;IV;10,13;0301001;;Fanta Laranja REFPET;S;PT 10/92;Art. 681, I do RICMS/02 e Port. 263/2023;;;;;;;;;;;;;5,82;19;2;19% + 2% (FECOEP);01/07/2023;0019
CERVEJAS, CHOPES, REFRIGERANTES E OUTRAS BEBIDAS;IV;10,131;0301001;;Fanta Laranja REFPET (Com o valor da embalagem);S;PT 10/92;Art. 681, I do RICMS/02 e Port. 263/2023;;;;;;;;;;;;;5,89;19;2;19% + 2% (FECOEP);01/07/2023;0019
CERVEJAS, CHOPES, REFRIGERANTES E OUTRAS BEBIDAS;IV;10,132;0301001;;Frevo;S;PT 10/92;Art. 681, I do RICMS/02 e Port. 263/2023;;;;;;;;;;;;;2,90;19;2;19% + 2% (FECOEP);01/07/2023;0019
CERVEJAS, CHOPES, REFRIGERANTES E OUTRAS BEBIDAS;IV;10,133;0301001;;Friish;S;PT 10/92;Art. 681, I do RICMS/02 e Port. 263/2023;;;;;;;;;;;;;3,03;19;2;19% + 2% (FECOEP);01/07/2023;0019
CERVEJAS, CHOPES, REFRIGERANTES E OUTRAS BEBIDAS;IV;10,134;0301001;;Goob (todos);S;PT 10/92;Art. 681, I do RICMS/02 e Port. 263/2023;;;;;;;;;;;;;4,74;19;2;19% + 2% (FECOEP);01/07/2023;0019
CERVEJAS, CHOPES, REFRIGERANTES E OUTRAS BEBIDAS;IV;10,135;0301001;;Grapette;S;PT 10/92;Art. 681, I do RICMS/02 e Port. 263/2023;;;;;;;;;;;;;2,90;19;2;19% + 2% (FECOEP);01/07/2023;0019
CERVEJAS, CHOPES, REFRIGERANTES E OUTRAS BEBIDAS;IV;10,136;0301001;;Guaraná Antarctica;S;PT 10/92;Art. 681, I do RICMS/02 e Port. 263/2023;;;;;;;;;;;;;7,54;19;2;19% + 2% (FECOEP);01/07/2023;0019
CERVEJAS, CHOPES, REFRIGERANTES E OUTRAS BEBIDAS;IV;10,139;0301001;;Guaraná Kuat / Zero;S;PT 10/92;Art. 681, I do RICMS/02 e Port. 263/2023;;;;;;;;;;;;;6,22;19;2;19% + 2% (FECOEP);01/07/2023;0019
CERVEJAS, CHOPES, REFRIGERANTES E OUTRAS BEBIDAS;IV;10,14;0301001;;Hiran (todos);S;PT 10/92;Art. 681, I do RICMS/02 e Port. 263/2023;;;;;;;;;;;;;4,89;19;2;19% + 2% (FECOEP);01/07/2023;0019
CERVEJAS, CHOPES, REFRIGERANTES E OUTRAS BEBIDAS;IV;10,141;0301001;;Ice Cola (todos);S;PT 10/92;Art. 681, I do RICMS/02 e Port. 263/2023;;;;;;;;;;;;;3,56;19;2;19% + 2% (FECOEP);01/07/2023;0019
CERVEJAS, CHOPES, REFRIGERANTES E OUTRAS BEBIDAS;IV;10,142;0301001;;IT! Cola;S;PT 10/92;Art. 681, I do RICMS/02 e Port. 263/2023;;;;;;;;;;;;;4,26;19;2;19% + 2% (FECOEP);01/07/2023;0019
CERVEJAS, CHOPES, REFRIGERANTES E OUTRAS BEBIDAS;IV;10,143;0301001;;IT! Sabores;S;PT 10/92;Art. 681, I do RICMS/02 e Port. 263/2023;;;;;;;;;;;;;4,17;19;2;19% + 2% (FECOEP);01/07/2023;0019
CERVEJAS, CHOPES, REFRIGERANTES E OUTRAS BEBIDAS;IV;10,144;0301001;;Itubaina;S;PT 10/92;Art. 681, I do RICMS/02 e Port. 263/2023;;;;;;;;;;;;;4,16;19;2;19% + 2% (FECOEP);01/07/2023;0019
CERVEJAS, CHOPES, REFRIGERANTES E OUTRAS BEBIDAS;IV;10,145;0301001;;Itubaina Maçã;S;PT 10/92;Art. 681, I do RICMS/02 e Port. 263/2023;;;;;;;;;;;;;4,16;19;2;19% + 2% (FECOEP);01/07/2023;0019
CERVEJAS, CHOPES, REFRIGERANTES E OUTRAS BEBIDAS;IV;10,146;0301001;;Kitubaína Dore;S;PT 10/92;Art. 681, I do RICMS/02 e Port. 263/2023;;;;;;;;;;;;;2,90;19;2;19% + 2% (FECOEP);01/07/2023;0019
CERVEJAS, CHOPES, REFRIGERANTES E OUTRAS BEBIDAS;IV;10,147;0301001;;Pepsi-Cola (todas);S;PT 10/92;Art. 681, I do RICMS/02 e Port. 263/2023;;;;;;;;;;;;;6,62;19;2;19% + 2% (FECOEP);01/07/2023;0019
CERVEJAS, CHOPES, REFRIGERANTES E OUTRAS BEBIDAS;IV;10,148;0301001;;Q'Tal;S;PT 10/92;Art. 681, I do RICMS/02 e Port. 263/2023;;;;;;;;;;;;;2,90;19;2;19% + 2% (FECOEP);01/07/2023;0019
CERVEJAS, CHOPES, REFRIGERANTES E OUTRAS BEBIDAS;IV;10,149;0301001;;Realça;S;PT 10/92;Art. 681, I do RICMS/02 e Port. 263/2023;;;;;;;;;;;;;3,17;19;2;19% + 2% (FECOEP);01/07/2023;0019
CERVEJAS, CHOPES, REFRIGERANTES E OUTRAS BEBIDAS;IV;10,15;0301001;;Refree (todos);S;PT 10/92;Art. 681, I do RICMS/02 e Port. 263/2023;;;;;;;;;;;;;3,37;19;2;19% + 2% (FECOEP);01/07/2023;0019
CERVEJAS, CHOPES, REFRIGERANTES E OUTRAS BEBIDAS;IV;10,151;0301001;;Refri Indaiá Cola;S;PT 10/92;Art. 681, I do RICMS/02 e Port. 263/2023;;;;;;;;;;;;;3,99;19;2;19% + 2% (FECOEP);01/07/2023;0019
CERVEJAS, CHOPES, REFRIGERANTES E OUTRAS BEBIDAS;IV;10,152;0301001;;Refri Indaiá Sabores;S;PT 10/92;Art. 681, I do RICMS/02 e Port. 263/2023;;;;;;;;;;;;;4,07;19;2;19% + 2% (FECOEP);01/07/2023;0019
CERVEJAS, CHOPES, REFRIGERANTES E OUTRAS BEBIDAS;IV;10,153;0301001;;Santa Joana (todos);S;PT 10/92;Art. 681, I do RICMS/02 e Port. 263/2023;;;;;;;;;;;;;2,90;19;2;19% + 2% (FECOEP);01/07/2023;0019
CERVEJAS, CHOPES, REFRIGERANTES E OUTRAS BEBIDAS;IV;10,154;0301001;;São Geraldo Caju;S;PT 10/92;Art. 681, I do RICMS/02 e Port. 263/2023;;;;;;;;;;;;;7,62;19;2;19% + 2% (FECOEP);01/07/2023;0019
CERVEJAS, CHOPES, REFRIGERANTES E OUTRAS BEBIDAS;IV;10,155;0301001;;Simba;S;PT 10/92;Art. 681, I do RICMS/02 e Port. 263/2023;;;;;;;;;;;;;4,38;19;2;19% + 2% (FECOEP);01/07/2023;0019
CERVEJAS, CHOPES, REFRIGERANTES E OUTRAS BEBIDAS;IV;10,156;0301001;;Simba Laranja;S;PT 10/92;Art. 681, I do RICMS/02 e Port. 263/2023;;;;;;;;;;;;;4,38;19;2;19% + 2% (FECOEP);01/07/2023;0019
CERVEJAS, CHOPES, REFRIGERANTES E OUTRAS BEBIDAS;IV;10,157;0301001;;Soda Limonada Antarctica;S;PT 10/92;Art. 681, I do RICMS/02 e Port. 263/2023;;;;;;;;;;;;;6,25;19;2;19% + 2% (FECOEP);01/07/2023;0019
CERVEJAS, CHOPES, REFRIGERANTES E OUTRAS BEBIDAS;IV;10,158;0301001;;Sprite / Zero;S;PT 10/92;Art. 681, I do RICMS/02 e Port. 263/2023;;;;;;;;;;;;;7,46;19;2;19% + 2% (FECOEP);01/07/2023;0019
CERVEJAS, CHOPES, REFRIGERANTES E OUTRAS BEBIDAS;IV;10,159;0301001;;Sukita (demais);S;PT 10/92;Art. 681, I do RICMS/02 e Port. 263/2023;;;;;;;;;;;;;5,49;19;2;19% + 2% (FECOEP);01/07/2023;0019
CERVEJAS, CHOPES, REFRIGERANTES E OUTRAS BEBIDAS;IV;10,16;0301001;;Sukita Limão;S;PT 10/92;Art. 681, I do RICMS/02 e Port. 263/2023;;;;;;;;;;;;;5,49;19;2;19% + 2% (FECOEP);01/07/2023;0019
CERVEJAS, CHOPES, REFRIGERANTES E OUTRAS BEBIDAS;IV;10,161;0301001;;Taubaiana;S;PT 10/92;Art. 681, I do RICMS/02 e Port. 263/2023;;;;;;;;;;;;;4,03;19;2;19% + 2% (FECOEP);01/07/2023;0019
CERVEJAS, CHOPES, REFRIGERANTES E OUTRAS BEBIDAS;IV;10,162;0301001;;Tubaína Real;S;PT 10/92;Art. 681, I do RICMS/02 e Port. 263/2023;;;;;;;;;;;;;3,13;19;2;19% + 2% (FECOEP);01/07/2023;0019
CERVEJAS, CHOPES, REFRIGERANTES E OUTRAS BEBIDAS;IV;10,163;0301001;;Viva Schin Cola;S;PT 10/92;Art. 681, I do RICMS/02 e Port. 263/2023;;;;;;;;;;;;;4,88;19;2;19% + 2% (FECOEP);01/07/2023;0019
CERVEJAS, CHOPES, REFRIGERANTES E OUTRAS BEBIDAS;IV;10,164;0301001;;Viva Schin Sabores;S;PT 10/92;Art. 681, I do RICMS/02 e Port. 263/2023;;;;;;;;;;;;;5,26;19;2;19% + 2% (FECOEP);01/07/2023;0019
CERVEJAS, CHOPES, REFRIGERANTES E OUTRAS BEBIDAS;IV;10,165;0301001;;Viver Cola;S;PT 10/92;Art. 681, I do RICMS/02 e Port. 263/2023;;;;;;;;;;;;;2,90;19;2;19% + 2% (FECOEP);01/07/2023;0019
CERVEJAS, CHOPES, REFRIGERANTES E OUTRAS BEBIDAS;IV;10,166;0301001;;Viver sabores;S;PT 10/92;Art. 681, I do RICMS/02 e Port. 263/2023;;;;;;;;;;;;;2,90;19;2;19% + 2% (FECOEP);01/07/2023;0019
CERVEJAS, CHOPES, REFRIGERANTES E OUTRAS BEBIDAS;IV;10,167;0301001;;Outros;S;PT 10/92;Art. 681, I do RICMS/02 e Port. 263/2023;;;;;;;;;;;;;11;19;2;19% + 2% (FECOEP);01/07/2023;0019
CERVEJAS, CHOPES, REFRIGERANTES E OUTRAS BEBIDAS;IV;10,168;0301001;;Coca-Cola / Zero;S;PT 10/92;Art. 681, I do RICMS/02 e Port. 263/2023;;;;;;;;;;;;;9,47;19;2;19% + 2% (FECOEP);01/07/2023;0019
CERVEJAS, CHOPES, REFRIGERANTES E OUTRAS BEBIDAS;IV;10,169;0301001;;Coca-Cola Menos Açúcar;S;PT 10/92;Art. 681, I do RICMS/02 e Port. 263/2023;;;;;;;;;;;;;9,47;19;2;19% + 2% (FECOEP);01/07/2023;0019
CERVEJAS, CHOPES, REFRIGERANTES E OUTRAS BEBIDAS;IV;10,17;0301001;;Fanta (todos);S;PT 10/92;Art. 681, I do RICMS/02 e Port. 263/2023;;;;;;;;;;;;;7,77;19;2;19% + 2% (FECOEP);01/07/2023;0019
CERVEJAS, CHOPES, REFRIGERANTES E OUTRAS BEBIDAS;IV;10,171;0301001;;Goob (todos);S;PT 10/92;Art. 681, I do RICMS/02 e Port. 263/2023;;;;;;;;;;;;;4,77;19;2;19% + 2% (FECOEP);01/07/2023;0019
CERVEJAS, CHOPES, REFRIGERANTES E OUTRAS BEBIDAS;IV;10,172;0301001;;Guaraná Antarctica;S;PT 10/92;Art. 681, I do RICMS/02 e Port. 263/2023;;;;;;;;;;;;;8,01;19;2;19% + 2% (FECOEP);01/07/2023;0019
CERVEJAS, CHOPES, REFRIGERANTES E OUTRAS BEBIDAS;IV;10,173;0301001;;Guaraná Kuat / Zero;S;PT 10/92;Art. 681, I do RICMS/02 e Port. 263/2023;;;;;;;;;;;;;5,93;19;2;19% + 2% (FECOEP);01/07/2023;0019
CERVEJAS, CHOPES, REFRIGERANTES E OUTRAS BEBIDAS;IV;10,174;0301001;;Ice Cola (todos);S;PT 10/92;Art. 681, I do RICMS/02 e Port. 263/2023;;;;;;;;;;;;;4,42;19;2;19% + 2% (FECOEP);01/07/2023;0019
CERVEJAS, CHOPES, REFRIGERANTES E OUTRAS BEBIDAS;IV;10,175;0301001;;Pepsi-Cola;S;PT 10/92;Art. 681, I do RICMS/02 e Port. 263/2023;;;;;;;;;;;;;7,73;19;2;19% + 2% (FECOEP);01/07/2023;0019
CERVEJAS, CHOPES, REFRIGERANTES E OUTRAS BEBIDAS;IV;10,176;0301001;;Refree (todos);S;PT 10/92;Art. 681, I do RICMS/02 e Port. 263/2023;;;;;;;;;;;;;4,77;19;2;19% + 2% (FECOEP);01/07/2023;0019
CERVEJAS, CHOPES, REFRIGERANTES E OUTRAS BEBIDAS;IV;10,177;0301001;;Outros;S;PT 10/92;Art. 681, I do RICMS/02 e Port. 263/2023;;;;;;;;;;;;;12;19;2;19% + 2% (FECOEP);01/07/2023;0019
CERVEJAS, CHOPES, REFRIGERANTES E OUTRAS BEBIDAS;IV;10,178;0301001;;Coca-cola/Zero;S;PT 10/92;Art. 681, I do RICMS/02 e Port. 263/2023;;;;;;;;;;;;;10,71;19;2;19% + 2% (FECOEP);01/07/2023;0019
CERVEJAS, CHOPES, REFRIGERANTES E OUTRAS BEBIDAS;IV;10,179;0301001;;Coca-Cola Menos Açúcar;S;PT 10/92;Art. 681, I do RICMS/02 e Port. 263/2023;;;;;;;;;;;;;10,71;19;2;19% + 2% (FECOEP);01/07/2023;0019
CERVEJAS, CHOPES, REFRIGERANTES E OUTRAS BEBIDAS;IV;10,18;0301001;;Conti Cola (Todas);S;PT 10/92;Art. 681, I do RICMS/02 e Port. 263/2023;;;;;;;;;;;;;7,43;19;2;19% + 2% (FECOEP);01/07/2023;0019
CERVEJAS, CHOPES, REFRIGERANTES E OUTRAS BEBIDAS;IV;10,181;0301001;;Conti Sabores (todos);S;PT 10/92;Art. 681, I do RICMS/02 e Port. 263/2023;;;;;;;;;;;;;7,17;19;2;19% + 2% (FECOEP);01/07/2023;0019
CERVEJAS, CHOPES, REFRIGERANTES E OUTRAS BEBIDAS;IV;10,182;0301001;;Guaraná Antártica;S;PT 10/92;Art. 681, I do RICMS/02 e Port. 263/2023;;;;;;;;;;;;;9,45;19;2;19% + 2% (FECOEP);01/07/2023;0019
CERVEJAS, CHOPES, REFRIGERANTES E OUTRAS BEBIDAS;IV;10,183;0301001;;Pepsi-cola (todas);S;PT 10/92;Art. 681, I do RICMS/02 e Port. 263/2023;;;;;;;;;;;;;9,14;19;2;19% + 2% (FECOEP);01/07/2023;0019
CERVEJAS, CHOPES, REFRIGERANTES E OUTRAS BEBIDAS;IV;10,184;0301001;;Taubaiana;S;PT 10/92;Art. 681, I do RICMS/02 e Port. 263/2023;;;;;;;;;;;;;5,87;19;2;19% + 2% (FECOEP);01/07/2023;0019
CERVEJAS, CHOPES, REFRIGERANTES E OUTRAS BEBIDAS;IV;10,185;0301001;;Xamego;S;PT 10/92;Art. 681, I do RICMS/02 e Port. 263/2023;;;;;;;;;;;;;8,25;19;2;19% + 2% (FECOEP);01/07/2023;0019
CERVEJAS, CHOPES, REFRIGERANTES E OUTRAS BEBIDAS;IV;10,186;0301001;;Outras;S;PT 10/92;Art. 681, I do RICMS/02 e Port. 263/2023;;;;;;;;;;;;;13;19;2;19% + 2% (FECOEP);01/07/2023;0019
CERVEJAS, CHOPES, REFRIGERANTES E OUTRAS BEBIDAS;IV;10,187;0301002;;Antarctica Citrus;S;PT 10/92;Art. 681, I do RICMS/02 e Port. 263/2023;;;;;;;;;;;;;2,41;19;2;19% + 2% (FECOEP);01/07/2023;0019
CERVEJAS, CHOPES, REFRIGERANTES E OUTRAS BEBIDAS;IV;10,188;0301002;;Conti Cola (todas);S;PT 10/92;Art. 681, I do RICMS/02 e Port. 263/2023;;;;;;;;;;;;;1,88;19;2;19% + 2% (FECOEP);01/07/2023;0019
CERVEJAS, CHOPES, REFRIGERANTES E OUTRAS BEBIDAS;IV;10,189;0301002;;Conti Sabores (todos);S;PT 10/92;Art. 681, I do RICMS/02 e Port. 263/2023;;;;;;;;;;;;;1,75;19;2;19% + 2% (FECOEP);01/07/2023;0019
CERVEJAS, CHOPES, REFRIGERANTES E OUTRAS BEBIDAS;IV;10,19;0301002;;Guaraná Antártica (todos);S;PT 10/92;Art. 681, I do RICMS/02 e Port. 263/2023;;;;;;;;;;;;;1,86;19;2;19% + 2% (FECOEP);01/07/2023;0019
CERVEJAS, CHOPES, REFRIGERANTES E OUTRAS BEBIDAS;IV;10,191;0301002;;Pepsi Cola (todas);S;PT 10/92;Art. 681, I do RICMS/02 e Port. 263/2023;;;;;;;;;;;;;2,04;19;2;19% + 2% (FECOEP);01/07/2023;0019
CERVEJAS, CHOPES, REFRIGERANTES E OUTRAS BEBIDAS;IV;10,192;0301002;;São Geraldo Caju;S;PT 10/92;Art. 681, I do RICMS/02 e Port. 263/2023;;;;;;;;;;;;;2,25;19;2;19% + 2% (FECOEP);01/07/2023;0019
CERVEJAS, CHOPES, REFRIGERANTES E OUTRAS BEBIDAS;IV;10,1929999999999;0301002;;Sleek Can Coca Cola;S;PT 10/92;Art. 681, I do RICMS/02 e Port. 263/2023;;;;;;;;;;;;;2,62;19;2;19% + 2% (FECOEP);01/07/2023;0019
CERVEJAS, CHOPES, REFRIGERANTES E OUTRAS BEBIDAS;IV;10,1939999999999;0301002;;Sleek Can Coca Cola zero/Sem açucar;S;PT 10/92;Art. 681, I do RICMS/02 e Port. 263/2023;;;;;;;;;;;;;2,45;19;2;19% + 2% (FECOEP);01/07/2023;0019
CERVEJAS, CHOPES, REFRIGERANTES E OUTRAS BEBIDAS;IV;10,1949999999999;0301002;;Sleek Can Coca Cola Café;S;PT 10/92;Art. 681, I do RICMS/02 e Port. 263/2023;;;;;;;;;;;;;2,65;19;2;19% + 2% (FECOEP);01/07/2023;0019
CERVEJAS, CHOPES, REFRIGERANTES E OUTRAS BEBIDAS;IV;10,1959999999999;0301002;;Sleek Can Fanta (todas);S;PT 10/92;Art. 681, I do RICMS/02 e Port. 263/2023;;;;;;;;;;;;;2,09;19;2;19% + 2% (FECOEP);01/07/2023;0019
CERVEJAS, CHOPES, REFRIGERANTES E OUTRAS BEBIDAS;IV;10,1969999999999;0301002;;Sleek Can Kuat/zero;S;PT 10/92;Art. 681, I do RICMS/02 e Port. 263/2023;;;;;;;;;;;;;1,97;19;2;19% + 2% (FECOEP);01/07/2023;0019
CERVEJAS, CHOPES, REFRIGERANTES E OUTRAS BEBIDAS;IV;10,1979999999999;0301002;;Sleek Can Sprite/zero;S;PT 10/92;Art. 681, I do RICMS/02 e Port. 263/2023;;;;;;;;;;;;;1,96;19;2;19% + 2% (FECOEP);01/07/2023;0019
CERVEJAS, CHOPES, REFRIGERANTES E OUTRAS BEBIDAS;IV;10,1989999999999;0301002;;Taubaiana;S;PT 10/92;Art. 681, I do RICMS/02 e Port. 263/2023;;;;;;;;;;;;;1,62;19;2;19% + 2% (FECOEP);01/07/2023;0019
CERVEJAS, CHOPES, REFRIGERANTES E OUTRAS BEBIDAS;IV;10,1999999999999;0301002;;Outras;S;PT 10/92;Art. 681, I do RICMS/02 e Port. 263/2023;;;;;;;;;;;;;3;19;2;19% + 2% (FECOEP);01/07/2023;0019
CERVEJAS, CHOPES, REFRIGERANTES E OUTRAS BEBIDAS;IV;10,2009999999999;0301002;;Cerpa (todos);S;PT 10/92;Art. 681, I do RICMS/02 e Port. 263/2023;;;;;;;;;;;;;1,79;19;2;19% + 2% (FECOEP);01/07/2023;0019
CERVEJAS, CHOPES, REFRIGERANTES E OUTRAS BEBIDAS;IV;10,2019999999999;0301002;;Coca-Cola (todos);S;PT 10/92;Art. 681, I do RICMS/02 e Port. 263/2023;;;;;;;;;;;;;3,56;19;2;19% + 2% (FECOEP);01/07/2023;0019
CERVEJAS, CHOPES, REFRIGERANTES E OUTRAS BEBIDAS;IV;10,2029999999999;0301002;;Coca-Cola Color 6 unidades (combo);S;PT 10/92;Art. 681, I do RICMS/02 e Port. 263/2023;;;;;;;;;;;;;16,22;19;2;19% + 2% (FECOEP);01/07/2023;0019
CERVEJAS, CHOPES, REFRIGERANTES E OUTRAS BEBIDAS;IV;10,2039999999999;0301002;;Coca-Cola sem açúcar 6 unidades (combo);S;PT 10/92;Art. 681, I do RICMS/02 e Port. 263/2023;;;;;;;;;;;;;15,24;19;2;19% + 2% (FECOEP);01/07/2023;0019
CERVEJAS, CHOPES, REFRIGERANTES E OUTRAS BEBIDAS;IV;10,2049999999999;0301002;;Coca-Cola Color sem açúcar Byte Pixel;S;PT 10/92;Art. 681, I do RICMS/02 e Port. 263/2023;;;;;;;;;;;;;3,60;19;2;19% + 2% (FECOEP);01/07/2023;0019
CERVEJAS, CHOPES, REFRIGERANTES E OUTRAS BEBIDAS;IV;10,2059999999999;0301002;;Conti Cola (todas);S;PT 10/92;Art. 681, I do RICMS/02 e Port. 263/2023;;;;;;;;;;;;;2,36;19;2;19% + 2% (FECOEP);01/07/2023;0019
CERVEJAS, CHOPES, REFRIGERANTES E OUTRAS BEBIDAS;IV;10,2069999999999;0301002;;Conti Sabores;S;PT 10/92;Art. 681, I do RICMS/02 e Port. 263/2023;;;;;;;;;;;;;2,15;19;2;19% + 2% (FECOEP);01/07/2023;0019
CERVEJAS, CHOPES, REFRIGERANTES E OUTRAS BEBIDAS;IV;10,2079999999999;0301002;;Fanta Laranja 6 unidades (combo);S;PT 10/92;Art. 681, I do RICMS/02 e Port. 263/2023;;;;;;;;;;;;;15,17;19;2;19% + 2% (FECOEP);01/07/2023;0019
CERVEJAS, CHOPES, REFRIGERANTES E OUTRAS BEBIDAS;IV;10,2089999999999;0301002;;Fanta (todas);S;PT 10/92;Art. 681, I do RICMS/02 e Port. 263/2023;;;;;;;;;;;;;3,27;19;2;19% + 2% (FECOEP);01/07/2023;0019
CERVEJAS, CHOPES, REFRIGERANTES E OUTRAS BEBIDAS;IV;10,2099999999999;0301002;;FYS;S;PT 10/92;Art. 681, I do RICMS/02 e Port. 263/2023;;;;;;;;;;;;;2,72;19;2;19% + 2% (FECOEP);01/07/2023;0019
CERVEJAS, CHOPES, REFRIGERANTES E OUTRAS BEBIDAS;IV;10,2109999999999;0301002;;Guaraná Antarctica (todos);S;PT 10/92;Art. 681, I do RICMS/02 e Port. 263/2023;;;;;;;;;;;;;3,16;19;2;19% + 2% (FECOEP);01/07/2023;0019
CERVEJAS, CHOPES, REFRIGERANTES E OUTRAS BEBIDAS;IV;10,2119999999999;0301002;;Guaraná Antarctica 310 ml (todos);S;PT 10/92;Art. 681, I do RICMS/02 e Port. 263/2023;;;;;;;;;;;;;2,30;19;2;19% + 2% (FECOEP);01/07/2023;0019
CERVEJAS, CHOPES, REFRIGERANTES E OUTRAS BEBIDAS;IV;10,2129999999999;0301002;;Guaraná Kuat / Zero;S;PT 10/92;Art. 681, I do RICMS/02 e Port. 263/2023;;;;;;;;;;;;;3,08;19;2;19% + 2% (FECOEP);01/07/2023;0019
CERVEJAS, CHOPES, REFRIGERANTES E OUTRAS BEBIDAS;IV;10,2139999999999;0301002;;IT!;S;PT 10/92;Art. 681, I do RICMS/02 e Port. 263/2023;;;;;;;;;;;;;2,53;19;2;19% + 2% (FECOEP);01/07/2023;0019
CERVEJAS, CHOPES, REFRIGERANTES E OUTRAS BEBIDAS;IV;10,2149999999999;0301002;;Itubaina;S;PT 10/92;Art. 681, I do RICMS/02 e Port. 263/2023;;;;;;;;;;;;;1,97;19;2;19% + 2% (FECOEP);01/07/2023;0019
CERVEJAS, CHOPES, REFRIGERANTES E OUTRAS BEBIDAS;IV;10,2159999999999;0301002;;Jesus;S;PT 10/92;Art. 681, I do RICMS/02 e Port. 263/2023;;;;;;;;;;;;;3,23;19;2;19% + 2% (FECOEP);01/07/2023;0019
CERVEJAS, CHOPES, REFRIGERANTES E OUTRAS BEBIDAS;IV;10,2169999999999;0301002;;Pepsi-Cola (todas);S;PT 10/92;Art. 681, I do RICMS/02 e Port. 263/2023;;;;;;;;;;;;;3,07;19;2;19% + 2% (FECOEP);01/07/2023;0019
CERVEJAS, CHOPES, REFRIGERANTES E OUTRAS BEBIDAS;IV;10,2179999999999;0301002;;Pepsi-Cola 310 ml (todas);S;PT 10/92;Art. 681, I do RICMS/02 e Port. 263/2023;;;;;;;;;;;;;2,30;19;2;19% + 2% (FECOEP);01/07/2023;0019
CERVEJAS, CHOPES, REFRIGERANTES E OUTRAS BEBIDAS;IV;10,2189999999999;0301002;;Soda Limonada (todas);S;PT 10/92;Art. 681, I do RICMS/02 e Port. 263/2023;;;;;;;;;;;;;3,12;19;2;19% + 2% (FECOEP);01/07/2023;0019
CERVEJAS, CHOPES, REFRIGERANTES E OUTRAS BEBIDAS;IV;10,2199999999999;0301002;;Sprite / Zero;S;PT 10/92;Art. 681, I do RICMS/02 e Port. 263/2023;;;;;;;;;;;;;3,28;19;2;19% + 2% (FECOEP);01/07/2023;0019
CERVEJAS, CHOPES, REFRIGERANTES E OUTRAS BEBIDAS;IV;10,2209999999999;0301002;;Sukita (todas);S;PT 10/92;Art. 681, I do RICMS/02 e Port. 263/2023;;;;;;;;;;;;;2,95;19;2;19% + 2% (FECOEP);01/07/2023;0019
CERVEJAS, CHOPES, REFRIGERANTES E OUTRAS BEBIDAS;IV;10,2219999999999;0301002;;Viva Schin Cola;S;PT 10/92;Art. 681, I do RICMS/02 e Port. 263/2023;;;;;;;;;;;;;2,53;19;2;19% + 2% (FECOEP);01/07/2023;0019
CERVEJAS, CHOPES, REFRIGERANTES E OUTRAS BEBIDAS;IV;10,2229999999999;0301002;;Viva Schin Sabores;S;PT 10/92;Art. 681, I do RICMS/02 e Port. 263/2023;;;;;;;;;;;;;2,53;19;2;19% + 2% (FECOEP);01/07/2023;0019
CERVEJAS, CHOPES, REFRIGERANTES E OUTRAS BEBIDAS;IV;10,2239999999999;0301002;;Wewi (todos);S;PT 10/92;Art. 681, I do RICMS/02 e Port. 263/2023;;;;;;;;;;;;;4,15;19;2;19% + 2% (FECOEP);01/07/2023;0019
CERVEJAS, CHOPES, REFRIGERANTES E OUTRAS BEBIDAS;IV;10,2249999999999;0301002;;Outros;S;PT 10/92;Art. 681, I do RICMS/02 e Port. 263/2023;;;;;;;;;;;;;5,5;19;2;19% + 2% (FECOEP);01/07/2023;0019
CERVEJAS, CHOPES, REFRIGERANTES E OUTRAS BEBIDAS;IV;10,2259999999999;0301000;;Classic;S;PT 10/92;Art. 681, I do RICMS/02 e Port. 263/2023;;;;;;;;;;;;;3,57;19;2;19% + 2% (FECOEP);01/07/2023;0019
CERVEJAS, CHOPES, REFRIGERANTES E OUTRAS BEBIDAS;IV;10,2269999999999;0301000;;Club Soda;S;PT 10/92;Art. 681, I do RICMS/02 e Port. 263/2023;;;;;;;;;;;;;3,57;19;2;19% + 2% (FECOEP);01/07/2023;0019
CERVEJAS, CHOPES, REFRIGERANTES E OUTRAS BEBIDAS;IV;10,2279999999999;0301000;;Club Soda Classic;S;PT 10/92;Art. 681, I do RICMS/02 e Port. 263/2023;;;;;;;;;;;;;3,57;19;2;19% + 2% (FECOEP);01/07/2023;0019
CERVEJAS, CHOPES, REFRIGERANTES E OUTRAS BEBIDAS;IV;10,2289999999999;0301000;;Wewi Tônica Clássica Zero;S;PT 10/92;Art. 681, I do RICMS/02 e Port. 263/2023;;;;;;;;;;;;;3,33;19;2;19% + 2% (FECOEP);01/07/2023;0019
CERVEJAS, CHOPES, REFRIGERANTES E OUTRAS BEBIDAS;IV;10,2299999999999;0301000;;Wewi Tônica Clássica Rose Zero;S;PT 10/92;Art. 681, I do RICMS/02 e Port. 263/2023;;;;;;;;;;;;;3,33;19;2;19% + 2% (FECOEP);01/07/2023;0019
CERVEJAS, CHOPES, REFRIGERANTES E OUTRAS BEBIDAS;IV;10,2309999999999;0301000;;Wewi Tônica Sabores;S;PT 10/92;Art. 681, I do RICMS/02 e Port. 263/2023;;;;;;;;;;;;;3,33;19;2;19% + 2% (FECOEP);01/07/2023;0019
CERVEJAS, CHOPES, REFRIGERANTES E OUTRAS BEBIDAS;IV;10,2319999999999;0301000;;Outras;S;PT 10/92;Art. 681, I do RICMS/02 e Port. 263/2023;;;;;;;;;;;;;5;19;2;19% + 2% (FECOEP);01/07/2023;0019
CERVEJAS, CHOPES, REFRIGERANTES E OUTRAS BEBIDAS;IV;10,2329999999999;0301000;;Todas;S;PT 10/92;Art. 681, I do RICMS/02 e Port. 263/2023;;;;;;;;;;;;;3,36;19;2;19% + 2% (FECOEP);01/07/2023;0019
CERVEJAS, CHOPES, REFRIGERANTES E OUTRAS BEBIDAS;IV;10,2339999999999;0301002;;Tônica Antarctica;S;PT 10/92;Art. 681, I do RICMS/02 e Port. 263/2023;;;;;;;;;;;;;2,37;19;2;19% + 2% (FECOEP);01/07/2023;0019
CERVEJAS, CHOPES, REFRIGERANTES E OUTRAS BEBIDAS;IV;10,2349999999999;0301002;;Tônica Clássica Orgânica Wewi;S;PT 10/92;Art. 681, I do RICMS/02 e Port. 263/2023;;;;;;;;;;;;;3,04;19;2;19% + 2% (FECOEP);01/07/2023;0019
CERVEJAS, CHOPES, REFRIGERANTES E OUTRAS BEBIDAS;IV;10,2359999999999;0301002;;Tônica Clássica Orgânica Zero Wewi;S;PT 10/92;Art. 681, I do RICMS/02 e Port. 263/2023;;;;;;;;;;;;;3,8;19;2;19% + 2% (FECOEP);01/07/2023;0019
CERVEJAS, CHOPES, REFRIGERANTES E OUTRAS BEBIDAS;IV;10,2369999999999;0301002;;Tônica Rose Organica Wewi;S;PT 10/92;Art. 681, I do RICMS/02 e Port. 263/2023;;;;;;;;;;;;;3,04;19;2;19% + 2% (FECOEP);01/07/2023;0019
CERVEJAS, CHOPES, REFRIGERANTES E OUTRAS BEBIDAS;IV;10,2379999999999;0301002;;Tônica Rose Organica Zero Wewi;S;PT 10/92;Art. 681, I do RICMS/02 e Port. 263/2023;;;;;;;;;;;;;3,8;19;2;19% + 2% (FECOEP);01/07/2023;0019
CERVEJAS, CHOPES, REFRIGERANTES E OUTRAS BEBIDAS;IV;10,2389999999999;0301002;;Outras;S;PT 10/92;Art. 681, I do RICMS/02 e Port. 263/2023;;;;;;;;;;;;;4,4;19;2;19% + 2% (FECOEP);01/07/2023;0019
CERVEJAS, CHOPES, REFRIGERANTES E OUTRAS BEBIDAS;IV;10,2399999999999;0301002;;Cidade Imperial;S;PT 10/92;Art. 681, I do RICMS/02 e Port. 263/2023;;;;;;;;;;;;;2,65;19;2;19% + 2% (FECOEP);01/07/2023;0019
CERVEJAS, CHOPES, REFRIGERANTES E OUTRAS BEBIDAS;IV;10,2409999999999;0301002;;Cidade Imperial Zero Açúcares;S;PT 10/92;Art. 681, I do RICMS/02 e Port. 263/2023;;;;;;;;;;;;;2,65;19;2;19% + 2% (FECOEP);01/07/2023;0019
CERVEJAS, CHOPES, REFRIGERANTES E OUTRAS BEBIDAS;IV;10,2419999999999;0301002;;Classic;S;PT 10/92;Art. 681, I do RICMS/02 e Port. 263/2023;;;;;;;;;;;;;3,38;19;2;19% + 2% (FECOEP);01/07/2023;0019
CERVEJAS, CHOPES, REFRIGERANTES E OUTRAS BEBIDAS;IV;10,2429999999999;0301002;;Club Soda;S;PT 10/92;Art. 681, I do RICMS/02 e Port. 263/2023;;;;;;;;;;;;;3,88;19;2;19% + 2% (FECOEP);01/07/2023;0019
CERVEJAS, CHOPES, REFRIGERANTES E OUTRAS BEBIDAS;IV;10,2439999999999;0301002;;Club Soda Classic;S;PT 10/92;Art. 681, I do RICMS/02 e Port. 263/2023;;;;;;;;;;;;;3,5;19;2;19% + 2% (FECOEP);01/07/2023;0019
CERVEJAS, CHOPES, REFRIGERANTES E OUTRAS BEBIDAS;IV;10,2449999999999;0301002;;FYS Tônica;S;PT 10/92;Art. 681, I do RICMS/02 e Port. 263/2023;;;;;;;;;;;;;2,91;19;2;19% + 2% (FECOEP);01/07/2023;0019
CERVEJAS, CHOPES, REFRIGERANTES E OUTRAS BEBIDAS;IV;10,2459999999999;0301002;;Petra Água tônica;S;PT 10/92;Art. 681, I do RICMS/02 e Port. 263/2023;;;;;;;;;;;;;2,91;19;2;19% + 2% (FECOEP);01/07/2023;0019
CERVEJAS, CHOPES, REFRIGERANTES E OUTRAS BEBIDAS;IV;10,2469999999999;0301002;;Petra Água Tônica Zero Açúcar;S;PT 10/92;Art. 681, I do RICMS/02 e Port. 263/2023;;;;;;;;;;;;;2,91;19;2;19% + 2% (FECOEP);01/07/2023;0019
CERVEJAS, CHOPES, REFRIGERANTES E OUTRAS BEBIDAS;IV;10,2479999999999;0301002;;Schweppes (todas);S;PT 10/92;Art. 681, I do RICMS/02 e Port. 263/2023;;;;;;;;;;;;;3,93;19;2;19% + 2% (FECOEP);01/07/2023;0019
CERVEJAS, CHOPES, REFRIGERANTES E OUTRAS BEBIDAS;IV;10,2489999999999;0301002;;Tônica Antarctica (todas);S;PT 10/92;Art. 681, I do RICMS/02 e Port. 263/2023;;;;;;;;;;;;;3,73;19;2;19% + 2% (FECOEP);01/07/2023;0019
CERVEJAS, CHOPES, REFRIGERANTES E OUTRAS BEBIDAS;IV;10,2499999999999;0301002;;Tônica Citrus;S;PT 10/92;Art. 681, I do RICMS/02 e Port. 263/2023;;;;;;;;;;;;;3,78;19;2;19% + 2% (FECOEP);01/07/2023;0019
CERVEJAS, CHOPES, REFRIGERANTES E OUTRAS BEBIDAS;IV;10,2509999999999;0301002;;Tônica Schin;S;PT 10/92;Art. 681, I do RICMS/02 e Port. 263/2023;;;;;;;;;;;;;3;19;2;19% + 2% (FECOEP);01/07/2023;0019
CERVEJAS, CHOPES, REFRIGERANTES E OUTRAS BEBIDAS;IV;10,2519999999999;0301002;;Outras;S;PT 10/92;Art. 681, I do RICMS/02 e Port. 263/2023;;;;;;;;;;;;;5;19;2;19% + 2% (FECOEP);01/07/2023;0019
CERVEJAS, CHOPES, REFRIGERANTES E OUTRAS BEBIDAS;IV;11,08;0301100;;Citrus Classic 1000 ml;S;PT 10/92;Art. 681, I do RICMS/02 e Port. 263/2023;;;;;;;;;;;;;5,96;19;2;19% + 2% (FECOEP);01/07/2023;0019
CERVEJAS, CHOPES, REFRIGERANTES E OUTRAS BEBIDAS;IV;11,09;0301100;;Citrus Classic 1500 ml;S;PT 10/92;Art. 681, I do RICMS/02 e Port. 263/2023;;;;;;;;;;;;;5,96;19;2;19% + 2% (FECOEP);01/07/2023;0019
CERVEJAS, CHOPES, REFRIGERANTES E OUTRAS BEBIDAS;IV;11,1;0301100;;Schweppes citrus PET 1500 ml;S;PT 10/92;Art. 681, I do RICMS/02 e Port. 263/2023;;;;;;;;;;;;;6,6;19;2;19% + 2% (FECOEP);01/07/2023;0019
CERVEJAS, CHOPES, REFRIGERANTES E OUTRAS BEBIDAS;IV;11,11;0301100;;Tônica Antarctica 1000 ml;S;PT 10/92;Art. 681, I do RICMS/02 e Port. 263/2023;;;;;;;;;;;;;6,5;19;2;19% + 2% (FECOEP);01/07/2023;0019
CERVEJAS, CHOPES, REFRIGERANTES E OUTRAS BEBIDAS;IV;11,12;0301100;;Tônica Classic 1000 ml;S;PT 10/92;Art. 681, I do RICMS/02 e Port. 263/2023;;;;;;;;;;;;;5,96;19;2;19% + 2% (FECOEP);01/07/2023;0019
CERVEJAS, CHOPES, REFRIGERANTES E OUTRAS BEBIDAS;IV;11,13;0301100;;Outros 1000 ml;S;PT 10/92;Art. 681, I do RICMS/02 e Port. 263/2023;;;;;;;;;;;;;8;19;2;19% + 2% (FECOEP);01/07/2023;0019
CERVEJAS, CHOPES, REFRIGERANTES E OUTRAS BEBIDAS;IV;11,14;0301100;;Outros 1500 ml;S;PT 10/92;Art. 681, I do RICMS/02 e Port. 263/2023;;;;;;;;;;;;;9;19;2;19% + 2% (FECOEP);01/07/2023;0019
CERVEJAS, CHOPES, REFRIGERANTES E OUTRAS BEBIDAS;IV;12;0301200;;Todos;S;PT 10/92;Art. 681, I do RICMS/02 e Port. 263/2023;;;;;;;;;;;;;40;19;2;19% + 2% (FECOEP);01/07/2023;0019
CERVEJAS, CHOPES, REFRIGERANTES E OUTRAS BEBIDAS;IV;13;0301300;;220 Volts Lata 250 ml;S;PT 10/92;Art. 681, I do RICMS/02 e Port. 263/2023;;;;;;;;;;;;;5,98;19;2;19% + 2% (FECOEP);01/07/2023;0019
CERVEJAS, CHOPES, REFRIGERANTES E OUTRAS BEBIDAS;IV;13,01;0301300;;220 Volts Lata 473 ml;S;PT 10/92;Art. 681, I do RICMS/02 e Port. 263/2023;;;;;;;;;;;;;7,67;19;2;19% + 2% (FECOEP);01/07/2023;0019
CERVEJAS, CHOPES, REFRIGERANTES E OUTRAS BEBIDAS;IV;13,02;0301300;;Adrenalima lata 250 ml;S;PT 10/92;Art. 681, I do RICMS/02 e Port. 263/2023;;;;;;;;;;;;;2,66;19;2;19% + 2% (FECOEP);01/07/2023;0019
CERVEJAS, CHOPES, REFRIGERANTES E OUTRAS BEBIDAS;IV;13,03;0301300;;Bad Boy Lata de 269 ml;S;PT 10/92;Art. 681, I do RICMS/02 e Port. 263/2023;;;;;;;;;;;;;7,04;19;2;19% + 2% (FECOEP);01/07/2023;0019
CERVEJAS, CHOPES, REFRIGERANTES E OUTRAS BEBIDAS;IV;13,04;0301300;;Bad Wolf Lata 269 ml;S;PT 10/92;Art. 681, I do RICMS/02 e Port. 263/2023;;;;;;;;;;;;;3,71;19;2;19% + 2% (FECOEP);01/07/2023;0019
CERVEJAS, CHOPES, REFRIGERANTES E OUTRAS BEBIDAS;IV;13,05;0301300;;Bad Wolf Lata PET 270 ml;S;PT 10/92;Art. 681, I do RICMS/02 e Port. 263/2023;;;;;;;;;;;;;2,88;19;2;19% + 2% (FECOEP);01/07/2023;0019
CERVEJAS, CHOPES, REFRIGERANTES E OUTRAS BEBIDAS;IV;13,06;0301300;;Baly Lata (todos) 250 ml;S;PT 10/92;Art. 681, I do RICMS/02 e Port. 263/2023;;;;;;;;;;;;;3,93;19;2;19% + 2% (FECOEP);01/07/2023;0019
CERVEJAS, CHOPES, REFRIGERANTES E OUTRAS BEBIDAS;IV;13,07;0301301;;Baly Pet (todos) 250 ml;S;PT 10/92;Art. 681, I do RICMS/02 e Port. 263/2023;;;;;;;;;;;;;2,82;19;2;19% + 2% (FECOEP);01/07/2023;0019
CERVEJAS, CHOPES, REFRIGERANTES E OUTRAS BEBIDAS;IV;13,08;0301300;;Baly Lata (todos) 473 ml;S;PT 10/92;Art. 681, I do RICMS/02 e Port. 263/2023;;;;;;;;;;;;;5,63;19;2;19% + 2% (FECOEP);01/07/2023;0019
CERVEJAS, CHOPES, REFRIGERANTES E OUTRAS BEBIDAS;IV;13,09;0301300;;Big Extra Power Energy Lata 473 ml;S;PT 10/92;Art. 681, I do RICMS/02 e Port. 263/2023;;;;;;;;;;;;;5,96;19;2;19% + 2% (FECOEP);01/07/2023;0019
CERVEJAS, CHOPES, REFRIGERANTES E OUTRAS BEBIDAS;IV;13,1;0301300;;Big Power Lata 269 ml;S;PT 10/92;Art. 681, I do RICMS/02 e Port. 263/2023;;;;;;;;;;;;;5;19;2;19% + 2% (FECOEP);01/07/2023;0019
CERVEJAS, CHOPES, REFRIGERANTES E OUTRAS BEBIDAS;IV;13,11;0301300;;Big Power PET 600 ml;S;PT 10/92;Art. 681, I do RICMS/02 e Port. 263/2023;;;;;;;;;;;;;4,88;19;2;19% + 2% (FECOEP);01/07/2023;0019
CERVEJAS, CHOPES, REFRIGERANTES E OUTRAS BEBIDAS;IV;13,12;0301300;;Bivolt Power Lata 250 ml;S;PT 10/92;Art. 681, I do RICMS/02 e Port. 263/2023;;;;;;;;;;;;;5,67;19;2;19% + 2% (FECOEP);01/07/2023;0019
CERVEJAS, CHOPES, REFRIGERANTES E OUTRAS BEBIDAS;IV;13,13;0301300;;Bivolt Gold Lata de 269 ml;S;PT 10/92;Art. 681, I do RICMS/02 e Port. 263/2023;;;;;;;;;;;;;3,71;19;2;19% + 2% (FECOEP);01/07/2023;0019
CERVEJAS, CHOPES, REFRIGERANTES E OUTRAS BEBIDAS;IV;13,14;0301301;;Bivolt Power Pet 250 ml;S;PT 10/92;Art. 681, I do RICMS/02 e Port. 263/2023;;;;;;;;;;;;;4,22;19;2;19% + 2% (FECOEP);01/07/2023;0019
CERVEJAS, CHOPES, REFRIGERANTES E OUTRAS BEBIDAS;IV;13,15;0301300;;Blade Energy Original/Tropical Lata 269 ml;S;PT 10/92;Art. 681, I do RICMS/02 e Port. 263/2023;;;;;;;;;;;;;3,82;19;2;19% + 2% (FECOEP);01/07/2023;0019
CERVEJAS, CHOPES, REFRIGERANTES E OUTRAS BEBIDAS;IV;13,16;0301300;;Bolt Energy Drink Lata 269 ml;S;PT 10/92;Art. 681, I do RICMS/02 e Port. 263/2023;;;;;;;;;;;;;5,75;19;2;19% + 2% (FECOEP);01/07/2023;0019
CERVEJAS, CHOPES, REFRIGERANTES E OUTRAS BEBIDAS;IV;13,17;0301301;;Bug Energy Drink Pet 250 ml;S;PT 10/92;Art. 681, I do RICMS/02 e Port. 263/2023;;;;;;;;;;;;;5,64;19;2;19% + 2% (FECOEP);01/07/2023;0019
CERVEJAS, CHOPES, REFRIGERANTES E OUTRAS BEBIDAS;IV;13,18;0301301;;Bug Energy Drink Pet 500 ml;S;PT 10/92;Art. 681, I do RICMS/02 e Port. 263/2023;;;;;;;;;;;;;9,05;19;2;19% + 2% (FECOEP);01/07/2023;0019
CERVEJAS, CHOPES, REFRIGERANTES E OUTRAS BEBIDAS;IV;13,19;0301300;;Burn Lata/Garrafa 260 ml;S;PT 10/92;Art. 681, I do RICMS/02 e Port. 263/2023;;;;;;;;;;;;;5,84;19;2;19% + 2% (FECOEP);01/07/2023;0019
CERVEJAS, CHOPES, REFRIGERANTES E OUTRAS BEBIDAS;IV;13,2;0301300;;Burn Lata/Garrafa 473 ml;S;PT 10/92;Art. 681, I do RICMS/02 e Port. 263/2023;;;;;;;;;;;;;11,15;19;2;19% + 2% (FECOEP);01/07/2023;0019
CERVEJAS, CHOPES, REFRIGERANTES E OUTRAS BEBIDAS;IV;13,21;0301300;;Cerpa Amazon Power Lata 269 ml;S;PT 10/92;Art. 681, I do RICMS/02 e Port. 263/2023;;;;;;;;;;;;;4,97;19;2;19% + 2% (FECOEP);01/07/2023;0019
CERVEJAS, CHOPES, REFRIGERANTES E OUTRAS BEBIDAS;IV;13,22;0301300;;Coca-Cola Energy Sleek Lata 310 ml;S;PT 10/92;Art. 681, I do RICMS/02 e Port. 263/2023;;;;;;;;;;;;;5,8;19;2;19% + 2% (FECOEP);01/07/2023;0019
CERVEJAS, CHOPES, REFRIGERANTES E OUTRAS BEBIDAS;IV;13,23;0301300;;Dopamina Energy Drink Lata 269ml (todos);S;PT 10/92;Art. 681, I do RICMS/02 e Port. 263/2023;;;;;;;;;;;;;5,14;19;2;19% + 2% (FECOEP);01/07/2023;0019
CERVEJAS, CHOPES, REFRIGERANTES E OUTRAS BEBIDAS;IV;13,24;0301300;;Dr UP Lata 269 ml;S;PT 10/92;Art. 681, I do RICMS/02 e Port. 263/2023;;;;;;;;;;;;;6,12;19;2;19% + 2% (FECOEP);01/07/2023;0019
CERVEJAS, CHOPES, REFRIGERANTES E OUTRAS BEBIDAS;IV;13,25;0301300;;Dub Life Pet 250 ml;S;PT 10/92;Art. 681, I do RICMS/02 e Port. 263/2023;;;;;;;;;;;;;2,66;19;2;19% + 2% (FECOEP);01/07/2023;0019
CERVEJAS, CHOPES, REFRIGERANTES E OUTRAS BEBIDAS;IV;13,26;0301301;;Dub Life Pet 330 ml;S;PT 10/92;Art. 681, I do RICMS/02 e Port. 263/2023;;;;;;;;;;;;;3,55;19;2;19% + 2% (FECOEP);01/07/2023;0019
CERVEJAS, CHOPES, REFRIGERANTES E OUTRAS BEBIDAS;IV;13,27;0301300;;El Loco (sabores) Lata 473 ml;S;PT 10/92;Art. 681, I do RICMS/02 e Port. 263/2023;;;;;;;;;;;;;5,49;19;2;19% + 2% (FECOEP);01/07/2023;0019
CERVEJAS, CHOPES, REFRIGERANTES E OUTRAS BEBIDAS;IV;13,28;0301300;;Eléctron 330 ml;S;PT 10/92;Art. 681, I do RICMS/02 e Port. 263/2023;;;;;;;;;;;;;2,81;19;2;19% + 2% (FECOEP);01/07/2023;0019
CERVEJAS, CHOPES, REFRIGERANTES E OUTRAS BEBIDAS;IV;13,29;0301300;;Ener Up Lata 269 ml;S;PT 10/92;Art. 681, I do RICMS/02 e Port. 263/2023;;;;;;;;;;;;;3,76;19;2;19% + 2% (FECOEP);01/07/2023;0019
CERVEJAS, CHOPES, REFRIGERANTES E OUTRAS BEBIDAS;IV;13,3;0301300;;Ener Up Lata 473 ml;S;PT 10/92;Art. 681, I do RICMS/02 e Port. 263/2023;;;;;;;;;;;;;6,85;19;2;19% + 2% (FECOEP);01/07/2023;0019
CERVEJAS, CHOPES, REFRIGERANTES E OUTRAS BEBIDAS;IV;13,31;0301301;;Ener Up Pet 250 ml;S;PT 10/92;Art. 681, I do RICMS/02 e Port. 263/2023;;;;;;;;;;;;;3,55;19;2;19% + 2% (FECOEP);01/07/2023;0019
CERVEJAS, CHOPES, REFRIGERANTES E OUTRAS BEBIDAS;IV;13,32;0301301;;Ener Up Pet 500 ml;S;PT 10/92;Art. 681, I do RICMS/02 e Port. 263/2023;;;;;;;;;;;;;5,3;19;2;19% + 2% (FECOEP);01/07/2023;0019
CERVEJAS, CHOPES, REFRIGERANTES E OUTRAS BEBIDAS;IV;13,33;0301300;;Fire Butterfly Lata 250 ml;S;PT 10/92;Art. 681, I do RICMS/02 e Port. 263/2023;;;;;;;;;;;;;4,44;19;2;19% + 2% (FECOEP);01/07/2023;0019
CERVEJAS, CHOPES, REFRIGERANTES E OUTRAS BEBIDAS;IV;13,34;0301300;;Fire Faconetes 25 ml;S;PT 10/92;Art. 681, I do RICMS/02 e Port. 263/2023;;;;;;;;;;;;;2,66;19;2;19% + 2% (FECOEP);01/07/2023;0019
CERVEJAS, CHOPES, REFRIGERANTES E OUTRAS BEBIDAS;IV;13,35;0301300;;Fire Lata 250 ml;S;PT 10/92;Art. 681, I do RICMS/02 e Port. 263/2023;;;;;;;;;;;;;6,04;19;2;19% + 2% (FECOEP);01/07/2023;0019
CERVEJAS, CHOPES, REFRIGERANTES E OUTRAS BEBIDAS;IV;13,36;0301300;;Fire Lata 310 ml;S;PT 10/92;Art. 681, I do RICMS/02 e Port. 263/2023;;;;;;;;;;;;;7,39;19;2;19% + 2% (FECOEP);01/07/2023;0019
CERVEJAS, CHOPES, REFRIGERANTES E OUTRAS BEBIDAS;IV;13,37;0301300;;Fire Lata 473 ml;S;PT 10/92;Art. 681, I do RICMS/02 e Port. 263/2023;;;;;;;;;;;;;7,53;19;2;19% + 2% (FECOEP);01/07/2023;0019
CERVEJAS, CHOPES, REFRIGERANTES E OUTRAS BEBIDAS;IV;13,38;0301301;;Fire Pet 250 ml;S;PT 10/92;Art. 681, I do RICMS/02 e Port. 263/2023;;;;;;;;;;;;;4,24;19;2;19% + 2% (FECOEP);01/07/2023;0019
CERVEJAS, CHOPES, REFRIGERANTES E OUTRAS BEBIDAS;IV;13,39;0301300;;Flying Horse Lata 270 ml;S;PT 10/92;Art. 681, I do RICMS/02 e Port. 263/2023;;;;;;;;;;;;;5,37;19;2;19% + 2% (FECOEP);01/07/2023;0019
CERVEJAS, CHOPES, REFRIGERANTES E OUTRAS BEBIDAS;IV;13,4;0301300;;Flying Horse Lata 473 ml;S;PT 10/92;Art. 681, I do RICMS/02 e Port. 263/2023;;;;;;;;;;;;;8,09;19;2;19% + 2% (FECOEP);01/07/2023;0019
CERVEJAS, CHOPES, REFRIGERANTES E OUTRAS BEBIDAS;IV;13,41;0301300;;Freepower EnergyDrink 500 ml;S;PT 10/92;Art. 681, I do RICMS/02 e Port. 263/2023;;;;;;;;;;;;;5,1;19;2;19% + 2% (FECOEP);01/07/2023;0019
CERVEJAS, CHOPES, REFRIGERANTES E OUTRAS BEBIDAS;IV;13,42;0301300;;Freepower EnergyDrink 600 ml;S;PT 10/92;Art. 681, I do RICMS/02 e Port. 263/2023;;;;;;;;;;;;;5,31;19;2;19% + 2% (FECOEP);01/07/2023;0019
CERVEJAS, CHOPES, REFRIGERANTES E OUTRAS BEBIDAS;IV;13,43;0301300;;Fuel Energy Drink 250 ml;S;PT 10/92;Art. 681, I do RICMS/02 e Port. 263/2023;;;;;;;;;;;;;5,68;19;2;19% + 2% (FECOEP);01/07/2023;0019
CERVEJAS, CHOPES, REFRIGERANTES E OUTRAS BEBIDAS;IV;13,44;0301300;;Full Energy Drink Lata 269 ml;S;PT 10/92;Art. 681, I do RICMS/02 e Port. 263/2023;;;;;;;;;;;;;5,52;19;2;19% + 2% (FECOEP);01/07/2023;0019
CERVEJAS, CHOPES, REFRIGERANTES E OUTRAS BEBIDAS;IV;13,45;0301300;;Fusion 250 ml;S;PT 10/92;Art. 681, I do RICMS/02 e Port. 263/2023;;;;;;;;;;;;;5,45;19;2;19% + 2% (FECOEP);01/07/2023;0019
CERVEJAS, CHOPES, REFRIGERANTES E OUTRAS BEBIDAS;IV;13,46;0301300;;Fusion 500 ml;S;PT 10/92;Art. 681, I do RICMS/02 e Port. 263/2023;;;;;;;;;;;;;4,72;19;2;19% + 2% (FECOEP);01/07/2023;0019
CERVEJAS, CHOPES, REFRIGERANTES E OUTRAS BEBIDAS;IV;13,47;0301300;;Fusion Lata 473 ml;S;PT 10/92;Art. 681, I do RICMS/02 e Port. 263/2023;;;;;;;;;;;;;5,89;19;2;19% + 2% (FECOEP);01/07/2023;0019
CERVEJAS, CHOPES, REFRIGERANTES E OUTRAS BEBIDAS;IV;13,48;0301300;;Hell Energy 250 ml;S;PT 10/92;Art. 681, I do RICMS/02 e Port. 263/2023;;;;;;;;;;;;;4,36;19;2;19% + 2% (FECOEP);01/07/2023;0019
CERVEJAS, CHOPES, REFRIGERANTES E OUTRAS BEBIDAS;IV;13,49;0301300;;Hiro Lata 250 ml;S;PT 10/92;Art. 681, I do RICMS/02 e Port. 263/2023;;;;;;;;;;;;;5,09;19;2;19% + 2% (FECOEP);01/07/2023;0019
CERVEJAS, CHOPES, REFRIGERANTES E OUTRAS BEBIDAS;IV;13,5;0301300;;HP Lata 269 ml;S;PT 10/92;Art. 681, I do RICMS/02 e Port. 263/2023;;;;;;;;;;;;;6,11;19;2;19% + 2% (FECOEP);01/07/2023;0019
CERVEJAS, CHOPES, REFRIGERANTES E OUTRAS BEBIDAS;IV;13,51;0301300;;HP Lata 340 ml;S;PT 10/92;Art. 681, I do RICMS/02 e Port. 263/2023;;;;;;;;;;;;;7,81;19;2;19% + 2% (FECOEP);01/07/2023;0019
CERVEJAS, CHOPES, REFRIGERANTES E OUTRAS BEBIDAS;IV;13,52;0301300;;Hype MPF Original 250 ml;S;PT 10/92;Art. 681, I do RICMS/02 e Port. 263/2023;;;;;;;;;;;;;4,99;19;2;19% + 2% (FECOEP);01/07/2023;0019
CERVEJAS, CHOPES, REFRIGERANTES E OUTRAS BEBIDAS;IV;13,53;0301300;;Hype MPF Sem açúcar 250 ml;S;PT 10/92;Art. 681, I do RICMS/02 e Port. 263/2023;;;;;;;;;;;;;4,99;19;2;19% + 2% (FECOEP);01/07/2023;0019
CERVEJAS, CHOPES, REFRIGERANTES E OUTRAS BEBIDAS;IV;13,54;0301300;;Hype MPF Tropical 250 ml;S;PT 10/92;Art. 681, I do RICMS/02 e Port. 263/2023;;;;;;;;;;;;;4,99;19;2;19% + 2% (FECOEP);01/07/2023;0019
CERVEJAS, CHOPES, REFRIGERANTES E OUTRAS BEBIDAS;IV;13,55;0301300;;Hype MPF Tropical Enlite 250 ml;S;PT 10/92;Art. 681, I do RICMS/02 e Port. 263/2023;;;;;;;;;;;;;4,99;19;2;19% + 2% (FECOEP);01/07/2023;0019
CERVEJAS, CHOPES, REFRIGERANTES E OUTRAS BEBIDAS;IV;13,56;0301300;;Hype MPF Tropical UP 250 ml;S;PT 10/92;Art. 681, I do RICMS/02 e Port. 263/2023;;;;;;;;;;;;;4,99;19;2;19% + 2% (FECOEP);01/07/2023;0019
CERVEJAS, CHOPES, REFRIGERANTES E OUTRAS BEBIDAS;IV;13,57;0301300;;Indaiá Night Power 269 ml;S;PT 10/92;Art. 681, I do RICMS/02 e Port. 263/2023;;;;;;;;;;;;;5,4;19;2;19% + 2% (FECOEP);01/07/2023;0019
CERVEJAS, CHOPES, REFRIGERANTES E OUTRAS BEBIDAS;IV;13,58;0301300;;Infinity Lata 265 ml;S;PT 10/92;Art. 681, I do RICMS/02 e Port. 263/2023;;;;;;;;;;;;;3,82;19;2;19% + 2% (FECOEP);01/07/2023;0019
CERVEJAS, CHOPES, REFRIGERANTES E OUTRAS BEBIDAS;IV;13,59;0301301;;Infinity Pet 330 ml;S;PT 10/92;Art. 681, I do RICMS/02 e Port. 263/2023;;;;;;;;;;;;;6,27;19;2;19% + 2% (FECOEP);01/07/2023;0019
CERVEJAS, CHOPES, REFRIGERANTES E OUTRAS BEBIDAS;IV;13,6;0301301;;Infinity Frutas Tropicais Pet 269 ml;S;PT 10/92;Art. 681, I do RICMS/02 e Port. 263/2023;;;;;;;;;;;;;3,54;19;2;19% + 2% (FECOEP);01/07/2023;0019
CERVEJAS, CHOPES, REFRIGERANTES E OUTRAS BEBIDAS;IV;13,61;0301301;;Magik Energy Drink Lata 265 ml;S;PT 10/92;Art. 681, I do RICMS/02 e Port. 263/2023;;;;;;;;;;;;;3,82;19;2;19% + 2% (FECOEP);01/07/2023;0019
CERVEJAS, CHOPES, REFRIGERANTES E OUTRAS BEBIDAS;IV;13,62;0301301;;Magik Energy Drink Lata 26 ml;S;PT 10/92;Art. 681, I do RICMS/02 e Port. 263/2023;;;;;;;;;;;;;3,54;19;2;19% + 2% (FECOEP);01/07/2023;0019
CERVEJAS, CHOPES, REFRIGERANTES E OUTRAS BEBIDAS;IV;13,63;0301300;;Megabyte Lata 259 ml;S;PT 10/92;Art. 681, I do RICMS/02 e Port. 263/2023;;;;;;;;;;;;;7,02;19;2;19% + 2% (FECOEP);01/07/2023;0019
CERVEJAS, CHOPES, REFRIGERANTES E OUTRAS BEBIDAS;IV;13,64;0301301;;Megaton Pet de 270 ml;S;PT 10/92;Art. 681, I do RICMS/02 e Port. 263/2023;;;;;;;;;;;;;4,53;19;2;19% + 2% (FECOEP);01/07/2023;0019
CERVEJAS, CHOPES, REFRIGERANTES E OUTRAS BEBIDAS;IV;13,65;0301300;;Monster Lata 269 ml;S;PT 10/92;Art. 681, I do RICMS/02 e Port. 263/2023;;;;;;;;;;;;;7,11;19;2;19% + 2% (FECOEP);01/07/2023;0019
CERVEJAS, CHOPES, REFRIGERANTES E OUTRAS BEBIDAS;IV;13,66;0301300;;Monster Lata 473 ml;S;PT 10/92;Art. 681, I do RICMS/02 e Port. 263/2023;;;;;;;;;;;;;9,18;19;2;19% + 2% (FECOEP);01/07/2023;0019
CERVEJAS, CHOPES, REFRIGERANTES E OUTRAS BEBIDAS;IV;13,67;0301300;;Mormaii Energy Lata 265 ml;S;PT 10/92;Art. 681, I do RICMS/02 e Port. 263/2023;;;;;;;;;;;;;3,82;19;2;19% + 2% (FECOEP);01/07/2023;0019
CERVEJAS, CHOPES, REFRIGERANTES E OUTRAS BEBIDAS;IV;13,68;0301300;;Mormaii Energy Lata 269 ml;S;PT 10/92;Art. 681, I do RICMS/02 e Port. 263/2023;;;;;;;;;;;;;3,82;19;2;19% + 2% (FECOEP);01/07/2023;0019
CERVEJAS, CHOPES, REFRIGERANTES E OUTRAS BEBIDAS;IV;13,69;0301301;;Mormaii Frutas Tropicais Pet 269 ml;S;PT 10/92;Art. 681, I do RICMS/02 e Port. 263/2023;;;;;;;;;;;;;3,54;19;2;19% + 2% (FECOEP);01/07/2023;0019
CERVEJAS, CHOPES, REFRIGERANTES E OUTRAS BEBIDAS;IV;13,7;0301301;;Night Blue;S;PT 10/92;Art. 681, I do RICMS/02 e Port. 263/2023;;;;;;;;;;;;;3,19;19;2;19% + 2% (FECOEP);01/07/2023;0019
CERVEJAS, CHOPES, REFRIGERANTES E OUTRAS BEBIDAS;IV;13,71;0301301;;Nobreak Pet 269 ml;S;PT 10/92;Art. 681, I do RICMS/02 e Port. 263/2023;;;;;;;;;;;;;3,54;19;2;19% + 2% (FECOEP);01/07/2023;0019
CERVEJAS, CHOPES, REFRIGERANTES E OUTRAS BEBIDAS;IV;13,72;0301301;;Paranight 340 ml;S;PT 10/92;Art. 681, I do RICMS/02 e Port. 263/2023;;;;;;;;;;;;;4,39;19;2;19% + 2% (FECOEP);01/07/2023;0019
CERVEJAS, CHOPES, REFRIGERANTES E OUTRAS BEBIDAS;IV;13,73;0301300;;Plus Energy Lata 269 ml;S;PT 10/92;Art. 681, I do RICMS/02 e Port. 263/2023;;;;;;;;;;;;;4,54;19;2;19% + 2% (FECOEP);01/07/2023;0019
CERVEJAS, CHOPES, REFRIGERANTES E OUTRAS BEBIDAS;IV;13,74;0301300;;Plus Energy Lata 355 ml;S;PT 10/92;Art. 681, I do RICMS/02 e Port. 263/2023;;;;;;;;;;;;;6,21;19;2;19% + 2% (FECOEP);01/07/2023;0019
CERVEJAS, CHOPES, REFRIGERANTES E OUTRAS BEBIDAS;IV;13,75;0301300;;Plus Energy Lata 473 ml;S;PT 10/92;Art. 681, I do RICMS/02 e Port. 263/2023;;;;;;;;;;;;;7,29;19;2;19% + 2% (FECOEP);01/07/2023;0019
CERVEJAS, CHOPES, REFRIGERANTES E OUTRAS BEBIDAS;IV;13,76;0301300;;Power Buster Lata 269 ml;S;PT 10/92;Art. 681, I do RICMS/02 e Port. 263/2023;;;;;;;;;;;;;5,75;19;2;19% + 2% (FECOEP);01/07/2023;0019
CERVEJAS, CHOPES, REFRIGERANTES E OUTRAS BEBIDAS;IV;13,77;0301300;;Power Buster PET 250 ml;S;PT 10/92;Art. 681, I do RICMS/02 e Port. 263/2023;;;;;;;;;;;;;3,47;19;2;19% + 2% (FECOEP);01/07/2023;0019
CERVEJAS, CHOPES, REFRIGERANTES E OUTRAS BEBIDAS;IV;13,78;0301300;;Red Bull / Red Bull Sugar Free Lata 250 ml;S;PT 10/92;Art. 681, I do RICMS/02 e Port. 263/2023;;;;;;;;;;;;;8,97;19;2;19% + 2% (FECOEP);01/07/2023;0019
CERVEJAS, CHOPES, REFRIGERANTES E OUTRAS BEBIDAS;IV;13,79;0301300;;Red Bull / Red Bull Sugar Free Lata 355 ml;S;PT 10/92;Art. 681, I do RICMS/02 e Port. 263/2023;;;;;;;;;;;;;12,44;19;2;19% + 2% (FECOEP);01/07/2023;0019
CERVEJAS, CHOPES, REFRIGERANTES E OUTRAS BEBIDAS;IV;13,8;0301300;;Red Bull / Red Bull Sugar Free Lata 473 ml;S;PT 10/92;Art. 681, I do RICMS/02 e Port. 263/2023;;;;;;;;;;;;;14,44;19;2;19% + 2% (FECOEP);01/07/2023;0019
CERVEJAS, CHOPES, REFRIGERANTES E OUTRAS BEBIDAS;IV;13,81;0301300;;Red Hot (sabores) Lata 269 ml;S;PT 10/92;Art. 681, I do RICMS/02 e Port. 263/2023;;;;;;;;;;;;;3,98;19;2;19% + 2% (FECOEP);01/07/2023;0019
CERVEJAS, CHOPES, REFRIGERANTES E OUTRAS BEBIDAS;IV;13,82;0301300;;Red Hot (sabores) Lata 473 ml;S;PT 10/92;Art. 681, I do RICMS/02 e Port. 263/2023;;;;;;;;;;;;;5,49;19;2;19% + 2% (FECOEP);01/07/2023;0019
CERVEJAS, CHOPES, REFRIGERANTES E OUTRAS BEBIDAS;IV;13,83;0301300;;Red Tiger Lata 269 ml;S;PT 10/92;Art. 681, I do RICMS/02 e Port. 263/2023;;;;;;;;;;;;;5,94;19;2;19% + 2% (FECOEP);01/07/2023;0019
CERVEJAS, CHOPES, REFRIGERANTES E OUTRAS BEBIDAS;IV;13,84;0301300;;Reign (todos);S;PT 10/92;Art. 681, I do RICMS/02 e Port. 263/2023;;;;;;;;;;;;;9,42;19;2;19% + 2% (FECOEP);01/07/2023;0019
CERVEJAS, CHOPES, REFRIGERANTES E OUTRAS BEBIDAS;IV;13,85;0301300;;Rival Lata 269 ml;S;PT 10/92;Art. 681, I do RICMS/02 e Port. 263/2023;;;;;;;;;;;;;4,97;19;2;19% + 2% (FECOEP);01/07/2023;0019
CERVEJAS, CHOPES, REFRIGERANTES E OUTRAS BEBIDAS;IV;13,86;0301300;;Rival Pet 510 ml;S;PT 10/92;Art. 681, I do RICMS/02 e Port. 263/2023;;;;;;;;;;;;;6,7;19;2;19% + 2% (FECOEP);01/07/2023;0019
CERVEJAS, CHOPES, REFRIGERANTES E OUTRAS BEBIDAS;IV;13,87;0301300;;Shark de 250 ml;S;PT 10/92;Art. 681, I do RICMS/02 e Port. 263/2023;;;;;;;;;;;;;4,53;19;2;19% + 2% (FECOEP);01/07/2023;0019
CERVEJAS, CHOPES, REFRIGERANTES E OUTRAS BEBIDAS;IV;13,88;0301300;;Speed Up Lata 250 ml;S;PT 10/92;Art. 681, I do RICMS/02 e Port. 263/2023;;;;;;;;;;;;;6,98;19;2;19% + 2% (FECOEP);01/07/2023;0019
CERVEJAS, CHOPES, REFRIGERANTES E OUTRAS BEBIDAS;IV;13,89;0301300;;Speed Up Lata 473 ml;S;PT 10/92;Art. 681, I do RICMS/02 e Port. 263/2023;;;;;;;;;;;;;10,01;19;2;19% + 2% (FECOEP);01/07/2023;0019
CERVEJAS, CHOPES, REFRIGERANTES E OUTRAS BEBIDAS;IV;13,9;0301300;;Start Energy Drink 500 ml;S;PT 10/92;Art. 681, I do RICMS/02 e Port. 263/2023;;;;;;;;;;;;;4,29;19;2;19% + 2% (FECOEP);01/07/2023;0019
CERVEJAS, CHOPES, REFRIGERANTES E OUTRAS BEBIDAS;IV;13,91;0301300;;Start Energy Drink 270 ml;S;PT 10/92;Art. 681, I do RICMS/02 e Port. 263/2023;;;;;;;;;;;;;3,16;19;2;19% + 2% (FECOEP);01/07/2023;0019
CERVEJAS, CHOPES, REFRIGERANTES E OUTRAS BEBIDAS;IV;13,92;0301300;;TNT lata 269 ml;S;PT 10/92;Art. 681, I do RICMS/02 e Port. 263/2023;;;;;;;;;;;;;6,03;19;2;19% + 2% (FECOEP);01/07/2023;0019
CERVEJAS, CHOPES, REFRIGERANTES E OUTRAS BEBIDAS;IV;13,93;0301300;;TNT lata 473 ml;S;PT 10/92;Art. 681, I do RICMS/02 e Port. 263/2023;;;;;;;;;;;;;7,75;19;2;19% + 2% (FECOEP);01/07/2023;0019
CERVEJAS, CHOPES, REFRIGERANTES E OUTRAS BEBIDAS;IV;13,94;0301300;;Tonino Lambonghini Energy Drink lata de 250 ml;S;PT 10/92;Art. 681, I do RICMS/02 e Port. 263/2023;;;;;;;;;;;;;6,86;19;2;19% + 2% (FECOEP);01/07/2023;0019
CERVEJAS, CHOPES, REFRIGERANTES E OUTRAS BEBIDAS;IV;13,95;0301301;;UpGrade Pet 500 ml;S;PT 10/92;Art. 681, I do RICMS/02 e Port. 263/2023;;;;;;;;;;;;;5,1;19;2;19% + 2% (FECOEP);01/07/2023;0019
CERVEJAS, CHOPES, REFRIGERANTES E OUTRAS BEBIDAS;IV;13,96;0301300;;Vulcano Combat - Fruit Punch Lata 310 ml;S;PT 10/92;Art. 681, I do RICMS/02 e Port. 263/2023;;;;;;;;;;;;;4,08;19;2;19% + 2% (FECOEP);01/07/2023;0019
CERVEJAS, CHOPES, REFRIGERANTES E OUTRAS BEBIDAS;IV;13,97;0301300;;Vulcano Explosion - F. Tropicais Lata 310 ml;S;PT 10/92;Art. 681, I do RICMS/02 e Port. 263/2023;;;;;;;;;;;;;4,08;19;2;19% + 2% (FECOEP);01/07/2023;0019
CERVEJAS, CHOPES, REFRIGERANTES E OUTRAS BEBIDAS;IV;13,98;0301300;;Vulcano Jungle - Açaí Lata 310 ml;S;PT 10/92;Art. 681, I do RICMS/02 e Port. 263/2023;;;;;;;;;;;;;4,08;19;2;19% + 2% (FECOEP);01/07/2023;0019
CERVEJAS, CHOPES, REFRIGERANTES E OUTRAS BEBIDAS;IV;13,99;0301300;;Vulcano Wild - Morango Selvagem Lata 310 ml;S;PT 10/92;Art. 681, I do RICMS/02 e Port. 263/2023;;;;;;;;;;;;;4,08;19;2;19% + 2% (FECOEP);01/07/2023;0019
CERVEJAS, CHOPES, REFRIGERANTES E OUTRAS BEBIDAS;IV;13,1;0301300;;Vulcano Energy Drink Lata 250 ml;S;PT 10/92;Art. 681, I do RICMS/02 e Port. 263/2023;;;;;;;;;;;;;4,65;19;2;19% + 2% (FECOEP);01/07/2023;0019
CERVEJAS, CHOPES, REFRIGERANTES E OUTRAS BEBIDAS;IV;13,101;0301300;;Vulcano Energy Drink Lata 350 ml;S;PT 10/92;Art. 681, I do RICMS/02 e Port. 263/2023;;;;;;;;;;;;;5,5;19;2;19% + 2% (FECOEP);01/07/2023;0019
CERVEJAS, CHOPES, REFRIGERANTES E OUTRAS BEBIDAS;IV;13,102;0301300;;Vulcano Energy Drink Lata 458 ml;S;PT 10/92;Art. 681, I do RICMS/02 e Port. 263/2023;;;;;;;;;;;;;7,29;19;2;19% + 2% (FECOEP);01/07/2023;0019
CERVEJAS, CHOPES, REFRIGERANTES E OUTRAS BEBIDAS;IV;13,103;0301300;;Vulcano Energy Drink Lata 473 ml;S;PT 10/92;Art. 681, I do RICMS/02 e Port. 263/2023;;;;;;;;;;;;;7,29;19;2;19% + 2% (FECOEP);01/07/2023;0019
CERVEJAS, CHOPES, REFRIGERANTES E OUTRAS BEBIDAS;IV;13,104;0301300;;Vulcano Combat - Fruit Punch Lata 473 ml;S;PT 10/92;Art. 681, I do RICMS/02 e Port. 263/2023;;;;;;;;;;;;;4,94;19;2;19% + 2% (FECOEP);01/07/2023;0019
CERVEJAS, CHOPES, REFRIGERANTES E OUTRAS BEBIDAS;IV;13,105;0301300;;Vulcano Explosion - F. Tropicais Lata 473 ml;S;PT 10/92;Art. 681, I do RICMS/02 e Port. 263/2023;;;;;;;;;;;;;4,94;19;2;19% + 2% (FECOEP);01/07/2023;0019
CERVEJAS, CHOPES, REFRIGERANTES E OUTRAS BEBIDAS;IV;13,106;0301300;;Vulcano Fire Citrus Lata 473 m;S;PT 10/92;Art. 681, I do RICMS/02 e Port. 263/2023;;;;;;;;;;;;;4,94;19;2;19% + 2% (FECOEP);01/07/2023;0019
CERVEJAS, CHOPES, REFRIGERANTES E OUTRAS BEBIDAS;IV;13,107;0301300;;Vulcano Ice Grape Lata 473 ml;S;PT 10/92;Art. 681, I do RICMS/02 e Port. 263/2023;;;;;;;;;;;;;4,94;19;2;19% + 2% (FECOEP);01/07/2023;0019
CERVEJAS, CHOPES, REFRIGERANTES E OUTRAS BEBIDAS;IV;13,108;0301300;;Vulcano Jungle - Açaí Lata 473 ml;S;PT 10/92;Art. 681, I do RICMS/02 e Port. 263/2023;;;;;;;;;;;;;4,94;19;2;19% + 2% (FECOEP);01/07/2023;0019
CERVEJAS, CHOPES, REFRIGERANTES E OUTRAS BEBIDAS;IV;13,109;0301300;;Vulcano Wild - Morango Selvagem Lata 473 ml;S;PT 10/92;Art. 681, I do RICMS/02 e Port. 263/2023;;;;;;;;;;;;;4,94;19;2;19% + 2% (FECOEP);01/07/2023;0019
CERVEJAS, CHOPES, REFRIGERANTES E OUTRAS BEBIDAS;IV;13,11;0301301;;Vulcano Energy Drink Pet 300 ml;S;PT 10/92;Art. 681, I do RICMS/02 e Port. 263/2023;;;;;;;;;;;;;3,47;19;2;19% + 2% (FECOEP);01/07/2023;0019
CERVEJAS, CHOPES, REFRIGERANTES E OUTRAS BEBIDAS;IV;13,111;0301301;;Vulcano Energy Drink Pet 500 ml;S;PT 10/92;Art. 681, I do RICMS/02 e Port. 263/2023;;;;;;;;;;;;;8,11;19;2;19% + 2% (FECOEP);01/07/2023;0019
CERVEJAS, CHOPES, REFRIGERANTES E OUTRAS BEBIDAS;IV;13,112;0301300;;Vulcano Energyshot 60 ml;S;PT 10/92;Art. 681, I do RICMS/02 e Port. 263/2023;;;;;;;;;;;;;4,05;19;2;19% + 2% (FECOEP);01/07/2023;0019
CERVEJAS, CHOPES, REFRIGERANTES E OUTRAS BEBIDAS;IV;13,113;0301300;;Well Lata 269 ml;S;PT 10/92;Art. 681, I do RICMS/02 e Port. 263/2023;;;;;;;;;;;;;4,46;19;2;19% + 2% (FECOEP);01/07/2023;0019
CERVEJAS, CHOPES, REFRIGERANTES E OUTRAS BEBIDAS;IV;13,114;0301300;;Wewi Energy Orgânico Original;S;PT 10/92;Art. 681, I do RICMS/02 e Port. 263/2023;;;;;;;;;;;;;4,46;19;2;19% + 2% (FECOEP);01/07/2023;0019
CERVEJAS, CHOPES, REFRIGERANTES E OUTRAS BEBIDAS;IV;13,115;0301300;;Wewi Energy Zero Açúcares Original;S;PT 10/92;Art. 681, I do RICMS/02 e Port. 263/2023;;;;;;;;;;;;;2,96;19;2;19% + 2% (FECOEP);01/07/2023;0019
CERVEJAS, CHOPES, REFRIGERANTES E OUTRAS BEBIDAS;IV;13,116;0301300;;Outros Lata 250 a 355 ml;S;PT 10/92;Art. 681, I do RICMS/02 e Port. 263/2023;;;;;;;;;;;;;3,38;19;2;19% + 2% (FECOEP);01/07/2023;0019
CERVEJAS, CHOPES, REFRIGERANTES E OUTRAS BEBIDAS;IV;13,117;0301300;;Outros Lata 473 a 500 ml;S;PT 10/92;Art. 681, I do RICMS/02 e Port. 263/2023;;;;;;;;;;;;;9;19;2;19% + 2% (FECOEP);01/07/2023;0019
CERVEJAS, CHOPES, REFRIGERANTES E OUTRAS BEBIDAS;IV;13,118;0301301;;Outros Pet 500 ml;S;PT 10/92;Art. 681, I do RICMS/02 e Port. 263/2023;;;;;;;;;;;;;9;19;2;19% + 2% (FECOEP);01/07/2023;0019
CERVEJAS, CHOPES, REFRIGERANTES E OUTRAS BEBIDAS;IV;14;0301400;;220 Volts Pet 1000 ml;S;PT 10/92;Art. 681, I do RICMS/02 e Port. 263/2023;;;;;;;;;;;;;8,08;19;2;19% + 2% (FECOEP);01/07/2023;0019
CERVEJAS, CHOPES, REFRIGERANTES E OUTRAS BEBIDAS;IV;14.1;0301400;;220 Volts Pet 2000 ml;S;PT 10/92;Art. 681, I do RICMS/02 e Port. 263/2023;;;;;;;;;;;;;13,24;19;2;19% + 2% (FECOEP);01/07/2023;0019
CERVEJAS, CHOPES, REFRIGERANTES E OUTRAS BEBIDAS;IV;14.2;0301400;;220 Volts Pet 3000 ml;S;PT 10/92;Art. 681, I do RICMS/02 e Port. 263/2023;;;;;;;;;;;;;17,18;19;2;19% + 2% (FECOEP);01/07/2023;0019
CERVEJAS, CHOPES, REFRIGERANTES E OUTRAS BEBIDAS;IV;14.3;0301400;;Adrenalina Energy Drink 1 Litro;S;PT 10/92;Art. 681, I do RICMS/02 e Port. 263/2023;;;;;;;;;;;;;5,51;19;2;19% + 2% (FECOEP);01/07/2023;0019
CERVEJAS, CHOPES, REFRIGERANTES E OUTRAS BEBIDAS;IV;14.4;0301400;;Adrenalina Energy Drink 2 Litros;S;PT 10/92;Art. 681, I do RICMS/02 e Port. 263/2023;;;;;;;;;;;;;8,4;19;2;19% + 2% (FECOEP);01/07/2023;0019
CERVEJAS, CHOPES, REFRIGERANTES E OUTRAS BEBIDAS;IV;14.5;0301400;;Adrenalina Frutas Tropicais 1 Litro;S;PT 10/92;Art. 681, I do RICMS/02 e Port. 263/2023;;;;;;;;;;;;;6,59;19;2;19% + 2% (FECOEP);01/07/2023;0019
CERVEJAS, CHOPES, REFRIGERANTES E OUTRAS BEBIDAS;IV;14.6;0301400;;Adrenalina Frutas Tropicais 2 Litros;S;PT 10/92;Art. 681, I do RICMS/02 e Port. 263/2023;;;;;;;;;;;;;7,69;19;2;19% + 2% (FECOEP);01/07/2023;0019
CERVEJAS, CHOPES, REFRIGERANTES E OUTRAS BEBIDAS;IV;14.7;0301400;;Adrenalina Morango 1 Litro;S;PT 10/92;Art. 681, I do RICMS/02 e Port. 263/2023;;;;;;;;;;;;;6,59;19;2;19% + 2% (FECOEP);01/07/2023;0019
CERVEJAS, CHOPES, REFRIGERANTES E OUTRAS BEBIDAS;IV;14.8;0301400;;Adrenalina Morango 2 Litros;S;PT 10/92;Art. 681, I do RICMS/02 e Port. 263/2023;;;;;;;;;;;;;7,69;19;2;19% + 2% (FECOEP);01/07/2023;0019
CERVEJAS, CHOPES, REFRIGERANTES E OUTRAS BEBIDAS;IV;14.9;0301400;;Bad Boy Giant Drink 1 Litro;S;PT 10/92;Art. 681, I do RICMS/02 e Port. 263/2023;;;;;;;;;;;;;13,62;19;2;19% + 2% (FECOEP);01/07/2023;0019
CERVEJAS, CHOPES, REFRIGERANTES E OUTRAS BEBIDAS;IV;14.10;0301400;;Bad Wolf Pet 1000 ml;S;PT 10/92;Art. 681, I do RICMS/02 e Port. 263/2023;;;;;;;;;;;;;4,63;19;2;19% + 2% (FECOEP);01/07/2023;0019
CERVEJAS, CHOPES, REFRIGERANTES E OUTRAS BEBIDAS;IV;14.11;0301400;;Bad Wolf Pet 2000 ml;S;PT 10/92;Art. 681, I do RICMS/02 e Port. 263/2023;;;;;;;;;;;;;7,86;19;2;19% + 2% (FECOEP);01/07/2023;0019
CERVEJAS, CHOPES, REFRIGERANTES E OUTRAS BEBIDAS;IV;14.12;0301400;;Ballad Pet 2000 ml;S;PT 10/92;Art. 681, I do RICMS/02 e Port. 263/2023;;;;;;;;;;;;;6;19;2;19% + 2% (FECOEP);01/07/2023;0019
CERVEJAS, CHOPES, REFRIGERANTES E OUTRAS BEBIDAS;IV;14.13;0301400;;Baly Pet (todos) 1000 ml;S;PT 10/92;Art. 681, I do RICMS/02 e Port. 263/2023;;;;;;;;;;;;;7,75;19;2;19% + 2% (FECOEP);01/07/2023;0019
CERVEJAS, CHOPES, REFRIGERANTES E OUTRAS BEBIDAS;IV;14.14;0301400;;Baly Pet (todos) 2000 ml;S;PT 10/92;Art. 681, I do RICMS/02 e Port. 263/2023;;;;;;;;;;;;;10,15;19;2;19% + 2% (FECOEP);01/07/2023;0019
CERVEJAS, CHOPES, REFRIGERANTES E OUTRAS BEBIDAS;IV;14.15;0301400;;Big Power Pet 600 ml;S;PT 10/92;Art. 681, I do RICMS/02 e Port. 263/2023;;;;;;;;;;;;;4,88;19;2;19% + 2% (FECOEP);01/07/2023;0019
CERVEJAS, CHOPES, REFRIGERANTES E OUTRAS BEBIDAS;IV;14.16;0301400;;Big Power Pet 2000 ml;S;PT 10/92;Art. 681, I do RICMS/02 e Port. 263/2023;;;;;;;;;;;;;9,75;19;2;19% + 2% (FECOEP);01/07/2023;0019
CERVEJAS, CHOPES, REFRIGERANTES E OUTRAS BEBIDAS;IV;14.17;0301400;;Bivolt Power Pet 1 Litro;S;PT 10/92;Art. 681, I do RICMS/02 e Port. 263/2023;;;;;;;;;;;;;7,32;19;2;19% + 2% (FECOEP);01/07/2023;0019
CERVEJAS, CHOPES, REFRIGERANTES E OUTRAS BEBIDAS;IV;14.18;0301400;;Bivolt Power Pet 2 Litros;S;PT 10/92;Art. 681, I do RICMS/02 e Port. 263/2023;;;;;;;;;;;;;9,17;19;2;19% + 2% (FECOEP);01/07/2023;0019
CERVEJAS, CHOPES, REFRIGERANTES E OUTRAS BEBIDAS;IV;14.19;0301400;;Blade Energy Original/Tropical/Zero/Açai Pet 1000 ml;S;PT 10/92;Art. 681, I do RICMS/02 e Port. 263/2023;;;;;;;;;;;;;5,68;19;2;19% + 2% (FECOEP);01/07/2023;0019
CERVEJAS, CHOPES, REFRIGERANTES E OUTRAS BEBIDAS;IV;14.20;0301400;;Blade Energy Original/Tropical/Zero/Açai Pet 2000 ml;S;PT 10/92;Art. 681, I do RICMS/02 e Port. 263/2023;;;;;;;;;;;;;8,65;19;2;19% + 2% (FECOEP);01/07/2023;0019
CERVEJAS, CHOPES, REFRIGERANTES E OUTRAS BEBIDAS;IV;14.21;0301400;;Bug Energy Drink Pet 1000 ml;S;PT 10/92;Art. 681, I do RICMS/02 e Port. 263/2023;;;;;;;;;;;;;15,16;19;2;19% + 2% (FECOEP);01/07/2023;0019
CERVEJAS, CHOPES, REFRIGERANTES E OUTRAS BEBIDAS;IV;14.22;0301400;;Burn Pet 1000 ml;S;PT 10/92;Art. 681, I do RICMS/02 e Port. 263/2023;;;;;;;;;;;;;12,52;19;2;19% + 2% (FECOEP);01/07/2023;0019
CERVEJAS, CHOPES, REFRIGERANTES E OUTRAS BEBIDAS;IV;14.23;0301400;;Dub Life Pet 1000 ml;S;PT 10/92;Art. 681, I do RICMS/02 e Port. 263/2023;;;;;;;;;;;;;7,52;19;2;19% + 2% (FECOEP);01/07/2023;0019
CERVEJAS, CHOPES, REFRIGERANTES E OUTRAS BEBIDAS;IV;14.24;0301400;;Dub Life Pet 2000 ml;S;PT 10/92;Art. 681, I do RICMS/02 e Port. 263/2023;;;;;;;;;;;;;9,3;19;2;19% + 2% (FECOEP);01/07/2023;0019
CERVEJAS, CHOPES, REFRIGERANTES E OUTRAS BEBIDAS;IV;14.25;0301400;;El Loco (sabores) Pet 2000 ml;S;PT 10/92;Art. 681, I do RICMS/02 e Port. 263/2023;;;;;;;;;;;;;9,9;19;2;19% + 2% (FECOEP);01/07/2023;0019
CERVEJAS, CHOPES, REFRIGERANTES E OUTRAS BEBIDAS;IV;14.26;0301400;;Electron 2000 ml;S;PT 10/92;Art. 681, I do RICMS/02 e Port. 263/2023;;;;;;;;;;;;;9,01;19;2;19% + 2% (FECOEP);01/07/2023;0019
CERVEJAS, CHOPES, REFRIGERANTES E OUTRAS BEBIDAS;IV;14.27;0301400;;Ener Up Pet 1000 ml;S;PT 10/92;Art. 681, I do RICMS/02 e Port. 263/2023;;;;;;;;;;;;;8,9;19;2;19% + 2% (FECOEP);01/07/2023;0019
CERVEJAS, CHOPES, REFRIGERANTES E OUTRAS BEBIDAS;IV;14.28;0301400;;Ener Up Pet 2000 ml;S;PT 10/92;Art. 681, I do RICMS/02 e Port. 263/2023;;;;;;;;;;;;;10,42;19;2;19% + 2% (FECOEP);01/07/2023;0019
CERVEJAS, CHOPES, REFRIGERANTES E OUTRAS BEBIDAS;IV;14.29;0301400;;Express Pet 2000 ml;S;PT 10/92;Art. 681, I do RICMS/02 e Port. 263/2023;;;;;;;;;;;;;11,6;19;2;19% + 2% (FECOEP);01/07/2023;0019
CERVEJAS, CHOPES, REFRIGERANTES E OUTRAS BEBIDAS;IV;14.30;0301400;;Extra power eber. PET 1000 ml;S;PT 10/92;Art. 681, I do RICMS/02 e Port. 263/2023;;;;;;;;;;;;;9,91;19;2;19% + 2% (FECOEP);01/07/2023;0019
CERVEJAS, CHOPES, REFRIGERANTES E OUTRAS BEBIDAS;IV;14.31;0301400;;Fire Pet 1000 ml;S;PT 10/92;Art. 681, I do RICMS/02 e Port. 263/2023;;;;;;;;;;;;;10,23;19;2;19% + 2% (FECOEP);01/07/2023;0019
CERVEJAS, CHOPES, REFRIGERANTES E OUTRAS BEBIDAS;IV;14.32;0301400;;Firefox Pet 1000 ml;S;PT 10/92;Art. 681, I do RICMS/02 e Port. 263/2023;;;;;;;;;;;;;10,69;19;2;19% + 2% (FECOEP);01/07/2023;0019
CERVEJAS, CHOPES, REFRIGERANTES E OUTRAS BEBIDAS;IV;14.33;0301400;;Firefox Pet 2000 ml;S;PT 10/92;Art. 681, I do RICMS/02 e Port. 263/2023;;;;;;;;;;;;;12,72;19;2;19% + 2% (FECOEP);01/07/2023;0019
CERVEJAS, CHOPES, REFRIGERANTES E OUTRAS BEBIDAS;IV;14.34;0301400;;Flying Horse Pet 1 Litro;S;PT 10/92;Art. 681, I do RICMS/02 e Port. 263/2023;;;;;;;;;;;;;10,29;19;2;19% + 2% (FECOEP);01/07/2023;0019
CERVEJAS, CHOPES, REFRIGERANTES E OUTRAS BEBIDAS;IV;14.35;0301400;;Flying Horse Energy Pet 1 Litro;S;PT 10/92;Art. 681, I do RICMS/02 e Port. 263/2023;;;;;;;;;;;;;9,44;19;2;19% + 2% (FECOEP);01/07/2023;0019
CERVEJAS, CHOPES, REFRIGERANTES E OUTRAS BEBIDAS;IV;14.36;0301400;;Freepower EnergyDrink 600 ml;S;PT 10/92;Art. 681, I do RICMS/02 e Port. 263/2023;;;;;;;;;;;;;5,31;19;2;19% + 2% (FECOEP);01/07/2023;0019
CERVEJAS, CHOPES, REFRIGERANTES E OUTRAS BEBIDAS;IV;14.37;0301400;;Fuel Energy Drink Pet 1000 ml;S;PT 10/92;Art. 681, I do RICMS/02 e Port. 263/2023;;;;;;;;;;;;;13,99;19;2;19% + 2% (FECOEP);01/07/2023;0019
CERVEJAS, CHOPES, REFRIGERANTES E OUTRAS BEBIDAS;IV;14.38;0301400;;Full Energy Drink Maçã Verde Pet 1000 ml;S;PT 10/92;Art. 681, I do RICMS/02 e Port. 263/2023;;;;;;;;;;;;;9,66;19;2;19% + 2% (FECOEP);01/07/2023;0019
CERVEJAS, CHOPES, REFRIGERANTES E OUTRAS BEBIDAS;IV;14.39;0301400;;Full Energy Drink Maçã Verde Pet 2000 ml;S;PT 10/92;Art. 681, I do RICMS/02 e Port. 263/2023;;;;;;;;;;;;;11,6;19;2;19% + 2% (FECOEP);01/07/2023;0019
CERVEJAS, CHOPES, REFRIGERANTES E OUTRAS BEBIDAS;IV;14.40;0301400;;Full Energy Drink Pet 1000 ml;S;PT 10/92;Art. 681, I do RICMS/02 e Port. 263/2023;;;;;;;;;;;;;9,66;19;2;19% + 2% (FECOEP);01/07/2023;0019
CERVEJAS, CHOPES, REFRIGERANTES E OUTRAS BEBIDAS;IV;14.41;0301400;;Full Energy Drink Pet 2000 ml;S;PT 10/92;Art. 681, I do RICMS/02 e Port. 263/2023;;;;;;;;;;;;;11,6;19;2;19% + 2% (FECOEP);01/07/2023;0019
CERVEJAS, CHOPES, REFRIGERANTES E OUTRAS BEBIDAS;IV;14.42;0301400;;Furia Energy Drink Pet 1000 ml;S;PT 10/92;Art. 681, I do RICMS/02 e Port. 263/2023;;;;;;;;;;;;;8,38;19;2;19% + 2% (FECOEP);01/07/2023;0019
CERVEJAS, CHOPES, REFRIGERANTES E OUTRAS BEBIDAS;IV;14.43;0301400;;Furia Energy Drink Pet 2000 ml;S;PT 10/92;Art. 681, I do RICMS/02 e Port. 263/2023;;;;;;;;;;;;;10,31;19;2;19% + 2% (FECOEP);01/07/2023;0019
CERVEJAS, CHOPES, REFRIGERANTES E OUTRAS BEBIDAS;IV;14.44;0301400;;Fusion 1000 ml;S;PT 10/92;Art. 681, I do RICMS/02 e Port. 263/2023;;;;;;;;;;;;;7,27;19;2;19% + 2% (FECOEP);01/07/2023;0019
CERVEJAS, CHOPES, REFRIGERANTES E OUTRAS BEBIDAS;IV;14.45;0301400;;Fusion 2000 ml;S;PT 10/92;Art. 681, I do RICMS/02 e Port. 263/2023;;;;;;;;;;;;;11,54;19;2;19% + 2% (FECOEP);01/07/2023;0019
CERVEJAS, CHOPES, REFRIGERANTES E OUTRAS BEBIDAS;IV;14.46;0301400;;HP Pet 2000 ml;S;PT 10/92;Art. 681, I do RICMS/02 e Port. 263/2023;;;;;;;;;;;;;10,54;19;2;19% + 2% (FECOEP);01/07/2023;0019
CERVEJAS, CHOPES, REFRIGERANTES E OUTRAS BEBIDAS;IV;14.47;0301400;;Indaiá Night Power 1500 ml;S;PT 10/92;Art. 681, I do RICMS/02 e Port. 263/2023;;;;;;;;;;;;;10,76;19;2;19% + 2% (FECOEP);01/07/2023;0019
CERVEJAS, CHOPES, REFRIGERANTES E OUTRAS BEBIDAS;IV;14.48;0301400;;Indaiá Night Power 2000 ml;S;PT 10/92;Art. 681, I do RICMS/02 e Port. 263/2023;;;;;;;;;;;;;15,39;19;2;19% + 2% (FECOEP);01/07/2023;0019
CERVEJAS, CHOPES, REFRIGERANTES E OUTRAS BEBIDAS;IV;14.49;0301400;;Indaiá Night Power Black 2000 ml;S;PT 10/92;Art. 681, I do RICMS/02 e Port. 263/2023;;;;;;;;;;;;;8,99;19;2;19% + 2% (FECOEP);01/07/2023;0019
CERVEJAS, CHOPES, REFRIGERANTES E OUTRAS BEBIDAS;IV;14.50;0301400;;Infinity Pet 1000 ml;S;PT 10/92;Art. 681, I do RICMS/02 e Port. 263/2023;;;;;;;;;;;;;10,26;19;2;19% + 2% (FECOEP);01/07/2023;0019
CERVEJAS, CHOPES, REFRIGERANTES E OUTRAS BEBIDAS;IV;14.51;0301400;;Infinity Frutas Tropicais Pet 1000 ml;S;PT 10/92;Art. 681, I do RICMS/02 e Port. 263/2023;;;;;;;;;;;;;7,85;19;2;19% + 2% (FECOEP);01/07/2023;0019
CERVEJAS, CHOPES, REFRIGERANTES E OUTRAS BEBIDAS;IV;14.52;0301400;;Infinity Pet 2000 ml;S;PT 10/92;Art. 681, I do RICMS/02 e Port. 263/2023;;;;;;;;;;;;;13,24;19;2;19% + 2% (FECOEP);01/07/2023;0019
CERVEJAS, CHOPES, REFRIGERANTES E OUTRAS BEBIDAS;IV;14.53;0301400;;Mad Dog 1000 ml;S;PT 10/92;Art. 681, I do RICMS/02 e Port. 263/2023;;;;;;;;;;;;;12,61;19;2;19% + 2% (FECOEP);01/07/2023;0019
CERVEJAS, CHOPES, REFRIGERANTES E OUTRAS BEBIDAS;IV;14.54;0301400;;Mad Dog 2000 ml;S;PT 10/92;Art. 681, I do RICMS/02 e Port. 263/2023;;;;;;;;;;;;;14,8;19;2;19% + 2% (FECOEP);01/07/2023;0019
CERVEJAS, CHOPES, REFRIGERANTES E OUTRAS BEBIDAS;IV;14.55;0301400;;Magik Energy Drink 1000 ml;S;PT 10/92;Art. 681, I do RICMS/02 e Port. 263/2023;;;;;;;;;;;;;6,92;19;2;19% + 2% (FECOEP);01/07/2023;0019
CERVEJAS, CHOPES, REFRIGERANTES E OUTRAS BEBIDAS;IV;14.56;0301400;;Magik Energy Drink 2000 ml;S;PT 10/92;Art. 681, I do RICMS/02 e Port. 263/2023;;;;;;;;;;;;;9,38;19;2;19% + 2% (FECOEP);01/07/2023;0019
CERVEJAS, CHOPES, REFRIGERANTES E OUTRAS BEBIDAS;IV;14.57;0301400;;Magneto Pet 2000 ml;S;PT 10/92;Art. 681, I do RICMS/02 e Port. 263/2023;;;;;;;;;;;;;9,45;19;2;19% + 2% (FECOEP);01/07/2023;0019
CERVEJAS, CHOPES, REFRIGERANTES E OUTRAS BEBIDAS;IV;14.58;0301400;;Megaton Pet de 1000 ml;S;PT 10/92;Art. 681, I do RICMS/02 e Port. 263/2023;;;;;;;;;;;;;7,55;19;2;19% + 2% (FECOEP);01/07/2023;0019
CERVEJAS, CHOPES, REFRIGERANTES E OUTRAS BEBIDAS;IV;14.59;0301400;;Megaton Pet de 2000 ml;S;PT 10/92;Art. 681, I do RICMS/02 e Port. 263/2023;;;;;;;;;;;;;9,45;19;2;19% + 2% (FECOEP);01/07/2023;0019
CERVEJAS, CHOPES, REFRIGERANTES E OUTRAS BEBIDAS;IV;14.60;0301400;;Minotauro Pet de 2000 ml;S;PT 10/92;Art. 681, I do RICMS/02 e Port. 263/2023;;;;;;;;;;;;;9,23;19;2;19% + 2% (FECOEP);01/07/2023;0019
CERVEJAS, CHOPES, REFRIGERANTES E OUTRAS BEBIDAS;IV;14.61;0301400;;Mormaii Energy Pet 1000 ml;S;PT 10/92;Art. 681, I do RICMS/02 e Port. 263/2023;;;;;;;;;;;;;6,52;19;2;19% + 2% (FECOEP);01/07/2023;0019
CERVEJAS, CHOPES, REFRIGERANTES E OUTRAS BEBIDAS;IV;14.62;0301400;;Mormaii Energy Pet 2000 ml;S;PT 10/92;Art. 681, I do RICMS/02 e Port. 263/2023;;;;;;;;;;;;;9,6;19;2;19% + 2% (FECOEP);01/07/2023;0019
CERVEJAS, CHOPES, REFRIGERANTES E OUTRAS BEBIDAS;IV;14.63;0301400;;Mormaii Frutas Tropicais 1000 ml;S;PT 10/92;Art. 681, I do RICMS/02 e Port. 263/2023;;;;;;;;;;;;;6,92;19;2;19% + 2% (FECOEP);01/07/2023;0019
CERVEJAS, CHOPES, REFRIGERANTES E OUTRAS BEBIDAS;IV;14.64;0301400;;Night Blue Pet 1000 ml;S;PT 10/92;Art. 681, I do RICMS/02 e Port. 263/2023;;;;;;;;;;;;;4,85;19;2;19% + 2% (FECOEP);01/07/2023;0019
CERVEJAS, CHOPES, REFRIGERANTES E OUTRAS BEBIDAS;IV;14.65;0301400;;Night Blue Pet 2000 ml;S;PT 10/92;Art. 681, I do RICMS/02 e Port. 263/2023;;;;;;;;;;;;;8,23;19;2;19% + 2% (FECOEP);01/07/2023;0019
CERVEJAS, CHOPES, REFRIGERANTES E OUTRAS BEBIDAS;IV;14.66;0301400;;Nobreak Pet 1000 ml;S;PT 10/92;Art. 681, I do RICMS/02 e Port. 263/2023;;;;;;;;;;;;;6,92;19;2;19% + 2% (FECOEP);01/07/2023;0019
CERVEJAS, CHOPES, REFRIGERANTES E OUTRAS BEBIDAS;IV;14.67;0301400;;Nobreak Pet 2000 ml;S;PT 10/92;Art. 681, I do RICMS/02 e Port. 263/2023;;;;;;;;;;;;;9,38;19;2;19% + 2% (FECOEP);01/07/2023;0019
CERVEJAS, CHOPES, REFRIGERANTES E OUTRAS BEBIDAS;IV;14.68;0301400;;Paranight 1000 ml;S;PT 10/92;Art. 681, I do RICMS/02 e Port. 263/2023;;;;;;;;;;;;;8,38;19;2;19% + 2% (FECOEP);01/07/2023;0019
CERVEJAS, CHOPES, REFRIGERANTES E OUTRAS BEBIDAS;IV;14.69;0301400;;Paranight 2000 ml;S;PT 10/92;Art. 681, I do RICMS/02 e Port. 263/2023;;;;;;;;;;;;;10,31;19;2;19% + 2% (FECOEP);01/07/2023;0019
CERVEJAS, CHOPES, REFRIGERANTES E OUTRAS BEBIDAS;IV;14.70;0301400;;Plus Energy Pet 1000 ml;S;PT 10/92;Art. 681, I do RICMS/02 e Port. 263/2023;;;;;;;;;;;;;12,4;19;2;19% + 2% (FECOEP);01/07/2023;0019
CERVEJAS, CHOPES, REFRIGERANTES E OUTRAS BEBIDAS;IV;14.71;0301400;;Porradão Energy Drink 2 l;S;PT 10/92;Art. 681, I do RICMS/02 e Port. 263/2023;;;;;;;;;;;;;6,97;19;2;19% + 2% (FECOEP);01/07/2023;0019
CERVEJAS, CHOPES, REFRIGERANTES E OUTRAS BEBIDAS;IV;14.72;0301400;;Power Bull Buster Pet 1000 ml;S;PT 10/92;Art. 681, I do RICMS/02 e Port. 263/2023;;;;;;;;;;;;;9,32;19;2;19% + 2% (FECOEP);01/07/2023;0019
CERVEJAS, CHOPES, REFRIGERANTES E OUTRAS BEBIDAS;IV;14.73;0301400;;Power Bull Buster Pet 2000 ml;S;PT 10/92;Art. 681, I do RICMS/02 e Port. 263/2023;;;;;;;;;;;;;9,83;19;2;19% + 2% (FECOEP);01/07/2023;0019
CERVEJAS, CHOPES, REFRIGERANTES E OUTRAS BEBIDAS;IV;14.74;0301400;;Red Hot (sabores) Pet 2000 ml;S;PT 10/92;Art. 681, I do RICMS/02 e Port. 263/2023;;;;;;;;;;;;;9,9;19;2;19% + 2% (FECOEP);01/07/2023;0019
CERVEJAS, CHOPES, REFRIGERANTES E OUTRAS BEBIDAS;IV;14.75;0301400;;Red Tiger Pet 1000 ml;S;PT 10/92;Art. 681, I do RICMS/02 e Port. 263/2023;;;;;;;;;;;;;11,75;19;2;19% + 2% (FECOEP);01/07/2023;0019
CERVEJAS, CHOPES, REFRIGERANTES E OUTRAS BEBIDAS;IV;14.76;0301400;;Red Tiger Pet 2000 ml;S;PT 10/92;Art. 681, I do RICMS/02 e Port. 263/2023;;;;;;;;;;;;;13,6;19;2;19% + 2% (FECOEP);01/07/2023;0019
CERVEJAS, CHOPES, REFRIGERANTES E OUTRAS BEBIDAS;IV;14.77;0301400;;Reign (todos;S;PT 10/92;Art. 681, I do RICMS/02 e Port. 263/2023;;;;;;;;;;;;;9,85;19;2;19% + 2% (FECOEP);01/07/2023;0019
CERVEJAS, CHOPES, REFRIGERANTES E OUTRAS BEBIDAS;IV;14.78;0301400;;Rival Pet 1000 mll;S;PT 10/92;Art. 681, I do RICMS/02 e Port. 263/2023;;;;;;;;;;;;;9,46;19;2;19% + 2% (FECOEP);01/07/2023;0019
CERVEJAS, CHOPES, REFRIGERANTES E OUTRAS BEBIDAS;IV;14.79;0301400;;Santa Joana 1000 ml;S;PT 10/92;Art. 681, I do RICMS/02 e Port. 263/2023;;;;;;;;;;;;;7,32;19;2;19% + 2% (FECOEP);01/07/2023;0019
CERVEJAS, CHOPES, REFRIGERANTES E OUTRAS BEBIDAS;IV;14.80;0301400;;Santa Joana 2000 ml;S;PT 10/92;Art. 681, I do RICMS/02 e Port. 263/2023;;;;;;;;;;;;;9,17;19;2;19% + 2% (FECOEP);01/07/2023;0019
CERVEJAS, CHOPES, REFRIGERANTES E OUTRAS BEBIDAS;IV;14.81;0301400;;Start Energy Pet 1 Litro;S;PT 10/92;Art. 681, I do RICMS/02 e Port. 263/2023;;;;;;;;;;;;;7,59;19;2;19% + 2% (FECOEP);01/07/2023;0019
CERVEJAS, CHOPES, REFRIGERANTES E OUTRAS BEBIDAS;IV;14.82;0301400;;Start Energy Pet 2000 ml;S;PT 10/92;Art. 681, I do RICMS/02 e Port. 263/2023;;;;;;;;;;;;;10,23;19;2;19% + 2% (FECOEP);01/07/2023;0019
CERVEJAS, CHOPES, REFRIGERANTES E OUTRAS BEBIDAS;IV;14.83;0301400;;UpGrade Pet 1000 ml;S;PT 10/92;Art. 681, I do RICMS/02 e Port. 263/2023;;;;;;;;;;;;;8,38;19;2;19% + 2% (FECOEP);01/07/2023;0019
CERVEJAS, CHOPES, REFRIGERANTES E OUTRAS BEBIDAS;IV;14.84;0301400;;UpGrade Pet 2000 ml;S;PT 10/92;Art. 681, I do RICMS/02 e Port. 263/2023;;;;;;;;;;;;;10,31;19;2;19% + 2% (FECOEP);01/07/2023;0019
CERVEJAS, CHOPES, REFRIGERANTES E OUTRAS BEBIDAS;IV;14.85;0301400;;Vulcano Combat 1 Litro;S;PT 10/92;Art. 681, I do RICMS/02 e Port. 263/2023;;;;;;;;;;;;;8,37;19;2;19% + 2% (FECOEP);01/07/2023;0019
CERVEJAS, CHOPES, REFRIGERANTES E OUTRAS BEBIDAS;IV;14.86;0301400;;Vulcano Energy Drink Lata 710 ml;S;PT 10/92;Art. 681, I do RICMS/02 e Port. 263/2023;;;;;;;;;;;;;9,64;19;2;19% + 2% (FECOEP);01/07/2023;0019
CERVEJAS, CHOPES, REFRIGERANTES E OUTRAS BEBIDAS;IV;14.87;0301400;;Vulcano Energy Drink Pet 1000 ml;S;PT 10/92;Art. 681, I do RICMS/02 e Port. 263/2023;;;;;;;;;;;;;12,15;19;2;19% + 2% (FECOEP);01/07/2023;0019
CERVEJAS, CHOPES, REFRIGERANTES E OUTRAS BEBIDAS;IV;14.88;0301400;;Vulcano Energy Drink Pet 1250 ml;S;PT 10/92;Art. 681, I do RICMS/02 e Port. 263/2023;;;;;;;;;;;;;12,15;19;2;19% + 2% (FECOEP);01/07/2023;0019
CERVEJAS, CHOPES, REFRIGERANTES E OUTRAS BEBIDAS;IV;14.89;0301400;;Vulcano Energy Drink Pet 2000 ml;S;PT 10/92;Art. 681, I do RICMS/02 e Port. 263/2023;;;;;;;;;;;;;17,57;19;2;19% + 2% (FECOEP);01/07/2023;0019
CERVEJAS, CHOPES, REFRIGERANTES E OUTRAS BEBIDAS;IV;14.90;0301400;;Vulcano Explosion 1 Litro;S;PT 10/92;Art. 681, I do RICMS/02 e Port. 263/2023;;;;;;;;;;;;;8,37;19;2;19% + 2% (FECOEP);01/07/2023;0019
CERVEJAS, CHOPES, REFRIGERANTES E OUTRAS BEBIDAS;IV;14.91;0301400;;Vulcano Explosion 1 Litro;S;PT 10/92;Art. 681, I do RICMS/02 e Port. 263/2023;;;;;;;;;;;;;11,06;19;2;19% + 2% (FECOEP);01/07/2023;0019
CERVEJAS, CHOPES, REFRIGERANTES E OUTRAS BEBIDAS;IV;14.92;0301400;;Vulcano Jungle 1000 ml;S;PT 10/92;Art. 681, I do RICMS/02 e Port. 263/2023;;;;;;;;;;;;;8,37;19;2;19% + 2% (FECOEP);01/07/2023;0019
CERVEJAS, CHOPES, REFRIGERANTES E OUTRAS BEBIDAS;IV;14.93;0301400;;Vulcano Wild 1000 ml;S;PT 10/92;Art. 681, I do RICMS/02 e Port. 263/2023;;;;;;;;;;;;;8,37;19;2;19% + 2% (FECOEP);01/07/2023;0019
CERVEJAS, CHOPES, REFRIGERANTES E OUTRAS BEBIDAS;IV;14.94;0301400;;Vulcano Wild 2000 ml;S;PT 10/92;Art. 681, I do RICMS/02 e Port. 263/2023;;;;;;;;;;;;;11,06;19;2;19% + 2% (FECOEP);01/07/2023;0019
CERVEJAS, CHOPES, REFRIGERANTES E OUTRAS BEBIDAS;IV;14.95;0301400;;Well Pet 1000 ml;S;PT 10/92;Art. 681, I do RICMS/02 e Port. 263/2023;;;;;;;;;;;;;7,5;19;2;19% + 2% (FECOEP);01/07/2023;0019
CERVEJAS, CHOPES, REFRIGERANTES E OUTRAS BEBIDAS;IV;14.96;0301400;;Well Pet 2000 ml;S;PT 10/92;Art. 681, I do RICMS/02 e Port. 263/2023;;;;;;;;;;;;;9,75;19;2;19% + 2% (FECOEP);01/07/2023;0019
CERVEJAS, CHOPES, REFRIGERANTES E OUTRAS BEBIDAS;IV;14.97;0301400;;Outros Pet 1000 ml;S;PT 10/92;Art. 681, I do RICMS/02 e Port. 263/2023;;;;;;;;;;;;;16,5;19;2;19% + 2% (FECOEP);01/07/2023;0019
CERVEJAS, CHOPES, REFRIGERANTES E OUTRAS BEBIDAS;IV;14.98;0301400;;Outros Pet 2000 ml;S;PT 10/92;Art. 681, I do RICMS/02 e Port. 263/2023;;;;;;;;;;;;;22;19;2;19% + 2% (FECOEP);01/07/2023;0019
CERVEJAS, CHOPES, REFRIGERANTES E OUTRAS BEBIDAS;IV;15;0301500;;Todos em embalagem Tetra Pak 200 ml;S;PT 10/92;Art. 681, I do RICMS/02 e Port. 263/2023;;;;;;;;;;;;;2,45;19;2;19% + 2% (FECOEP);01/07/2023;0019
CERVEJAS, CHOPES, REFRIGERANTES E OUTRAS BEBIDAS;IV;15.1;0301500;;Energil Sport 500 ml;S;PT 10/92;Art. 681, I do RICMS/02 e Port. 263/2023;;;;;;;;;;;;;4,91;19;2;19% + 2% (FECOEP);01/07/2023;0019
CERVEJAS, CHOPES, REFRIGERANTES E OUTRAS BEBIDAS;IV;15,2;0301500;;Gatorade PET de 350 ml;S;PT 10/92;Art. 681, I do RICMS/02 e Port. 263/2023;;;;;;;;;;;;;3,73;19;2;19% + 2% (FECOEP);01/07/2023;0019
CERVEJAS, CHOPES, REFRIGERANTES E OUTRAS BEBIDAS;IV;15.3;0301500;;Gatorade PET de 500 ml;S;PT 10/92;Art. 681, I do RICMS/02 e Port. 263/2023;;;;;;;;;;;;;4,63;19;2;19% + 2% (FECOEP);01/07/2023;0019
CERVEJAS, CHOPES, REFRIGERANTES E OUTRAS BEBIDAS;IV;15.4;0301500;;I9 Hidrotônico PET de 500 ml;S;PT 10/92;Art. 681, I do RICMS/02 e Port. 263/2023;;;;;;;;;;;;;4,48;19;2;19% + 2% (FECOEP);01/07/2023;0019
CERVEJAS, CHOPES, REFRIGERANTES E OUTRAS BEBIDAS;IV;15.5;0301500;;Powerade 500 ml;S;PT 10/92;Art. 681, I do RICMS/02 e Port. 263/2023;;;;;;;;;;;;;5,12;19;2;19% + 2% (FECOEP);01/07/2023;0019
CERVEJAS, CHOPES, REFRIGERANTES E OUTRAS BEBIDAS;IV;15.6;0301500;;Teaq PET de 600 ml;S;PT 10/92;Art. 681, I do RICMS/02 e Port. 263/2023;;;;;;;;;;;;;4,75;19;2;19% + 2% (FECOEP);01/07/2023;0019
CERVEJAS, CHOPES, REFRIGERANTES E OUTRAS BEBIDAS;IV;15.7;0301500;;TNT 500 ml;S;PT 10/92;Art. 681, I do RICMS/02 e Port. 263/2023;;;;;;;;;;;;;4,81;19;2;19% + 2% (FECOEP);01/07/2023;0019
CERVEJAS, CHOPES, REFRIGERANTES E OUTRAS BEBIDAS;IV;15.8;0301500;;Outros;S;PT 10/92;Art. 681, I do RICMS/02 e Port. 263/2023;;;;;;;;;;;;;6;19;2;19% + 2% (FECOEP);01/07/2023;0019
CERVEJAS, CHOPES, REFRIGERANTES E OUTRAS BEBIDAS;IV;21;0302100;;1500;S;PT 10/92;Art. 681, I do RICMS/02 e Port. 263/2023;;;;;;;;;;;;;2,95;19;2;19% + 2% (FECOEP);01/07/2023;0019
CERVEJAS, CHOPES, REFRIGERANTES E OUTRAS BEBIDAS;IV;21,01;0302100;;Almada;S;PT 10/92;Art. 681, I do RICMS/02 e Port. 263/2023;;;;;;;;;;;;;2,95;19;2;19% + 2% (FECOEP);01/07/2023;0019
CERVEJAS, CHOPES, REFRIGERANTES E OUTRAS BEBIDAS;IV;21,02;0302100;;Antarctica (todas);S;PT 10/92;Art. 681, I do RICMS/02 e Port. 263/2023;;;;;;;;;;;;;2,63;19;2;19% + 2% (FECOEP);01/07/2023;0019
CERVEJAS, CHOPES, REFRIGERANTES E OUTRAS BEBIDAS;IV;21,03;0302100;;Bohemia Pilsen;S;PT 10/92;Art. 681, I do RICMS/02 e Port. 263/2023;;;;;;;;;;;;;2,79;19;2;19% + 2% (FECOEP);01/07/2023;0019
CERVEJAS, CHOPES, REFRIGERANTES E OUTRAS BEBIDAS;IV;21,04;0302100;;Brahma Chopp;S;PT 10/92;Art. 681, I do RICMS/02 e Port. 263/2023;;;;;;;;;;;;;2,94;19;2;19% + 2% (FECOEP);01/07/2023;0019
CERVEJAS, CHOPES, REFRIGERANTES E OUTRAS BEBIDAS;IV;21,05;0302100;;Brahma Chopp Zero;S;PT 10/92;Art. 681, I do RICMS/02 e Port. 263/2023;;;;;;;;;;;;;2,78;19;2;19% + 2% (FECOEP);01/07/2023;0019
CERVEJAS, CHOPES, REFRIGERANTES E OUTRAS BEBIDAS;IV;21,06;0302100;;Brahma Chopp Duplo Malte;S;PT 10/92;Art. 681, I do RICMS/02 e Port. 263/2023;;;;;;;;;;;;;2,72;19;2;19% + 2% (FECOEP);01/07/2023;0019
CERVEJAS, CHOPES, REFRIGERANTES E OUTRAS BEBIDAS;IV;21,07;0302100;;Budweiser;S;PT 10/92;Art. 681, I do RICMS/02 e Port. 263/2023;;;;;;;;;;;;;2,89;19;2;19% + 2% (FECOEP);01/07/2023;0019
CERVEJAS, CHOPES, REFRIGERANTES E OUTRAS BEBIDAS;IV;21,08;0302100;;Burguesa;S;PT 10/92;Art. 681, I do RICMS/02 e Port. 263/2023;;;;;;;;;;;;;2,55;19;2;19% + 2% (FECOEP);01/07/2023;0019
CERVEJAS, CHOPES, REFRIGERANTES E OUTRAS BEBIDAS;IV;21,09;0302100;;Caracu;S;PT 10/92;Art. 681, I do RICMS/02 e Port. 263/2023;;;;;;;;;;;;;3,05;19;2;19% + 2% (FECOEP);01/07/2023;0019
CERVEJAS, CHOPES, REFRIGERANTES E OUTRAS BEBIDAS;IV;21,1;0302100;;Colina Pilsen;S;PT 10/92;Art. 681, I do RICMS/02 e Port. 263/2023;;;;;;;;;;;;;2,39;19;2;19% + 2% (FECOEP);01/07/2023;0019
CERVEJAS, CHOPES, REFRIGERANTES E OUTRAS BEBIDAS;IV;21,11;0302100;;Conti;S;PT 10/92;Art. 681, I do RICMS/02 e Port. 263/2023;;;;;;;;;;;;;2,3;19;2;19% + 2% (FECOEP);01/07/2023;0019
CERVEJAS, CHOPES, REFRIGERANTES E OUTRAS BEBIDAS;IV;21,12;0302100;;Conti Zero Grau;S;PT 10/92;Art. 681, I do RICMS/02 e Port. 263/2023;;;;;;;;;;;;;2,17;19;2;19% + 2% (FECOEP);01/07/2023;0019
CERVEJAS, CHOPES, REFRIGERANTES E OUTRAS BEBIDAS;IV;21,13;0302100;;Crystal Pilsen;S;PT 10/92;Art. 681, I do RICMS/02 e Port. 263/2023;;;;;;;;;;;;;2,41;19;2;19% + 2% (FECOEP);01/07/2023;0019
CERVEJAS, CHOPES, REFRIGERANTES E OUTRAS BEBIDAS;IV;21,14;0302100;;Devassa;S;PT 10/92;Art. 681, I do RICMS/02 e Port. 263/2023;;;;;;;;;;;;;2,87;19;2;19% + 2% (FECOEP);01/07/2023;0019
CERVEJAS, CHOPES, REFRIGERANTES E OUTRAS BEBIDAS;IV;21,15;0302100;;Império Pilsen;S;PT 10/92;Art. 681, I do RICMS/02 e Port. 263/2023;;;;;;;;;;;;;2,3;19;2;19% + 2% (FECOEP);01/07/2023;0019
CERVEJAS, CHOPES, REFRIGERANTES E OUTRAS BEBIDAS;IV;21,16;0302100;;Itaipava Pilsen;S;PT 10/92;Art. 681, I do RICMS/02 e Port. 263/2023;;;;;;;;;;;;;2,71;19;2;19% + 2% (FECOEP);01/07/2023;0019
CERVEJAS, CHOPES, REFRIGERANTES E OUTRAS BEBIDAS;IV;21,17;0302100;;Itaipava 100% malte;S;PT 10/92;Art. 681, I do RICMS/02 e Port. 263/2023;;;;;;;;;;;;;2,93;19;2;19% + 2% (FECOEP);01/07/2023;0019
CERVEJAS, CHOPES, REFRIGERANTES E OUTRAS BEBIDAS;IV;21,18;0302100;;Original;S;PT 10/92;Art. 681, I do RICMS/02 e Port. 263/2023;;;;;;;;;;;;;2,93;19;2;19% + 2% (FECOEP);01/07/2023;0019
CERVEJAS, CHOPES, REFRIGERANTES E OUTRAS BEBIDAS;IV;21,19;0302100;;Petra Puro Malte;S;PT 10/92;Art. 681, I do RICMS/02 e Port. 263/2023;;;;;;;;;;;;;2,68;19;2;19% + 2% (FECOEP);01/07/2023;0019
CERVEJAS, CHOPES, REFRIGERANTES E OUTRAS BEBIDAS;IV;21,2;0302100;;Proibida;S;PT 10/92;Art. 681, I do RICMS/02 e Port. 263/2023;;;;;;;;;;;;;2,63;19;2;19% + 2% (FECOEP);01/07/2023;0019
CERVEJAS, CHOPES, REFRIGERANTES E OUTRAS BEBIDAS;IV;21,21;0302100;;Samba;S;PT 10/92;Art. 681, I do RICMS/02 e Port. 263/2023;;;;;;;;;;;;;2,17;19;2;19% + 2% (FECOEP);01/07/2023;0019
CERVEJAS, CHOPES, REFRIGERANTES E OUTRAS BEBIDAS;IV;21,22;0302100;;Schin Pilsen;S;PT 10/92;Art. 681, I do RICMS/02 e Port. 263/2023;;;;;;;;;;;;;2,47;19;2;19% + 2% (FECOEP);01/07/2023;0019
CERVEJAS, CHOPES, REFRIGERANTES E OUTRAS BEBIDAS;IV;21,23;0302100;;Serramalte;S;PT 10/92;Art. 681, I do RICMS/02 e Port. 263/2023;;;;;;;;;;;;;3,2;19;2;19% + 2% (FECOEP);01/07/2023;0019
CERVEJAS, CHOPES, REFRIGERANTES E OUTRAS BEBIDAS;IV;21,24;0302100;;Serras Gerais Pilsen;S;PT 10/92;Art. 681, I do RICMS/02 e Port. 263/2023;;;;;;;;;;;;;2,39;19;2;19% + 2% (FECOEP);01/07/2023;0019
CERVEJAS, CHOPES, REFRIGERANTES E OUTRAS BEBIDAS;IV;21,25;0302100;;Spoller Pilsen;S;PT 10/92;Art. 681, I do RICMS/02 e Port. 263/2023;;;;;;;;;;;;;2,39;19;2;19% + 2% (FECOEP);01/07/2023;0019
CERVEJAS, CHOPES, REFRIGERANTES E OUTRAS BEBIDAS;IV;21,26;0302100;;Skol Pilsen;S;PT 10/92;Art. 681, I do RICMS/02 e Port. 263/2023;;;;;;;;;;;;;2,84;19;2;19% + 2% (FECOEP);01/07/2023;0019
CERVEJAS, CHOPES, REFRIGERANTES E OUTRAS BEBIDAS;IV;21,2699999999999;0302100;;Skol Puro Malte;S;PT 10/92;Art. 681, I do RICMS/02 e Port. 263/2023;;;;;;;;;;;;;2,73;19;2;19% + 2% (FECOEP);01/07/2023;0019
CERVEJAS, CHOPES, REFRIGERANTES E OUTRAS BEBIDAS;IV;21,2799999999999;0302100;;Outros;S;PT 10/92;Art. 681, I do RICMS/02 e Port. 263/2023;;;;;;;;;;;;;5;19;2;19% + 2% (FECOEP);01/07/2023;0019
CERVEJAS, CHOPES, REFRIGERANTES E OUTRAS BEBIDAS;IV;21,2899999999999;0302100;;1500;S;PT 10/92;Art. 681, I do RICMS/02 e Port. 263/2023;;;;;;;;;;;;;6,88;19;2;19% + 2% (FECOEP);01/07/2023;0019
CERVEJAS, CHOPES, REFRIGERANTES E OUTRAS BEBIDAS;IV;21,2999999999999;0302100;;A certa Pilsen;S;PT 10/92;Art. 681, I do RICMS/02 e Port. 263/2023;;;;;;;;;;;;;4;19;2;19% + 2% (FECOEP);01/07/2023;0019
CERVEJAS, CHOPES, REFRIGERANTES E OUTRAS BEBIDAS;IV;21,3099999999999;0302100;;Alamada;S;PT 10/92;Art. 681, I do RICMS/02 e Port. 263/2023;;;;;;;;;;;;;6,74;19;2;19% + 2% (FECOEP);01/07/2023;0019
CERVEJAS, CHOPES, REFRIGERANTES E OUTRAS BEBIDAS;IV;21,3199999999999;0302100;;Amstel;S;PT 10/92;Art. 681, I do RICMS/02 e Port. 263/2023;;;;;;;;;;;;;7,57;19;2;19% + 2% (FECOEP);01/07/2023;0019
CERVEJAS, CHOPES, REFRIGERANTES E OUTRAS BEBIDAS;IV;21,3299999999999;0302100;;Antarctica Pilsen;S;PT 10/92;Art. 681, I do RICMS/02 e Port. 263/2023;;;;;;;;;;;;;7,54;19;2;19% + 2% (FECOEP);01/07/2023;0019
CERVEJAS, CHOPES, REFRIGERANTES E OUTRAS BEBIDAS;IV;21,3399999999999;0302100;;Antarctica Sub Zero;S;PT 10/92;Art. 681, I do RICMS/02 e Port. 263/2023;;;;;;;;;;;;;6,01;19;2;19% + 2% (FECOEP);01/07/2023;0019
CERVEJAS, CHOPES, REFRIGERANTES E OUTRAS BEBIDAS;IV;21,3499999999999;0302100;;Bavária;S;PT 10/92;Art. 681, I do RICMS/02 e Port. 263/2023;;;;;;;;;;;;;4,94;19;2;19% + 2% (FECOEP);01/07/2023;0019
CERVEJAS, CHOPES, REFRIGERANTES E OUTRAS BEBIDAS;IV;21,3599999999999;0302100;;Becks;S;PT 10/92;Art. 681, I do RICMS/02 e Port. 263/2023;;;;;;;;;;;;;9,06;19;2;19% + 2% (FECOEP);01/07/2023;0019
CERVEJAS, CHOPES, REFRIGERANTES E OUTRAS BEBIDAS;IV;21,3699999999999;0302100;;Bendicta Pilsen;S;PT 10/92;Art. 681, I do RICMS/02 e Port. 263/2023;;;;;;;;;;;;;13,32;19;2;19% + 2% (FECOEP);01/07/2023;0019
CERVEJAS, CHOPES, REFRIGERANTES E OUTRAS BEBIDAS;IV;21,3799999999999;0302100;;Black Princess Gold;S;PT 10/92;Art. 681, I do RICMS/02 e Port. 263/2023;;;;;;;;;;;;;6,8;19;2;19% + 2% (FECOEP);01/07/2023;0019
CERVEJAS, CHOPES, REFRIGERANTES E OUTRAS BEBIDAS;IV;21,3899999999999;0302100;;Bohemia;S;PT 10/92;Art. 681, I do RICMS/02 e Port. 263/2023;;;;;;;;;;;;;8,57;19;2;19% + 2% (FECOEP);01/07/2023;0019
CERVEJAS, CHOPES, REFRIGERANTES E OUTRAS BEBIDAS;IV;21,3999999999999;0302100;;Brahma Chopp;S;PT 10/92;Art. 681, I do RICMS/02 e Port. 263/2023;;;;;;;;;;;;;8,04;19;2;19% + 2% (FECOEP);01/07/2023;0019
CERVEJAS, CHOPES, REFRIGERANTES E OUTRAS BEBIDAS;IV;21,4099999999999;0302100;;Brahma Duplo Malte;S;PT 10/92;Art. 681, I do RICMS/02 e Port. 263/2023;;;;;;;;;;;;;9,01;19;2;19% + 2% (FECOEP);01/07/2023;0019
CERVEJAS, CHOPES, REFRIGERANTES E OUTRAS BEBIDAS;IV;21,4199999999999;0302100;;Brahma Extra Larger/Red/Weiss;S;PT 10/92;Art. 681, I do RICMS/02 e Port. 263/2023;;;;;;;;;;;;;10,66;19;2;19% + 2% (FECOEP);01/07/2023;0019
CERVEJAS, CHOPES, REFRIGERANTES E OUTRAS BEBIDAS;IV;21,4299999999999;0302100;;Brussels Puro Malte;S;PT 10/92;Art. 681, I do RICMS/02 e Port. 263/2023;;;;;;;;;;;;;4,66;19;2;19% + 2% (FECOEP);01/07/2023;0019
CERVEJAS, CHOPES, REFRIGERANTES E OUTRAS BEBIDAS;IV;21,4399999999999;0302100;;Budweiser;S;PT 10/92;Art. 681, I do RICMS/02 e Port. 263/2023;;;;;;;;;;;;;10,01;19;2;19% + 2% (FECOEP);01/07/2023;0019
CERVEJAS, CHOPES, REFRIGERANTES E OUTRAS BEBIDAS;IV;21,4499999999999;0302100;;Burguesa;S;PT 10/92;Art. 681, I do RICMS/02 e Port. 263/2023;;;;;;;;;;;;;5,58;19;2;19% + 2% (FECOEP);01/07/2023;0019
CERVEJAS, CHOPES, REFRIGERANTES E OUTRAS BEBIDAS;IV;21,4599999999999;0302100;;Cabaré;S;PT 10/92;Art. 681, I do RICMS/02 e Port. 263/2023;;;;;;;;;;;;;10;19;2;19% + 2% (FECOEP);01/07/2023;0019
CERVEJAS, CHOPES, REFRIGERANTES E OUTRAS BEBIDAS;IV;21,4699999999999;0302100;;Cacildis Amber Lager;S;PT 10/92;Art. 681, I do RICMS/02 e Port. 263/2023;;;;;;;;;;;;;7,15;19;2;19% + 2% (FECOEP);01/07/2023;0019
CERVEJAS, CHOPES, REFRIGERANTES E OUTRAS BEBIDAS;IV;21,4799999999999;0302100;;Cerpa Draft;S;PT 10/92;Art. 681, I do RICMS/02 e Port. 263/2023;;;;;;;;;;;;;4,77;19;2;19% + 2% (FECOEP);01/07/2023;0019
CERVEJAS, CHOPES, REFRIGERANTES E OUTRAS BEBIDAS;IV;21,4899999999999;0302100;;Cerpa Extra;S;PT 10/92;Art. 681, I do RICMS/02 e Port. 263/2023;;;;;;;;;;;;;4,15;19;2;19% + 2% (FECOEP);01/07/2023;0019
CERVEJAS, CHOPES, REFRIGERANTES E OUTRAS BEBIDAS;IV;21,4999999999999;0302100;;Cerpa Tijuca;S;PT 10/92;Art. 681, I do RICMS/02 e Port. 263/2023;;;;;;;;;;;;;4,12;19;2;19% + 2% (FECOEP);01/07/2023;0019
CERVEJAS, CHOPES, REFRIGERANTES E OUTRAS BEBIDAS;IV;21,5099999999999;0302100;;Cerpa Tijuca Puro malte;S;PT 10/92;Art. 681, I do RICMS/02 e Port. 263/2023;;;;;;;;;;;;;4,66;19;2;19% + 2% (FECOEP);01/07/2023;0019
CERVEJAS, CHOPES, REFRIGERANTES E OUTRAS BEBIDAS;IV;21,5199999999999;0302100;;Colina Pilsen;S;PT 10/92;Art. 681, I do RICMS/02 e Port. 263/2023;;;;;;;;;;;;;4;19;2;19% + 2% (FECOEP);01/07/2023;0019
CERVEJAS, CHOPES, REFRIGERANTES E OUTRAS BEBIDAS;IV;21,5299999999999;0302100;;Colina Puro malte;S;PT 10/92;Art. 681, I do RICMS/02 e Port. 263/2023;;;;;;;;;;;;;6,3;19;2;19% + 2% (FECOEP);01/07/2023;0019
CERVEJAS, CHOPES, REFRIGERANTES E OUTRAS BEBIDAS;IV;21,5399999999999;0302100;;Conti;S;PT 10/92;Art. 681, I do RICMS/02 e Port. 263/2023;;;;;;;;;;;;;5,19;19;2;19% + 2% (FECOEP);01/07/2023;0019
CERVEJAS, CHOPES, REFRIGERANTES E OUTRAS BEBIDAS;IV;21,5499999999999;0302100;;Conti Zero Grau;S;PT 10/92;Art. 681, I do RICMS/02 e Port. 263/2023;;;;;;;;;;;;;5,06;19;2;19% + 2% (FECOEP);01/07/2023;0019
CERVEJAS, CHOPES, REFRIGERANTES E OUTRAS BEBIDAS;IV;21,5599999999999;0302100;;Crystal Pilsen;S;PT 10/92;Art. 681, I do RICMS/02 e Port. 263/2023;;;;;;;;;;;;;6,1;19;2;19% + 2% (FECOEP);01/07/2023;0019
CERVEJAS, CHOPES, REFRIGERANTES E OUTRAS BEBIDAS;IV;21,5699999999999;0302100;;Devassa;S;PT 10/92;Art. 681, I do RICMS/02 e Port. 263/2023;;;;;;;;;;;;;7,3;19;2;19% + 2% (FECOEP);01/07/2023;0019
CERVEJAS, CHOPES, REFRIGERANTES E OUTRAS BEBIDAS;IV;21,5799999999999;0302100;;Eisenbahn Pilsen;S;PT 10/92;Art. 681, I do RICMS/02 e Port. 263/2023;;;;;;;;;;;;;9,18;19;2;19% + 2% (FECOEP);01/07/2023;0019
CERVEJAS, CHOPES, REFRIGERANTES E OUTRAS BEBIDAS;IV;21,5899999999999;0302100;;Eisenbahn Pilsen Unfiltered;S;PT 10/92;Art. 681, I do RICMS/02 e Port. 263/2023;;;;;;;;;;;;;6,67;19;2;19% + 2% (FECOEP);01/07/2023;0019
CERVEJAS, CHOPES, REFRIGERANTES E OUTRAS BEBIDAS;IV;21,5999999999999;0302100;;Ekaut Pilsener;S;PT 10/92;Art. 681, I do RICMS/02 e Port. 263/2023;;;;;;;;;;;;;4,66;19;2;19% + 2% (FECOEP);01/07/2023;0019
CERVEJAS, CHOPES, REFRIGERANTES E OUTRAS BEBIDAS;IV;21,6099999999999;0302100;;Estrela Sirius Pilsen;S;PT 10/92;Art. 681, I do RICMS/02 e Port. 263/2023;;;;;;;;;;;;;4;19;2;19% + 2% (FECOEP);01/07/2023;0019
CERVEJAS, CHOPES, REFRIGERANTES E OUTRAS BEBIDAS;IV;21,6199999999999;0302100;;Estrela Sirius Puro malte;S;PT 10/92;Art. 681, I do RICMS/02 e Port. 263/2023;;;;;;;;;;;;;4,66;19;2;19% + 2% (FECOEP);01/07/2023;0019
CERVEJAS, CHOPES, REFRIGERANTES E OUTRAS BEBIDAS;IV;21,6299999999999;0302100;;Glacial;S;PT 10/92;Art. 681, I do RICMS/02 e Port. 263/2023;;;;;;;;;;;;;4,71;19;2;19% + 2% (FECOEP);01/07/2023;0019
CERVEJAS, CHOPES, REFRIGERANTES E OUTRAS BEBIDAS;IV;21,6399999999999;0302100;;Heinekem;S;PT 10/92;Art. 681, I do RICMS/02 e Port. 263/2023;;;;;;;;;;;;;13,24;19;2;19% + 2% (FECOEP);01/07/2023;0019
CERVEJAS, CHOPES, REFRIGERANTES E OUTRAS BEBIDAS;IV;21,6499999999999;0302100;;Império Pilsen;S;PT 10/92;Art. 681, I do RICMS/02 e Port. 263/2023;;;;;;;;;;;;;5,58;19;2;19% + 2% (FECOEP);01/07/2023;0019
CERVEJAS, CHOPES, REFRIGERANTES E OUTRAS BEBIDAS;IV;21,6599999999999;0302100;;Império Lager;S;PT 10/92;Art. 681, I do RICMS/02 e Port. 263/2023;;;;;;;;;;;;;6,13;19;2;19% + 2% (FECOEP);01/07/2023;0019
CERVEJAS, CHOPES, REFRIGERANTES E OUTRAS BEBIDAS;IV;21,6699999999999;0302100;;Itaipava Pilsen;S;PT 10/92;Art. 681, I do RICMS/02 e Port. 263/2023;;;;;;;;;;;;;7,11;19;2;19% + 2% (FECOEP);01/07/2023;0019
CERVEJAS, CHOPES, REFRIGERANTES E OUTRAS BEBIDAS;IV;21,6799999999999;0302100;;Itaipava 100% malte;S;PT 10/92;Art. 681, I do RICMS/02 e Port. 263/2023;;;;;;;;;;;;;7,58;19;2;19% + 2% (FECOEP);01/07/2023;0019
CERVEJAS, CHOPES, REFRIGERANTES E OUTRAS BEBIDAS;IV;21,6899999999999;0302100;;Kaiser;S;PT 10/92;Art. 681, I do RICMS/02 e Port. 263/2023;;;;;;;;;;;;;4,94;19;2;19% + 2% (FECOEP);01/07/2023;0019
CERVEJAS, CHOPES, REFRIGERANTES E OUTRAS BEBIDAS;IV;21,6999999999999;0302100;;Lokal Pilsen;S;PT 10/92;Art. 681, I do RICMS/02 e Port. 263/2023;;;;;;;;;;;;;4,48;19;2;19% + 2% (FECOEP);01/07/2023;0019
CERVEJAS, CHOPES, REFRIGERANTES E OUTRAS BEBIDAS;IV;21,7099999999999;0302100;;No Grau;S;PT 10/92;Art. 681, I do RICMS/02 e Port. 263/2023;;;;;;;;;;;;;5,1;19;2;19% + 2% (FECOEP);01/07/2023;0019
CERVEJAS, CHOPES, REFRIGERANTES E OUTRAS BEBIDAS;IV;21,7199999999999;0302100;;Nova Extrela Puro Malte;S;PT 10/92;Art. 681, I do RICMS/02 e Port. 263/2023;;;;;;;;;;;;;4,8;19;2;19% + 2% (FECOEP);01/07/2023;0019
CERVEJAS, CHOPES, REFRIGERANTES E OUTRAS BEBIDAS;IV;21,7299999999999;0302100;;Original;S;PT 10/92;Art. 681, I do RICMS/02 e Port. 263/2023;;;;;;;;;;;;;10,02;19;2;19% + 2% (FECOEP);01/07/2023;0019
CERVEJAS, CHOPES, REFRIGERANTES E OUTRAS BEBIDAS;IV;21,7399999999999;0302100;;Petra Puro Malte;S;PT 10/92;Art. 681, I do RICMS/02 e Port. 263/2023;;;;;;;;;;;;;7,23;19;2;19% + 2% (FECOEP);01/07/2023;0019
CERVEJAS, CHOPES, REFRIGERANTES E OUTRAS BEBIDAS;IV;21,7499999999999;0302100;;Proibida;S;PT 10/92;Art. 681, I do RICMS/02 e Port. 263/2023;;;;;;;;;;;;;4,85;19;2;19% + 2% (FECOEP);01/07/2023;0019
CERVEJAS, CHOPES, REFRIGERANTES E OUTRAS BEBIDAS;IV;21,7599999999999;0302100;;Proibida Puro Malte;S;PT 10/92;Art. 681, I do RICMS/02 e Port. 263/2023;;;;;;;;;;;;;8,77;19;2;19% + 2% (FECOEP);01/07/2023;0019
CERVEJAS, CHOPES, REFRIGERANTES E OUTRAS BEBIDAS;IV;21,7699999999999;0302100;;Proibida PM Lager;S;PT 10/92;Art. 681, I do RICMS/02 e Port. 263/2023;;;;;;;;;;;;;6,39;19;2;19% + 2% (FECOEP);01/07/2023;0019
CERVEJAS, CHOPES, REFRIGERANTES E OUTRAS BEBIDAS;IV;21,7799999999998;0302100;;Samba;S;PT 10/92;Art. 681, I do RICMS/02 e Port. 263/2023;;;;;;;;;;;;;5,06;19;2;19% + 2% (FECOEP);01/07/2023;0019
CERVEJAS, CHOPES, REFRIGERANTES E OUTRAS BEBIDAS;IV;21,7899999999998;0302100;;Schin;S;PT 10/92;Art. 681, I do RICMS/02 e Port. 263/2023;;;;;;;;;;;;;5,11;19;2;19% + 2% (FECOEP);01/07/2023;0019
CERVEJAS, CHOPES, REFRIGERANTES E OUTRAS BEBIDAS;IV;21,7999999999998;0302100;;Serras Gerais Pilsen;S;PT 10/92;Art. 681, I do RICMS/02 e Port. 263/2023;;;;;;;;;;;;;4;19;2;19% + 2% (FECOEP);01/07/2023;0019
CERVEJAS, CHOPES, REFRIGERANTES E OUTRAS BEBIDAS;IV;21,8099999999998;0302100;;Serramalte;S;PT 10/92;Art. 681, I do RICMS/02 e Port. 263/2023;;;;;;;;;;;;;12,48;19;2;19% + 2% (FECOEP);01/07/2023;0019
CERVEJAS, CHOPES, REFRIGERANTES E OUTRAS BEBIDAS;IV;21,8199999999998;0302100;;Skol Pilsen;S;PT 10/92;Art. 681, I do RICMS/02 e Port. 263/2023;;;;;;;;;;;;;7,79;19;2;19% + 2% (FECOEP);01/07/2023;0019
CERVEJAS, CHOPES, REFRIGERANTES E OUTRAS BEBIDAS;IV;21,8299999999998;0302100;;Skol Puro Malte;S;PT 10/92;Art. 681, I do RICMS/02 e Port. 263/2023;;;;;;;;;;;;;8,69;19;2;19% + 2% (FECOEP);01/07/2023;0019
CERVEJAS, CHOPES, REFRIGERANTES E OUTRAS BEBIDAS;IV;21,8399999999998;0302100;;Spaten;S;PT 10/92;Art. 681, I do RICMS/02 e Port. 263/2023;;;;;;;;;;;;;10,01;19;2;19% + 2% (FECOEP);01/07/2023;0019
CERVEJAS, CHOPES, REFRIGERANTES E OUTRAS BEBIDAS;IV;21,8499999999998;0302100;;Stella Artois 550/600 ml;S;PT 10/92;Art. 681, I do RICMS/02 e Port. 263/2023;;;;;;;;;;;;;11,58;19;2;19% + 2% (FECOEP);01/07/2023;0019
CERVEJAS, CHOPES, REFRIGERANTES E OUTRAS BEBIDAS;IV;21,8599999999998;0302100;;Tiger;S;PT 10/92;Art. 681, I do RICMS/02 e Port. 263/2023;;;;;;;;;;;;;7,33;19;2;19% + 2% (FECOEP);01/07/2023;0019
CERVEJAS, CHOPES, REFRIGERANTES E OUTRAS BEBIDAS;IV;21,8699999999998;0302100;;Outras;S;PT 10/92;Art. 681, I do RICMS/02 e Port. 263/2023;;;;;;;;;;;;;18;19;2;19% + 2% (FECOEP);01/07/2023;0019
CERVEJAS, CHOPES, REFRIGERANTES E OUTRAS BEBIDAS;IV;21,8799999999998;0302100;;Amstel;S;PT 10/92;Art. 681, I do RICMS/02 e Port. 263/2023;;;;;;;;;;;;;7,22;19;2;19% + 2% (FECOEP);01/07/2023;0019
CERVEJAS, CHOPES, REFRIGERANTES E OUTRAS BEBIDAS;IV;21,8899999999998;0302100;;Antarctica Pilsen Descartável;S;PT 10/92;Art. 681, I do RICMS/02 e Port. 263/2023;;;;;;;;;;;;;6,42;19;2;19% + 2% (FECOEP);01/07/2023;0019
CERVEJAS, CHOPES, REFRIGERANTES E OUTRAS BEBIDAS;IV;21,8999999999998;0302100;;Antarctica Pilsen Retornável;S;PT 10/92;Art. 681, I do RICMS/02 e Port. 263/2023;;;;;;;;;;;;;6,1;19;2;19% + 2% (FECOEP);01/07/2023;0019
CERVEJAS, CHOPES, REFRIGERANTES E OUTRAS BEBIDAS;IV;21,9099999999998;0302100;;Antarctica Sub Zero Retornável;S;PT 10/92;Art. 681, I do RICMS/02 e Port. 263/2023;;;;;;;;;;;;;6;19;2;19% + 2% (FECOEP);01/07/2023;0019
CERVEJAS, CHOPES, REFRIGERANTES E OUTRAS BEBIDAS;IV;21,9199999999998;0302100;;Bohemia;S;PT 10/92;Art. 681, I do RICMS/02 e Port. 263/2023;;;;;;;;;;;;;7,67;19;2;19% + 2% (FECOEP);01/07/2023;0019
CERVEJAS, CHOPES, REFRIGERANTES E OUTRAS BEBIDAS;IV;21,9299999999998;0302100;;Brahma Descartável;S;PT 10/92;Art. 681, I do RICMS/02 e Port. 263/2023;;;;;;;;;;;;;7,25;19;2;19% + 2% (FECOEP);01/07/2023;0019
CERVEJAS, CHOPES, REFRIGERANTES E OUTRAS BEBIDAS;IV;21,9399999999998;0302100;;Brahma Retornável;S;PT 10/92;Art. 681, I do RICMS/02 e Port. 263/2023;;;;;;;;;;;;;7,86;19;2;19% + 2% (FECOEP);01/07/2023;0019
CERVEJAS, CHOPES, REFRIGERANTES E OUTRAS BEBIDAS;IV;21,9499999999998;0302100;;Brahma Duplo Malte Retornável;S;PT 10/92;Art. 681, I do RICMS/02 e Port. 263/2023;;;;;;;;;;;;;7,64;19;2;19% + 2% (FECOEP);01/07/2023;0019
CERVEJAS, CHOPES, REFRIGERANTES E OUTRAS BEBIDAS;IV;21,9599999999998;0302100;;Budweiser 990 ml;S;PT 10/92;Art. 681, I do RICMS/02 e Port. 263/2023;;;;;;;;;;;;;8,79;19;2;19% + 2% (FECOEP);01/07/2023;0019
CERVEJAS, CHOPES, REFRIGERANTES E OUTRAS BEBIDAS;IV;21,9699999999998;0302100;;Burguesa Retornável;S;PT 10/92;Art. 681, I do RICMS/02 e Port. 263/2023;;;;;;;;;;;;;6,3;19;2;19% + 2% (FECOEP);01/07/2023;0019
CERVEJAS, CHOPES, REFRIGERANTES E OUTRAS BEBIDAS;IV;21,9799999999998;0302100;;Conti retornável;S;PT 10/92;Art. 681, I do RICMS/02 e Port. 263/2023;;;;;;;;;;;;;6;19;2;19% + 2% (FECOEP);01/07/2023;0019
CERVEJAS, CHOPES, REFRIGERANTES E OUTRAS BEBIDAS;IV;21,9899999999998;0302100;;Conti Zero Grau Retornável;S;PT 10/92;Art. 681, I do RICMS/02 e Port. 263/2023;;;;;;;;;;;;;5,88;19;2;19% + 2% (FECOEP);01/07/2023;0019
CERVEJAS, CHOPES, REFRIGERANTES E OUTRAS BEBIDAS;IV;21,1;0302100;;Crystal Pilsen Retornável;S;PT 10/92;Art. 681, I do RICMS/02 e Port. 263/2023;;;;;;;;;;;;;5,83;19;2;19% + 2% (FECOEP);01/07/2023;0019
CERVEJAS, CHOPES, REFRIGERANTES E OUTRAS BEBIDAS;IV;21,101;0302100;;Devassa retornável;S;PT 10/92;Art. 681, I do RICMS/02 e Port. 263/2023;;;;;;;;;;;;;7,23;19;2;19% + 2% (FECOEP);01/07/2023;0019
CERVEJAS, CHOPES, REFRIGERANTES E OUTRAS BEBIDAS;IV;21,102;0302100;;Glacial Retornável;S;PT 10/92;Art. 681, I do RICMS/02 e Port. 263/2023;;;;;;;;;;;;;5,02;19;2;19% + 2% (FECOEP);01/07/2023;0019
CERVEJAS, CHOPES, REFRIGERANTES E OUTRAS BEBIDAS;IV;21,103;0302100;;Itaipava Pilsen Descartável;S;PT 10/92;Art. 681, I do RICMS/02 e Port. 263/2023;;;;;;;;;;;;;7,38;19;2;19% + 2% (FECOEP);01/07/2023;0019
CERVEJAS, CHOPES, REFRIGERANTES E OUTRAS BEBIDAS;IV;21,104;0302100;;Itaipava Pilsen Retornável;S;PT 10/92;Art. 681, I do RICMS/02 e Port. 263/2023;;;;;;;;;;;;;6,78;19;2;19% + 2% (FECOEP);01/07/2023;0019
CERVEJAS, CHOPES, REFRIGERANTES E OUTRAS BEBIDAS;IV;21,105;0302100;;Itaipava 100% Malte Descartável;S;PT 10/92;Art. 681, I do RICMS/02 e Port. 263/2023;;;;;;;;;;;;;7,38;19;2;19% + 2% (FECOEP);01/07/2023;0019
CERVEJAS, CHOPES, REFRIGERANTES E OUTRAS BEBIDAS;IV;21,106;0302100;;Itaipava 100% Malte Retornável;S;PT 10/92;Art. 681, I do RICMS/02 e Port. 263/2023;;;;;;;;;;;;;7,17;19;2;19% + 2% (FECOEP);01/07/2023;0019
CERVEJAS, CHOPES, REFRIGERANTES E OUTRAS BEBIDAS;IV;21,107;0302100;;Lokal Pilsen;S;PT 10/92;Art. 681, I do RICMS/02 e Port. 263/2023;;;;;;;;;;;;;4,93;19;2;19% + 2% (FECOEP);01/07/2023;0019
CERVEJAS, CHOPES, REFRIGERANTES E OUTRAS BEBIDAS;IV;21,108;0302100;;No Grau Retornável;S;PT 10/92;Art. 681, I do RICMS/02 e Port. 263/2023;;;;;;;;;;;;;5,29;19;2;19% + 2% (FECOEP);01/07/2023;0019
CERVEJAS, CHOPES, REFRIGERANTES E OUTRAS BEBIDAS;IV;21,109;0302100;;Norteña 960 ml;S;PT 10/92;Art. 681, I do RICMS/02 e Port. 263/2023;;;;;;;;;;;;;17,75;19;2;19% + 2% (FECOEP);01/07/2023;0019
CERVEJAS, CHOPES, REFRIGERANTES E OUTRAS BEBIDAS;IV;21,11;0302100;;Original;S;PT 10/92;Art. 681, I do RICMS/02 e Port. 263/2023;;;;;;;;;;;;;8,09;19;2;19% + 2% (FECOEP);01/07/2023;0019
CERVEJAS, CHOPES, REFRIGERANTES E OUTRAS BEBIDAS;IV;21,111;0302100;;Petra Puro Malte;S;PT 10/92;Art. 681, I do RICMS/02 e Port. 263/2023;;;;;;;;;;;;;7,53;19;2;19% + 2% (FECOEP);01/07/2023;0019
CERVEJAS, CHOPES, REFRIGERANTES E OUTRAS BEBIDAS;IV;21,112;0302100;;Proibida Retornável;S;PT 10/92;Art. 681, I do RICMS/02 e Port. 263/2023;;;;;;;;;;;;;5,03;19;2;19% + 2% (FECOEP);01/07/2023;0019
CERVEJAS, CHOPES, REFRIGERANTES E OUTRAS BEBIDAS;IV;21,113;0302100;;Quilmes Descartável;S;PT 10/92;Art. 681, I do RICMS/02 e Port. 263/2023;;;;;;;;;;;;;15,77;19;2;19% + 2% (FECOEP);01/07/2023;0019
CERVEJAS, CHOPES, REFRIGERANTES E OUTRAS BEBIDAS;IV;21,114;0302100;;Samba;S;PT 10/92;Art. 681, I do RICMS/02 e Port. 263/2023;;;;;;;;;;;;;5,76;19;2;19% + 2% (FECOEP);01/07/2023;0019
CERVEJAS, CHOPES, REFRIGERANTES E OUTRAS BEBIDAS;IV;21,115;0302100;;Schin Pilsen Descartável;S;PT 10/92;Art. 681, I do RICMS/02 e Port. 263/2023;;;;;;;;;;;;;7,05;19;2;19% + 2% (FECOEP);01/07/2023;0019
CERVEJAS, CHOPES, REFRIGERANTES E OUTRAS BEBIDAS;IV;21,116;0302100;;Schin Pilsen Retornável;S;PT 10/92;Art. 681, I do RICMS/02 e Port. 263/2023;;;;;;;;;;;;;5,9;19;2;19% + 2% (FECOEP);01/07/2023;0019
CERVEJAS, CHOPES, REFRIGERANTES E OUTRAS BEBIDAS;IV;21,117;0302100;;Skol Descartável;S;PT 10/92;Art. 681, I do RICMS/02 e Port. 263/2023;;;;;;;;;;;;;8,38;19;2;19% + 2% (FECOEP);01/07/2023;0019
CERVEJAS, CHOPES, REFRIGERANTES E OUTRAS BEBIDAS;IV;21,118;0302100;;Skol Retornável;S;PT 10/92;Art. 681, I do RICMS/02 e Port. 263/2023;;;;;;;;;;;;;7,77;19;2;19% + 2% (FECOEP);01/07/2023;0019
CERVEJAS, CHOPES, REFRIGERANTES E OUTRAS BEBIDAS;IV;21,119;0302100;;Skol Puro Malte Retornável;S;PT 10/92;Art. 681, I do RICMS/02 e Port. 263/2023;;;;;;;;;;;;;7,62;19;2;19% + 2% (FECOEP);01/07/2023;0019
CERVEJAS, CHOPES, REFRIGERANTES E OUTRAS BEBIDAS;IV;21,12;0302100;;Outras (importadas);S;PT 10/92;Art. 681, I do RICMS/02 e Port. 263/2023;;;;;;;;;;;;;25;19;2;19% + 2% (FECOEP);01/07/2023;0019
CERVEJAS, CHOPES, REFRIGERANTES E OUTRAS BEBIDAS;IV;21,121;0302100;;Outras (nacionais);S;PT 10/92;Art. 681, I do RICMS/02 e Port. 263/2023;;;;;;;;;;;;;13;19;2;19% + 2% (FECOEP);01/07/2023;0019
CERVEJAS, CHOPES, REFRIGERANTES E OUTRAS BEBIDAS;IV;21,122;0302105;;Scholer's Bier German Pilsen 1000 ml;S;PT 10/92;Art. 681, I do RICMS/02 e Port. 263/2023;;;;;;;;;;;;;15,95;19;2;19% + 2% (FECOEP);01/07/2023;0019
CERVEJAS, CHOPES, REFRIGERANTES E OUTRAS BEBIDAS;IV;21,123;0302105;;Scholer's Bier IPA 1000 ml;S;PT 10/92;Art. 681, I do RICMS/02 e Port. 263/2023;;;;;;;;;;;;;20,35;19;2;19% + 2% (FECOEP);01/07/2023;0019
CERVEJAS, CHOPES, REFRIGERANTES E OUTRAS BEBIDAS;IV;21,124;0302105;;Scholer's Bier Pilsen 1000 ml;S;PT 10/92;Art. 681, I do RICMS/02 e Port. 263/2023;;;;;;;;;;;;;19,77;19;2;19% + 2% (FECOEP);01/07/2023;0019
CERVEJAS, CHOPES, REFRIGERANTES E OUTRAS BEBIDAS;IV;21,125;0302105;;Outras;S;PT 10/92;Art. 681, I do RICMS/02 e Port. 263/2023;;;;;;;;;;;;;22;19;2;19% + 2% (FECOEP);01/07/2023;0019
CERVEJAS, CHOPES, REFRIGERANTES E OUTRAS BEBIDAS;IV;21,126;0302100;;Cerpa Export;S;PT 10/92;Art. 681, I do RICMS/02 e Port. 263/2023;;;;;;;;;;;;;3;19;2;19% + 2% (FECOEP);01/07/2023;0019
CERVEJAS, CHOPES, REFRIGERANTES E OUTRAS BEBIDAS;IV;21,127;0302100;;Cerpa Tijuca;S;PT 10/92;Art. 681, I do RICMS/02 e Port. 263/2023;;;;;;;;;;;;;2,4;19;2;19% + 2% (FECOEP);01/07/2023;0019
CERVEJAS, CHOPES, REFRIGERANTES E OUTRAS BEBIDAS;IV;21,128;0302100;;Outras;S;PT 10/92;Art. 681, I do RICMS/02 e Port. 263/2023;;;;;;;;;;;;;4;19;2;19% + 2% (FECOEP);01/07/2023;0019
CERVEJAS, CHOPES, REFRIGERANTES E OUTRAS BEBIDAS;IV;21,129;0302100;;Coronita Extra Nac;S;PT 10/92;Art. 681, I do RICMS/02 e Port. 263/2023;;;;;;;;;;;;;4,2;19;2;19% + 2% (FECOEP);01/07/2023;0019
CERVEJAS, CHOPES, REFRIGERANTES E OUTRAS BEBIDAS;IV;21,13;0302100;;Estrella Galicia;S;PT 10/92;Art. 681, I do RICMS/02 e Port. 263/2023;;;;;;;;;;;;;3,23;19;2;19% + 2% (FECOEP);01/07/2023;0019
CERVEJAS, CHOPES, REFRIGERANTES E OUTRAS BEBIDAS;IV;21,131;0302100;;Império Gold 210 ml;S;PT 10/92;Art. 681, I do RICMS/02 e Port. 263/2023;;;;;;;;;;;;;3,17;19;2;19% + 2% (FECOEP);01/07/2023;0019
CERVEJAS, CHOPES, REFRIGERANTES E OUTRAS BEBIDAS;IV;21,132;0302100;;Outras;S;PT 10/92;Art. 681, I do RICMS/02 e Port. 263/2023;;;;;;;;;;;;;5;19;2;19% + 2% (FECOEP);01/07/2023;0019
CERVEJAS, CHOPES, REFRIGERANTES E OUTRAS BEBIDAS;IV;21,133;0302100;;Bavaria Pilsen;S;PT 10/92;Art. 681, I do RICMS/02 e Port. 263/2023;;;;;;;;;;;;;1,62;19;2;19% + 2% (FECOEP);01/07/2023;0019
CERVEJAS, CHOPES, REFRIGERANTES E OUTRAS BEBIDAS;IV;21,134;0302100;;Crystal Pilsen;S;PT 10/92;Art. 681, I do RICMS/02 e Port. 263/2023;;;;;;;;;;;;;1,62;19;2;19% + 2% (FECOEP);01/07/2023;0019
CERVEJAS, CHOPES, REFRIGERANTES E OUTRAS BEBIDAS;IV;21,135;0302100;;Ekaut;S;PT 10/92;Art. 681, I do RICMS/02 e Port. 263/2023;;;;;;;;;;;;;2,73;19;2;19% + 2% (FECOEP);01/07/2023;0019
CERVEJAS, CHOPES, REFRIGERANTES E OUTRAS BEBIDAS;IV;21,136;0302100;;Estrella Galicia 0,0;S;PT 10/92;Art. 681, I do RICMS/02 e Port. 263/2023;;;;;;;;;;;;;2,65;19;2;19% + 2% (FECOEP);01/07/2023;0019
CERVEJAS, CHOPES, REFRIGERANTES E OUTRAS BEBIDAS;IV;21,137;0302100;;Estrella Galicia 0,0 álcool Black;S;PT 10/92;Art. 681, I do RICMS/02 e Port. 263/2023;;;;;;;;;;;;;4,9;19;2;19% + 2% (FECOEP);01/07/2023;0019
CERVEJAS, CHOPES, REFRIGERANTES E OUTRAS BEBIDAS;IV;21,138;0302100;;Estrella Galicia 0,0 álcool tostada;S;PT 10/92;Art. 681, I do RICMS/02 e Port. 263/2023;;;;;;;;;;;;;4,9;19;2;19% + 2% (FECOEP);01/07/2023;0019
CERVEJAS, CHOPES, REFRIGERANTES E OUTRAS BEBIDAS;IV;21,139;0302100;;Heineken;S;PT 10/92;Art. 681, I do RICMS/02 e Port. 263/2023;;;;;;;;;;;;;3,26;19;2;19% + 2% (FECOEP);01/07/2023;0019
CERVEJAS, CHOPES, REFRIGERANTES E OUTRAS BEBIDAS;IV;21,14;0302100;;Império Pilsen;S;PT 10/92;Art. 681, I do RICMS/02 e Port. 263/2023;;;;;;;;;;;;;2,52;19;2;19% + 2% (FECOEP);01/07/2023;0019
CERVEJAS, CHOPES, REFRIGERANTES E OUTRAS BEBIDAS;IV;21,141;0302100;;Império Lager;S;PT 10/92;Art. 681, I do RICMS/02 e Port. 263/2023;;;;;;;;;;;;;3,23;19;2;19% + 2% (FECOEP);01/07/2023;0019
CERVEJAS, CHOPES, REFRIGERANTES E OUTRAS BEBIDAS;IV;21,142;0302100;;Império Ultra;S;PT 10/92;Art. 681, I do RICMS/02 e Port. 263/2023;;;;;;;;;;;;;2,77;19;2;19% + 2% (FECOEP);01/07/2023;0019
CERVEJAS, CHOPES, REFRIGERANTES E OUTRAS BEBIDAS;IV;21,1430000000001;0302100;;Itaipava Pilsen;S;PT 10/92;Art. 681, I do RICMS/02 e Port. 263/2023;;;;;;;;;;;;;1,89;19;2;19% + 2% (FECOEP);01/07/2023;0019
CERVEJAS, CHOPES, REFRIGERANTES E OUTRAS BEBIDAS;IV;21,1440000000001;0302100;;Kaiser;S;PT 10/92;Art. 681, I do RICMS/02 e Port. 263/2023;;;;;;;;;;;;;1,81;19;2;19% + 2% (FECOEP);01/07/2023;0019
CERVEJAS, CHOPES, REFRIGERANTES E OUTRAS BEBIDAS;IV;21,1450000000001;0302100;;Skol Pilsen;S;PT 10/92;Art. 681, I do RICMS/02 e Port. 263/2023;;;;;;;;;;;;;2,12;19;2;19% + 2% (FECOEP);01/07/2023;0019
CERVEJAS, CHOPES, REFRIGERANTES E OUTRAS BEBIDAS;IV;21,1460000000001;0302100;;Skol Puro Malte;S;PT 10/92;Art. 681, I do RICMS/02 e Port. 263/2023;;;;;;;;;;;;;3,26;19;2;19% + 2% (FECOEP);01/07/2023;0019
CERVEJAS, CHOPES, REFRIGERANTES E OUTRAS BEBIDAS;IV;21,1470000000001;0302100;;Stela Artois;S;PT 10/92;Art. 681, I do RICMS/02 e Port. 263/2023;;;;;;;;;;;;;4,43;19;2;19% + 2% (FECOEP);01/07/2023;0019
CERVEJAS, CHOPES, REFRIGERANTES E OUTRAS BEBIDAS;IV;21,1480000000001;0302100;;Outros;S;PT 10/92;Art. 681, I do RICMS/02 e Port. 263/2023;;;;;;;;;;;;;6;19;2;19% + 2% (FECOEP);01/07/2023;0019
CERVEJAS, CHOPES, REFRIGERANTES E OUTRAS BEBIDAS;IV;21,1490000000001;0302100;;1500 300 ml;S;PT 10/92;Art. 681, I do RICMS/02 e Port. 263/2023;;;;;;;;;;;;;3,23;19;2;19% + 2% (FECOEP);01/07/2023;0019
CERVEJAS, CHOPES, REFRIGERANTES E OUTRAS BEBIDAS;IV;21,1500000000001;0302100;;1500 330 ml;S;PT 10/92;Art. 681, I do RICMS/02 e Port. 263/2023;;;;;;;;;;;;;3,55;19;2;19% + 2% (FECOEP);01/07/2023;0019
CERVEJAS, CHOPES, REFRIGERANTES E OUTRAS BEBIDAS;IV;21,1510000000001;0302100;;1906;S;PT 10/92;Art. 681, I do RICMS/02 e Port. 263/2023;;;;;;;;;;;;;5,16;19;2;19% + 2% (FECOEP);01/07/2023;0019
CERVEJAS, CHOPES, REFRIGERANTES E OUTRAS BEBIDAS;IV;21,1520000000001;0302100;;1906 Black Coupage 330 ml;S;PT 10/92;Art. 681, I do RICMS/02 e Port. 263/2023;;;;;;;;;;;;;8,32;19;2;19% + 2% (FECOEP);01/07/2023;0019
CERVEJAS, CHOPES, REFRIGERANTES E OUTRAS BEBIDAS;IV;21,1530000000001;0302100;;1906 Red Vintage;S;PT 10/92;Art. 681, I do RICMS/02 e Port. 263/2023;;;;;;;;;;;;;5,39;19;2;19% + 2% (FECOEP);01/07/2023;0019
CERVEJAS, CHOPES, REFRIGERANTES E OUTRAS BEBIDAS;IV;21,1540000000001;0302100;;Almada 300 ml;S;PT 10/92;Art. 681, I do RICMS/02 e Port. 263/2023;;;;;;;;;;;;;2,84;19;2;19% + 2% (FECOEP);01/07/2023;0019
CERVEJAS, CHOPES, REFRIGERANTES E OUTRAS BEBIDAS;IV;21,1550000000001;0302100;;Almada 330 ml;S;PT 10/92;Art. 681, I do RICMS/02 e Port. 263/2023;;;;;;;;;;;;;2,98;19;2;19% + 2% (FECOEP);01/07/2023;0019
CERVEJAS, CHOPES, REFRIGERANTES E OUTRAS BEBIDAS;IV;21,1560000000001;0302100;;Antarctica Cristal;S;PT 10/92;Art. 681, I do RICMS/02 e Port. 263/2023;;;;;;;;;;;;;5,22;19;2;19% + 2% (FECOEP);01/07/2023;0019
CERVEJAS, CHOPES, REFRIGERANTES E OUTRAS BEBIDAS;IV;21,1570000000001;0302100;;Antarctica Pilsen;S;PT 10/92;Art. 681, I do RICMS/02 e Port. 263/2023;;;;;;;;;;;;;5,08;19;2;19% + 2% (FECOEP);01/07/2023;0019
CERVEJAS, CHOPES, REFRIGERANTES E OUTRAS BEBIDAS;IV;21,1580000000001;0302100;;Baden Baden Bock 300ml;S;PT 10/92;Art. 681, I do RICMS/02 e Port. 263/2023;;;;;;;;;;;;;6,57;19;2;19% + 2% (FECOEP);01/07/2023;0019
CERVEJAS, CHOPES, REFRIGERANTES E OUTRAS BEBIDAS;IV;21,1590000000001;0302100;;Becks 330 ml;S;PT 10/92;Art. 681, I do RICMS/02 e Port. 263/2023;;;;;;;;;;;;;7,01;19;2;19% + 2% (FECOEP);01/07/2023;0019
CERVEJAS, CHOPES, REFRIGERANTES E OUTRAS BEBIDAS;IV;21,1600000000001;0302100;;Bendicta Pilsen 300 ml;S;PT 10/92;Art. 681, I do RICMS/02 e Port. 263/2023;;;;;;;;;;;;;8,32;19;2;19% + 2% (FECOEP);01/07/2023;0019
CERVEJAS, CHOPES, REFRIGERANTES E OUTRAS BEBIDAS;IV;21,1610000000001;0302100;;Black Princess Gold;S;PT 10/92;Art. 681, I do RICMS/02 e Port. 263/2023;;;;;;;;;;;;;5,07;19;2;19% + 2% (FECOEP);01/07/2023;0019
CERVEJAS, CHOPES, REFRIGERANTES E OUTRAS BEBIDAS;IV;21,1620000000001;0302100;;Black Princess Outras;S;PT 10/92;Art. 681, I do RICMS/02 e Port. 263/2023;;;;;;;;;;;;;8,25;19;2;19% + 2% (FECOEP);01/07/2023;0019
CERVEJAS, CHOPES, REFRIGERANTES E OUTRAS BEBIDAS;IV;21,1630000000001;0302100;;Blue Moon Belgian White;S;PT 10/92;Art. 681, I do RICMS/02 e Port. 263/2023;;;;;;;;;;;;;6,06;19;2;19% + 2% (FECOEP);01/07/2023;0019
CERVEJAS, CHOPES, REFRIGERANTES E OUTRAS BEBIDAS;IV;21,1640000000001;0302100;;Bohemia;S;PT 10/92;Art. 681, I do RICMS/02 e Port. 263/2023;;;;;;;;;;;;;5,34;19;2;19% + 2% (FECOEP);01/07/2023;0019
CERVEJAS, CHOPES, REFRIGERANTES E OUTRAS BEBIDAS;IV;21,1650000000001;0302100;;Bohemia Escura;S;PT 10/92;Art. 681, I do RICMS/02 e Port. 263/2023;;;;;;;;;;;;;5,81;19;2;19% + 2% (FECOEP);01/07/2023;0019
CERVEJAS, CHOPES, REFRIGERANTES E OUTRAS BEBIDAS;IV;21,1660000000001;0302100;;Brahama Extra Lager/Red/Weiss;S;PT 10/92;Art. 681, I do RICMS/02 e Port. 263/2023;;;;;;;;;;;;;4,91;19;2;19% + 2% (FECOEP);01/07/2023;0019
CERVEJAS, CHOPES, REFRIGERANTES E OUTRAS BEBIDAS;IV;21,1670000000001;0302100;;Brahma 0 % Álcool;S;PT 10/92;Art. 681, I do RICMS/02 e Port. 263/2023;;;;;;;;;;;;;5,82;19;2;19% + 2% (FECOEP);01/07/2023;0019
CERVEJAS, CHOPES, REFRIGERANTES E OUTRAS BEBIDAS;IV;21,1680000000001;0302100;;Brahma Chopp;S;PT 10/92;Art. 681, I do RICMS/02 e Port. 263/2023;;;;;;;;;;;;;5;19;2;19% + 2% (FECOEP);01/07/2023;0019
CERVEJAS, CHOPES, REFRIGERANTES E OUTRAS BEBIDAS;IV;21,1690000000001;0302100;;Brahma Chopp 300 ml;S;PT 10/92;Art. 681, I do RICMS/02 e Port. 263/2023;;;;;;;;;;;;;2,93;19;2;19% + 2% (FECOEP);01/07/2023;0019
CERVEJAS, CHOPES, REFRIGERANTES E OUTRAS BEBIDAS;IV;21,1700000000001;0302100;;Brahma Duplo Malte 330 ml;S;PT 10/92;Art. 681, I do RICMS/02 e Port. 263/2023;;;;;;;;;;;;;5;19;2;19% + 2% (FECOEP);01/07/2023;0019
CERVEJAS, CHOPES, REFRIGERANTES E OUTRAS BEBIDAS;IV;21,1710000000001;0302100;;Brahma Malzbier;S;PT 10/92;Art. 681, I do RICMS/02 e Port. 263/2023;;;;;;;;;;;;;5,38;19;2;19% + 2% (FECOEP);01/07/2023;0019
CERVEJAS, CHOPES, REFRIGERANTES E OUTRAS BEBIDAS;IV;21,1720000000001;0302100;;Brooklin East Ipa;S;PT 10/92;Art. 681, I do RICMS/02 e Port. 263/2023;;;;;;;;;;;;;14,49;19;2;19% + 2% (FECOEP);01/07/2023;0019
CERVEJAS, CHOPES, REFRIGERANTES E OUTRAS BEBIDAS;IV;21,1730000000001;0302100;;Brooklin Lager;S;PT 10/92;Art. 681, I do RICMS/02 e Port. 263/2023;;;;;;;;;;;;;14,49;19;2;19% + 2% (FECOEP);01/07/2023;0019
CERVEJAS, CHOPES, REFRIGERANTES E OUTRAS BEBIDAS;IV;21,1740000000001;0302100;;Brussels;S;PT 10/92;Art. 681, I do RICMS/02 e Port. 263/2023;;;;;;;;;;;;;3,09;19;2;19% + 2% (FECOEP);01/07/2023;0019
CERVEJAS, CHOPES, REFRIGERANTES E OUTRAS BEBIDAS;IV;21,1750000000001;0302100;;Budweiser;S;PT 10/92;Art. 681, I do RICMS/02 e Port. 263/2023;;;;;;;;;;;;;5,9;19;2;19% + 2% (FECOEP);01/07/2023;0019
CERVEJAS, CHOPES, REFRIGERANTES E OUTRAS BEBIDAS;IV;21,1760000000001;0302100;;Budweiser 0,0%;S;PT 10/92;Art. 681, I do RICMS/02 e Port. 263/2023;;;;;;;;;;;;;6,03;19;2;19% + 2% (FECOEP);01/07/2023;0019
CERVEJAS, CHOPES, REFRIGERANTES E OUTRAS BEBIDAS;IV;21,1770000000001;0302100;;Burguesa 300 ml;S;PT 10/92;Art. 681, I do RICMS/02 e Port. 263/2023;;;;;;;;;;;;;2,71;19;2;19% + 2% (FECOEP);01/07/2023;0019
CERVEJAS, CHOPES, REFRIGERANTES E OUTRAS BEBIDAS;IV;21,1780000000001;0302100;;Burguesa 330 ml;S;PT 10/92;Art. 681, I do RICMS/02 e Port. 263/2023;;;;;;;;;;;;;3,02;19;2;19% + 2% (FECOEP);01/07/2023;0019
CERVEJAS, CHOPES, REFRIGERANTES E OUTRAS BEBIDAS;IV;21,1790000000001;0302100;;Cabaré 330 ml;S;PT 10/92;Art. 681, I do RICMS/02 e Port. 263/2023;;;;;;;;;;;;;5,12;19;2;19% + 2% (FECOEP);01/07/2023;0019
CERVEJAS, CHOPES, REFRIGERANTES E OUTRAS BEBIDAS;IV;21,1800000000001;0302100;;Cacildis Amber Lager;S;PT 10/92;Art. 681, I do RICMS/02 e Port. 263/2023;;;;;;;;;;;;;5,51;19;2;19% + 2% (FECOEP);01/07/2023;0019
CERVEJAS, CHOPES, REFRIGERANTES E OUTRAS BEBIDAS;IV;21,1810000000001;0302100;;Capunga;S;PT 10/92;Art. 681, I do RICMS/02 e Port. 263/2023;;;;;;;;;;;;;3,09;19;2;19% + 2% (FECOEP);01/07/2023;0019
CERVEJAS, CHOPES, REFRIGERANTES E OUTRAS BEBIDAS;IV;21,1820000000001;0302100;;Caracu;S;PT 10/92;Art. 681, I do RICMS/02 e Port. 263/2023;;;;;;;;;;;;;5,34;19;2;19% + 2% (FECOEP);01/07/2023;0019
CERVEJAS, CHOPES, REFRIGERANTES E OUTRAS BEBIDAS;IV;21,1830000000001;0302100;;Cerpa Draft;S;PT 10/92;Art. 681, I do RICMS/02 e Port. 263/2023;;;;;;;;;;;;;3,44;19;2;19% + 2% (FECOEP);01/07/2023;0019
CERVEJAS, CHOPES, REFRIGERANTES E OUTRAS BEBIDAS;IV;21,1840000000001;0302100;;Cerpa Export;S;PT 10/92;Art. 681, I do RICMS/02 e Port. 263/2023;;;;;;;;;;;;;4,26;19;2;19% + 2% (FECOEP);01/07/2023;0019
CERVEJAS, CHOPES, REFRIGERANTES E OUTRAS BEBIDAS;IV;21,1850000000001;0302100;;Cerpa Gold;S;PT 10/92;Art. 681, I do RICMS/02 e Port. 263/2023;;;;;;;;;;;;;3,45;19;2;19% + 2% (FECOEP);01/07/2023;0019
CERVEJAS, CHOPES, REFRIGERANTES E OUTRAS BEBIDAS;IV;21,1860000000001;0302100;;Cerpa Prime 310 ml;S;PT 10/92;Art. 681, I do RICMS/02 e Port. 263/2023;;;;;;;;;;;;;4,64;19;2;19% + 2% (FECOEP);01/07/2023;0019
CERVEJAS, CHOPES, REFRIGERANTES E OUTRAS BEBIDAS;IV;21,1870000000001;0302100;;Cerpa Tijuca;S;PT 10/92;Art. 681, I do RICMS/02 e Port. 263/2023;;;;;;;;;;;;;3,87;19;2;19% + 2% (FECOEP);01/07/2023;0019
CERVEJAS, CHOPES, REFRIGERANTES E OUTRAS BEBIDAS;IV;21,1880000000001;0302100;;Cerpa Tijuca Puro malte;S;PT 10/92;Art. 681, I do RICMS/02 e Port. 263/2023;;;;;;;;;;;;;3,87;19;2;19% + 2% (FECOEP);01/07/2023;0019
CERVEJAS, CHOPES, REFRIGERANTES E OUTRAS BEBIDAS;IV;21,1890000000001;0302100;;Cidade Imperio Dunkel;S;PT 10/92;Art. 681, I do RICMS/02 e Port. 263/2023;;;;;;;;;;;;;5,18;19;2;19% + 2% (FECOEP);01/07/2023;0019
CERVEJAS, CHOPES, REFRIGERANTES E OUTRAS BEBIDAS;IV;21,1900000000001;0302100;;Cidade Imperio Helles;S;PT 10/92;Art. 681, I do RICMS/02 e Port. 263/2023;;;;;;;;;;;;;5,18;19;2;19% + 2% (FECOEP);01/07/2023;0019
CERVEJAS, CHOPES, REFRIGERANTES E OUTRAS BEBIDAS;IV;21,1910000000001;0302100;;Cidade Imperio Pilsen;S;PT 10/92;Art. 681, I do RICMS/02 e Port. 263/2023;;;;;;;;;;;;;5,18;19;2;19% + 2% (FECOEP);01/07/2023;0019
CERVEJAS, CHOPES, REFRIGERANTES E OUTRAS BEBIDAS;IV;21,1920000000001;0302100;;Colina Pilsen 300 ml;S;PT 10/92;Art. 681, I do RICMS/02 e Port. 263/2023;;;;;;;;;;;;;2,69;19;2;19% + 2% (FECOEP);01/07/2023;0019
CERVEJAS, CHOPES, REFRIGERANTES E OUTRAS BEBIDAS;IV;21,1930000000001;0302100;;Colina Puro Malte;S;PT 10/92;Art. 681, I do RICMS/02 e Port. 263/2023;;;;;;;;;;;;;4,26;19;2;19% + 2% (FECOEP);01/07/2023;0019
CERVEJAS, CHOPES, REFRIGERANTES E OUTRAS BEBIDAS;IV;21,1940000000001;0302100;;Colorado 300 ml;S;PT 10/92;Art. 681, I do RICMS/02 e Port. 263/2023;;;;;;;;;;;;;7,1;19;2;19% + 2% (FECOEP);01/07/2023;0019
CERVEJAS, CHOPES, REFRIGERANTES E OUTRAS BEBIDAS;IV;21,1950000000001;0302100;;Colorado Lager 300 ml;S;PT 10/92;Art. 681, I do RICMS/02 e Port. 263/2023;;;;;;;;;;;;;5,81;19;2;19% + 2% (FECOEP);01/07/2023;0019
CERVEJAS, CHOPES, REFRIGERANTES E OUTRAS BEBIDAS;IV;21,1960000000001;0302100;;Colorado Lager;S;PT 10/92;Art. 681, I do RICMS/02 e Port. 263/2023;;;;;;;;;;;;;6,06;19;2;19% + 2% (FECOEP);01/07/2023;0019
CERVEJAS, CHOPES, REFRIGERANTES E OUTRAS BEBIDAS;IV;21,1970000000001;0302100;;Conti 300 ml;S;PT 10/92;Art. 681, I do RICMS/02 e Port. 263/2023;;;;;;;;;;;;;2,46;19;2;19% + 2% (FECOEP);01/07/2023;0019
CERVEJAS, CHOPES, REFRIGERANTES E OUTRAS BEBIDAS;IV;21,1980000000001;0302100;;Conti Zero Grau 300 ml;S;PT 10/92;Art. 681, I do RICMS/02 e Port. 263/2023;;;;;;;;;;;;;2,32;19;2;19% + 2% (FECOEP);01/07/2023;0019
CERVEJAS, CHOPES, REFRIGERANTES E OUTRAS BEBIDAS;IV;21,1990000000001;0302100;;Corona Extra Nacional;S;PT 10/92;Art. 681, I do RICMS/02 e Port. 263/2023;;;;;;;;;;;;;7,46;19;2;19% + 2% (FECOEP);01/07/2023;0019
CERVEJAS, CHOPES, REFRIGERANTES E OUTRAS BEBIDAS;IV;21,2000000000001;0302100;;Corona Sunbrew;S;PT 10/92;Art. 681, I do RICMS/02 e Port. 263/2023;;;;;;;;;;;;;6,49;19;2;19% + 2% (FECOEP);01/07/2023;0019
CERVEJAS, CHOPES, REFRIGERANTES E OUTRAS BEBIDAS;IV;21,2010000000001;0302100;;Crystalm Pilsen 300 ml;S;PT 10/92;Art. 681, I do RICMS/02 e Port. 263/2023;;;;;;;;;;;;;2,69;19;2;19% + 2% (FECOEP);01/07/2023;0019
CERVEJAS, CHOPES, REFRIGERANTES E OUTRAS BEBIDAS;IV;21,2020000000001;0302100;;Devassa 300 ml;S;PT 10/92;Art. 681, I do RICMS/02 e Port. 263/2023;;;;;;;;;;;;;3,15;19;2;19% + 2% (FECOEP);01/07/2023;0019
CERVEJAS, CHOPES, REFRIGERANTES E OUTRAS BEBIDAS;IV;21,2030000000001;0302100;;Ditriguis;S;PT 10/92;Art. 681, I do RICMS/02 e Port. 263/2023;;;;;;;;;;;;;8,62;19;2;19% + 2% (FECOEP);01/07/2023;0019
CERVEJAS, CHOPES, REFRIGERANTES E OUTRAS BEBIDAS;IV;21,2040000000001;0302100;;Dos Equis;S;PT 10/92;Art. 681, I do RICMS/02 e Port. 263/2023;;;;;;;;;;;;;5,52;19;2;19% + 2% (FECOEP);01/07/2023;0019
CERVEJAS, CHOPES, REFRIGERANTES E OUTRAS BEBIDAS;IV;21,2050000000001;0302100;;Eisenbahn 355ml;S;PT 10/92;Art. 681, I do RICMS/02 e Port. 263/2023;;;;;;;;;;;;;5,42;19;2;19% + 2% (FECOEP);01/07/2023;0019
CERVEJAS, CHOPES, REFRIGERANTES E OUTRAS BEBIDAS;IV;21,2060000000001;0302100;;Eisenbahn Unfiltered Pilsen;S;PT 10/92;Art. 681, I do RICMS/02 e Port. 263/2023;;;;;;;;;;;;;4,08;19;2;19% + 2% (FECOEP);01/07/2023;0019
CERVEJAS, CHOPES, REFRIGERANTES E OUTRAS BEBIDAS;IV;21,2070000000001;0302100;;Ekaut Pilsener;S;PT 10/92;Art. 681, I do RICMS/02 e Port. 263/2023;;;;;;;;;;;;;3,09;19;2;19% + 2% (FECOEP);01/07/2023;0019
CERVEJAS, CHOPES, REFRIGERANTES E OUTRAS BEBIDAS;IV;21,2080000000001;0302100;;Extrela Galicia 330 ml;S;PT 10/92;Art. 681, I do RICMS/02 e Port. 263/2023;;;;;;;;;;;;;4,54;19;2;19% + 2% (FECOEP);01/07/2023;0019
CERVEJAS, CHOPES, REFRIGERANTES E OUTRAS BEBIDAS;IV;21,2090000000001;0302100;;Extrela Galicia 330 ml Menor teor de glúten;S;PT 10/92;Art. 681, I do RICMS/02 e Port. 263/2023;;;;;;;;;;;;;7,98;19;2;19% + 2% (FECOEP);01/07/2023;0019
CERVEJAS, CHOPES, REFRIGERANTES E OUTRAS BEBIDAS;IV;21,2100000000001;0302100;;Extrela Galicia 355 ml;S;PT 10/92;Art. 681, I do RICMS/02 e Port. 263/2023;;;;;;;;;;;;;5,9;19;2;19% + 2% (FECOEP);01/07/2023;0019
CERVEJAS, CHOPES, REFRIGERANTES E OUTRAS BEBIDAS;IV;21,2110000000001;0302100;;Forevis;S;PT 10/92;Art. 681, I do RICMS/02 e Port. 263/2023;;;;;;;;;;;;;9,02;19;2;19% + 2% (FECOEP);01/07/2023;0019
CERVEJAS, CHOPES, REFRIGERANTES E OUTRAS BEBIDAS;IV;21,2120000000001;0302100;;Goose Island;S;PT 10/92;Art. 681, I do RICMS/02 e Port. 263/2023;;;;;;;;;;;;;9,27;19;2;19% + 2% (FECOEP);01/07/2023;0019
CERVEJAS, CHOPES, REFRIGERANTES E OUTRAS BEBIDAS;IV;21,2130000000001;0302100;;Heineken 330 ml;S;PT 10/92;Art. 681, I do RICMS/02 e Port. 263/2023;;;;;;;;;;;;;7,02;19;2;19% + 2% (FECOEP);01/07/2023;0019
CERVEJAS, CHOPES, REFRIGERANTES E OUTRAS BEBIDAS;IV;21,2140000000001;0302100;;Heineken 0% 330 ml;S;PT 10/92;Art. 681, I do RICMS/02 e Port. 263/2023;;;;;;;;;;;;;7,06;19;2;19% + 2% (FECOEP);01/07/2023;0019
CERVEJAS, CHOPES, REFRIGERANTES E OUTRAS BEBIDAS;IV;21,2150000000001;0302100;;Hoegaarden;S;PT 10/92;Art. 681, I do RICMS/02 e Port. 263/2023;;;;;;;;;;;;;8,69;19;2;19% + 2% (FECOEP);01/07/2023;0019
CERVEJAS, CHOPES, REFRIGERANTES E OUTRAS BEBIDAS;IV;21,2160000000001;0302100;;Império Lager;S;PT 10/92;Art. 681, I do RICMS/02 e Port. 263/2023;;;;;;;;;;;;;2,99;19;2;19% + 2% (FECOEP);01/07/2023;0019
CERVEJAS, CHOPES, REFRIGERANTES E OUTRAS BEBIDAS;IV;21,2170000000001;0302100;;Império Pilsen;S;PT 10/92;Art. 681, I do RICMS/02 e Port. 263/2023;;;;;;;;;;;;;2,38;19;2;19% + 2% (FECOEP);01/07/2023;0019
CERVEJAS, CHOPES, REFRIGERANTES E OUTRAS BEBIDAS;IV;21,2180000000001;0302100;;Itaipava 300 ml;S;PT 10/92;Art. 681, I do RICMS/02 e Port. 263/2023;;;;;;;;;;;;;2,84;19;2;19% + 2% (FECOEP);01/07/2023;0019
CERVEJAS, CHOPES, REFRIGERANTES E OUTRAS BEBIDAS;IV;21,2190000000001;0302100;;Ita-Draft;S;PT 10/92;Art. 681, I do RICMS/02 e Port. 263/2023;;;;;;;;;;;;;4,34;19;2;19% + 2% (FECOEP);01/07/2023;0019
CERVEJAS, CHOPES, REFRIGERANTES E OUTRAS BEBIDAS;IV;21,2200000000001;0302100;;Itaipava Malzebier;S;PT 10/92;Art. 681, I do RICMS/02 e Port. 263/2023;;;;;;;;;;;;;4,69;19;2;19% + 2% (FECOEP);01/07/2023;0019
CERVEJAS, CHOPES, REFRIGERANTES E OUTRAS BEBIDAS;IV;21,2210000000001;0302100;;Itaipava Pilsen;S;PT 10/92;Art. 681, I do RICMS/02 e Port. 263/2023;;;;;;;;;;;;;3,9;19;2;19% + 2% (FECOEP);01/07/2023;0019
CERVEJAS, CHOPES, REFRIGERANTES E OUTRAS BEBIDAS;IV;21,2220000000001;0302100;;Itaipava 100% Malte 300 ml;S;PT 10/92;Art. 681, I do RICMS/02 e Port. 263/2023;;;;;;;;;;;;;2,84;19;2;19% + 2% (FECOEP);01/07/2023;0019
CERVEJAS, CHOPES, REFRIGERANTES E OUTRAS BEBIDAS;IV;21,2230000000001;0302100;;Itaipava 100% Malte;S;PT 10/92;Art. 681, I do RICMS/02 e Port. 263/2023;;;;;;;;;;;;;4,19;19;2;19% + 2% (FECOEP);01/07/2023;0019
CERVEJAS, CHOPES, REFRIGERANTES E OUTRAS BEBIDAS;IV;21,2240000000001;0302100;;Itaipava Zero Álcool;S;PT 10/92;Art. 681, I do RICMS/02 e Port. 263/2023;;;;;;;;;;;;;4,55;19;2;19% + 2% (FECOEP);01/07/2023;0019
CERVEJAS, CHOPES, REFRIGERANTES E OUTRAS BEBIDAS;IV;21,2250000000002;0302100;;Kirin Ichiban;S;PT 10/92;Art. 681, I do RICMS/02 e Port. 263/2023;;;;;;;;;;;;;6,04;19;2;19% + 2% (FECOEP);01/07/2023;0019
CERVEJAS, CHOPES, REFRIGERANTES E OUTRAS BEBIDAS;IV;21,2260000000002;0302100;;Kona;S;PT 10/92;Art. 681, I do RICMS/02 e Port. 263/2023;;;;;;;;;;;;;8,58;19;2;19% + 2% (FECOEP);01/07/2023;0019
CERVEJAS, CHOPES, REFRIGERANTES E OUTRAS BEBIDAS;IV;21,2270000000002;0302100;;Lagunitas Ipa;S;PT 10/92;Art. 681, I do RICMS/02 e Port. 263/2023;;;;;;;;;;;;;5,51;19;2;19% + 2% (FECOEP);01/07/2023;0019
CERVEJAS, CHOPES, REFRIGERANTES E OUTRAS BEBIDAS;IV;21,2280000000002;0302100;;Leffe;S;PT 10/92;Art. 681, I do RICMS/02 e Port. 263/2023;;;;;;;;;;;;;7,49;19;2;19% + 2% (FECOEP);01/07/2023;0019
CERVEJAS, CHOPES, REFRIGERANTES E OUTRAS BEBIDAS;IV;21,2290000000002;0302100;;Maniacs Aloha;S;PT 10/92;Art. 681, I do RICMS/02 e Port. 263/2023;;;;;;;;;;;;;8,16;19;2;19% + 2% (FECOEP);01/07/2023;0019
CERVEJAS, CHOPES, REFRIGERANTES E OUTRAS BEBIDAS;IV;21,2300000000002;0302100;;Maniacs Belgian Wit;S;PT 10/92;Art. 681, I do RICMS/02 e Port. 263/2023;;;;;;;;;;;;;8,16;19;2;19% + 2% (FECOEP);01/07/2023;0019
CERVEJAS, CHOPES, REFRIGERANTES E OUTRAS BEBIDAS;IV;21,2310000000002;0302100;;Maniacs Craft Lager;S;PT 10/92;Art. 681, I do RICMS/02 e Port. 263/2023;;;;;;;;;;;;;5,52;19;2;19% + 2% (FECOEP);01/07/2023;0019
CERVEJAS, CHOPES, REFRIGERANTES E OUTRAS BEBIDAS;IV;21,2320000000002;0302100;;Maniacs IPA;S;PT 10/92;Art. 681, I do RICMS/02 e Port. 263/2023;;;;;;;;;;;;;8,16;19;2;19% + 2% (FECOEP);01/07/2023;0019
CERVEJAS, CHOPES, REFRIGERANTES E OUTRAS BEBIDAS;IV;21,2330000000002;0302100;;Michelob;S;PT 10/92;Art. 681, I do RICMS/02 e Port. 263/2023;;;;;;;;;;;;;5,51;19;2;19% + 2% (FECOEP);01/07/2023;0019
CERVEJAS, CHOPES, REFRIGERANTES E OUTRAS BEBIDAS;IV;21,2340000000002;0302100;;Nova Extrela Puro Malte;S;PT 10/92;Art. 681, I do RICMS/02 e Port. 263/2023;;;;;;;;;;;;;4,26;19;2;19% + 2% (FECOEP);01/07/2023;0019
CERVEJAS, CHOPES, REFRIGERANTES E OUTRAS BEBIDAS;IV;21,2350000000002;0302100;;O'hara's Irish Stout;S;PT 10/92;Art. 681, I do RICMS/02 e Port. 263/2023;;;;;;;;;;;;;15,92;19;2;19% + 2% (FECOEP);01/07/2023;0019
CERVEJAS, CHOPES, REFRIGERANTES E OUTRAS BEBIDAS;IV;21,2360000000002;0302100;;O'hara's Irish Pale Ale;S;PT 10/92;Art. 681, I do RICMS/02 e Port. 263/2023;;;;;;;;;;;;;15,92;19;2;19% + 2% (FECOEP);01/07/2023;0019
CERVEJAS, CHOPES, REFRIGERANTES E OUTRAS BEBIDAS;IV;21,2370000000002;0302100;;O'hara's Irish Red;S;PT 10/92;Art. 681, I do RICMS/02 e Port. 263/2023;;;;;;;;;;;;;15,92;19;2;19% + 2% (FECOEP);01/07/2023;0019
CERVEJAS, CHOPES, REFRIGERANTES E OUTRAS BEBIDAS;IV;21,2380000000002;0302100;;Original 300/330 ml;S;PT 10/92;Art. 681, I do RICMS/02 e Port. 263/2023;;;;;;;;;;;;;4,62;19;2;19% + 2% (FECOEP);01/07/2023;0019
CERVEJAS, CHOPES, REFRIGERANTES E OUTRAS BEBIDAS;IV;21,2390000000002;0302100;;Patagonia;S;PT 10/92;Art. 681, I do RICMS/02 e Port. 263/2023;;;;;;;;;;;;;7,1;19;2;19% + 2% (FECOEP);01/07/2023;0019
CERVEJAS, CHOPES, REFRIGERANTES E OUTRAS BEBIDAS;IV;21,2400000000002;0302100;;Paulaner Salvator 330 ml;S;PT 10/92;Art. 681, I do RICMS/02 e Port. 263/2023;;;;;;;;;;;;;26,6;19;2;19% + 2% (FECOEP);01/07/2023;0019
CERVEJAS, CHOPES, REFRIGERANTES E OUTRAS BEBIDAS;IV;21,2410000000002;0302100;;Petra Premium Escura;S;PT 10/92;Art. 681, I do RICMS/02 e Port. 263/2023;;;;;;;;;;;;;4,38;19;2;19% + 2% (FECOEP);01/07/2023;0019
CERVEJAS, CHOPES, REFRIGERANTES E OUTRAS BEBIDAS;IV;21,2420000000002;0302100;;Petra Puro Malte;S;PT 10/92;Art. 681, I do RICMS/02 e Port. 263/2023;;;;;;;;;;;;;4,27;19;2;19% + 2% (FECOEP);01/07/2023;0019
CERVEJAS, CHOPES, REFRIGERANTES E OUTRAS BEBIDAS;IV;21,2430000000002;0302100;;Petra Puro Malte 300 ml;S;PT 10/92;Art. 681, I do RICMS/02 e Port. 263/2023;;;;;;;;;;;;;2,54;19;2;19% + 2% (FECOEP);01/07/2023;0019
CERVEJAS, CHOPES, REFRIGERANTES E OUTRAS BEBIDAS;IV;21,2440000000002;0302100;;Proibida;S;PT 10/92;Art. 681, I do RICMS/02 e Port. 263/2023;;;;;;;;;;;;;3,45;19;2;19% + 2% (FECOEP);01/07/2023;0019
CERVEJAS, CHOPES, REFRIGERANTES E OUTRAS BEBIDAS;IV;21,2450000000002;0302100;;Proibida 300 ml;S;PT 10/92;Art. 681, I do RICMS/02 e Port. 263/2023;;;;;;;;;;;;;3,04;19;2;19% + 2% (FECOEP);01/07/2023;0019
CERVEJAS, CHOPES, REFRIGERANTES E OUTRAS BEBIDAS;IV;21,2460000000002;0302100;;Proibida PM Lager;S;PT 10/92;Art. 681, I do RICMS/02 e Port. 263/2023;;;;;;;;;;;;;4,26;19;2;19% + 2% (FECOEP);01/07/2023;0019
CERVEJAS, CHOPES, REFRIGERANTES E OUTRAS BEBIDAS;IV;21,2470000000002;0302100;;Proibida Puro Malte;S;PT 10/92;Art. 681, I do RICMS/02 e Port. 263/2023;;;;;;;;;;;;;4,64;19;2;19% + 2% (FECOEP);01/07/2023;0019
CERVEJAS, CHOPES, REFRIGERANTES E OUTRAS BEBIDAS;IV;21,2480000000002;0302100;;Proibida Puro Malte Forte;S;PT 10/92;Art. 681, I do RICMS/02 e Port. 263/2023;;;;;;;;;;;;;4,85;19;2;19% + 2% (FECOEP);01/07/2023;0019
CERVEJAS, CHOPES, REFRIGERANTES E OUTRAS BEBIDAS;IV;21,2490000000002;0302100;;Proibida Puro Malte Leve;S;PT 10/92;Art. 681, I do RICMS/02 e Port. 263/2023;;;;;;;;;;;;;4,26;19;2;19% + 2% (FECOEP);01/07/2023;0019
CERVEJAS, CHOPES, REFRIGERANTES E OUTRAS BEBIDAS;IV;21,2500000000002;0302100;;Proibida Puro Malte Rosa Vermelha Mulher;S;PT 10/92;Art. 681, I do RICMS/02 e Port. 263/2023;;;;;;;;;;;;;4,85;19;2;19% + 2% (FECOEP);01/07/2023;0019
CERVEJAS, CHOPES, REFRIGERANTES E OUTRAS BEBIDAS;IV;21,2510000000002;0302100;;Samba 300 ml;S;PT 10/92;Art. 681, I do RICMS/02 e Port. 263/2023;;;;;;;;;;;;;2,32;19;2;19% + 2% (FECOEP);01/07/2023;0019
CERVEJAS, CHOPES, REFRIGERANTES E OUTRAS BEBIDAS;IV;21,2520000000002;0302100;;Schin Pilsen;S;PT 10/92;Art. 681, I do RICMS/02 e Port. 263/2023;;;;;;;;;;;;;4,1;19;2;19% + 2% (FECOEP);01/07/2023;0019
CERVEJAS, CHOPES, REFRIGERANTES E OUTRAS BEBIDAS;IV;21,2530000000002;0302100;;Schin Pilsen 300 ml;S;PT 10/92;Art. 681, I do RICMS/02 e Port. 263/2023;;;;;;;;;;;;;2,97;19;2;19% + 2% (FECOEP);01/07/2023;0019
CERVEJAS, CHOPES, REFRIGERANTES E OUTRAS BEBIDAS;IV;21,2540000000002;0302100;;Schin Malzbier;S;PT 10/92;Art. 681, I do RICMS/02 e Port. 263/2023;;;;;;;;;;;;;4,43;19;2;19% + 2% (FECOEP);01/07/2023;0019
CERVEJAS, CHOPES, REFRIGERANTES E OUTRAS BEBIDAS;IV;21,2550000000002;0302100;;Schin sem Álcool / Zero Álcool;S;PT 10/92;Art. 681, I do RICMS/02 e Port. 263/2023;;;;;;;;;;;;;4,22;19;2;19% + 2% (FECOEP);01/07/2023;0019
CERVEJAS, CHOPES, REFRIGERANTES E OUTRAS BEBIDAS;IV;21,2560000000002;0302100;;Serramalte 300/330 ml;S;PT 10/92;Art. 681, I do RICMS/02 e Port. 263/2023;;;;;;;;;;;;;6,14;19;2;19% + 2% (FECOEP);01/07/2023;0019
CERVEJAS, CHOPES, REFRIGERANTES E OUTRAS BEBIDAS;IV;21,2570000000002;0302100;;Serras Gerais Pilsen 300 ml;S;PT 10/92;Art. 681, I do RICMS/02 e Port. 263/2023;;;;;;;;;;;;;2,69;19;2;19% + 2% (FECOEP);01/07/2023;0019
CERVEJAS, CHOPES, REFRIGERANTES E OUTRAS BEBIDAS;IV;21,2580000000002;0302100;;Spoller Pilsen 300 ml;S;PT 10/92;Art. 681, I do RICMS/02 e Port. 263/2023;;;;;;;;;;;;;2,69;19;2;19% + 2% (FECOEP);01/07/2023;0019
CERVEJAS, CHOPES, REFRIGERANTES E OUTRAS BEBIDAS;IV;21,2590000000002;0302100;;Skol Pilsen;S;PT 10/92;Art. 681, I do RICMS/02 e Port. 263/2023;;;;;;;;;;;;;5,03;19;2;19% + 2% (FECOEP);01/07/2023;0019
CERVEJAS, CHOPES, REFRIGERANTES E OUTRAS BEBIDAS;IV;21,2600000000002;0302100;;Skol Pilsen 300 ml;S;PT 10/92;Art. 681, I do RICMS/02 e Port. 263/2023;;;;;;;;;;;;;3,78;19;2;19% + 2% (FECOEP);01/07/2023;0019
CERVEJAS, CHOPES, REFRIGERANTES E OUTRAS BEBIDAS;IV;21,2610000000002;0302100;;Sol Premium 330 ml;S;PT 10/92;Art. 681, I do RICMS/02 e Port. 263/2023;;;;;;;;;;;;;4;19;2;19% + 2% (FECOEP);01/07/2023;0019
CERVEJAS, CHOPES, REFRIGERANTES E OUTRAS BEBIDAS;IV;21,2620000000002;0302100;;Spaten;S;PT 10/92;Art. 681, I do RICMS/02 e Port. 263/2023;;;;;;;;;;;;;5,68;19;2;19% + 2% (FECOEP);01/07/2023;0019
CERVEJAS, CHOPES, REFRIGERANTES E OUTRAS BEBIDAS;IV;21,2630000000002;0302100;;Stella Artois 330 ml;S;PT 10/92;Art. 681, I do RICMS/02 e Port. 263/2023;;;;;;;;;;;;;6,64;19;2;19% + 2% (FECOEP);01/07/2023;0019
CERVEJAS, CHOPES, REFRIGERANTES E OUTRAS BEBIDAS;IV;21,2640000000002;0302100;;Stella Artois sem gluten 330 ml;S;PT 10/92;Art. 681, I do RICMS/02 e Port. 263/2023;;;;;;;;;;;;;6,97;19;2;19% + 2% (FECOEP);01/07/2023;0019
CERVEJAS, CHOPES, REFRIGERANTES E OUTRAS BEBIDAS;IV;21,2650000000002;0302100;;Stella Pure Gold;S;PT 10/92;Art. 681, I do RICMS/02 e Port. 263/2023;;;;;;;;;;;;;5,59;19;2;19% + 2% (FECOEP);01/07/2023;0019
CERVEJAS, CHOPES, REFRIGERANTES E OUTRAS BEBIDAS;IV;21,2660000000002;0302100;;Sul Americana;S;PT 10/92;Art. 681, I do RICMS/02 e Port. 263/2023;;;;;;;;;;;;;5,12;19;2;19% + 2% (FECOEP);01/07/2023;0019
CERVEJAS, CHOPES, REFRIGERANTES E OUTRAS BEBIDAS;IV;21,2670000000002;0302100;;Therezópolis Gold 330 ml;S;PT 10/92;Art. 681, I do RICMS/02 e Port. 263/2023;;;;;;;;;;;;;9,76;19;2;19% + 2% (FECOEP);01/07/2023;0019
CERVEJAS, CHOPES, REFRIGERANTES E OUTRAS BEBIDAS;IV;21,2680000000002;0302100;;Wals 300 ml;S;PT 10/92;Art. 681, I do RICMS/02 e Port. 263/2023;;;;;;;;;;;;;7,1;19;2;19% + 2% (FECOEP);01/07/2023;0019
CERVEJAS, CHOPES, REFRIGERANTES E OUTRAS BEBIDAS;IV;21,2690000000002;0302100;;Wals;S;PT 10/92;Art. 681, I do RICMS/02 e Port. 263/2023;;;;;;;;;;;;;8,9;19;2;19% + 2% (FECOEP);01/07/2023;0019
CERVEJAS, CHOPES, REFRIGERANTES E OUTRAS BEBIDAS;IV;21,2700000000002;0302100;;Warsteiner Premium 330 ml;S;PT 10/92;Art. 681, I do RICMS/02 e Port. 263/2023;;;;;;;;;;;;;20,01;19;2;19% + 2% (FECOEP);01/07/2023;0019
CERVEJAS, CHOPES, REFRIGERANTES E OUTRAS BEBIDAS;IV;21,2710000000002;0302100;;Xingu;S;PT 10/92;Art. 681, I do RICMS/02 e Port. 263/2023;;;;;;;;;;;;;4,95;19;2;19% + 2% (FECOEP);01/07/2023;0019
CERVEJAS, CHOPES, REFRIGERANTES E OUTRAS BEBIDAS;IV;21,2720000000002;0302100;;Outras (escuras);S;PT 10/92;Art. 681, I do RICMS/02 e Port. 263/2023;;;;;;;;;;;;;9,02;19;2;19% + 2% (FECOEP);01/07/2023;0019
CERVEJAS, CHOPES, REFRIGERANTES E OUTRAS BEBIDAS;IV;21,2730000000002;0302100;;Outras (importadas);S;PT 10/92;Art. 681, I do RICMS/02 e Port. 263/2023;;;;;;;;;;;;;16;19;2;19% + 2% (FECOEP);01/07/2023;0019
CERVEJAS, CHOPES, REFRIGERANTES E OUTRAS BEBIDAS;IV;21,2740000000002;0302100;;Outras (nacionais);S;PT 10/92;Art. 681, I do RICMS/02 e Port. 263/2023;;;;;;;;;;;;;13;19;2;19% + 2% (FECOEP);01/07/2023;0019
CERVEJAS, CHOPES, REFRIGERANTES E OUTRAS BEBIDAS;IV;21,2750000000002;0302100;;Outras (sem álcool);S;PT 10/92;Art. 681, I do RICMS/02 e Port. 263/2023;;;;;;;;;;;;;13;19;2;19% + 2% (FECOEP);01/07/2023;0019
CERVEJAS, CHOPES, REFRIGERANTES E OUTRAS BEBIDAS;IV;21,2760000000002;0302100;;1500;S;PT 10/92;Art. 681, I do RICMS/02 e Port. 263/2023;;;;;;;;;;;;;7,67;19;2;19% + 2% (FECOEP);01/07/2023;0019
CERVEJAS, CHOPES, REFRIGERANTES E OUTRAS BEBIDAS;IV;21,2770000000002;0302100;;1795 500 ml;S;PT 10/92;Art. 681, I do RICMS/02 e Port. 263/2023;;;;;;;;;;;;;26,46;19;2;19% + 2% (FECOEP);01/07/2023;0019
CERVEJAS, CHOPES, REFRIGERANTES E OUTRAS BEBIDAS;IV;21,2780000000002;0302100;;1906 Reserva Especial 500 ml;S;PT 10/92;Art. 681, I do RICMS/02 e Port. 263/2023;;;;;;;;;;;;;9,62;19;2;19% + 2% (FECOEP);01/07/2023;0019
CERVEJAS, CHOPES, REFRIGERANTES E OUTRAS BEBIDAS;IV;21,2790000000002;0302100;;Almada;S;PT 10/92;Art. 681, I do RICMS/02 e Port. 263/2023;;;;;;;;;;;;;7,15;19;2;19% + 2% (FECOEP);01/07/2023;0019
CERVEJAS, CHOPES, REFRIGERANTES E OUTRAS BEBIDAS;IV;21,2800000000002;0302100;;Amstel;S;PT 10/92;Art. 681, I do RICMS/02 e Port. 263/2023;;;;;;;;;;;;;6,79;19;2;19% + 2% (FECOEP);01/07/2023;0019
CERVEJAS, CHOPES, REFRIGERANTES E OUTRAS BEBIDAS;IV;21,2810000000002;0302100;;Arre Égua;S;PT 10/92;Art. 681, I do RICMS/02 e Port. 263/2023;;;;;;;;;;;;;10,75;19;2;19% + 2% (FECOEP);01/07/2023;0019
CERVEJAS, CHOPES, REFRIGERANTES E OUTRAS BEBIDAS;IV;21,2820000000002;0302100;;Baden Baden;S;PT 10/92;Art. 681, I do RICMS/02 e Port. 263/2023;;;;;;;;;;;;;15,16;19;2;19% + 2% (FECOEP);01/07/2023;0019
CERVEJAS, CHOPES, REFRIGERANTES E OUTRAS BEBIDAS;IV;21,2830000000002;0302100;;Baronesa;S;PT 10/92;Art. 681, I do RICMS/02 e Port. 263/2023;;;;;;;;;;;;;12,25;19;2;19% + 2% (FECOEP);01/07/2023;0019
CERVEJAS, CHOPES, REFRIGERANTES E OUTRAS BEBIDAS;IV;21,2840000000002;0302100;;Becks;S;PT 10/92;Art. 681, I do RICMS/02 e Port. 263/2023;;;;;;;;;;;;;8,42;19;2;19% + 2% (FECOEP);01/07/2023;0019
CERVEJAS, CHOPES, REFRIGERANTES E OUTRAS BEBIDAS;IV;21,2850000000002;0302100;;Biritis;S;PT 10/92;Art. 681, I do RICMS/02 e Port. 263/2023;;;;;;;;;;;;;15,21;19;2;19% + 2% (FECOEP);01/07/2023;0019
CERVEJAS, CHOPES, REFRIGERANTES E OUTRAS BEBIDAS;IV;21,2860000000002;0302100;;Black Princess Gold;S;PT 10/92;Art. 681, I do RICMS/02 e Port. 263/2023;;;;;;;;;;;;;6,67;19;2;19% + 2% (FECOEP);01/07/2023;0019
CERVEJAS, CHOPES, REFRIGERANTES E OUTRAS BEBIDAS;IV;21,2870000000002;0302100;;Black Princess (Outras);S;PT 10/92;Art. 681, I do RICMS/02 e Port. 263/2023;;;;;;;;;;;;;10,09;19;2;19% + 2% (FECOEP);01/07/2023;0019
CERVEJAS, CHOPES, REFRIGERANTES E OUTRAS BEBIDAS;IV;21,2880000000002;0302100;;Bohemia 600 ml;S;PT 10/92;Art. 681, I do RICMS/02 e Port. 263/2023;;;;;;;;;;;;;6,09;19;2;19% + 2% (FECOEP);01/07/2023;0019
CERVEJAS, CHOPES, REFRIGERANTES E OUTRAS BEBIDAS;IV;21,2890000000002;0302100;;Brahma duplo Malte;S;PT 10/92;Art. 681, I do RICMS/02 e Port. 263/2023;;;;;;;;;;;;;7,19;19;2;19% + 2% (FECOEP);01/07/2023;0019
CERVEJAS, CHOPES, REFRIGERANTES E OUTRAS BEBIDAS;IV;21,2900000000002;0302100;;Brahma Extra Lager/Red/Weiss;S;PT 10/92;Art. 681, I do RICMS/02 e Port. 263/2023;;;;;;;;;;;;;8,97;19;2;19% + 2% (FECOEP);01/07/2023;0019
CERVEJAS, CHOPES, REFRIGERANTES E OUTRAS BEBIDAS;IV;21,2910000000002;0302100;;Budweiser;S;PT 10/92;Art. 681, I do RICMS/02 e Port. 263/2023;;;;;;;;;;;;;8,89;19;2;19% + 2% (FECOEP);01/07/2023;0019
CERVEJAS, CHOPES, REFRIGERANTES E OUTRAS BEBIDAS;IV;21,2920000000002;0302100;;Burguesa;S;PT 10/92;Art. 681, I do RICMS/02 e Port. 263/2023;;;;;;;;;;;;;5,6;19;2;19% + 2% (FECOEP);01/07/2023;0019
CERVEJAS, CHOPES, REFRIGERANTES E OUTRAS BEBIDAS;IV;21,2930000000002;0302100;;Cabaré 330 ml;S;PT 10/92;Art. 681, I do RICMS/02 e Port. 263/2023;;;;;;;;;;;;;8,62;19;2;19% + 2% (FECOEP);01/07/2023;0019
CERVEJAS, CHOPES, REFRIGERANTES E OUTRAS BEBIDAS;IV;21,2940000000002;0302100;;Cabueta;S;PT 10/92;Art. 681, I do RICMS/02 e Port. 263/2023;;;;;;;;;;;;;8,21;19;2;19% + 2% (FECOEP);01/07/2023;0019
CERVEJAS, CHOPES, REFRIGERANTES E OUTRAS BEBIDAS;IV;21,2950000000002;0302100;;Cacildis Amber Lager;S;PT 10/92;Art. 681, I do RICMS/02 e Port. 263/2023;;;;;;;;;;;;;6,98;19;2;19% + 2% (FECOEP);01/07/2023;0019
CERVEJAS, CHOPES, REFRIGERANTES E OUTRAS BEBIDAS;IV;21,2960000000002;0302100;;Capunga;S;PT 10/92;Art. 681, I do RICMS/02 e Port. 263/2023;;;;;;;;;;;;;11,26;19;2;19% + 2% (FECOEP);01/07/2023;0019
CERVEJAS, CHOPES, REFRIGERANTES E OUTRAS BEBIDAS;IV;21,2970000000002;0302100;;Cerpa Draft;S;PT 10/92;Art. 681, I do RICMS/02 e Port. 263/2023;;;;;;;;;;;;;5,22;19;2;19% + 2% (FECOEP);01/07/2023;0019
CERVEJAS, CHOPES, REFRIGERANTES E OUTRAS BEBIDAS;IV;21,2980000000002;0302100;;Cerpa Export;S;PT 10/92;Art. 681, I do RICMS/02 e Port. 263/2023;;;;;;;;;;;;;8,95;19;2;19% + 2% (FECOEP);01/07/2023;0019
CERVEJAS, CHOPES, REFRIGERANTES E OUTRAS BEBIDAS;IV;21,2990000000002;0302100;;Cerpa Extra;S;PT 10/92;Art. 681, I do RICMS/02 e Port. 263/2023;;;;;;;;;;;;;5,22;19;2;19% + 2% (FECOEP);01/07/2023;0019
CERVEJAS, CHOPES, REFRIGERANTES E OUTRAS BEBIDAS;IV;21,3000000000002;0302100;;Cerpa Gold;S;PT 10/92;Art. 681, I do RICMS/02 e Port. 263/2023;;;;;;;;;;;;;5,22;19;2;19% + 2% (FECOEP);01/07/2023;0019
CERVEJAS, CHOPES, REFRIGERANTES E OUTRAS BEBIDAS;IV;21,3010000000002;0302100;;Cerpa Tijuca;S;PT 10/92;Art. 681, I do RICMS/02 e Port. 263/2023;;;;;;;;;;;;;6,49;19;2;19% + 2% (FECOEP);01/07/2023;0019
CERVEJAS, CHOPES, REFRIGERANTES E OUTRAS BEBIDAS;IV;21,3020000000002;0302100;;Cerpa Tijuca Puro malte;S;PT 10/92;Art. 681, I do RICMS/02 e Port. 263/2023;;;;;;;;;;;;;5,24;19;2;19% + 2% (FECOEP);01/07/2023;0019
CERVEJAS, CHOPES, REFRIGERANTES E OUTRAS BEBIDAS;IV;21,3030000000002;0302100;;Cidade Imperio Dunkel 500 ml;S;PT 10/92;Art. 681, I do RICMS/02 e Port. 263/2023;;;;;;;;;;;;;8,08;19;2;19% + 2% (FECOEP);01/07/2023;0019
CERVEJAS, CHOPES, REFRIGERANTES E OUTRAS BEBIDAS;IV;21,3040000000002;0302100;;Cidade Imperial Helles 500 ml;S;PT 10/92;Art. 681, I do RICMS/02 e Port. 263/2023;;;;;;;;;;;;;8,08;19;2;19% + 2% (FECOEP);01/07/2023;0019
CERVEJAS, CHOPES, REFRIGERANTES E OUTRAS BEBIDAS;IV;21,3050000000002;0302100;;Cidade Imperial Pilsen 500 ml;S;PT 10/92;Art. 681, I do RICMS/02 e Port. 263/2023;;;;;;;;;;;;;8,08;19;2;19% + 2% (FECOEP);01/07/2023;0019
CERVEJAS, CHOPES, REFRIGERANTES E OUTRAS BEBIDAS;IV;21,3060000000002;0302100;;Colina Pilsen;S;PT 10/92;Art. 681, I do RICMS/02 e Port. 263/2023;;;;;;;;;;;;;4,42;19;2;19% + 2% (FECOEP);01/07/2023;0019
CERVEJAS, CHOPES, REFRIGERANTES E OUTRAS BEBIDAS;IV;21,3070000000003;0302100;;Colina Puro Malte;S;PT 10/92;Art. 681, I do RICMS/02 e Port. 263/2023;;;;;;;;;;;;;6,22;19;2;19% + 2% (FECOEP);01/07/2023;0019
CERVEJAS, CHOPES, REFRIGERANTES E OUTRAS BEBIDAS;IV;21,3080000000003;0302100;;Colina Puro Malte Gourmet;S;PT 10/92;Art. 681, I do RICMS/02 e Port. 263/2023;;;;;;;;;;;;;6,22;19;2;19% + 2% (FECOEP);01/07/2023;0019
CERVEJAS, CHOPES, REFRIGERANTES E OUTRAS BEBIDAS;IV;21,3090000000003;0302100;;Colorado;S;PT 10/92;Art. 681, I do RICMS/02 e Port. 263/2023;;;;;;;;;;;;;13,11;19;2;19% + 2% (FECOEP);01/07/2023;0019
CERVEJAS, CHOPES, REFRIGERANTES E OUTRAS BEBIDAS;IV;21,3100000000003;0302100;;Colorado Lager;S;PT 10/92;Art. 681, I do RICMS/02 e Port. 263/2023;;;;;;;;;;;;;13,97;19;2;19% + 2% (FECOEP);01/07/2023;0019
CERVEJAS, CHOPES, REFRIGERANTES E OUTRAS BEBIDAS;IV;21,3110000000003;0302100;;Devassa;S;PT 10/92;Art. 681, I do RICMS/02 e Port. 263/2023;;;;;;;;;;;;;5,16;19;2;19% + 2% (FECOEP);01/07/2023;0019
CERVEJAS, CHOPES, REFRIGERANTES E OUTRAS BEBIDAS;IV;21,3120000000003;0302100;;Eisenbahn Pilsen;S;PT 10/92;Art. 681, I do RICMS/02 e Port. 263/2023;;;;;;;;;;;;;9,62;19;2;19% + 2% (FECOEP);01/07/2023;0019
CERVEJAS, CHOPES, REFRIGERANTES E OUTRAS BEBIDAS;IV;21,3130000000003;0302100;;Ekaut;S;PT 10/92;Art. 681, I do RICMS/02 e Port. 263/2023;;;;;;;;;;;;;11,05;19;2;19% + 2% (FECOEP);01/07/2023;0019
CERVEJAS, CHOPES, REFRIGERANTES E OUTRAS BEBIDAS;IV;21,3140000000003;0302100;;Ekaut Premium Lager;S;PT 10/92;Art. 681, I do RICMS/02 e Port. 263/2023;;;;;;;;;;;;;9,75;19;2;19% + 2% (FECOEP);01/07/2023;0019
CERVEJAS, CHOPES, REFRIGERANTES E OUTRAS BEBIDAS;IV;21,3150000000003;0302100;;Erdinger Urweisser 500 ml;S;PT 10/92;Art. 681, I do RICMS/02 e Port. 263/2023;;;;;;;;;;;;;26,46;19;2;19% + 2% (FECOEP);01/07/2023;0019
CERVEJAS, CHOPES, REFRIGERANTES E OUTRAS BEBIDAS;IV;21,3160000000003;0302100;;Extrela Galícia;S;PT 10/92;Art. 681, I do RICMS/02 e Port. 263/2023;;;;;;;;;;;;;7,72;19;2;19% + 2% (FECOEP);01/07/2023;0019
CERVEJAS, CHOPES, REFRIGERANTES E OUTRAS BEBIDAS;IV;21,3170000000003;0302100;;Extrela Galícia 500 ml;S;PT 10/92;Art. 681, I do RICMS/02 e Port. 263/2023;;;;;;;;;;;;;6,1;19;2;19% + 2% (FECOEP);01/07/2023;0019
CERVEJAS, CHOPES, REFRIGERANTES E OUTRAS BEBIDAS;IV;21,3180000000003;0302100;;Extrela Galícia Ed Comemorativa 750 ml;S;PT 10/92;Art. 681, I do RICMS/02 e Port. 263/2023;;;;;;;;;;;;;24,07;19;2;19% + 2% (FECOEP);01/07/2023;0019
CERVEJAS, CHOPES, REFRIGERANTES E OUTRAS BEBIDAS;IV;21,3190000000003;0302100;;Forevis;S;PT 10/92;Art. 681, I do RICMS/02 e Port. 263/2023;;;;;;;;;;;;;15,21;19;2;19% + 2% (FECOEP);01/07/2023;0019
CERVEJAS, CHOPES, REFRIGERANTES E OUTRAS BEBIDAS;IV;21,3200000000003;0302100;;Franziskaner;S;PT 10/92;Art. 681, I do RICMS/02 e Port. 263/2023;;;;;;;;;;;;;11,55;19;2;19% + 2% (FECOEP);01/07/2023;0019
CERVEJAS, CHOPES, REFRIGERANTES E OUTRAS BEBIDAS;IV;21,3210000000003;0302100;;Gota Serena;S;PT 10/92;Art. 681, I do RICMS/02 e Port. 263/2023;;;;;;;;;;;;;9,34;19;2;19% + 2% (FECOEP);01/07/2023;0019
CERVEJAS, CHOPES, REFRIGERANTES E OUTRAS BEBIDAS;IV;21,3220000000003;0302100;;Hacker Pschorr 500 ml;S;PT 10/92;Art. 681, I do RICMS/02 e Port. 263/2023;;;;;;;;;;;;;26,46;19;2;19% + 2% (FECOEP);01/07/2023;0019
CERVEJAS, CHOPES, REFRIGERANTES E OUTRAS BEBIDAS;IV;21,3230000000003;0302100;;Heineken;S;PT 10/92;Art. 681, I do RICMS/02 e Port. 263/2023;;;;;;;;;;;;;9,65;19;2;19% + 2% (FECOEP);01/07/2023;0019
CERVEJAS, CHOPES, REFRIGERANTES E OUTRAS BEBIDAS;IV;21,3240000000003;0302100;;Império Pilsen;S;PT 10/92;Art. 681, I do RICMS/02 e Port. 263/2023;;;;;;;;;;;;;5,59;19;2;19% + 2% (FECOEP);01/07/2023;0019
CERVEJAS, CHOPES, REFRIGERANTES E OUTRAS BEBIDAS;IV;21,3250000000003;0302100;;Império Lager;S;PT 10/92;Art. 681, I do RICMS/02 e Port. 263/2023;;;;;;;;;;;;;6,15;19;2;19% + 2% (FECOEP);01/07/2023;0019
CERVEJAS, CHOPES, REFRIGERANTES E OUTRAS BEBIDAS;IV;21,3260000000003;0302100;;Itaipava Premium Pilsen;S;PT 10/92;Art. 681, I do RICMS/02 e Port. 263/2023;;;;;;;;;;;;;6,02;19;2;19% + 2% (FECOEP);01/07/2023;0019
CERVEJAS, CHOPES, REFRIGERANTES E OUTRAS BEBIDAS;IV;21,3270000000003;0302100;;Itaipava 100% malte;S;PT 10/92;Art. 681, I do RICMS/02 e Port. 263/2023;;;;;;;;;;;;;5,43;19;2;19% + 2% (FECOEP);01/07/2023;0019
CERVEJAS, CHOPES, REFRIGERANTES E OUTRAS BEBIDAS;IV;21,3280000000003;0302100;;Maniacs Aloha;S;PT 10/92;Art. 681, I do RICMS/02 e Port. 263/2023;;;;;;;;;;;;;15,33;19;2;19% + 2% (FECOEP);01/07/2023;0019
CERVEJAS, CHOPES, REFRIGERANTES E OUTRAS BEBIDAS;IV;21,3290000000003;0302100;;Maniacs Belgian Wit;S;PT 10/92;Art. 681, I do RICMS/02 e Port. 263/2023;;;;;;;;;;;;;15,33;19;2;19% + 2% (FECOEP);01/07/2023;0019
CERVEJAS, CHOPES, REFRIGERANTES E OUTRAS BEBIDAS;IV;21,3300000000003;0302100;;Maniacs Craft Lager;S;PT 10/92;Art. 681, I do RICMS/02 e Port. 263/2023;;;;;;;;;;;;;11,65;19;2;19% + 2% (FECOEP);01/07/2023;0019
CERVEJAS, CHOPES, REFRIGERANTES E OUTRAS BEBIDAS;IV;21,3310000000003;0302100;;Maniacs IPA;S;PT 10/92;Art. 681, I do RICMS/02 e Port. 263/2023;;;;;;;;;;;;;15,33;19;2;19% + 2% (FECOEP);01/07/2023;0019
CERVEJAS, CHOPES, REFRIGERANTES E OUTRAS BEBIDAS;IV;21,3320000000003;0302100;;Original;S;PT 10/92;Art. 681, I do RICMS/02 e Port. 263/2023;;;;;;;;;;;;;8,26;19;2;19% + 2% (FECOEP);01/07/2023;0019
CERVEJAS, CHOPES, REFRIGERANTES E OUTRAS BEBIDAS;IV;21,3330000000003;0302100;;Patagonia 600 ml;S;PT 10/92;Art. 681, I do RICMS/02 e Port. 263/2023;;;;;;;;;;;;;7,67;19;2;19% + 2% (FECOEP);01/07/2023;0019
CERVEJAS, CHOPES, REFRIGERANTES E OUTRAS BEBIDAS;IV;21,3340000000003;0302100;;Patagonia 740ml;S;PT 10/92;Art. 681, I do RICMS/02 e Port. 263/2023;;;;;;;;;;;;;15,76;19;2;19% + 2% (FECOEP);01/07/2023;0019
CERVEJAS, CHOPES, REFRIGERANTES E OUTRAS BEBIDAS;IV;21,3350000000003;0302100;;Paulaner 500 ml;S;PT 10/92;Art. 681, I do RICMS/02 e Port. 263/2023;;;;;;;;;;;;;22,98;19;2;19% + 2% (FECOEP);01/07/2023;0019
CERVEJAS, CHOPES, REFRIGERANTES E OUTRAS BEBIDAS;IV;21,3360000000003;0302100;;Paulistânea 600 ml;S;PT 10/92;Art. 681, I do RICMS/02 e Port. 263/2023;;;;;;;;;;;;;13,25;19;2;19% + 2% (FECOEP);01/07/2023;0019
CERVEJAS, CHOPES, REFRIGERANTES E OUTRAS BEBIDAS;IV;21,3370000000003;0302100;;Petra Premium Todas;S;PT 10/92;Art. 681, I do RICMS/02 e Port. 263/2023;;;;;;;;;;;;;11,78;19;2;19% + 2% (FECOEP);01/07/2023;0019
CERVEJAS, CHOPES, REFRIGERANTES E OUTRAS BEBIDAS;IV;21,3380000000003;0302100;;Petra Puro Malte;S;PT 10/92;Art. 681, I do RICMS/02 e Port. 263/2023;;;;;;;;;;;;;6,35;19;2;19% + 2% (FECOEP);01/07/2023;0019
CERVEJAS, CHOPES, REFRIGERANTES E OUTRAS BEBIDAS;IV;21,3390000000003;0302100;;Proibida;S;PT 10/92;Art. 681, I do RICMS/02 e Port. 263/2023;;;;;;;;;;;;;4,5;19;2;19% + 2% (FECOEP);01/07/2023;0019
CERVEJAS, CHOPES, REFRIGERANTES E OUTRAS BEBIDAS;IV;21,3400000000003;0302100;;Proibida Puro Malte;S;PT 10/92;Art. 681, I do RICMS/02 e Port. 263/2023;;;;;;;;;;;;;4,5;19;2;19% + 2% (FECOEP);01/07/2023;0019
CERVEJAS, CHOPES, REFRIGERANTES E OUTRAS BEBIDAS;IV;21,3410000000003;0302100;;Proibida Puro Malte Forte;S;PT 10/92;Art. 681, I do RICMS/02 e Port. 263/2023;;;;;;;;;;;;;8,89;19;2;19% + 2% (FECOEP);01/07/2023;0019
CERVEJAS, CHOPES, REFRIGERANTES E OUTRAS BEBIDAS;IV;21,3420000000003;0302100;;Proibida Puro Malte Leve;S;PT 10/92;Art. 681, I do RICMS/02 e Port. 263/2023;;;;;;;;;;;;;8,58;19;2;19% + 2% (FECOEP);01/07/2023;0019
CERVEJAS, CHOPES, REFRIGERANTES E OUTRAS BEBIDAS;IV;21,3430000000003;0302100;;Scholer's Bier German Pilsner 600 ml;S;PT 10/92;Art. 681, I do RICMS/02 e Port. 263/2023;;;;;;;;;;;;;13,99;19;2;19% + 2% (FECOEP);01/07/2023;0019
CERVEJAS, CHOPES, REFRIGERANTES E OUTRAS BEBIDAS;IV;21,3440000000003;0302100;;Scholer's Bier Pilsen 600 ml;S;PT 10/92;Art. 681, I do RICMS/02 e Port. 263/2023;;;;;;;;;;;;;11,76;19;2;19% + 2% (FECOEP);01/07/2023;0019
CERVEJAS, CHOPES, REFRIGERANTES E OUTRAS BEBIDAS;IV;21,3450000000003;0302100;;Scholer's Bier IPA 500 ml;S;PT 10/92;Art. 681, I do RICMS/02 e Port. 263/2023;;;;;;;;;;;;;17,52;19;2;19% + 2% (FECOEP);01/07/2023;0019
CERVEJAS, CHOPES, REFRIGERANTES E OUTRAS BEBIDAS;IV;21,3460000000003;0302100;;Scholer's Bier Vienna 500 ml;S;PT 10/92;Art. 681, I do RICMS/02 e Port. 263/2023;;;;;;;;;;;;;17,52;19;2;19% + 2% (FECOEP);01/07/2023;0019
CERVEJAS, CHOPES, REFRIGERANTES E OUTRAS BEBIDAS;IV;21,3470000000003;0302100;;Scholer's Bier Weizen 500 ml;S;PT 10/92;Art. 681, I do RICMS/02 e Port. 263/2023;;;;;;;;;;;;;16,35;19;2;19% + 2% (FECOEP);01/07/2023;0019
CERVEJAS, CHOPES, REFRIGERANTES E OUTRAS BEBIDAS;IV;21,3480000000003;0302100;;Scholer's Weizen Doppelbock 500 ml;S;PT 10/92;Art. 681, I do RICMS/02 e Port. 263/2023;;;;;;;;;;;;;28,11;19;2;19% + 2% (FECOEP);01/07/2023;0019
CERVEJAS, CHOPES, REFRIGERANTES E OUTRAS BEBIDAS;IV;21,3490000000003;0302100;;Serramalte;S;PT 10/92;Art. 681, I do RICMS/02 e Port. 263/2023;;;;;;;;;;;;;10,45;19;2;19% + 2% (FECOEP);01/07/2023;0019
CERVEJAS, CHOPES, REFRIGERANTES E OUTRAS BEBIDAS;IV;21,3500000000003;0302100;;Serras Gerais Pilsen;S;PT 10/92;Art. 681, I do RICMS/02 e Port. 263/2023;;;;;;;;;;;;;4,42;19;2;19% + 2% (FECOEP);01/07/2023;0019
CERVEJAS, CHOPES, REFRIGERANTES E OUTRAS BEBIDAS;IV;21,3510000000003;0302100;;Sol Premium;S;PT 10/92;Art. 681, I do RICMS/02 e Port. 263/2023;;;;;;;;;;;;;8,29;19;2;19% + 2% (FECOEP);01/07/2023;0019
CERVEJAS, CHOPES, REFRIGERANTES E OUTRAS BEBIDAS;IV;21,3520000000003;0302100;;Spaten;S;PT 10/92;Art. 681, I do RICMS/02 e Port. 263/2023;;;;;;;;;;;;;8,44;19;2;19% + 2% (FECOEP);01/07/2023;0019
CERVEJAS, CHOPES, REFRIGERANTES E OUTRAS BEBIDAS;IV;21,3530000000003;0302100;;Spoller Pilsen;S;PT 10/92;Art. 681, I do RICMS/02 e Port. 263/2023;;;;;;;;;;;;;4,42;19;2;19% + 2% (FECOEP);01/07/2023;0019
CERVEJAS, CHOPES, REFRIGERANTES E OUTRAS BEBIDAS;IV;21,3540000000003;0302100;;Stella Artois 550/600 ml;S;PT 10/92;Art. 681, I do RICMS/02 e Port. 263/2023;;;;;;;;;;;;;9,27;19;2;19% + 2% (FECOEP);01/07/2023;0019
CERVEJAS, CHOPES, REFRIGERANTES E OUTRAS BEBIDAS;IV;21,3550000000003;0302100;;Sul Americana;S;PT 10/92;Art. 681, I do RICMS/02 e Port. 263/2023;;;;;;;;;;;;;8,24;19;2;19% + 2% (FECOEP);01/07/2023;0019
CERVEJAS, CHOPES, REFRIGERANTES E OUTRAS BEBIDAS;IV;21,3560000000003;0302100;;Terres America Ipa;S;PT 10/92;Art. 681, I do RICMS/02 e Port. 263/2023;;;;;;;;;;;;;10,39;19;2;19% + 2% (FECOEP);01/07/2023;0019
CERVEJAS, CHOPES, REFRIGERANTES E OUTRAS BEBIDAS;IV;21,3570000000003;0302100;;Terres America Pale Ale;S;PT 10/92;Art. 681, I do RICMS/02 e Port. 263/2023;;;;;;;;;;;;;9,75;19;2;19% + 2% (FECOEP);01/07/2023;0019
CERVEJAS, CHOPES, REFRIGERANTES E OUTRAS BEBIDAS;IV;21,3580000000003;0302100;;Terres Pilsen;S;PT 10/92;Art. 681, I do RICMS/02 e Port. 263/2023;;;;;;;;;;;;;9,09;19;2;19% + 2% (FECOEP);01/07/2023;0019
CERVEJAS, CHOPES, REFRIGERANTES E OUTRAS BEBIDAS;IV;21,3590000000003;0302100;;Terres red Ipa;S;PT 10/92;Art. 681, I do RICMS/02 e Port. 263/2023;;;;;;;;;;;;;10,39;19;2;19% + 2% (FECOEP);01/07/2023;0019
CERVEJAS, CHOPES, REFRIGERANTES E OUTRAS BEBIDAS;IV;21,3600000000003;0302100;;Therezópolis Gold;S;PT 10/92;Art. 681, I do RICMS/02 e Port. 263/2023;;;;;;;;;;;;;15,8;19;2;19% + 2% (FECOEP);01/07/2023;0019
CERVEJAS, CHOPES, REFRIGERANTES E OUTRAS BEBIDAS;IV;21,3610000000003;0302100;;Voiller IPA;S;PT 10/92;Art. 681, I do RICMS/02 e Port. 263/2023;;;;;;;;;;;;;11;19;2;19% + 2% (FECOEP);01/07/2023;0019
CERVEJAS, CHOPES, REFRIGERANTES E OUTRAS BEBIDAS;IV;21,3620000000003;0302100;;Voiller Pilsen;S;PT 10/92;Art. 681, I do RICMS/02 e Port. 263/2023;;;;;;;;;;;;;8,44;19;2;19% + 2% (FECOEP);01/07/2023;0019
CERVEJAS, CHOPES, REFRIGERANTES E OUTRAS BEBIDAS;IV;21,3630000000003;0302100;;Voiller Red Ale;S;PT 10/92;Art. 681, I do RICMS/02 e Port. 263/2023;;;;;;;;;;;;;10,87;19;2;19% + 2% (FECOEP);01/07/2023;0019
CERVEJAS, CHOPES, REFRIGERANTES E OUTRAS BEBIDAS;IV;21,3640000000003;0302100;;Voiller Weiss;S;PT 10/92;Art. 681, I do RICMS/02 e Port. 263/2023;;;;;;;;;;;;;11,01;19;2;19% + 2% (FECOEP);01/07/2023;0019
CERVEJAS, CHOPES, REFRIGERANTES E OUTRAS BEBIDAS;IV;21,3650000000003;0302100;;Wals;S;PT 10/92;Art. 681, I do RICMS/02 e Port. 263/2023;;;;;;;;;;;;;17,54;19;2;19% + 2% (FECOEP);01/07/2023;0019
CERVEJAS, CHOPES, REFRIGERANTES E OUTRAS BEBIDAS;IV;21,3660000000003;0302100;;Warsteiner Premium 660 ml;S;PT 10/92;Art. 681, I do RICMS/02 e Port. 263/2023;;;;;;;;;;;;;26,43;19;2;19% + 2% (FECOEP);01/07/2023;0019
CERVEJAS, CHOPES, REFRIGERANTES E OUTRAS BEBIDAS;IV;21,3670000000003;0302100;;Weltenburger (todas);S;PT 10/92;Art. 681, I do RICMS/02 e Port. 263/2023;;;;;;;;;;;;;11,78;19;2;19% + 2% (FECOEP);01/07/2023;0019
CERVEJAS, CHOPES, REFRIGERANTES E OUTRAS BEBIDAS;IV;21,3680000000003;0302100;;Outras (importadas);S;PT 10/92;Art. 681, I do RICMS/02 e Port. 263/2023;;;;;;;;;;;;;33;19;2;19% + 2% (FECOEP);01/07/2023;0019
CERVEJAS, CHOPES, REFRIGERANTES E OUTRAS BEBIDAS;IV;21,3690000000003;0302100;;Outras (nacionais);S;PT 10/92;Art. 681, I do RICMS/02 e Port. 263/2023;;;;;;;;;;;;;20;19;2;19% + 2% (FECOEP);01/07/2023;0019
CERVEJAS, CHOPES, REFRIGERANTES E OUTRAS BEBIDAS;IV;21,3700000000003;0302100;;1500;S;PT 10/92;Art. 681, I do RICMS/02 e Port. 263/2023;;;;;;;;;;;;;2,2;19;2;19% + 2% (FECOEP);01/07/2023;0019
CERVEJAS, CHOPES, REFRIGERANTES E OUTRAS BEBIDAS;IV;21,3710000000003;0302100;;Almada;S;PT 10/92;Art. 681, I do RICMS/02 e Port. 263/2023;;;;;;;;;;;;;2,26;19;2;19% + 2% (FECOEP);01/07/2023;0019
CERVEJAS, CHOPES, REFRIGERANTES E OUTRAS BEBIDAS;IV;21,3720000000003;0302100;;Amstel;S;PT 10/92;Art. 681, I do RICMS/02 e Port. 263/2023;;;;;;;;;;;;;2,35;19;2;19% + 2% (FECOEP);01/07/2023;0019
CERVEJAS, CHOPES, REFRIGERANTES E OUTRAS BEBIDAS;IV;21,3730000000003;0302100;;Antarctica Sub Zero;S;PT 10/92;Art. 681, I do RICMS/02 e Port. 263/2023;;;;;;;;;;;;;2,22;19;2;19% + 2% (FECOEP);01/07/2023;0019
CERVEJAS, CHOPES, REFRIGERANTES E OUTRAS BEBIDAS;IV;21,3740000000003;0302100;;Bavaria Pilsen;S;PT 10/92;Art. 681, I do RICMS/02 e Port. 263/2023;;;;;;;;;;;;;1,84;19;2;19% + 2% (FECOEP);01/07/2023;0019
CERVEJAS, CHOPES, REFRIGERANTES E OUTRAS BEBIDAS;IV;21,3750000000003;0302100;;Bohemia Pilsen;S;PT 10/92;Art. 681, I do RICMS/02 e Port. 263/2023;;;;;;;;;;;;;2,4;19;2;19% + 2% (FECOEP);01/07/2023;0019
CERVEJAS, CHOPES, REFRIGERANTES E OUTRAS BEBIDAS;IV;21,3760000000003;0302100;;Brahma Chopp;S;PT 10/92;Art. 681, I do RICMS/02 e Port. 263/2023;;;;;;;;;;;;;2,5;19;2;19% + 2% (FECOEP);01/07/2023;0019
CERVEJAS, CHOPES, REFRIGERANTES E OUTRAS BEBIDAS;IV;21,3770000000003;0302100;;Brahma Duplo Malte;S;PT 10/92;Art. 681, I do RICMS/02 e Port. 263/2023;;;;;;;;;;;;;2,48;19;2;19% + 2% (FECOEP);01/07/2023;0019
CERVEJAS, CHOPES, REFRIGERANTES E OUTRAS BEBIDAS;IV;21,3780000000003;0302100;;Brahma Extra Lager;S;PT 10/92;Art. 681, I do RICMS/02 e Port. 263/2023;;;;;;;;;;;;;2,43;19;2;19% + 2% (FECOEP);01/07/2023;0019
CERVEJAS, CHOPES, REFRIGERANTES E OUTRAS BEBIDAS;IV;21,3790000000003;0302100;;Budweiser;S;PT 10/92;Art. 681, I do RICMS/02 e Port. 263/2023;;;;;;;;;;;;;2,92;19;2;19% + 2% (FECOEP);01/07/2023;0019
CERVEJAS, CHOPES, REFRIGERANTES E OUTRAS BEBIDAS;IV;21,3800000000003;0302100;;Burguesa;S;PT 10/92;Art. 681, I do RICMS/02 e Port. 263/2023;;;;;;;;;;;;;2,08;19;2;19% + 2% (FECOEP);01/07/2023;0019
CERVEJAS, CHOPES, REFRIGERANTES E OUTRAS BEBIDAS;IV;21,3810000000003;0302100;;Cabaré 330 ml;S;PT 10/92;Art. 681, I do RICMS/02 e Port. 263/2023;;;;;;;;;;;;;2,96;19;2;19% + 2% (FECOEP);01/07/2023;0019
CERVEJAS, CHOPES, REFRIGERANTES E OUTRAS BEBIDAS;IV;21,3820000000003;0302100;;Cerpa Draft;S;PT 10/92;Art. 681, I do RICMS/02 e Port. 263/2023;;;;;;;;;;;;;1,88;19;2;19% + 2% (FECOEP);01/07/2023;0019
CERVEJAS, CHOPES, REFRIGERANTES E OUTRAS BEBIDAS;IV;21,3830000000003;0302100;;Cerpa Tijuca;S;PT 10/92;Art. 681, I do RICMS/02 e Port. 263/2023;;;;;;;;;;;;;2,12;19;2;19% + 2% (FECOEP);01/07/2023;0019
CERVEJAS, CHOPES, REFRIGERANTES E OUTRAS BEBIDAS;IV;21,3840000000003;0302100;;Cerveja Puro Malte;S;PT 10/92;Art. 681, I do RICMS/02 e Port. 263/2023;;;;;;;;;;;;;1,95;19;2;19% + 2% (FECOEP);01/07/2023;0019
CERVEJAS, CHOPES, REFRIGERANTES E OUTRAS BEBIDAS;IV;21,3850000000003;0302100;;Colina Pilsen;S;PT 10/92;Art. 681, I do RICMS/02 e Port. 263/2023;;;;;;;;;;;;;1,38;19;2;19% + 2% (FECOEP);01/07/2023;0019
CERVEJAS, CHOPES, REFRIGERANTES E OUTRAS BEBIDAS;IV;21,3860000000003;0302100;;Conti;S;PT 10/92;Art. 681, I do RICMS/02 e Port. 263/2023;;;;;;;;;;;;;1,85;19;2;19% + 2% (FECOEP);01/07/2023;0019
CERVEJAS, CHOPES, REFRIGERANTES E OUTRAS BEBIDAS;IV;21,3870000000003;0302100;;Conti Zero Grau;S;PT 10/92;Art. 681, I do RICMS/02 e Port. 263/2023;;;;;;;;;;;;;1,83;19;2;19% + 2% (FECOEP);01/07/2023;0019
CERVEJAS, CHOPES, REFRIGERANTES E OUTRAS BEBIDAS;IV;21,3880000000003;0302100;;Crystal Pilsen;S;PT 10/92;Art. 681, I do RICMS/02 e Port. 263/2023;;;;;;;;;;;;;1,76;19;2;19% + 2% (FECOEP);01/07/2023;0019
CERVEJAS, CHOPES, REFRIGERANTES E OUTRAS BEBIDAS;IV;21,3890000000004;0302100;;Devassa;S;PT 10/92;Art. 681, I do RICMS/02 e Port. 263/2023;;;;;;;;;;;;;2,24;19;2;19% + 2% (FECOEP);01/07/2023;0019
CERVEJAS, CHOPES, REFRIGERANTES E OUTRAS BEBIDAS;IV;21,3900000000004;0302100;;Extrella Galicia;S;PT 10/92;Art. 681, I do RICMS/02 e Port. 263/2023;;;;;;;;;;;;;3,2;19;2;19% + 2% (FECOEP);01/07/2023;0019
CERVEJAS, CHOPES, REFRIGERANTES E OUTRAS BEBIDAS;IV;21,3910000000004;0302100;;Heineken;S;PT 10/92;Art. 681, I do RICMS/02 e Port. 263/2023;;;;;;;;;;;;;3,73;19;2;19% + 2% (FECOEP);01/07/2023;0019
CERVEJAS, CHOPES, REFRIGERANTES E OUTRAS BEBIDAS;IV;21,3920000000004;0302100;;Heineken 0%;S;PT 10/92;Art. 681, I do RICMS/02 e Port. 263/2023;;;;;;;;;;;;;3,26;19;2;19% + 2% (FECOEP);01/07/2023;0019
CERVEJAS, CHOPES, REFRIGERANTES E OUTRAS BEBIDAS;IV;21,3930000000004;0302100;;Hoegaarden;S;PT 10/92;Art. 681, I do RICMS/02 e Port. 263/2023;;;;;;;;;;;;;4,39;19;2;19% + 2% (FECOEP);01/07/2023;0019
CERVEJAS, CHOPES, REFRIGERANTES E OUTRAS BEBIDAS;IV;21,3940000000004;0302100;;Império Gold;S;PT 10/92;Art. 681, I do RICMS/02 e Port. 263/2023;;;;;;;;;;;;;2,05;19;2;19% + 2% (FECOEP);01/07/2023;0019
CERVEJAS, CHOPES, REFRIGERANTES E OUTRAS BEBIDAS;IV;21,3950000000004;0302100;;Império Pilsen;S;PT 10/92;Art. 681, I do RICMS/02 e Port. 263/2023;;;;;;;;;;;;;2,05;19;2;19% + 2% (FECOEP);01/07/2023;0019
CERVEJAS, CHOPES, REFRIGERANTES E OUTRAS BEBIDAS;IV;21,3960000000004;0302100;;Império Lager;S;PT 10/92;Art. 681, I do RICMS/02 e Port. 263/2023;;;;;;;;;;;;;2,05;19;2;19% + 2% (FECOEP);01/07/2023;0019
CERVEJAS, CHOPES, REFRIGERANTES E OUTRAS BEBIDAS;IV;21,3970000000004;0302100;;Imperio Ultra;S;PT 10/92;Art. 681, I do RICMS/02 e Port. 263/2023;;;;;;;;;;;;;2,05;19;2;19% + 2% (FECOEP);01/07/2023;0019
CERVEJAS, CHOPES, REFRIGERANTES E OUTRAS BEBIDAS;IV;21,3980000000004;0302100;;Itaipava Pilsen;S;PT 10/92;Art. 681, I do RICMS/02 e Port. 263/2023;;;;;;;;;;;;;2,3;19;2;19% + 2% (FECOEP);01/07/2023;0019
CERVEJAS, CHOPES, REFRIGERANTES E OUTRAS BEBIDAS;IV;21,3990000000004;0302100;;Itaipava Premium;S;PT 10/92;Art. 681, I do RICMS/02 e Port. 263/2023;;;;;;;;;;;;;2,42;19;2;19% + 2% (FECOEP);01/07/2023;0019
CERVEJAS, CHOPES, REFRIGERANTES E OUTRAS BEBIDAS;IV;21,4000000000004;0302100;;Itaipava 100% Malte;S;PT 10/92;Art. 681, I do RICMS/02 e Port. 263/2023;;;;;;;;;;;;;2,24;19;2;19% + 2% (FECOEP);01/07/2023;0019
CERVEJAS, CHOPES, REFRIGERANTES E OUTRAS BEBIDAS;IV;21,4010000000004;0302100;;kaiser;S;PT 10/92;Art. 681, I do RICMS/02 e Port. 263/2023;;;;;;;;;;;;;1,84;19;2;19% + 2% (FECOEP);01/07/2023;0019
CERVEJAS, CHOPES, REFRIGERANTES E OUTRAS BEBIDAS;IV;21,4020000000004;0302100;;Kona;S;PT 10/92;Art. 681, I do RICMS/02 e Port. 263/2023;;;;;;;;;;;;;5,16;19;2;19% + 2% (FECOEP);01/07/2023;0019
CERVEJAS, CHOPES, REFRIGERANTES E OUTRAS BEBIDAS;IV;21,4030000000004;0302100;;Michelob;S;PT 10/92;Art. 681, I do RICMS/02 e Port. 263/2023;;;;;;;;;;;;;3,18;19;2;19% + 2% (FECOEP);01/07/2023;0019
CERVEJAS, CHOPES, REFRIGERANTES E OUTRAS BEBIDAS;IV;21,4040000000004;0302100;;No Grau;S;PT 10/92;Art. 681, I do RICMS/02 e Port. 263/2023;;;;;;;;;;;;;1,45;19;2;19% + 2% (FECOEP);01/07/2023;0019
CERVEJAS, CHOPES, REFRIGERANTES E OUTRAS BEBIDAS;IV;21,4050000000004;0302100;;Original;S;PT 10/92;Art. 681, I do RICMS/02 e Port. 263/2023;;;;;;;;;;;;;2,52;19;2;19% + 2% (FECOEP);01/07/2023;0019
CERVEJAS, CHOPES, REFRIGERANTES E OUTRAS BEBIDAS;IV;21,4060000000004;0302100;;Petra Puro Malte;S;PT 10/92;Art. 681, I do RICMS/02 e Port. 263/2023;;;;;;;;;;;;;2,29;19;2;19% + 2% (FECOEP);01/07/2023;0019
CERVEJAS, CHOPES, REFRIGERANTES E OUTRAS BEBIDAS;IV;21,4070000000004;0302100;;Proibida;S;PT 10/92;Art. 681, I do RICMS/02 e Port. 263/2023;;;;;;;;;;;;;1,4;19;2;19% + 2% (FECOEP);01/07/2023;0019
CERVEJAS, CHOPES, REFRIGERANTES E OUTRAS BEBIDAS;IV;21,4080000000004;0302100;;Proibida Puro Malte;S;PT 10/92;Art. 681, I do RICMS/02 e Port. 263/2023;;;;;;;;;;;;;2,86;19;2;19% + 2% (FECOEP);01/07/2023;0019
CERVEJAS, CHOPES, REFRIGERANTES E OUTRAS BEBIDAS;IV;21,4090000000004;0302100;;Proibida Puro Malte Forte;S;PT 10/92;Art. 681, I do RICMS/02 e Port. 263/2023;;;;;;;;;;;;;2,86;19;2;19% + 2% (FECOEP);01/07/2023;0019
CERVEJAS, CHOPES, REFRIGERANTES E OUTRAS BEBIDAS;IV;21,4100000000004;0302100;;Proibida Puro Malte Leve;S;PT 10/92;Art. 681, I do RICMS/02 e Port. 263/2023;;;;;;;;;;;;;2,33;19;2;19% + 2% (FECOEP);01/07/2023;0019
CERVEJAS, CHOPES, REFRIGERANTES E OUTRAS BEBIDAS;IV;21,4110000000004;0302100;;Proibida Puro Malte Rosa Vermelha Mulher;S;PT 10/92;Art. 681, I do RICMS/02 e Port. 263/2023;;;;;;;;;;;;;2,86;19;2;19% + 2% (FECOEP);01/07/2023;0019
CERVEJAS, CHOPES, REFRIGERANTES E OUTRAS BEBIDAS;IV;21,4120000000004;0302100;;Quilmes;S;PT 10/92;Art. 681, I do RICMS/02 e Port. 263/2023;;;;;;;;;;;;;2,49;19;2;19% + 2% (FECOEP);01/07/2023;0019
CERVEJAS, CHOPES, REFRIGERANTES E OUTRAS BEBIDAS;IV;21,4130000000004;0302100;;Samba;S;PT 10/92;Art. 681, I do RICMS/02 e Port. 263/2023;;;;;;;;;;;;;1,79;19;2;19% + 2% (FECOEP);01/07/2023;0019
CERVEJAS, CHOPES, REFRIGERANTES E OUTRAS BEBIDAS;IV;21,4140000000004;0302100;;Schin;S;PT 10/92;Art. 681, I do RICMS/02 e Port. 263/2023;;;;;;;;;;;;;1,94;19;2;19% + 2% (FECOEP);01/07/2023;0019
CERVEJAS, CHOPES, REFRIGERANTES E OUTRAS BEBIDAS;IV;21,4150000000004;0302100;;Skol Pilsen;S;PT 10/92;Art. 681, I do RICMS/02 e Port. 263/2023;;;;;;;;;;;;;2,38;19;2;19% + 2% (FECOEP);01/07/2023;0019
CERVEJAS, CHOPES, REFRIGERANTES E OUTRAS BEBIDAS;IV;21,4160000000004;0302100;;Skol Puro Malte;S;PT 10/92;Art. 681, I do RICMS/02 e Port. 263/2023;;;;;;;;;;;;;2,3;19;2;19% + 2% (FECOEP);01/07/2023;0019
CERVEJAS, CHOPES, REFRIGERANTES E OUTRAS BEBIDAS;IV;21,4170000000004;0302100;;Spaten;S;PT 10/92;Art. 681, I do RICMS/02 e Port. 263/2023;;;;;;;;;;;;;2,96;19;2;19% + 2% (FECOEP);01/07/2023;0019
CERVEJAS, CHOPES, REFRIGERANTES E OUTRAS BEBIDAS;IV;21,4180000000004;0302100;;Spoller Pilsen;S;PT 10/92;Art. 681, I do RICMS/02 e Port. 263/2023;;;;;;;;;;;;;1,38;19;2;19% + 2% (FECOEP);01/07/2023;0019
CERVEJAS, CHOPES, REFRIGERANTES E OUTRAS BEBIDAS;IV;21,4190000000004;0302100;;Stela Artois;S;PT 10/92;Art. 681, I do RICMS/02 e Port. 263/2023;;;;;;;;;;;;;3,64;19;2;19% + 2% (FECOEP);01/07/2023;0019
CERVEJAS, CHOPES, REFRIGERANTES E OUTRAS BEBIDAS;IV;21,4200000000004;0302100;;Outras;S;PT 10/92;Art. 681, I do RICMS/02 e Port. 263/2023;;;;;;;;;;;;;5,5;19;2;19% + 2% (FECOEP);01/07/2023;0019
CERVEJAS, CHOPES, REFRIGERANTES E OUTRAS BEBIDAS;IV;21,4210000000004;0302100;;1500;S;PT 10/92;Art. 681, I do RICMS/02 e Port. 263/2023;;;;;;;;;;;;;3,01;19;2;19% + 2% (FECOEP);01/07/2023;0019
CERVEJAS, CHOPES, REFRIGERANTES E OUTRAS BEBIDAS;IV;21,4220000000004;0302100;;Abiúda;S;PT 10/92;Art. 681, I do RICMS/02 e Port. 263/2023;;;;;;;;;;;;;2,22;19;2;19% + 2% (FECOEP);01/07/2023;0019
CERVEJAS, CHOPES, REFRIGERANTES E OUTRAS BEBIDAS;IV;21,4230000000004;0302100;;Almada;S;PT 10/92;Art. 681, I do RICMS/02 e Port. 263/2023;;;;;;;;;;;;;2,87;19;2;19% + 2% (FECOEP);01/07/2023;0019
CERVEJAS, CHOPES, REFRIGERANTES E OUTRAS BEBIDAS;IV;21,4240000000004;0302100;;Amstel;S;PT 10/92;Art. 681, I do RICMS/02 e Port. 263/2023;;;;;;;;;;;;;3,38;19;2;19% + 2% (FECOEP);01/07/2023;0019
CERVEJAS, CHOPES, REFRIGERANTES E OUTRAS BEBIDAS;IV;21,4250000000004;0302100;;Amstel pack com 18;S;PT 10/92;Art. 681, I do RICMS/02 e Port. 263/2023;;;;;;;;;;;;;44,46;19;2;19% + 2% (FECOEP);01/07/2023;0019
CERVEJAS, CHOPES, REFRIGERANTES E OUTRAS BEBIDAS;IV;21,4260000000004;0302100;;Antarctica Pilsen;S;PT 10/92;Art. 681, I do RICMS/02 e Port. 263/2023;;;;;;;;;;;;;2,87;19;2;19% + 2% (FECOEP);01/07/2023;0019
CERVEJAS, CHOPES, REFRIGERANTES E OUTRAS BEBIDAS;IV;21,4270000000004;0302100;;Antarctica Sub Zero;S;PT 10/92;Art. 681, I do RICMS/02 e Port. 263/2023;;;;;;;;;;;;;2,74;19;2;19% + 2% (FECOEP);01/07/2023;0019
CERVEJAS, CHOPES, REFRIGERANTES E OUTRAS BEBIDAS;IV;21,4280000000004;0302100;;Baden Baden American IPA;S;PT 10/92;Art. 681, I do RICMS/02 e Port. 263/2023;;;;;;;;;;;;;4,71;19;2;19% + 2% (FECOEP);01/07/2023;0019
CERVEJAS, CHOPES, REFRIGERANTES E OUTRAS BEBIDAS;IV;21,4290000000004;0302100;;Baden Baden Cristal;S;PT 10/92;Art. 681, I do RICMS/02 e Port. 263/2023;;;;;;;;;;;;;4,71;19;2;19% + 2% (FECOEP);01/07/2023;0019
CERVEJAS, CHOPES, REFRIGERANTES E OUTRAS BEBIDAS;IV;21,4300000000004;0302100;;Baden Baden Golden;S;PT 10/92;Art. 681, I do RICMS/02 e Port. 263/2023;;;;;;;;;;;;;4,28;19;2;19% + 2% (FECOEP);01/07/2023;0019
CERVEJAS, CHOPES, REFRIGERANTES E OUTRAS BEBIDAS;IV;21,4310000000004;0302100;;Baden Baden Peach;S;PT 10/92;Art. 681, I do RICMS/02 e Port. 263/2023;;;;;;;;;;;;;4,28;19;2;19% + 2% (FECOEP);01/07/2023;0019
CERVEJAS, CHOPES, REFRIGERANTES E OUTRAS BEBIDAS;IV;21,4320000000004;0302100;;Baden Baden Witbier;S;PT 10/92;Art. 681, I do RICMS/02 e Port. 263/2023;;;;;;;;;;;;;4,71;19;2;19% + 2% (FECOEP);01/07/2023;0019
CERVEJAS, CHOPES, REFRIGERANTES E OUTRAS BEBIDAS;IV;21,4330000000004;0302100;;Bavária 0,0;S;PT 10/92;Art. 681, I do RICMS/02 e Port. 263/2023;;;;;;;;;;;;;3,5;19;2;19% + 2% (FECOEP);01/07/2023;0019
CERVEJAS, CHOPES, REFRIGERANTES E OUTRAS BEBIDAS;IV;21,4340000000004;0302100;;Bavária Pilsen;S;PT 10/92;Art. 681, I do RICMS/02 e Port. 263/2023;;;;;;;;;;;;;2,29;19;2;19% + 2% (FECOEP);01/07/2023;0019
CERVEJAS, CHOPES, REFRIGERANTES E OUTRAS BEBIDAS;IV;21,4350000000004;0302100;;Becks;S;PT 10/92;Art. 681, I do RICMS/02 e Port. 263/2023;;;;;;;;;;;;;4,93;19;2;19% + 2% (FECOEP);01/07/2023;0019
CERVEJAS, CHOPES, REFRIGERANTES E OUTRAS BEBIDAS;IV;21,4360000000005;0302100;;Black Princess Gold;S;PT 10/92;Art. 681, I do RICMS/02 e Port. 263/2023;;;;;;;;;;;;;3,3;19;2;19% + 2% (FECOEP);01/07/2023;0019
CERVEJAS, CHOPES, REFRIGERANTES E OUTRAS BEBIDAS;IV;21,4370000000005;0302100;;Blue Moon Belgian White;S;PT 10/92;Art. 681, I do RICMS/02 e Port. 263/2023;;;;;;;;;;;;;5,26;19;2;19% + 2% (FECOEP);01/07/2023;0019
CERVEJAS, CHOPES, REFRIGERANTES E OUTRAS BEBIDAS;IV;21,4380000000005;0302100;;Bohemia;S;PT 10/92;Art. 681, I do RICMS/02 e Port. 263/2023;;;;;;;;;;;;;3,16;19;2;19% + 2% (FECOEP);01/07/2023;0019
CERVEJAS, CHOPES, REFRIGERANTES E OUTRAS BEBIDAS;IV;21,4390000000005;0302100;;Bohemia 310 ml;S;PT 10/92;Art. 681, I do RICMS/02 e Port. 263/2023;;;;;;;;;;;;;2,65;19;2;19% + 2% (FECOEP);01/07/2023;0019
CERVEJAS, CHOPES, REFRIGERANTES E OUTRAS BEBIDAS;IV;21,4400000000005;0302100;;Bohemia 0 % Álcool;S;PT 10/92;Art. 681, I do RICMS/02 e Port. 263/2023;;;;;;;;;;;;;3,99;19;2;19% + 2% (FECOEP);01/07/2023;0019
CERVEJAS, CHOPES, REFRIGERANTES E OUTRAS BEBIDAS;IV;21,4410000000005;0302100;;Brahma Chopp;S;PT 10/92;Art. 681, I do RICMS/02 e Port. 263/2023;;;;;;;;;;;;;3,05;19;2;19% + 2% (FECOEP);01/07/2023;0019
CERVEJAS, CHOPES, REFRIGERANTES E OUTRAS BEBIDAS;IV;21,4420000000005;0302100;;Brahma Chopp 310 ml - Multipack (valor por unidade);S;PT 10/92;Art. 681, I do RICMS/02 e Port. 263/2023;;;;;;;;;;;;;2,32;19;2;19% + 2% (FECOEP);01/07/2023;0019
CERVEJAS, CHOPES, REFRIGERANTES E OUTRAS BEBIDAS;IV;21,4430000000005;0302100;;Brahma Duplo Malte;S;PT 10/92;Art. 681, I do RICMS/02 e Port. 263/2023;;;;;;;;;;;;;3,47;19;2;19% + 2% (FECOEP);01/07/2023;0019
CERVEJAS, CHOPES, REFRIGERANTES E OUTRAS BEBIDAS;IV;21,4440000000005;0302100;;Brahma Duplo Malte Trigo;S;PT 10/92;Art. 681, I do RICMS/02 e Port. 263/2023;;;;;;;;;;;;;3,09;19;2;19% + 2% (FECOEP);01/07/2023;0019
CERVEJAS, CHOPES, REFRIGERANTES E OUTRAS BEBIDAS;IV;21,4450000000005;0302100;;Brahma Duplo Malte Tostada;S;PT 10/92;Art. 681, I do RICMS/02 e Port. 263/2023;;;;;;;;;;;;;3,09;19;2;19% + 2% (FECOEP);01/07/2023;0019
CERVEJAS, CHOPES, REFRIGERANTES E OUTRAS BEBIDAS;IV;21,4460000000005;0302100;;Brahma Duplo Malte Escura;S;PT 10/92;Art. 681, I do RICMS/02 e Port. 263/2023;;;;;;;;;;;;;3,09;19;2;19% + 2% (FECOEP);01/07/2023;0019
CERVEJAS, CHOPES, REFRIGERANTES E OUTRAS BEBIDAS;IV;21,4470000000005;0302100;;Brahma Duplo Malte 310 ml - Multipack (valor por unidade);S;PT 10/92;Art. 681, I do RICMS/02 e Port. 263/2023;;;;;;;;;;;;;2,81;19;2;19% + 2% (FECOEP);01/07/2023;0019
CERVEJAS, CHOPES, REFRIGERANTES E OUTRAS BEBIDAS;IV;21,4480000000005;0302100;;Brahma Extra Lager;S;PT 10/92;Art. 681, I do RICMS/02 e Port. 263/2023;;;;;;;;;;;;;3,07;19;2;19% + 2% (FECOEP);01/07/2023;0019
CERVEJAS, CHOPES, REFRIGERANTES E OUTRAS BEBIDAS;IV;21,4490000000005;0302100;;Brahma Extra Red/Weiss;S;PT 10/92;Art. 681, I do RICMS/02 e Port. 263/2023;;;;;;;;;;;;;4,99;19;2;19% + 2% (FECOEP);01/07/2023;0019
CERVEJAS, CHOPES, REFRIGERANTES E OUTRAS BEBIDAS;IV;21,4500000000005;0302100;;Brahma Malzbier;S;PT 10/92;Art. 681, I do RICMS/02 e Port. 263/2023;;;;;;;;;;;;;4,01;19;2;19% + 2% (FECOEP);01/07/2023;0019
CERVEJAS, CHOPES, REFRIGERANTES E OUTRAS BEBIDAS;IV;21,4510000000005;0302100;;Brooklyn East Ipa;S;PT 10/92;Art. 681, I do RICMS/02 e Port. 263/2023;;;;;;;;;;;;;11,84;19;2;19% + 2% (FECOEP);01/07/2023;0019
CERVEJAS, CHOPES, REFRIGERANTES E OUTRAS BEBIDAS;IV;21,4520000000005;0302100;;Brooklyn Lager;S;PT 10/92;Art. 681, I do RICMS/02 e Port. 263/2023;;;;;;;;;;;;;11,84;19;2;19% + 2% (FECOEP);01/07/2023;0019
CERVEJAS, CHOPES, REFRIGERANTES E OUTRAS BEBIDAS;IV;21,4530000000005;0302100;;Brooklyn Stonewall Inn Ipa;S;PT 10/92;Art. 681, I do RICMS/02 e Port. 263/2023;;;;;;;;;;;;;11,84;19;2;19% + 2% (FECOEP);01/07/2023;0019
CERVEJAS, CHOPES, REFRIGERANTES E OUTRAS BEBIDAS;IV;21,4540000000005;0302100;;Brussels Puro Malte;S;PT 10/92;Art. 681, I do RICMS/02 e Port. 263/2023;;;;;;;;;;;;;2,08;19;2;19% + 2% (FECOEP);01/07/2023;0019
CERVEJAS, CHOPES, REFRIGERANTES E OUTRAS BEBIDAS;IV;21,4550000000005;0302100;;Budweiser;S;PT 10/92;Art. 681, I do RICMS/02 e Port. 263/2023;;;;;;;;;;;;;4,11;19;2;19% + 2% (FECOEP);01/07/2023;0019
CERVEJAS, CHOPES, REFRIGERANTES E OUTRAS BEBIDAS;IV;21,4560000000005;0302100;;Budweiser 0,0%;S;PT 10/92;Art. 681, I do RICMS/02 e Port. 263/2023;;;;;;;;;;;;;3,48;19;2;19% + 2% (FECOEP);01/07/2023;0019
CERVEJAS, CHOPES, REFRIGERANTES E OUTRAS BEBIDAS;IV;21,4570000000005;0302100;;Budweiser 310 ml - Multipack (valor por unidade);S;PT 10/92;Art. 681, I do RICMS/02 e Port. 263/2023;;;;;;;;;;;;;3,37;19;2;19% + 2% (FECOEP);01/07/2023;0019
CERVEJAS, CHOPES, REFRIGERANTES E OUTRAS BEBIDAS;IV;21,4580000000005;0302100;;Burguesa;S;PT 10/92;Art. 681, I do RICMS/02 e Port. 263/2023;;;;;;;;;;;;;2,61;19;2;19% + 2% (FECOEP);01/07/2023;0019
CERVEJAS, CHOPES, REFRIGERANTES E OUTRAS BEBIDAS;IV;21,4590000000005;0302100;;Cabaré;S;PT 10/92;Art. 681, I do RICMS/02 e Port. 263/2023;;;;;;;;;;;;;3,64;19;2;19% + 2% (FECOEP);01/07/2023;0019
CERVEJAS, CHOPES, REFRIGERANTES E OUTRAS BEBIDAS;IV;21,4600000000005;0302100;;Cacildis Amber Lager;S;PT 10/92;Art. 681, I do RICMS/02 e Port. 263/2023;;;;;;;;;;;;;3,99;19;2;19% + 2% (FECOEP);01/07/2023;0019
CERVEJAS, CHOPES, REFRIGERANTES E OUTRAS BEBIDAS;IV;21,4610000000005;0302100;;Caracu;S;PT 10/92;Art. 681, I do RICMS/02 e Port. 263/2023;;;;;;;;;;;;;2,94;19;2;19% + 2% (FECOEP);01/07/2023;0019
CERVEJAS, CHOPES, REFRIGERANTES E OUTRAS BEBIDAS;IV;21,4620000000005;0302100;;Cerpa Draft;S;PT 10/92;Art. 681, I do RICMS/02 e Port. 263/2023;;;;;;;;;;;;;2,13;19;2;19% + 2% (FECOEP);01/07/2023;0019
CERVEJAS, CHOPES, REFRIGERANTES E OUTRAS BEBIDAS;IV;21,4630000000005;0302100;;Cerpa Export 310 ml;S;PT 10/92;Art. 681, I do RICMS/02 e Port. 263/2023;;;;;;;;;;;;;3,26;19;2;19% + 2% (FECOEP);01/07/2023;0019
CERVEJAS, CHOPES, REFRIGERANTES E OUTRAS BEBIDAS;IV;21,4640000000005;0302100;;Cerpa Extra;S;PT 10/92;Art. 681, I do RICMS/02 e Port. 263/2023;;;;;;;;;;;;;2,28;19;2;19% + 2% (FECOEP);01/07/2023;0019
CERVEJAS, CHOPES, REFRIGERANTES E OUTRAS BEBIDAS;IV;21,4650000000005;0302100;;Cerpa Gold;S;PT 10/92;Art. 681, I do RICMS/02 e Port. 263/2023;;;;;;;;;;;;;2,13;19;2;19% + 2% (FECOEP);01/07/2023;0019
CERVEJAS, CHOPES, REFRIGERANTES E OUTRAS BEBIDAS;IV;21,4660000000005;0302100;;Cerpa Nevada;S;PT 10/92;Art. 681, I do RICMS/02 e Port. 263/2023;;;;;;;;;;;;;203;19;2;19% + 2% (FECOEP);01/07/2023;0019
CERVEJAS, CHOPES, REFRIGERANTES E OUTRAS BEBIDAS;IV;21,4670000000005;0302100;;Cerpa Prime 310 ml;S;PT 10/92;Art. 681, I do RICMS/02 e Port. 263/2023;;;;;;;;;;;;;366;19;2;19% + 2% (FECOEP);01/07/2023;0019
CERVEJAS, CHOPES, REFRIGERANTES E OUTRAS BEBIDAS;IV;21,4680000000005;0302100;;Cerveja Puro Malte;S;PT 10/92;Art. 681, I do RICMS/02 e Port. 263/2023;;;;;;;;;;;;;240;19;2;19% + 2% (FECOEP);01/07/2023;0019
CERVEJAS, CHOPES, REFRIGERANTES E OUTRAS BEBIDAS;IV;21,4690000000005;0302100;;Cerpa Tijuca 310 ml;S;PT 10/92;Art. 681, I do RICMS/02 e Port. 263/2023;;;;;;;;;;;;;2,61;19;2;19% + 2% (FECOEP);01/07/2023;0019
CERVEJAS, CHOPES, REFRIGERANTES E OUTRAS BEBIDAS;IV;21,4700000000005;0302100;;Cerpa Tijuca Puro malte;S;PT 10/92;Art. 681, I do RICMS/02 e Port. 263/2023;;;;;;;;;;;;;3,04;19;2;19% + 2% (FECOEP);01/07/2023;0019
CERVEJAS, CHOPES, REFRIGERANTES E OUTRAS BEBIDAS;IV;21,4710000000005;0302100;;Colorado Lager;S;PT 10/92;Art. 681, I do RICMS/02 e Port. 263/2023;;;;;;;;;;;;;4,93;19;2;19% + 2% (FECOEP);01/07/2023;0019
CERVEJAS, CHOPES, REFRIGERANTES E OUTRAS BEBIDAS;IV;21,4720000000005;0302100;;Colorado (outras);S;PT 10/92;Art. 681, I do RICMS/02 e Port. 263/2023;;;;;;;;;;;;;5,79;19;2;19% + 2% (FECOEP);01/07/2023;0019
CERVEJAS, CHOPES, REFRIGERANTES E OUTRAS BEBIDAS;IV;21,4730000000005;0302100;;Colina Pilsen;S;PT 10/92;Art. 681, I do RICMS/02 e Port. 263/2023;;;;;;;;;;;;;2,03;19;2;19% + 2% (FECOEP);01/07/2023;0019
CERVEJAS, CHOPES, REFRIGERANTES E OUTRAS BEBIDAS;IV;21,4740000000005;0302100;;Conti;S;PT 10/92;Art. 681, I do RICMS/02 e Port. 263/2023;;;;;;;;;;;;;2,36;19;2;19% + 2% (FECOEP);01/07/2023;0019
CERVEJAS, CHOPES, REFRIGERANTES E OUTRAS BEBIDAS;IV;21,4750000000005;0302100;;Conti Zero Grau;S;PT 10/92;Art. 681, I do RICMS/02 e Port. 263/2023;;;;;;;;;;;;;2,15;19;2;19% + 2% (FECOEP);01/07/2023;0019
CERVEJAS, CHOPES, REFRIGERANTES E OUTRAS BEBIDAS;IV;21,4760000000005;0302100;;Conti Malzbier;S;PT 10/92;Art. 681, I do RICMS/02 e Port. 263/2023;;;;;;;;;;;;;2,48;19;2;19% + 2% (FECOEP);01/07/2023;0019
CERVEJAS, CHOPES, REFRIGERANTES E OUTRAS BEBIDAS;IV;21,4770000000005;0302100;;Corona Extra;S;PT 10/92;Art. 681, I do RICMS/02 e Port. 263/2023;;;;;;;;;;;;;4,61;19;2;19% + 2% (FECOEP);01/07/2023;0019
CERVEJAS, CHOPES, REFRIGERANTES E OUTRAS BEBIDAS;IV;21,4780000000005;0302100;;Crystal Pilsen;S;PT 10/92;Art. 681, I do RICMS/02 e Port. 263/2023;;;;;;;;;;;;;2,34;19;2;19% + 2% (FECOEP);01/07/2023;0019
CERVEJAS, CHOPES, REFRIGERANTES E OUTRAS BEBIDAS;IV;21,4790000000005;0302100;;Devassa;S;PT 10/92;Art. 681, I do RICMS/02 e Port. 263/2023;;;;;;;;;;;;;3,14;19;2;19% + 2% (FECOEP);01/07/2023;0019
CERVEJAS, CHOPES, REFRIGERANTES E OUTRAS BEBIDAS;IV;21,4800000000005;0302100;;Devassa Pack 18 unidades;S;PT 10/92;Art. 681, I do RICMS/02 e Port. 263/2023;;;;;;;;;;;;;42,77;19;2;19% + 2% (FECOEP);01/07/2023;0019
CERVEJAS, CHOPES, REFRIGERANTES E OUTRAS BEBIDAS;IV;21,4810000000005;0302100;;Devassa sabores Limão e Maracujá;S;PT 10/92;Art. 681, I do RICMS/02 e Port. 263/2023;;;;;;;;;;;;;2,85;19;2;19% + 2% (FECOEP);01/07/2023;0019
CERVEJAS, CHOPES, REFRIGERANTES E OUTRAS BEBIDAS;IV;21,4820000000005;0302100;;Eisenbahn;S;PT 10/92;Art. 681, I do RICMS/02 e Port. 263/2023;;;;;;;;;;;;;4,01;19;2;19% + 2% (FECOEP);01/07/2023;0019
CERVEJAS, CHOPES, REFRIGERANTES E OUTRAS BEBIDAS;IV;21,4830000000005;0302100;;Eisenbahn Unfiltered Pilsen;S;PT 10/92;Art. 681, I do RICMS/02 e Port. 263/2023;;;;;;;;;;;;;3,44;19;2;19% + 2% (FECOEP);01/07/2023;0019
CERVEJAS, CHOPES, REFRIGERANTES E OUTRAS BEBIDAS;IV;21,4840000000005;0302100;;Ekaut;S;PT 10/92;Art. 681, I do RICMS/02 e Port. 263/2023;;;;;;;;;;;;;3,39;19;2;19% + 2% (FECOEP);01/07/2023;0019
CERVEJAS, CHOPES, REFRIGERANTES E OUTRAS BEBIDAS;IV;21,4850000000005;0302100;;Extrela Galicia;S;PT 10/92;Art. 681, I do RICMS/02 e Port. 263/2023;;;;;;;;;;;;;3,87;19;2;19% + 2% (FECOEP);01/07/2023;0019
CERVEJAS, CHOPES, REFRIGERANTES E OUTRAS BEBIDAS;IV;21,4860000000005;0302100;;Extrela Galicia 0,0;S;PT 10/92;Art. 681, I do RICMS/02 e Port. 263/2023;;;;;;;;;;;;;4,35;19;2;19% + 2% (FECOEP);01/07/2023;0019
CERVEJAS, CHOPES, REFRIGERANTES E OUTRAS BEBIDAS;IV;21,4870000000005;0302100;;Extrela Sirius Pilsen;S;PT 10/92;Art. 681, I do RICMS/02 e Port. 263/2023;;;;;;;;;;;;;2,08;19;2;19% + 2% (FECOEP);01/07/2023;0019
CERVEJAS, CHOPES, REFRIGERANTES E OUTRAS BEBIDAS;IV;21,4880000000005;0302100;;Extrela Sirius Puro Malte;S;PT 10/92;Art. 681, I do RICMS/02 e Port. 263/2023;;;;;;;;;;;;;2,08;19;2;19% + 2% (FECOEP);01/07/2023;0019
CERVEJAS, CHOPES, REFRIGERANTES E OUTRAS BEBIDAS;IV;21,4890000000005;0302100;;Glacial;S;PT 10/92;Art. 681, I do RICMS/02 e Port. 263/2023;;;;;;;;;;;;;2,1;19;2;19% + 2% (FECOEP);01/07/2023;0019
CERVEJAS, CHOPES, REFRIGERANTES E OUTRAS BEBIDAS;IV;21,4900000000005;0302100;;Goose Island;S;PT 10/92;Art. 681, I do RICMS/02 e Port. 263/2023;;;;;;;;;;;;;6,46;19;2;19% + 2% (FECOEP);01/07/2023;0019
CERVEJAS, CHOPES, REFRIGERANTES E OUTRAS BEBIDAS;IV;21,4910000000005;0302100;;Heineken;S;PT 10/92;Art. 681, I do RICMS/02 e Port. 263/2023;;;;;;;;;;;;;5,18;19;2;19% + 2% (FECOEP);01/07/2023;0019
CERVEJAS, CHOPES, REFRIGERANTES E OUTRAS BEBIDAS;IV;21,4920000000005;0302100;;Heineken 0%;S;PT 10/92;Art. 681, I do RICMS/02 e Port. 263/2023;;;;;;;;;;;;;5,23;19;2;19% + 2% (FECOEP);01/07/2023;0019
CERVEJAS, CHOPES, REFRIGERANTES E OUTRAS BEBIDAS;IV;21,4930000000005;0302100;;Hoegaarden 0,0% 330 ml;S;PT 10/92;Art. 681, I do RICMS/02 e Port. 263/2023;;;;;;;;;;;;;6,03;19;2;19% + 2% (FECOEP);01/07/2023;0019
CERVEJAS, CHOPES, REFRIGERANTES E OUTRAS BEBIDAS;IV;21,4940000000005;0302100;;Império Pilsen;S;PT 10/92;Art. 681, I do RICMS/02 e Port. 263/2023;;;;;;;;;;;;;2,55;19;2;19% + 2% (FECOEP);01/07/2023;0019
CERVEJAS, CHOPES, REFRIGERANTES E OUTRAS BEBIDAS;IV;21,4950000000005;0302100;;Império Lager;S;PT 10/92;Art. 681, I do RICMS/02 e Port. 263/2023;;;;;;;;;;;;;2,8;19;2;19% + 2% (FECOEP);01/07/2023;0019
CERVEJAS, CHOPES, REFRIGERANTES E OUTRAS BEBIDAS;IV;21,4960000000005;0302100;;Itaipava Malzebier;S;PT 10/92;Art. 681, I do RICMS/02 e Port. 263/2023;;;;;;;;;;;;;3,23;19;2;19% + 2% (FECOEP);01/07/2023;0019
CERVEJAS, CHOPES, REFRIGERANTES E OUTRAS BEBIDAS;IV;21,4970000000005;0302100;;Itaipava Pilsen;S;PT 10/92;Art. 681, I do RICMS/02 e Port. 263/2023;;;;;;;;;;;;;2,57;19;2;19% + 2% (FECOEP);01/07/2023;0019
CERVEJAS, CHOPES, REFRIGERANTES E OUTRAS BEBIDAS;IV;21,4980000000005;0302100;;Itaipava Premium;S;PT 10/92;Art. 681, I do RICMS/02 e Port. 263/2023;;;;;;;;;;;;;3,34;19;2;19% + 2% (FECOEP);01/07/2023;0019
CERVEJAS, CHOPES, REFRIGERANTES E OUTRAS BEBIDAS;IV;21,4990000000005;0302100;;Itaipava 100% Malte;S;PT 10/92;Art. 681, I do RICMS/02 e Port. 263/2023;;;;;;;;;;;;;2,74;19;2;19% + 2% (FECOEP);01/07/2023;0019
CERVEJAS, CHOPES, REFRIGERANTES E OUTRAS BEBIDAS;IV;21,5000000000005;0302100;;Itaipava Zero Álcool;S;PT 10/92;Art. 681, I do RICMS/02 e Port. 263/2023;;;;;;;;;;;;;3,15;19;2;19% + 2% (FECOEP);01/07/2023;0019
CERVEJAS, CHOPES, REFRIGERANTES E OUTRAS BEBIDAS;IV;21,5010000000005;0302100;;Kaiser;S;PT 10/92;Art. 681, I do RICMS/02 e Port. 263/2023;;;;;;;;;;;;;2,68;19;2;19% + 2% (FECOEP);01/07/2023;0019
CERVEJAS, CHOPES, REFRIGERANTES E OUTRAS BEBIDAS;IV;21,5020000000005;0302100;;Kirin Ichiban;S;PT 10/92;Art. 681, I do RICMS/02 e Port. 263/2023;;;;;;;;;;;;;3,87;19;2;19% + 2% (FECOEP);01/07/2023;0019
CERVEJAS, CHOPES, REFRIGERANTES E OUTRAS BEBIDAS;IV;21,5030000000005;0302100;;Lagunitas Ipa;S;PT 10/92;Art. 681, I do RICMS/02 e Port. 263/2023;;;;;;;;;;;;;5,26;19;2;19% + 2% (FECOEP);01/07/2023;0019
CERVEJAS, CHOPES, REFRIGERANTES E OUTRAS BEBIDAS;IV;21,5040000000005;0302100;;Lokal Pilsen;S;PT 10/92;Art. 681, I do RICMS/02 e Port. 263/2023;;;;;;;;;;;;;2,07;19;2;19% + 2% (FECOEP);01/07/2023;0019
CERVEJAS, CHOPES, REFRIGERANTES E OUTRAS BEBIDAS;IV;21,5050000000005;0302100;;Maniacs Aloha;S;PT 10/92;Art. 681, I do RICMS/02 e Port. 263/2023;;;;;;;;;;;;;7,33;19;2;19% + 2% (FECOEP);01/07/2023;0019
CERVEJAS, CHOPES, REFRIGERANTES E OUTRAS BEBIDAS;IV;21,5060000000005;0302100;;Maniacs Bahia Vanilla;S;PT 10/92;Art. 681, I do RICMS/02 e Port. 263/2023;;;;;;;;;;;;;7,46;19;2;19% + 2% (FECOEP);01/07/2023;0019
CERVEJAS, CHOPES, REFRIGERANTES E OUTRAS BEBIDAS;IV;21,5070000000005;0302100;;Maniacs Cacau Sour;S;PT 10/92;Art. 681, I do RICMS/02 e Port. 263/2023;;;;;;;;;;;;;7,46;19;2;19% + 2% (FECOEP);01/07/2023;0019
CERVEJAS, CHOPES, REFRIGERANTES E OUTRAS BEBIDAS;IV;21,5080000000005;0302100;;Maniacs Ipa;S;PT 10/92;Art. 681, I do RICMS/02 e Port. 263/2023;;;;;;;;;;;;;7,33;19;2;19% + 2% (FECOEP);01/07/2023;0019
CERVEJAS, CHOPES, REFRIGERANTES E OUTRAS BEBIDAS;IV;21,5090000000005;0302100;;Maniacs Mad maniacs;S;PT 10/92;Art. 681, I do RICMS/02 e Port. 263/2023;;;;;;;;;;;;;7,46;19;2;19% + 2% (FECOEP);01/07/2023;0019
CERVEJAS, CHOPES, REFRIGERANTES E OUTRAS BEBIDAS;IV;21,5100000000005;0302100;;Michelob;S;PT 10/92;Art. 681, I do RICMS/02 e Port. 263/2023;;;;;;;;;;;;;4,22;19;2;19% + 2% (FECOEP);01/07/2023;0019
CERVEJAS, CHOPES, REFRIGERANTES E OUTRAS BEBIDAS;IV;21,5110000000005;0302100;;No Grau;S;PT 10/92;Art. 681, I do RICMS/02 e Port. 263/2023;;;;;;;;;;;;;2,08;19;2;19% + 2% (FECOEP);01/07/2023;0019
CERVEJAS, CHOPES, REFRIGERANTES E OUTRAS BEBIDAS;IV;21,5120000000005;0302100;;Nova Extrela Puro Malte;S;PT 10/92;Art. 681, I do RICMS/02 e Port. 263/2023;;;;;;;;;;;;;2,68;19;2;19% + 2% (FECOEP);01/07/2023;0019
CERVEJAS, CHOPES, REFRIGERANTES E OUTRAS BEBIDAS;IV;21,5130000000005;0302100;;Original;S;PT 10/92;Art. 681, I do RICMS/02 e Port. 263/2023;;;;;;;;;;;;;3,87;19;2;19% + 2% (FECOEP);01/07/2023;0019
CERVEJAS, CHOPES, REFRIGERANTES E OUTRAS BEBIDAS;IV;21,5140000000005;0302100;;Patagonia;S;PT 10/92;Art. 681, I do RICMS/02 e Port. 263/2023;;;;;;;;;;;;;5,06;19;2;19% + 2% (FECOEP);01/07/2023;0019
CERVEJAS, CHOPES, REFRIGERANTES E OUTRAS BEBIDAS;IV;21,5150000000005;0302100;;Petra Premium Escura;S;PT 10/92;Art. 681, I do RICMS/02 e Port. 263/2023;;;;;;;;;;;;;2,98;19;2;19% + 2% (FECOEP);01/07/2023;0019
CERVEJAS, CHOPES, REFRIGERANTES E OUTRAS BEBIDAS;IV;21,5160000000005;0302100;;Petra Puro Malte;S;PT 10/92;Art. 681, I do RICMS/02 e Port. 263/2023;;;;;;;;;;;;;2,95;19;2;19% + 2% (FECOEP);01/07/2023;0019
CERVEJAS, CHOPES, REFRIGERANTES E OUTRAS BEBIDAS;IV;21,5170000000006;0302100;;Proibida;S;PT 10/92;Art. 681, I do RICMS/02 e Port. 263/2023;;;;;;;;;;;;;2,45;19;2;19% + 2% (FECOEP);01/07/2023;0019
CERVEJAS, CHOPES, REFRIGERANTES E OUTRAS BEBIDAS;IV;21,5180000000006;0302100;;Proibida PM Lager;S;PT 10/92;Art. 681, I do RICMS/02 e Port. 263/2023;;;;;;;;;;;;;2,6;19;2;19% + 2% (FECOEP);01/07/2023;0019
CERVEJAS, CHOPES, REFRIGERANTES E OUTRAS BEBIDAS;IV;21,5190000000006;0302100;;Proibida Puro Malte;S;PT 10/92;Art. 681, I do RICMS/02 e Port. 263/2023;;;;;;;;;;;;;3,79;19;2;19% + 2% (FECOEP);01/07/2023;0019
CERVEJAS, CHOPES, REFRIGERANTES E OUTRAS BEBIDAS;IV;21,5200000000006;0302100;;Proibida Puro Malte Forte;S;PT 10/92;Art. 681, I do RICMS/02 e Port. 263/2023;;;;;;;;;;;;;4,2;19;2;19% + 2% (FECOEP);01/07/2023;0019
CERVEJAS, CHOPES, REFRIGERANTES E OUTRAS BEBIDAS;IV;21,5210000000006;0302100;;Proibida Puro Malte Leve;S;PT 10/92;Art. 681, I do RICMS/02 e Port. 263/2023;;;;;;;;;;;;;3,04;19;2;19% + 2% (FECOEP);01/07/2023;0019
CERVEJAS, CHOPES, REFRIGERANTES E OUTRAS BEBIDAS;IV;21,5220000000006;0302100;;Quilmes;S;PT 10/92;Art. 681, I do RICMS/02 e Port. 263/2023;;;;;;;;;;;;;2,99;19;2;19% + 2% (FECOEP);01/07/2023;0019
CERVEJAS, CHOPES, REFRIGERANTES E OUTRAS BEBIDAS;IV;21,5230000000006;0302100;;Samba;S;PT 10/92;Art. 681, I do RICMS/02 e Port. 263/2023;;;;;;;;;;;;;2,15;19;2;19% + 2% (FECOEP);01/07/2023;0019
CERVEJAS, CHOPES, REFRIGERANTES E OUTRAS BEBIDAS;IV;21,5240000000006;0302100;;Serramalte;S;PT 10/92;Art. 681, I do RICMS/02 e Port. 263/2023;;;;;;;;;;;;;4,96;19;2;19% + 2% (FECOEP);01/07/2023;0019
CERVEJAS, CHOPES, REFRIGERANTES E OUTRAS BEBIDAS;IV;21,5250000000006;0302100;;Schin;S;PT 10/92;Art. 681, I do RICMS/02 e Port. 263/2023;;;;;;;;;;;;;2,57;19;2;19% + 2% (FECOEP);01/07/2023;0019
CERVEJAS, CHOPES, REFRIGERANTES E OUTRAS BEBIDAS;IV;21,5260000000006;0302100;;Schin sem álcool / zero álcool;S;PT 10/92;Art. 681, I do RICMS/02 e Port. 263/2023;;;;;;;;;;;;;3,02;19;2;19% + 2% (FECOEP);01/07/2023;0019
CERVEJAS, CHOPES, REFRIGERANTES E OUTRAS BEBIDAS;IV;21,5270000000006;0302100;;Skol Pilsen;S;PT 10/92;Art. 681, I do RICMS/02 e Port. 263/2023;;;;;;;;;;;;;3,05;19;2;19% + 2% (FECOEP);01/07/2023;0019
CERVEJAS, CHOPES, REFRIGERANTES E OUTRAS BEBIDAS;IV;21,5280000000006;0302100;;Skol Puro Malte;S;PT 10/92;Art. 681, I do RICMS/02 e Port. 263/2023;;;;;;;;;;;;;3,1;19;2;19% + 2% (FECOEP);01/07/2023;0019
CERVEJAS, CHOPES, REFRIGERANTES E OUTRAS BEBIDAS;IV;21,5290000000006;0302100;;Skol Puro Malte Pack (valor por unidade);S;PT 10/92;Art. 681, I do RICMS/02 e Port. 263/2023;;;;;;;;;;;;;2,44;19;2;19% + 2% (FECOEP);01/07/2023;0019
CERVEJAS, CHOPES, REFRIGERANTES E OUTRAS BEBIDAS;IV;21,5300000000006;0302100;;Sol Premium 310 ml;S;PT 10/92;Art. 681, I do RICMS/02 e Port. 263/2023;;;;;;;;;;;;;2,96;19;2;19% + 2% (FECOEP);01/07/2023;0019
CERVEJAS, CHOPES, REFRIGERANTES E OUTRAS BEBIDAS;IV;21,5310000000006;0302100;;Spaten;S;PT 10/92;Art. 681, I do RICMS/02 e Port. 263/2023;;;;;;;;;;;;;3,93;19;2;19% + 2% (FECOEP);01/07/2023;0019
CERVEJAS, CHOPES, REFRIGERANTES E OUTRAS BEBIDAS;IV;21,5320000000006;0302100;;Spoller;S;PT 10/92;Art. 681, I do RICMS/02 e Port. 263/2023;;;;;;;;;;;;;2,03;19;2;19% + 2% (FECOEP);01/07/2023;0019
CERVEJAS, CHOPES, REFRIGERANTES E OUTRAS BEBIDAS;IV;21,5330000000006;0302100;;Spoller Malzebier;S;PT 10/92;Art. 681, I do RICMS/02 e Port. 263/2023;;;;;;;;;;;;;2,94;19;2;19% + 2% (FECOEP);01/07/2023;0019
CERVEJAS, CHOPES, REFRIGERANTES E OUTRAS BEBIDAS;IV;21,5340000000006;0302100;;Spoller Sem álcool;S;PT 10/92;Art. 681, I do RICMS/02 e Port. 263/2023;;;;;;;;;;;;;3,15;19;2;19% + 2% (FECOEP);01/07/2023;0019
CERVEJAS, CHOPES, REFRIGERANTES E OUTRAS BEBIDAS;IV;21,5350000000006;0302100;;Stella Artois 310ml - multipack (valor por unidade);S;PT 10/92;Art. 681, I do RICMS/02 e Port. 263/2023;;;;;;;;;;;;;4,06;19;2;19% + 2% (FECOEP);01/07/2023;0019
CERVEJAS, CHOPES, REFRIGERANTES E OUTRAS BEBIDAS;IV;21,5360000000006;0302100;;Stella Artois 350ml;S;PT 10/92;Art. 681, I do RICMS/02 e Port. 263/2023;;;;;;;;;;;;;4,75;19;2;19% + 2% (FECOEP);01/07/2023;0019
CERVEJAS, CHOPES, REFRIGERANTES E OUTRAS BEBIDAS;IV;21,5370000000006;0302100;;Tiger;S;PT 10/92;Art. 681, I do RICMS/02 e Port. 263/2023;;;;;;;;;;;;;2,6;19;2;19% + 2% (FECOEP);01/07/2023;0019
CERVEJAS, CHOPES, REFRIGERANTES E OUTRAS BEBIDAS;IV;21,5380000000006;0302100;;Voiller Pilsen;S;PT 10/92;Art. 681, I do RICMS/02 e Port. 263/2023;;;;;;;;;;;;;3,53;19;2;19% + 2% (FECOEP);01/07/2023;0019
CERVEJAS, CHOPES, REFRIGERANTES E OUTRAS BEBIDAS;IV;21,5390000000006;0302100;;Xingu;S;PT 10/92;Art. 681, I do RICMS/02 e Port. 263/2023;;;;;;;;;;;;;2,08;19;2;19% + 2% (FECOEP);01/07/2023;0019
CERVEJAS, CHOPES, REFRIGERANTES E OUTRAS BEBIDAS;IV;21,5400000000006;0302100;;Outras (escuras);S;PT 10/92;Art. 681, I do RICMS/02 e Port. 263/2023;;;;;;;;;;;;;7;19;2;19% + 2% (FECOEP);01/07/2023;0019
CERVEJAS, CHOPES, REFRIGERANTES E OUTRAS BEBIDAS;IV;21,5410000000006;0302100;;Outras (importadas);S;PT 10/92;Art. 681, I do RICMS/02 e Port. 263/2023;;;;;;;;;;;;;15;19;2;19% + 2% (FECOEP);01/07/2023;0019
CERVEJAS, CHOPES, REFRIGERANTES E OUTRAS BEBIDAS;IV;21,5420000000006;0302100;;Outras (nacionais);S;PT 10/92;Art. 681, I do RICMS/02 e Port. 263/2023;;;;;;;;;;;;;6;19;2;19% + 2% (FECOEP);01/07/2023;0019
CERVEJAS, CHOPES, REFRIGERANTES E OUTRAS BEBIDAS;IV;21,5430000000006;0302100;;Outras (sem álcool);S;PT 10/92;Art. 681, I do RICMS/02 e Port. 263/2023;;;;;;;;;;;;;9;19;2;19% + 2% (FECOEP);01/07/2023;0019
CERVEJAS, CHOPES, REFRIGERANTES E OUTRAS BEBIDAS;IV;21,5440000000006;0302100;;A Certa Pilsen;S;PT 10/92;Art. 681, I do RICMS/02 e Port. 263/2023;;;;;;;;;;;;;2,38;19;2;19% + 2% (FECOEP);01/07/2023;0019
CERVEJAS, CHOPES, REFRIGERANTES E OUTRAS BEBIDAS;IV;21,5450000000006;0302100;;Almada;S;PT 10/92;Art. 681, I do RICMS/02 e Port. 263/2023;;;;;;;;;;;;;3,39;19;2;19% + 2% (FECOEP);01/07/2023;0019
CERVEJAS, CHOPES, REFRIGERANTES E OUTRAS BEBIDAS;IV;21,5460000000006;0302100;;Amstel;S;PT 10/92;Art. 681, I do RICMS/02 e Port. 263/2023;;;;;;;;;;;;;3,38;19;2;19% + 2% (FECOEP);01/07/2023;0019
CERVEJAS, CHOPES, REFRIGERANTES E OUTRAS BEBIDAS;IV;21,5470000000006;0302100;;Antarctica Pilsen;S;PT 10/92;Art. 681, I do RICMS/02 e Port. 263/2023;;;;;;;;;;;;;3,4;19;2;19% + 2% (FECOEP);01/07/2023;0019
CERVEJAS, CHOPES, REFRIGERANTES E OUTRAS BEBIDAS;IV;21,5480000000006;0302100;;Antarctica Sub Zero;S;PT 10/92;Art. 681, I do RICMS/02 e Port. 263/2023;;;;;;;;;;;;;2,62;19;2;19% + 2% (FECOEP);01/07/2023;0019
CERVEJAS, CHOPES, REFRIGERANTES E OUTRAS BEBIDAS;IV;21,5490000000006;0302100;;Bavária Pilsen;S;PT 10/92;Art. 681, I do RICMS/02 e Port. 263/2023;;;;;;;;;;;;;2,84;19;2;19% + 2% (FECOEP);01/07/2023;0019
CERVEJAS, CHOPES, REFRIGERANTES E OUTRAS BEBIDAS;IV;21,5500000000006;0302100;;Brahma Chopp;S;PT 10/92;Art. 681, I do RICMS/02 e Port. 263/2023;;;;;;;;;;;;;4,36;19;2;19% + 2% (FECOEP);01/07/2023;0019
CERVEJAS, CHOPES, REFRIGERANTES E OUTRAS BEBIDAS;IV;21,5510000000006;0302100;;Brahma Chopp 410 ml - Multpack (valor por unidade);S;PT 10/92;Art. 681, I do RICMS/02 e Port. 263/2023;;;;;;;;;;;;;2,8;19;2;19% + 2% (FECOEP);01/07/2023;0019
CERVEJAS, CHOPES, REFRIGERANTES E OUTRAS BEBIDAS;IV;21,5520000000006;0302100;;Brahma Duplo Malte;S;PT 10/92;Art. 681, I do RICMS/02 e Port. 263/2023;;;;;;;;;;;;;4,3;19;2;19% + 2% (FECOEP);01/07/2023;0019
CERVEJAS, CHOPES, REFRIGERANTES E OUTRAS BEBIDAS;IV;21,5530000000006;0302100;;Brahma Duplo Malte 410 ml - Multpack (valor por unidade);S;PT 10/92;Art. 681, I do RICMS/02 e Port. 263/2023;;;;;;;;;;;;;3,48;19;2;19% + 2% (FECOEP);01/07/2023;0019
CERVEJAS, CHOPES, REFRIGERANTES E OUTRAS BEBIDAS;IV;21,5540000000006;0302100;;Brussels Puro Malte;S;PT 10/92;Art. 681, I do RICMS/02 e Port. 263/2023;;;;;;;;;;;;;2,39;19;2;19% + 2% (FECOEP);01/07/2023;0019
CERVEJAS, CHOPES, REFRIGERANTES E OUTRAS BEBIDAS;IV;21,5550000000006;0302100;;Bohemia Pilsen 410 ml - Multpack (valor por unidade);S;PT 10/92;Art. 681, I do RICMS/02 e Port. 263/2023;;;;;;;;;;;;;3,25;19;2;19% + 2% (FECOEP);01/07/2023;0019
CERVEJAS, CHOPES, REFRIGERANTES E OUTRAS BEBIDAS;IV;21,5560000000006;0302100;;Bohemia;S;PT 10/92;Art. 681, I do RICMS/02 e Port. 263/2023;;;;;;;;;;;;;3,73;19;2;19% + 2% (FECOEP);01/07/2023;0019
CERVEJAS, CHOPES, REFRIGERANTES E OUTRAS BEBIDAS;IV;21,5570000000006;0302100;;Budweiser 410 ml;S;PT 10/92;Art. 681, I do RICMS/02 e Port. 263/2023;;;;;;;;;;;;;4,75;19;2;19% + 2% (FECOEP);01/07/2023;0019
CERVEJAS, CHOPES, REFRIGERANTES E OUTRAS BEBIDAS;IV;21,5580000000006;0302100;;Budweiser 410 ml - Multpack (valor por unidade);S;PT 10/92;Art. 681, I do RICMS/02 e Port. 263/2023;;;;;;;;;;;;;3,89;19;2;19% + 2% (FECOEP);01/07/2023;0019
CERVEJAS, CHOPES, REFRIGERANTES E OUTRAS BEBIDAS;IV;21,5590000000006;0302100;;Budweiser;S;PT 10/92;Art. 681, I do RICMS/02 e Port. 263/2023;;;;;;;;;;;;;4,19;19;2;19% + 2% (FECOEP);01/07/2023;0019
CERVEJAS, CHOPES, REFRIGERANTES E OUTRAS BEBIDAS;IV;21,5600000000006;0302100;;Burguesa;S;PT 10/92;Art. 681, I do RICMS/02 e Port. 263/2023;;;;;;;;;;;;;3,26;19;2;19% + 2% (FECOEP);01/07/2023;0019
CERVEJAS, CHOPES, REFRIGERANTES E OUTRAS BEBIDAS;IV;21,5610000000006;0302100;;Capunga;S;PT 10/92;Art. 681, I do RICMS/02 e Port. 263/2023;;;;;;;;;;;;;3,79;19;2;19% + 2% (FECOEP);01/07/2023;0019
CERVEJAS, CHOPES, REFRIGERANTES E OUTRAS BEBIDAS;IV;21,5620000000006;0302100;;Cerveja Puro Malte;S;PT 10/92;Art. 681, I do RICMS/02 e Port. 263/2023;;;;;;;;;;;;;3,03;19;2;19% + 2% (FECOEP);01/07/2023;0019
CERVEJAS, CHOPES, REFRIGERANTES E OUTRAS BEBIDAS;IV;21,5630000000006;0302100;;Cidade Imperio Dunkel;S;PT 10/92;Art. 681, I do RICMS/02 e Port. 263/2023;;;;;;;;;;;;;4,59;19;2;19% + 2% (FECOEP);01/07/2023;0019
CERVEJAS, CHOPES, REFRIGERANTES E OUTRAS BEBIDAS;IV;21,5640000000006;0302100;;Cidade Imperio Hessel;S;PT 10/92;Art. 681, I do RICMS/02 e Port. 263/2023;;;;;;;;;;;;;4,59;19;2;19% + 2% (FECOEP);01/07/2023;0019
CERVEJAS, CHOPES, REFRIGERANTES E OUTRAS BEBIDAS;IV;21,5650000000006;0302100;;Cidade Imperio Pilsen;S;PT 10/92;Art. 681, I do RICMS/02 e Port. 263/2023;;;;;;;;;;;;;4,59;19;2;19% + 2% (FECOEP);01/07/2023;0019
CERVEJAS, CHOPES, REFRIGERANTES E OUTRAS BEBIDAS;IV;21,5660000000006;0302100;;Colina Pilsen;S;PT 10/92;Art. 681, I do RICMS/02 e Port. 263/2023;;;;;;;;;;;;;2,38;19;2;19% + 2% (FECOEP);01/07/2023;0019
CERVEJAS, CHOPES, REFRIGERANTES E OUTRAS BEBIDAS;IV;21,5670000000006;0302100;;Colorado 410 ml;S;PT 10/92;Art. 681, I do RICMS/02 e Port. 263/2023;;;;;;;;;;;;;6,14;19;2;19% + 2% (FECOEP);01/07/2023;0019
CERVEJAS, CHOPES, REFRIGERANTES E OUTRAS BEBIDAS;IV;21,5680000000006;0302100;;Conti;S;PT 10/92;Art. 681, I do RICMS/02 e Port. 263/2023;;;;;;;;;;;;;3,01;19;2;19% + 2% (FECOEP);01/07/2023;0019
CERVEJAS, CHOPES, REFRIGERANTES E OUTRAS BEBIDAS;IV;21,5690000000006;0302100;;Conti Zero Grau;S;PT 10/92;Art. 681, I do RICMS/02 e Port. 263/2023;;;;;;;;;;;;;2,95;19;2;19% + 2% (FECOEP);01/07/2023;0019
CERVEJAS, CHOPES, REFRIGERANTES E OUTRAS BEBIDAS;IV;21,5700000000006;0302100;;Conti Malzbier;S;PT 10/92;Art. 681, I do RICMS/02 e Port. 263/2023;;;;;;;;;;;;;3,08;19;2;19% + 2% (FECOEP);01/07/2023;0019
CERVEJAS, CHOPES, REFRIGERANTES E OUTRAS BEBIDAS;IV;21,5710000000006;0302100;;Crystal Pilsen;S;PT 10/92;Art. 681, I do RICMS/02 e Port. 263/2023;;;;;;;;;;;;;2,78;19;2;19% + 2% (FECOEP);01/07/2023;0019
CERVEJAS, CHOPES, REFRIGERANTES E OUTRAS BEBIDAS;IV;21,5720000000006;0302100;;Devassa;S;PT 10/92;Art. 681, I do RICMS/02 e Port. 263/2023;;;;;;;;;;;;;3,01;19;2;19% + 2% (FECOEP);01/07/2023;0019
CERVEJAS, CHOPES, REFRIGERANTES E OUTRAS BEBIDAS;IV;21,5730000000006;0302100;;Ekaut;S;PT 10/92;Art. 681, I do RICMS/02 e Port. 263/2023;;;;;;;;;;;;;3,69;19;2;19% + 2% (FECOEP);01/07/2023;0019
CERVEJAS, CHOPES, REFRIGERANTES E OUTRAS BEBIDAS;IV;21,5740000000006;0302100;;Estrella Galicia;S;PT 10/92;Art. 681, I do RICMS/02 e Port. 263/2023;;;;;;;;;;;;;4,45;19;2;19% + 2% (FECOEP);01/07/2023;0019
CERVEJAS, CHOPES, REFRIGERANTES E OUTRAS BEBIDAS;IV;21,5750000000006;0302100;;Estrela Sirius Pilsen;S;PT 10/92;Art. 681, I do RICMS/02 e Port. 263/2023;;;;;;;;;;;;;2,39;19;2;19% + 2% (FECOEP);01/07/2023;0019
CERVEJAS, CHOPES, REFRIGERANTES E OUTRAS BEBIDAS;IV;21,5760000000006;0302100;;Estrela Sirius Puro malte;S;PT 10/92;Art. 681, I do RICMS/02 e Port. 263/2023;;;;;;;;;;;;;2,39;19;2;19% + 2% (FECOEP);01/07/2023;0019
CERVEJAS, CHOPES, REFRIGERANTES E OUTRAS BEBIDAS;IV;21,5770000000006;0302100;;Glacial;S;PT 10/92;Art. 681, I do RICMS/02 e Port. 263/2023;;;;;;;;;;;;;2,38;19;2;19% + 2% (FECOEP);01/07/2023;0019
CERVEJAS, CHOPES, REFRIGERANTES E OUTRAS BEBIDAS;IV;21,5780000000006;0302100;;Império Pilsen;S;PT 10/92;Art. 681, I do RICMS/02 e Port. 263/2023;;;;;;;;;;;;;3,61;19;2;19% + 2% (FECOEP);01/07/2023;0019
CERVEJAS, CHOPES, REFRIGERANTES E OUTRAS BEBIDAS;IV;21,5790000000006;0302100;;Império Lager;S;PT 10/92;Art. 681, I do RICMS/02 e Port. 263/2023;;;;;;;;;;;;;3,68;19;2;19% + 2% (FECOEP);01/07/2023;0019
CERVEJAS, CHOPES, REFRIGERANTES E OUTRAS BEBIDAS;IV;21,5800000000006;0302100;;Itaipava Pilsen;S;PT 10/92;Art. 681, I do RICMS/02 e Port. 263/2023;;;;;;;;;;;;;3,44;19;2;19% + 2% (FECOEP);01/07/2023;0019
CERVEJAS, CHOPES, REFRIGERANTES E OUTRAS BEBIDAS;IV;21,5810000000006;0302100;;Itaipava 100% malte;S;PT 10/92;Art. 681, I do RICMS/02 e Port. 263/2023;;;;;;;;;;;;;3,01;19;2;19% + 2% (FECOEP);01/07/2023;0019
CERVEJAS, CHOPES, REFRIGERANTES E OUTRAS BEBIDAS;IV;21,5820000000006;0302100;;Kaiser;S;PT 10/92;Art. 681, I do RICMS/02 e Port. 263/2023;;;;;;;;;;;;;2,74;19;2;19% + 2% (FECOEP);01/07/2023;0019
CERVEJAS, CHOPES, REFRIGERANTES E OUTRAS BEBIDAS;IV;21,5830000000006;0302100;;Lokal Pilsen;S;PT 10/92;Art. 681, I do RICMS/02 e Port. 263/2023;;;;;;;;;;;;;2,39;19;2;19% + 2% (FECOEP);01/07/2023;0019
CERVEJAS, CHOPES, REFRIGERANTES E OUTRAS BEBIDAS;IV;21,5840000000006;0302100;;Nova Extrela Puro Malte;S;PT 10/92;Art. 681, I do RICMS/02 e Port. 263/2023;;;;;;;;;;;;;3,01;19;2;19% + 2% (FECOEP);01/07/2023;0019
CERVEJAS, CHOPES, REFRIGERANTES E OUTRAS BEBIDAS;IV;21,5850000000006;0302100;;Macedônia Kolsch;S;PT 10/92;Art. 681, I do RICMS/02 e Port. 263/2023;;;;;;;;;;;;;3,65;19;2;19% + 2% (FECOEP);01/07/2023;0019
CERVEJAS, CHOPES, REFRIGERANTES E OUTRAS BEBIDAS;IV;21,5860000000006;0302100;;Maniacs Aloha;S;PT 10/92;Art. 681, I do RICMS/02 e Port. 263/2023;;;;;;;;;;;;;8,99;19;2;19% + 2% (FECOEP);01/07/2023;0019
CERVEJAS, CHOPES, REFRIGERANTES E OUTRAS BEBIDAS;IV;21,5870000000006;0302100;;Maniacs Caft Lager;S;PT 10/92;Art. 681, I do RICMS/02 e Port. 263/2023;;;;;;;;;;;;;6,84;19;2;19% + 2% (FECOEP);01/07/2023;0019
CERVEJAS, CHOPES, REFRIGERANTES E OUTRAS BEBIDAS;IV;21,5880000000006;0302100;;Maniacs Ipa;S;PT 10/92;Art. 681, I do RICMS/02 e Port. 263/2023;;;;;;;;;;;;;8,99;19;2;19% + 2% (FECOEP);01/07/2023;0019
CERVEJAS, CHOPES, REFRIGERANTES E OUTRAS BEBIDAS;IV;21,5890000000006;0302100;;Maniacs Oktoberfest;S;PT 10/92;Art. 681, I do RICMS/02 e Port. 263/2023;;;;;;;;;;;;;10,49;19;2;19% + 2% (FECOEP);01/07/2023;0019
CERVEJAS, CHOPES, REFRIGERANTES E OUTRAS BEBIDAS;IV;21,5900000000006;0302100;;Maniacs Hop Arabica;S;PT 10/92;Art. 681, I do RICMS/02 e Port. 263/2023;;;;;;;;;;;;;2,1;19;2;19% + 2% (FECOEP);01/07/2023;0019
CERVEJAS, CHOPES, REFRIGERANTES E OUTRAS BEBIDAS;IV;21,5910000000006;0302100;;Patagonia;S;PT 10/92;Art. 681, I do RICMS/02 e Port. 263/2023;;;;;;;;;;;;;7,4;19;2;19% + 2% (FECOEP);01/07/2023;0019
CERVEJAS, CHOPES, REFRIGERANTES E OUTRAS BEBIDAS;IV;21,5920000000006;0302100;;Petra puro malte;S;PT 10/92;Art. 681, I do RICMS/02 e Port. 263/2023;;;;;;;;;;;;;3,57;19;2;19% + 2% (FECOEP);01/07/2023;0019
CERVEJAS, CHOPES, REFRIGERANTES E OUTRAS BEBIDAS;IV;21,5930000000006;0302100;;Proibida;S;PT 10/92;Art. 681, I do RICMS/02 e Port. 263/2023;;;;;;;;;;;;;2,38;19;2;19% + 2% (FECOEP);01/07/2023;0019
CERVEJAS, CHOPES, REFRIGERANTES E OUTRAS BEBIDAS;IV;21,5940000000006;0302100;;Proibida Puro Malte Leve;S;PT 10/92;Art. 681, I do RICMS/02 e Port. 263/2023;;;;;;;;;;;;;3,75;19;2;19% + 2% (FECOEP);01/07/2023;0019
CERVEJAS, CHOPES, REFRIGERANTES E OUTRAS BEBIDAS;IV;21,5950000000006;0302100;;Original;S;PT 10/92;Art. 681, I do RICMS/02 e Port. 263/2023;;;;;;;;;;;;;4,29;19;2;19% + 2% (FECOEP);01/07/2023;0019
CERVEJAS, CHOPES, REFRIGERANTES E OUTRAS BEBIDAS;IV;21,5960000000006;0302100;;Samba;S;PT 10/92;Art. 681, I do RICMS/02 e Port. 263/2023;;;;;;;;;;;;;2,89;19;2;19% + 2% (FECOEP);01/07/2023;0019
CERVEJAS, CHOPES, REFRIGERANTES E OUTRAS BEBIDAS;IV;21,5970000000006;0302100;;Schin;S;PT 10/92;Art. 681, I do RICMS/02 e Port. 263/2023;;;;;;;;;;;;;3,3;19;2;19% + 2% (FECOEP);01/07/2023;0019
CERVEJAS, CHOPES, REFRIGERANTES E OUTRAS BEBIDAS;IV;21,5980000000006;0302100;;Skol Puro Malte;S;PT 10/92;Art. 681, I do RICMS/02 e Port. 263/2023;;;;;;;;;;;;;3,86;19;2;19% + 2% (FECOEP);01/07/2023;0019
CERVEJAS, CHOPES, REFRIGERANTES E OUTRAS BEBIDAS;IV;21,5990000000007;0302100;;Skol Pilsen;S;PT 10/92;Art. 681, I do RICMS/02 e Port. 263/2023;;;;;;;;;;;;;4,12;19;2;19% + 2% (FECOEP);01/07/2023;0019
CERVEJAS, CHOPES, REFRIGERANTES E OUTRAS BEBIDAS;IV;21,6000000000007;0302100;;Skol Pilsen 410 ml - Multpack (valor por unidade);S;PT 10/92;Art. 681, I do RICMS/02 e Port. 263/2023;;;;;;;;;;;;;2,9;19;2;19% + 2% (FECOEP);01/07/2023;0019
CERVEJAS, CHOPES, REFRIGERANTES E OUTRAS BEBIDAS;IV;21,6010000000007;0302100;;Spoller;S;PT 10/92;Art. 681, I do RICMS/02 e Port. 263/2023;;;;;;;;;;;;;2,38;19;2;19% + 2% (FECOEP);01/07/2023;0019
CERVEJAS, CHOPES, REFRIGERANTES E OUTRAS BEBIDAS;IV;21,6020000000007;0302100;;Spoller Malzebier;S;PT 10/92;Art. 681, I do RICMS/02 e Port. 263/2023;;;;;;;;;;;;;3,81;19;2;19% + 2% (FECOEP);01/07/2023;0019
CERVEJAS, CHOPES, REFRIGERANTES E OUTRAS BEBIDAS;IV;21,6030000000007;0302100;;Spaten;S;PT 10/92;Art. 681, I do RICMS/02 e Port. 263/2023;;;;;;;;;;;;;4,5;19;2;19% + 2% (FECOEP);01/07/2023;0019
CERVEJAS, CHOPES, REFRIGERANTES E OUTRAS BEBIDAS;IV;21,6040000000007;0302100;;Stella Artois 410 ml;S;PT 10/92;Art. 681, I do RICMS/02 e Port. 263/2023;;;;;;;;;;;;;5;19;2;19% + 2% (FECOEP);01/07/2023;0019
CERVEJAS, CHOPES, REFRIGERANTES E OUTRAS BEBIDAS;IV;21,6050000000007;0302100;;Stella Artois 410 ml - Multpack (valor por unidade);S;PT 10/92;Art. 681, I do RICMS/02 e Port. 263/2023;;;;;;;;;;;;;4,23;19;2;19% + 2% (FECOEP);01/07/2023;0019
CERVEJAS, CHOPES, REFRIGERANTES E OUTRAS BEBIDAS;IV;21,6060000000007;0302100;;Sul Americana;S;PT 10/92;Art. 681, I do RICMS/02 e Port. 263/2023;;;;;;;;;;;;;4,62;19;2;19% + 2% (FECOEP);01/07/2023;0019
CERVEJAS, CHOPES, REFRIGERANTES E OUTRAS BEBIDAS;IV;21,6070000000007;0302100;;Wals;S;PT 10/92;Art. 681, I do RICMS/02 e Port. 263/2023;;;;;;;;;;;;;5,79;19;2;19% + 2% (FECOEP);01/07/2023;0019
CERVEJAS, CHOPES, REFRIGERANTES E OUTRAS BEBIDAS;IV;21,6080000000007;0302100;;Outras (nacionais);S;PT 10/92;Art. 681, I do RICMS/02 e Port. 263/2023;;;;;;;;;;;;;7;19;2;19% + 2% (FECOEP);01/07/2023;0019
CERVEJAS, CHOPES, REFRIGERANTES E OUTRAS BEBIDAS;IV;21,6090000000007;0302100;;Outras (importadas);S;PT 10/92;Art. 681, I do RICMS/02 e Port. 263/2023;;;;;;;;;;;;;13;19;2;19% + 2% (FECOEP);01/07/2023;0019
CERVEJAS, CHOPES, REFRIGERANTES E OUTRAS BEBIDAS;IV;21,6100000000007;0302100;;8.6 Especial Blond Beer;S;PT 10/92;Art. 681, I do RICMS/02 e Port. 263/2023;;;;;;;;;;;;;24,31;19;2;19% + 2% (FECOEP);01/07/2023;0019
CERVEJAS, CHOPES, REFRIGERANTES E OUTRAS BEBIDAS;IV;21,6110000000007;0302100;;8.6 Especial Red Beer;S;PT 10/92;Art. 681, I do RICMS/02 e Port. 263/2023;;;;;;;;;;;;;24,31;19;2;19% + 2% (FECOEP);01/07/2023;0019
CERVEJAS, CHOPES, REFRIGERANTES E OUTRAS BEBIDAS;IV;21,6120000000007;0302100;;Brahma Chopp;S;PT 10/92;Art. 681, I do RICMS/02 e Port. 263/2023;;;;;;;;;;;;;3,64;19;2;19% + 2% (FECOEP);01/07/2023;0019
CERVEJAS, CHOPES, REFRIGERANTES E OUTRAS BEBIDAS;IV;21,6130000000007;0302100;;Itaipava;S;PT 10/92;Art. 681, I do RICMS/02 e Port. 263/2023;;;;;;;;;;;;;3,72;19;2;19% + 2% (FECOEP);01/07/2023;0019
CERVEJAS, CHOPES, REFRIGERANTES E OUTRAS BEBIDAS;IV;21,6140000000007;0302100;;Skol Pilsen;S;PT 10/92;Art. 681, I do RICMS/02 e Port. 263/2023;;;;;;;;;;;;;4,11;19;2;19% + 2% (FECOEP);01/07/2023;0019
CERVEJAS, CHOPES, REFRIGERANTES E OUTRAS BEBIDAS;IV;21,6150000000007;0302100;;Outras Importadas;S;PT 10/92;Art. 681, I do RICMS/02 e Port. 263/2023;;;;;;;;;;;;;23,1;19;2;19% + 2% (FECOEP);01/07/2023;0019
CERVEJAS, CHOPES, REFRIGERANTES E OUTRAS BEBIDAS;IV;21,6160000000007;0302100;;Outras;S;PT 10/92;Art. 681, I do RICMS/02 e Port. 263/2023;;;;;;;;;;;;;7,35;19;2;19% + 2% (FECOEP);01/07/2023;0019
CERVEJAS, CHOPES, REFRIGERANTES E OUTRAS BEBIDAS;IV;21,6170000000007;0302100;;Heineken Keg 5 Litros;S;PT 10/92;Art. 681, I do RICMS/02 e Port. 263/2023;;;;;;;;;;;;;100;19;2;19% + 2% (FECOEP);01/07/2023;0019
CERVEJAS, CHOPES, REFRIGERANTES E OUTRAS BEBIDAS;IV;21,6180000000007;0302100;;Outras;S;PT 10/92;Art. 681, I do RICMS/02 e Port. 263/2023;;;;;;;;;;;;;105;19;2;19% + 2% (FECOEP);01/07/2023;0019
CERVEJAS, CHOPES, REFRIGERANTES E OUTRAS BEBIDAS;IV;21,6190000000007;0302100;;1906 Res Especial Kit C/ 6 Garrafas 330 ml Descartáveis;S;PT 10/92;Art. 681, I do RICMS/02 e Port. 263/2023;;;;;;;;;;;;;66,71;19;2;19% + 2% (FECOEP);01/07/2023;0019
CERVEJAS, CHOPES, REFRIGERANTES E OUTRAS BEBIDAS;IV;21,6200000000007;0302100;;Extrela Gallicia Kit C/ 6 Garrafas 330 ml Descartáveis;S;PT 10/92;Art. 681, I do RICMS/02 e Port. 263/2023;;;;;;;;;;;;;54,58;19;2;19% + 2% (FECOEP);01/07/2023;0019
CERVEJAS, CHOPES, REFRIGERANTES E OUTRAS BEBIDAS;IV;21,6210000000007;0302100;;Outros Garrafas de 330 ml Descart.;S;PT 10/92;Art. 681, I do RICMS/02 e Port. 263/2023;;;;;;;;;;;;;73,5;19;2;19% + 2% (FECOEP);01/07/2023;0019
CERVEJAS, CHOPES, REFRIGERANTES E OUTRAS BEBIDAS;IV;23;0302300;;Amstel;S;PT 10/92;Art. 681, I do RICMS/02 e Port. 263/2023;;;;;;;;;;;;;19,37;19;2;19% + 2% (FECOEP);01/07/2023;0019
CERVEJAS, CHOPES, REFRIGERANTES E OUTRAS BEBIDAS;IV;23.1;0302300;;Antarctica, Brahma, Skol;S;PT 10/92;Art. 681, I do RICMS/02 e Port. 263/2023;;;;;;;;;;;;;19,37;19;2;19% + 2% (FECOEP);01/07/2023;0019
CERVEJAS, CHOPES, REFRIGERANTES E OUTRAS BEBIDAS;IV;23.2;0302300;;Cabueta;S;PT 10/92;Art. 681, I do RICMS/02 e Port. 263/2023;;;;;;;;;;;;;12,92;19;2;19% + 2% (FECOEP);01/07/2023;0019
CERVEJAS, CHOPES, REFRIGERANTES E OUTRAS BEBIDAS;IV;23.3;0302300;;Cerpa;S;PT 10/92;Art. 681, I do RICMS/02 e Port. 263/2023;;;;;;;;;;;;;14,53;19;2;19% + 2% (FECOEP);01/07/2023;0019
CERVEJAS, CHOPES, REFRIGERANTES E OUTRAS BEBIDAS;IV;23.4;0302300;;Cerpa Tijuca Puro malte;S;PT 10/92;Art. 681, I do RICMS/02 e Port. 263/2023;;;;;;;;;;;;;13,65;19;2;19% + 2% (FECOEP);01/07/2023;0019
CERVEJAS, CHOPES, REFRIGERANTES E OUTRAS BEBIDAS;IV;23.5;0302300;;Cervejaria sergipana;S;PT 10/92;Art. 681, I do RICMS/02 e Port. 263/2023;;;;;;;;;;;;;21,53;19;2;19% + 2% (FECOEP);01/07/2023;0019
CERVEJAS, CHOPES, REFRIGERANTES E OUTRAS BEBIDAS;IV;23.6;0302300;;Colina;S;PT 10/92;Art. 681, I do RICMS/02 e Port. 263/2023;;;;;;;;;;;;;14,53;19;2;19% + 2% (FECOEP);01/07/2023;0019
CERVEJAS, CHOPES, REFRIGERANTES E OUTRAS BEBIDAS;IV;23.7;0302300;;Colina Puro Malte;S;PT 10/92;Art. 681, I do RICMS/02 e Port. 263/2023;;;;;;;;;;;;;16,14;19;2;19% + 2% (FECOEP);01/07/2023;0019
CERVEJAS, CHOPES, REFRIGERANTES E OUTRAS BEBIDAS;IV;23.8;0302300;;Conti;S;PT 10/92;Art. 681, I do RICMS/02 e Port. 263/2023;;;;;;;;;;;;;16,14;19;2;19% + 2% (FECOEP);01/07/2023;0019
CERVEJAS, CHOPES, REFRIGERANTES E OUTRAS BEBIDAS;IV;23.9;0302300;;Dalla Ipa Pet 1500 ml;S;PT 10/92;Art. 681, I do RICMS/02 e Port. 263/2023;;;;;;;;;;;;;22;19;2;19% + 2% (FECOEP);01/07/2023;0019
CERVEJAS, CHOPES, REFRIGERANTES E OUTRAS BEBIDAS;IV;23.10;0302300;;Dalla Pilsen Pet 1500 ml;S;PT 10/92;Art. 681, I do RICMS/02 e Port. 263/2023;;;;;;;;;;;;;13;19;2;19% + 2% (FECOEP);01/07/2023;0019
CERVEJAS, CHOPES, REFRIGERANTES E OUTRAS BEBIDAS;IV;23.11;0302300;;Dalla Munich Dunpel Pet 1500 ml;S;PT 10/92;Art. 681, I do RICMS/02 e Port. 263/2023;;;;;;;;;;;;;18;19;2;19% + 2% (FECOEP);01/07/2023;0019
CERVEJAS, CHOPES, REFRIGERANTES E OUTRAS BEBIDAS;IV;23.12;0302300;;Dalla Triplo Malte 1500 ml;S;PT 10/92;Art. 681, I do RICMS/02 e Port. 263/2023;;;;;;;;;;;;;18;19;2;19% + 2% (FECOEP);01/07/2023;0019
CERVEJAS, CHOPES, REFRIGERANTES E OUTRAS BEBIDAS;IV;23.13;0302300;;Dalla Wess Pet 1500 ml;S;PT 10/92;Art. 681, I do RICMS/02 e Port. 263/2023;;;;;;;;;;;;;19;19;2;19% + 2% (FECOEP);01/07/2023;0019
CERVEJAS, CHOPES, REFRIGERANTES E OUTRAS BEBIDAS;IV;23.14;0302300;;Dalla Vinho 1500 ml;S;PT 10/92;Art. 681, I do RICMS/02 e Port. 263/2023;;;;;;;;;;;;;18;19;2;19% + 2% (FECOEP);01/07/2023;0019
CERVEJAS, CHOPES, REFRIGERANTES E OUTRAS BEBIDAS;IV;23.15;0302300;;Devassa;S;PT 10/92;Art. 681, I do RICMS/02 e Port. 263/2023;;;;;;;;;;;;;19,37;19;2;19% + 2% (FECOEP);01/07/2023;0019
CERVEJAS, CHOPES, REFRIGERANTES E OUTRAS BEBIDAS;IV;23.16;0302300;;Eisenbahn;S;PT 10/92;Art. 681, I do RICMS/02 e Port. 263/2023;;;;;;;;;;;;;18,45;19;2;19% + 2% (FECOEP);01/07/2023;0019
CERVEJAS, CHOPES, REFRIGERANTES E OUTRAS BEBIDAS;IV;23.17;0302300;;Ekaut;S;PT 10/92;Art. 681, I do RICMS/02 e Port. 263/2023;;;;;;;;;;;;;12,92;19;2;19% + 2% (FECOEP);01/07/2023;0019
CERVEJAS, CHOPES, REFRIGERANTES E OUTRAS BEBIDAS;IV;23.18;0302300;;Gota serena;S;PT 10/92;Art. 681, I do RICMS/02 e Port. 263/2023;;;;;;;;;;;;;12,92;19;2;19% + 2% (FECOEP);01/07/2023;0019
CERVEJAS, CHOPES, REFRIGERANTES E OUTRAS BEBIDAS;IV;23.19;0302300;;Heineken;S;PT 10/92;Art. 681, I do RICMS/02 e Port. 263/2023;;;;;;;;;;;;;19,37;19;2;19% + 2% (FECOEP);01/07/2023;0019
CERVEJAS, CHOPES, REFRIGERANTES E OUTRAS BEBIDAS;IV;23.20;0302300;;Império Pìlsen;S;PT 10/92;Art. 681, I do RICMS/02 e Port. 263/2023;;;;;;;;;;;;;16,28;19;2;19% + 2% (FECOEP);01/07/2023;0019
CERVEJAS, CHOPES, REFRIGERANTES E OUTRAS BEBIDAS;IV;23.21;0302300;;Kaiser;S;PT 10/92;Art. 681, I do RICMS/02 e Port. 263/2023;;;;;;;;;;;;;19,37;19;2;19% + 2% (FECOEP);01/07/2023;0019
CERVEJAS, CHOPES, REFRIGERANTES E OUTRAS BEBIDAS;IV;23.22;0302300;;Petra Puro Malte;S;PT 10/92;Art. 681, I do RICMS/02 e Port. 263/2023;;;;;;;;;;;;;19,37;19;2;19% + 2% (FECOEP);01/07/2023;0019
CERVEJAS, CHOPES, REFRIGERANTES E OUTRAS BEBIDAS;IV;23.23;0302300;;Schin;S;PT 10/92;Art. 681, I do RICMS/02 e Port. 263/2023;;;;;;;;;;;;;19,37;19;2;19% + 2% (FECOEP);01/07/2023;0019
CERVEJAS, CHOPES, REFRIGERANTES E OUTRAS BEBIDAS;IV;23.24;0302300;;Scholer's Bier IPA;S;PT 10/92;Art. 681, I do RICMS/02 e Port. 263/2023;;;;;;;;;;;;;21,55;19;2;19% + 2% (FECOEP);01/07/2023;0019
CERVEJAS, CHOPES, REFRIGERANTES E OUTRAS BEBIDAS;IV;23.25;0302300;;Scholer's Bier Pilsen;S;PT 10/92;Art. 681, I do RICMS/02 e Port. 263/2023;;;;;;;;;;;;;21,12;19;2;19% + 2% (FECOEP);01/07/2023;0019
CERVEJAS, CHOPES, REFRIGERANTES E OUTRAS BEBIDAS;IV;23.26;0302300;;Scholer's Bier Vienna;S;PT 10/92;Art. 681, I do RICMS/02 e Port. 263/2023;;;;;;;;;;;;;21,38;19;2;19% + 2% (FECOEP);01/07/2023;0019
CERVEJAS, CHOPES, REFRIGERANTES E OUTRAS BEBIDAS;IV;23.27;0302300;;Scholer's German Pilsner;S;PT 10/92;Art. 681, I do RICMS/02 e Port. 263/2023;;;;;;;;;;;;;21,39;19;2;19% + 2% (FECOEP);01/07/2023;0019
CERVEJAS, CHOPES, REFRIGERANTES E OUTRAS BEBIDAS;IV;23.28;0302300;;Serras Gerais;S;PT 10/92;Art. 681, I do RICMS/02 e Port. 263/2023;;;;;;;;;;;;;14,53;19;2;19% + 2% (FECOEP);01/07/2023;0019
CERVEJAS, CHOPES, REFRIGERANTES E OUTRAS BEBIDAS;IV;23.29;0302300;;Serras Gerais Puro Malte;S;PT 10/92;Art. 681, I do RICMS/02 e Port. 263/2023;;;;;;;;;;;;;16,15;19;2;19% + 2% (FECOEP);01/07/2023;0019
CERVEJAS, CHOPES, REFRIGERANTES E OUTRAS BEBIDAS;IV;23.30;0302300;;Spoller;S;PT 10/92;Art. 681, I do RICMS/02 e Port. 263/2023;;;;;;;;;;;;;14,53;19;2;19% + 2% (FECOEP);01/07/2023;0019
CERVEJAS, CHOPES, REFRIGERANTES E OUTRAS BEBIDAS;IV;23.31;0302300;;Stella Artois;S;PT 10/92;Art. 681, I do RICMS/02 e Port. 263/2023;;;;;;;;;;;;;19,37;19;2;19% + 2% (FECOEP);01/07/2023;0019
CERVEJAS, CHOPES, REFRIGERANTES E OUTRAS BEBIDAS;IV;23.32;0302300;;Terres Pilsen;S;PT 10/92;Art. 681, I do RICMS/02 e Port. 263/2023;;;;;;;;;;;;;26;19;2;19% + 2% (FECOEP);01/07/2023;0019
CERVEJAS, CHOPES, REFRIGERANTES E OUTRAS BEBIDAS;IV;23.33;0302300;;Terres Apa;S;PT 10/92;Art. 681, I do RICMS/02 e Port. 263/2023;;;;;;;;;;;;;28;19;2;19% + 2% (FECOEP);01/07/2023;0019
CERVEJAS, CHOPES, REFRIGERANTES E OUTRAS BEBIDAS;IV;23.34;0302300;;Terres Aber Lager;S;PT 10/92;Art. 681, I do RICMS/02 e Port. 263/2023;;;;;;;;;;;;;27;19;2;19% + 2% (FECOEP);01/07/2023;0019
CERVEJAS, CHOPES, REFRIGERANTES E OUTRAS BEBIDAS;IV;23.35;0302300;;Terres Ipa;S;PT 10/92;Art. 681, I do RICMS/02 e Port. 263/2023;;;;;;;;;;;;;31;19;2;19% + 2% (FECOEP);01/07/2023;0019
CERVEJAS, CHOPES, REFRIGERANTES E OUTRAS BEBIDAS;IV;23.36;0302300;;Terres Red Ipa;S;PT 10/92;Art. 681, I do RICMS/02 e Port. 263/2023;;;;;;;;;;;;;32;19;2;19% + 2% (FECOEP);01/07/2023;0019
CERVEJAS, CHOPES, REFRIGERANTES E OUTRAS BEBIDAS;IV;23.37;0302300;;Terres Blonde Ale;S;PT 10/92;Art. 681, I do RICMS/02 e Port. 263/2023;;;;;;;;;;;;;28;19;2;19% + 2% (FECOEP);01/07/2023;0019
CERVEJAS, CHOPES, REFRIGERANTES E OUTRAS BEBIDAS;IV;23.38;0302300;;Terres Stout;S;PT 10/92;Art. 681, I do RICMS/02 e Port. 263/2023;;;;;;;;;;;;;28;19;2;19% + 2% (FECOEP);01/07/2023;0019
CERVEJAS, CHOPES, REFRIGERANTES E OUTRAS BEBIDAS;IV;23.39;0302300;;Tiger;S;PT 10/92;Art. 681, I do RICMS/02 e Port. 263/2023;;;;;;;;;;;;;18,45;19;2;19% + 2% (FECOEP);01/07/2023;0019
CERVEJAS, CHOPES, REFRIGERANTES E OUTRAS BEBIDAS;IV;23.40;0302300;;Voiller;S;PT 10/92;Art. 681, I do RICMS/02 e Port. 263/2023;;;;;;;;;;;;;12,92;19;2;19% + 2% (FECOEP);01/07/2023;0019
CERVEJAS, CHOPES, REFRIGERANTES E OUTRAS BEBIDAS;IV;23.41;0302300;;Outros;S;PT 10/92;Art. 681, I do RICMS/02 e Port. 263/2023;;;;;;;;;;;;;25;19;2;19% + 2% (FECOEP);01/07/2023;0019
BEBIDAS ALCOÓLICAS, EXCETO CERVEJA E CHOPE;III;1;0200100;2205;Aperitivos, amargos, bitter e similares;S;PT13/06;Art. 681, XVIII, XIX e XXIV e Anexo IX, Tabela XI do RICMS/02;69.7;64.39;55.56;29.04;;;;;;;;;;25;2;25% + 2% (FECOEP);01/07/2023;0019
BEBIDAS ALCOÓLICAS, EXCETO CERVEJA E CHOPE;III;1;0200100;22089000;Aperitivos, amargos, bitter e similares;S;PT13/06;Art. 681, XVIII, XIX e XXIV e Anexo IX, Tabela XI do RICMS/02;69.7;64.39;55.56;29.04;;;;;;;;;;25;2;25% + 2% (FECOEP);01/07/2023;0019
BEBIDAS ALCOÓLICAS, EXCETO CERVEJA E CHOPE;III;2;0200200;22089000;Batida e similares;S;PT 13/06;Art. 681, XVIII, XIX e XXIV e Anexo IX, Tabela XI do RICMS/02;69.7;64.39;55.56;29.04;;;;;;;;;;25;2;25% + 2% (FECOEP);01/07/2023;0019
BEBIDAS ALCOÓLICAS, EXCETO CERVEJA E CHOPE;III;3;0200300;22089000;Bebida ice;S;PT 13/06;Art. 681, XVIII, XIX e XXIV e Anexo IX, Tabela XI do RICMS/02;69.7;64.39;55.56;29.04;;;;;;;;;;25;2;25% + 2% (FECOEP);01/07/2023;0019
BEBIDAS ALCOÓLICAS, EXCETO CERVEJA E CHOPE;III;4;0200400;220720;Cachaça e aguardentes;S;PT13/07;Art. 681, XVIII, XIX e XXIV e Anexo IX, Tabela XI do RICMS/02;54.85;50.01;41.94;29.04;;;;;;;;;;19;1;19% + 1% (FECOEP);01/07/2023;0019
BEBIDAS ALCOÓLICAS, EXCETO CERVEJA E CHOPE;III;4;0200400;22084000;Cachaça e aguardentes;S;PT13/07;Art. 681, XVIII, XIX e XXIV e Anexo IX, Tabela XI do RICMS/02;54.85;50.01;41.94;29.04;;;;;;;;;;19;1;19% + 1% (FECOEP);01/07/2023;0019
BEBIDAS ALCOÓLICAS, EXCETO CERVEJA E CHOPE;III;5;0200500;2205;Catuaba e similares;S;PT 13/06;Art. 681, XVIII, XIX e XXIV e Anexo IX, Tabela XI do RICMS/02;69.7;64.39;55.56;29.04;;;;;;;;;;25;2;25% + 2% (FECOEP);01/07/2023;0019
BEBIDAS ALCOÓLICAS, EXCETO CERVEJA E CHOPE;III;5;0200500;22060090;Catuaba e similares;S;PT 13/06;Art. 681, XVIII, XIX e XXIV e Anexo IX, Tabela XI do RICMS/02;69.7;64.39;55.56;29.04;;;;;;;;;;25;2;25% + 2% (FECOEP);01/07/2023;0019
BEBIDAS ALCOÓLICAS, EXCETO CERVEJA E CHOPE;III;5;0200500;22089000;Catuaba e similares;S;PT 13/06;Art. 681, XVIII, XIX e XXIV e Anexo IX, Tabela XI do RICMS/02;69.7;64.39;55.56;29.04;;;;;;;;;;25;2;25% + 2% (FECOEP);01/07/2023;0019
BEBIDAS ALCOÓLICAS, EXCETO CERVEJA E CHOPE;III;6;0200600;22089000;Conhaque, brandy e similares;S;PT 13/06;Art. 681, XVIII, XIX e XXIV e Anexo IX, Tabela XI do RICMS/02;69.7;64.39;55.56;29.04;;;;;;;;;;25;2;25% + 2% (FECOEP);01/07/2023;0019
BEBIDAS ALCOÓLICAS, EXCETO CERVEJA E CHOPE;III;7;0200700;22082000;Cooler;S;PT13/08;Art. 681, XVIII, XIX e XXIV e Anexo IX, Tabela XI do RICMS/02;69.7;64.39;55.56;29.04;;;;;;;;;;25;2;25% + 2% (FECOEP);01/07/2023;0019
BEBIDAS ALCOÓLICAS, EXCETO CERVEJA E CHOPE;III;8;0200800;22085000;Gim (gin) e genebra;S;PT 13/06;Art. 681, XVIII, XIX e XXIV e Anexo IX, Tabela XI do RICMS/02;69.7;64.39;55.56;29.04;;;;;;;;;;25;2;25% + 2% (FECOEP);01/07/2023;0019
BEBIDAS ALCOÓLICAS, EXCETO CERVEJA E CHOPE;III;9;0200900;2205;Jurubeba e similares;S;PT 13/06;Art. 681, XVIII, XIX e XXIV e Anexo IX, Tabela XI do RICMS/02;69.7;64.39;55.56;29.04;;;;;;;;;;25;2;25% + 2% (FECOEP);01/07/2023;0019
BEBIDAS ALCOÓLICAS, EXCETO CERVEJA E CHOPE;III;9;0200900;22060090;Jurubeba e similares;S;PT 13/06;Art. 681, XVIII, XIX e XXIV e Anexo IX, Tabela XI do RICMS/02;69.7;64.39;55.56;29.04;;;;;;;;;;25;2;25% + 2% (FECOEP);01/07/2023;0019
BEBIDAS ALCOÓLICAS, EXCETO CERVEJA E CHOPE;III;9;0200900;22089000;Jurubeba e similares;S;PT 13/06;Art. 681, XVIII, XIX e XXIV e Anexo IX, Tabela XI do RICMS/02;69.7;64.39;55.56;29.04;;;;;;;;;;25;2;25% + 2% (FECOEP);01/07/2023;0019
BEBIDAS ALCOÓLICAS, EXCETO CERVEJA E CHOPE;III;10;0201000;22087000;Licores e similares;S;PT13/09;Art. 681, XVIII, XIX e XXIV e Anexo IX, Tabela XI do RICMS/02;69.7;64.39;55.56;29.04;;;;;;;;;;25;2;25% + 2% (FECOEP);01/07/2023;0019
BEBIDAS ALCOÓLICAS, EXCETO CERVEJA E CHOPE;III;11;0201100;22082000;Pisco;S;PT 13/06;Art. 681, XVIII, XIX e XXIV e Anexo IX, Tabela XI do RICMS/02;69.7;64.39;55.56;29.04;;;;;;;;;;25;2;25% + 2% (FECOEP);01/07/2023;0019
BEBIDAS ALCOÓLICAS, EXCETO CERVEJA E CHOPE;III;12;0201200;22084000;Rum;S;PT 13/06;Art. 681, XVIII, XIX e XXIV e Anexo IX, Tabela XI do RICMS/02;69.7;64.39;55.56;29.04;;;;;;;;;;25;2;25% + 2% (FECOEP);01/07/2023;0019
BEBIDAS ALCOÓLICAS, EXCETO CERVEJA E CHOPE;III;13;0201300;22060090;Saquê;S;PT13/10;Art. 681, XVIII, XIX e XXIV e Anexo IX, Tabela XI do RICMS/02;69.7;64.39;55.56;29.04;;;;;;;;;;25;2;25% + 2% (FECOEP);01/07/2023;0019
BEBIDAS ALCOÓLICAS, EXCETO CERVEJA E CHOPE;III;14;0201400;22089000;Steinhaeger;S;PT 13/06;Art. 681, XVIII, XIX e XXIV e Anexo IX, Tabela XI do RICMS/02;69.7;64.39;55.56;29.04;;;;;;;;;;25;2;25% + 2% (FECOEP);01/07/2023;0019
BEBIDAS ALCOÓLICAS, EXCETO CERVEJA E CHOPE;III;15;0201500;22089000;Tequila;S;PT 13/06;Art. 681, XVIII, XIX e XXIV e Anexo IX, Tabela XI do RICMS/02;69.7;64.39;55.56;29.04;;;;;;;;;;25;2;25% + 2% (FECOEP);01/07/2023;0019
BEBIDAS ALCOÓLICAS, EXCETO CERVEJA E CHOPE;III;16;0201600;220830;Uísque;S;PT13/11;Art. 681, XVIII, XIX e XXIV e Anexo IX, Tabela XI do RICMS/02;69.7;64.39;55.56;29.04;;;;;;;;;;25;2;25% + 2% (FECOEP);01/07/2023;0019
BEBIDAS ALCOÓLICAS, EXCETO CERVEJA E CHOPE;III;17;0201700;2205;Vermute e similares;S;PT 13/06;Art. 681, XVIII, XIX e XXIV e Anexo IX, Tabela XI do RICMS/02;69.7;64.39;55.56;29.04;;;;;;;;;;25;2;25% + 2% (FECOEP);01/07/2023;0019
BEBIDAS ALCOÓLICAS, EXCETO CERVEJA E CHOPE;III;18;0201800;22086000;Vodka;S;PT 13/06;Art. 681, XVIII, XIX e XXIV e Anexo IX, Tabela XI do RICMS/02;69.7;64.39;55.56;29.04;;;;;;;;;;25;2;25% + 2% (FECOEP);01/07/2023;0019
BEBIDAS ALCOÓLICAS, EXCETO CERVEJA E CHOPE;III;19;0201900;22089000;Derivados de vodka;S;PT13/12;Art. 681, XVIII, XIX e XXIV e Anexo IX, Tabela XI do RICMS/02;69.7;64.39;55.56;29.04;;;;;;;;;;25;2;25% + 2% (FECOEP);01/07/2023;0019
BEBIDAS ALCOÓLICAS, EXCETO CERVEJA E CHOPE;III;20;0202000;22089000;Arak;S;PT 13/06;Art. 681, XVIII, XIX e XXIV e Anexo IX, Tabela XI do RICMS/02;69.7;64.39;55.56;29.04;;;;;;;;;;25;2;25% + 2% (FECOEP);01/07/2023;0019
BEBIDAS ALCOÓLICAS, EXCETO CERVEJA E CHOPE;III;21;0202100;22082000;Aguardente vínica / grappa;S;PT 13/06;Art. 681, XVIII, XIX e XXIV e Anexo IX, Tabela XI do RICMS/02;69.7;64.39;55.56;29.04;;;;;;;;;;25;2;25% + 2% (FECOEP);01/07/2023;0019
BEBIDAS ALCOÓLICAS, EXCETO CERVEJA E CHOPE;III;22;0202200;22060010;Sidra e similares;S;PT13/13;Art. 681, XVIII, XIX e XXIV e Anexo IX, Tabela XI do RICMS/02;69.7;64.39;55.56;29.04;;;;;;;;;;25;2;25% + 2% (FECOEP);01/07/2023;0019
BEBIDAS ALCOÓLICAS, EXCETO CERVEJA E CHOPE;III;23;0202300;2205;Sangrias e coquetéis;S;PT 13/06;Art. 681, XVIII, XIX e XXIV e Anexo IX, Tabela XI do RICMS/02;69.7;64.39;55.56;29.04;;;;;;;;;;25;2;25% + 2% (FECOEP);01/07/2023;0019
BEBIDAS ALCOÓLICAS, EXCETO CERVEJA E CHOPE;III;23;0202300;22060090;Sangrias e coquetéis;S;PT 13/06;Art. 681, XVIII, XIX e XXIV e Anexo IX, Tabela XI do RICMS/02;69.7;64.39;55.56;29.04;;;;;;;;;;25;2;25% + 2% (FECOEP);01/07/2023;0019
BEBIDAS ALCOÓLICAS, EXCETO CERVEJA E CHOPE;III;23;0202300;22089000;Sangrias e coquetéis;S;PT 13/06;Art. 681, XVIII, XIX e XXIV e Anexo IX, Tabela XI do RICMS/02;69.7;64.39;55.56;29.04;;;;;;;;;;25;2;25% + 2% (FECOEP);01/07/2023;0019
BEBIDAS ALCOÓLICAS, EXCETO CERVEJA E CHOPE;III;24;0202400;2204;Vinhos de uvas frescas, incluindo os vinhos enriquecidos com álcool , mostos de uvas.;S;PT 13/06;Art. 681, XVIII, XIX e XXIV e Anexo IX, Tabela XI do RICMS/02;69.7;64.39;55.56;29.04;;;;;;;;;;25;2;25% + 2% (FECOEP);01/07/2023;0019
BEBIDAS ALCOÓLICAS, EXCETO CERVEJA E CHOPE;III;25;0299900;2205;Outras bebidas alcoólicas não especificadas nos itens anteriores;S;PT13/14;Art. 681, XVIII, XIX e XXIV e Anexo IX, Tabela XI do RICMS/02;69.7;64.39;55.56;29.04;;;;;;;;;;25;2;25% + 2% (FECOEP);01/07/2023;0019
BEBIDAS ALCOÓLICAS, EXCETO CERVEJA E CHOPE;III;25;0299900;2206;Outras bebidas alcoólicas não especificadas nos itens anteriores;S;PT13/14;Art. 681, XVIII, XIX e XXIV e Anexo IX, Tabela XI do RICMS/02;69.7;64.39;55.56;29.04;;;;;;;;;;25;2;25% + 2% (FECOEP);01/07/2023;0019
BEBIDAS ALCOÓLICAS, EXCETO CERVEJA E CHOPE;III;25;0299900;2207;Outras bebidas alcoólicas não especificadas nos itens anteriores;S;PT13/14;Art. 681, XVIII, XIX e XXIV e Anexo IX, Tabela XI do RICMS/02;69.7;64.39;55.56;29.04;;;;;;;;;;25;2;25% + 2% (FECOEP);01/07/2023;0019
BEBIDAS ALCOÓLICAS, EXCETO CERVEJA E CHOPE;III;25;0299900;2208;Outras bebidas alcoólicas não especificadas nos itens anteriores;S;PT13/14;Art. 681, XVIII, XIX e XXIV e Anexo IX, Tabela XI do RICMS/02;69.7;64.39;55.56;29.04;;;;;;;;;;25;2;25% + 2% (FECOEP);01/07/2023;0019
CIGARROS E OUTROS PRODUTOS DERIVADOS DO FUMO;V;1;0400100;2402;Charutos, cigarrilhas e cigarros, de tabaco ou dos seus sucedâneos;S;CV 111/17;Art. 681, IV, §§ 11 a 12 e art. 684, § 4º-E, XXIII do RICMS/02;;;;50;;;;;;;;;;28;2;28% + 2% (FECOEP);01/07/2023;0019
CIGARROS E OUTROS PRODUTOS DERIVADOS DO FUMO;V;2;0400200;24031;Tabaco para fumar, mesmo contendo sucedâneos de tabaco em qualquer proporção;S;CV 111/17;Art. 681, IV, §§ 11 a 12 e art. 684, § 4º-E, XXIII do RICMS/02;;;;50;;;;;;;;;;28;2;28% + 2% (FECOEP);01/07/2023;0019
CIMENTOS;VI;1;0500100;2523;Cimento;S;PT 11/85;Art. 681, II, Anexo IX, Tabela I, item 6 do RICMS/02;44;39.5;32;20;;;;;;;;;;19;1;19% + 1% (FECOEP);01/07/2023;0019
LÂMPADAS, REATORES E “STARTER”;X;1;0900100;8539;Lâmpadas elétricas;S;PT 17/85;Art. 681, XI e Anexo IX, Tabela I, item 14 do RICMS/02;92.36;86.35;76.33;60.03;;;;;;;;;;19;1;19% + 1% (FECOEP);01/07/2023;0019
LÂMPADAS, REATORES E “STARTER”;X;2;0900200;8540;Lâmpadas eletrônicas;S;PT 17/85;Art. 681, XI e Anexo IX, Tabela I, item 14 do RICMS/03;142.72;135.19;122.54;102.31;;;;;;;;;;19;1;19% + 1% (FECOEP);01/07/2023;0019
LÂMPADAS, REATORES E “STARTER”;X;3;0900300;85041000;Reatores para lâmpadas ou tubos de descargas;S;PT 17/85;Art. 681, XI e Anexo IX, Tabela I, item 14 do RICMS/04;83.76;78.01;68.44;53.13;;;;;;;;;;19;1;19% + 1% (FECOEP);01/07/2023;0019
LÂMPADAS, REATORES E “STARTER”;X;4;0900400;853650;'Starter';S;PT 17/85;Art. 681, XI e Anexo IX, Tabela I, item 14 do RICMS/05;142.72;135.19;122.54;102.31;;;;;;;;;;19;1;19% + 1% (FECOEP);01/07/2023;0019
LÂMPADAS, REATORES E “STARTER”;X;5;0900500;85395000;Lâmpadas de LED (Diodos Emissores de Luz);S;PT 17/85;Art. 681, XI e Anexo IX, Tabela I, item 14 do RICMS/06;96.4;90.27;80.04;63.67;;;;;;;;;;19;1;19% + 1% (FECOEP);01/07/2023;0019
MEDICAMENTOS DE USO HUMANO E OUTROS PRODUTOS FARMACÊUTICOS PARA USO HUMANO OU VETERINÁRIO;XIV;1;1300100;3003;Medicamentos de referência – positiva, exceto para uso veterinário;S;CV 234/17;Art. 681, VI  , 684, § 4º-E, XIX, do RICMS/02;65.89;60.7;52.06;38.24;;;;;;;;;;;0;;01/07/2023;0019
MEDICAMENTOS DE USO HUMANO E OUTROS PRODUTOS FARMACÊUTICOS PARA USO HUMANO OU VETERINÁRIO;XIV;1;1300100;3004;Medicamentos de referência – positiva, exceto para uso veterinário;S;CV 234/17;Art. 681, VI  , 684, § 4º-E, XIX, do RICMS/02;65.89;60.7;52.06;38.24;;;;;;;;;;;0;;01/07/2023;0019
MEDICAMENTOS DE USO HUMANO E OUTROS PRODUTOS FARMACÊUTICOS PARA USO HUMANO OU VETERINÁRIO;XIV;2;1300101;3003;Medicamentos de referência – negativa, exceto para uso veterinário;S;CV 234/17;Art. 681, VI  , 684, § 4º-E, XIX, do RICMS/02;59.6;54.61;46.3;33;;;;;;;;;;;0;;01/07/2023;0019
MEDICAMENTOS DE USO HUMANO E OUTROS PRODUTOS FARMACÊUTICOS PARA USO HUMANO OU VETERINÁRIO;XIV;2;1300101;3004;Medicamentos de referência – negativa, exceto para uso veterinário;S;CV 234/17;Art. 681, VI  , 684, § 4º-E, XIX, do RICMS/02;59.6;54.61;46.3;33;;;;;;;;;;;0;;01/07/2023;0019
MEDICAMENTOS DE USO HUMANO E OUTROS PRODUTOS FARMACÊUTICOS PARA USO HUMANO OU VETERINÁRIO;XIV;3;1300102;3003;Medicamentos de referência – neutra, exceto para uso veterinário;S;CV 234/17;Art. 681, VI  , 684, § 4º-E, XIX, do RICMS/02;69.66;64.35;55.52;41.38;;;;;;;;;;;0;;01/07/2023;0019
MEDICAMENTOS DE USO HUMANO E OUTROS PRODUTOS FARMACÊUTICOS PARA USO HUMANO OU VETERINÁRIO;XIV;3;1300102;3004;Medicamentos de referência – neutra, exceto para uso veterinário;S;CV 234/17;Art. 681, VI  , 684, § 4º-E, XIX, do RICMS/02;69.66;64.35;55.52;41.38;;;;;;;;;;;0;;01/07/2023;0019
MEDICAMENTOS DE USO HUMANO E OUTROS PRODUTOS FARMACÊUTICOS PARA USO HUMANO OU VETERINÁRIO;XIV;4;1300200;3003;Medicamentos genéricos – positiva, exceto para uso veterinário;S;CV 234/17;Art. 681, VI  , 684, § 4º-E, XIX, do RICMS/02;65.89;60.7;52.06;38.24;;;;;;;;;;;0;;01/07/2023;0019
MEDICAMENTOS DE USO HUMANO E OUTROS PRODUTOS FARMACÊUTICOS PARA USO HUMANO OU VETERINÁRIO;XIV;4;1300200;3004;Medicamentos genéricos – positiva, exceto para uso veterinário;S;CV 234/17;Art. 681, VI  , 684, § 4º-E, XIX, do RICMS/02;65.89;60.7;52.06;38.24;;;;;;;;;;;0;;01/07/2023;0019
MEDICAMENTOS DE USO HUMANO E OUTROS PRODUTOS FARMACÊUTICOS PARA USO HUMANO OU VETERINÁRIO;XIV;5;1300201;3003;Medicamentos genéricos – negativa, exceto para uso veterinário;S;CV 234/17;Art. 681, VI  , 684, § 4º-E, XIX, do RICMS/02;59.6;54.61;46.3;33;;;;;;;;;;;0;;01/07/2023;0019
MEDICAMENTOS DE USO HUMANO E OUTROS PRODUTOS FARMACÊUTICOS PARA USO HUMANO OU VETERINÁRIO;XIV;5;1300201;3004;Medicamentos genéricos – negativa, exceto para uso veterinário;S;CV 234/17;Art. 681, VI  , 684, § 4º-E, XIX, do RICMS/02;59.6;54.61;46.3;33;;;;;;;;;;;0;;01/07/2023;0019
MEDICAMENTOS DE USO HUMANO E OUTROS PRODUTOS FARMACÊUTICOS PARA USO HUMANO OU VETERINÁRIO;XIV;6;1300202;3003;Medicamentos genéricos – neutra, exceto para uso veterinário;S;CV 234/17;Art. 681, VI  , 684, § 4º-E, XIX, do RICMS/02;69.66;64.35;55.52;41.38;;;;;;;;;;;0;;01/07/2023;0019
MEDICAMENTOS DE USO HUMANO E OUTROS PRODUTOS FARMACÊUTICOS PARA USO HUMANO OU VETERINÁRIO;XIV;6;1300202;3004;Medicamentos genéricos – neutra, exceto para uso veterinário;S;CV 234/17;Art. 681, VI  , 684, § 4º-E, XIX, do RICMS/02;69.66;64.35;55.52;41.38;;;;;;;;;;;0;;01/07/2023;0019
MEDICAMENTOS DE USO HUMANO E OUTROS PRODUTOS FARMACÊUTICOS PARA USO HUMANO OU VETERINÁRIO;XIV;7;1300300;3003;Medicamentos similares – positiva, exceto para uso veterinário;S;CV 234/17;Art. 681, VI  , 684, § 4º-E, XIX, do RICMS/02;65.89;60.7;52.06;38.24;;;;;;;;;;;0;;01/07/2023;0019
MEDICAMENTOS DE USO HUMANO E OUTROS PRODUTOS FARMACÊUTICOS PARA USO HUMANO OU VETERINÁRIO;XIV;7;1300300;3004;Medicamentos similares – positiva, exceto para uso veterinário;S;CV 234/17;Art. 681, VI  , 684, § 4º-E, XIX, do RICMS/02;65.89;60.7;52.06;38.24;;;;;;;;;;;0;;01/07/2023;0019
MEDICAMENTOS DE USO HUMANO E OUTROS PRODUTOS FARMACÊUTICOS PARA USO HUMANO OU VETERINÁRIO;XIV;8;1300301;3003;Medicamentos similares – negativa, exceto para uso veterinário;S;CV 234/17;Art. 681, VI  , 684, § 4º-E, XIX, do RICMS/02;59.6;54.61;46.3;33;;;;;;;;;;;0;;01/07/2023;0019
MEDICAMENTOS DE USO HUMANO E OUTROS PRODUTOS FARMACÊUTICOS PARA USO HUMANO OU VETERINÁRIO;XIV;8;1300301;3004;Medicamentos similares – negativa, exceto para uso veterinário;S;CV 234/17;Art. 681, VI  , 684, § 4º-E, XIX, do RICMS/02;59.6;54.61;46.3;33;;;;;;;;;;;0;;01/07/2023;0019
MEDICAMENTOS DE USO HUMANO E OUTROS PRODUTOS FARMACÊUTICOS PARA USO HUMANO OU VETERINÁRIO;XIV;9;1300302;3003;Medicamentos similares – neutra, exceto para uso veterinário;S;CV 234/17;Art. 681, VI  , 684, § 4º-E, XIX, do RICMS/02;69.66;64.35;55.52;41.38;;;;;;;;;;;0;;01/07/2023;0019
MEDICAMENTOS DE USO HUMANO E OUTROS PRODUTOS FARMACÊUTICOS PARA USO HUMANO OU VETERINÁRIO;XIV;9;1300302;3004;Medicamentos similares – neutra, exceto para uso veterinário;S;CV 234/17;Art. 681, VI  , 684, § 4º-E, XIX, do RICMS/02;69.66;64.35;55.52;41.38;;;;;;;;;;;0;;01/07/2023;0019
MEDICAMENTOS DE USO HUMANO E OUTROS PRODUTOS FARMACÊUTICOS PARA USO HUMANO OU VETERINÁRIO;XIV;10;1300400;3003;Outros tipos de medicamentos – positiva, exceto para uso veterinário;S;CV 234/17;Art. 681, VI  , 684, § 4º-E, XIX, do RICMS/02;65.89;60.7;52.06;38.24;;;;;;;;;;;0;;01/07/2023;0019
MEDICAMENTOS DE USO HUMANO E OUTROS PRODUTOS FARMACÊUTICOS PARA USO HUMANO OU VETERINÁRIO;XIV;10;1300400;3004;Outros tipos de medicamentos – positiva, exceto para uso veterinário;S;CV 234/17;Art. 681, VI  , 684, § 4º-E, XIX, do RICMS/02;65.89;60.7;52.06;38.24;;;;;;;;;;;0;;01/07/2023;0019
MEDICAMENTOS DE USO HUMANO E OUTROS PRODUTOS FARMACÊUTICOS PARA USO HUMANO OU VETERINÁRIO;XIV;11;1300401;3003;Outros tipos de medicamentos – negativa, exceto para uso veterinário;S;CV 234/17;Art. 681, VI  , 684, § 4º-E, XIX, do RICMS/02;59.6;54.61;46.3;33;;;;;;;;;;;0;;01/07/2023;0019
MEDICAMENTOS DE USO HUMANO E OUTROS PRODUTOS FARMACÊUTICOS PARA USO HUMANO OU VETERINÁRIO;XIV;11;1300401;3004;Outros tipos de medicamentos – negativa, exceto para uso veterinário;S;CV 234/17;Art. 681, VI  , 684, § 4º-E, XIX, do RICMS/02;59.6;54.61;46.3;33;;;;;;;;;;;0;;01/07/2023;0019
MEDICAMENTOS DE USO HUMANO E OUTROS PRODUTOS FARMACÊUTICOS PARA USO HUMANO OU VETERINÁRIO;XIV;12;1300402;3003;Outros tipos de medicamentos – neutra, exceto para uso veterinário;S;CV 234/17;Art. 681, VI  , 684, § 4º-E, XIX, do RICMS/02;69.66;64.35;55.52;41.38;;;;;;;;;;;0;;01/07/2023;0019
MEDICAMENTOS DE USO HUMANO E OUTROS PRODUTOS FARMACÊUTICOS PARA USO HUMANO OU VETERINÁRIO;XIV;12;1300402;3004;Outros tipos de medicamentos – neutra, exceto para uso veterinário;S;CV 234/17;Art. 681, VI  , 684, § 4º-E, XIX, do RICMS/02;69.66;64.35;55.52;41.38;;;;;;;;;;;0;;01/07/2023;0019
MEDICAMENTOS DE USO HUMANO E OUTROS PRODUTOS FARMACÊUTICOS PARA USO HUMANO OU VETERINÁRIO;XIV;13;1300500;30066000;Preparações químicas contraceptivas à base de hormônios, de outros produtos da posição 29.37 ou de espermicidas – positiva;S;CV 234/17;Art. 681, VI  , 684, § 4º-E, XIX, do RICMS/02;65.89;60.7;52.06;38.24;;;;;;;;;;;0;;01/07/2023;0019
MEDICAMENTOS DE USO HUMANO E OUTROS PRODUTOS FARMACÊUTICOS PARA USO HUMANO OU VETERINÁRIO;XIV;14;1300501;30066000;Preparações químicas contraceptivas à base de hormônios, de outros produtos da posição 29.37 ou de espermicidas – negativa;S;CV 234/17;Art. 681, VI  , 684, § 4º-E, XIX, do RICMS/02;59.6;54.61;46.3;33;;;;;;;;;;;0;;01/07/2023;0019
MEDICAMENTOS DE USO HUMANO E OUTROS PRODUTOS FARMACÊUTICOS PARA USO HUMANO OU VETERINÁRIO;XIV;15;1300600;2936;Provitaminas e vitaminas, naturais ou reproduzidas por síntese (incluídos os concentrados naturais), bem como os seus derivados utilizados principalmente como vitaminas, misturados ou não entre si, mesmo em quaisquer soluções – neutra;S;CV 234/17;Art. 681, VI  , 684, § 4º-E, XIX, do RICMS/02;69.66;64.35;55.52;41.38;;;;;;;;;;;0;;01/07/2023;0019
MEDICAMENTOS DE USO HUMANO E OUTROS PRODUTOS FARMACÊUTICOS PARA USO HUMANO OU VETERINÁRIO;XIV;16;1300700;300630;Preparações opacificantes (contrastantes) para exames radiográficos e reagentes de diagnóstico concebidos para serem administrados ao paciente – positiva;S;CV 234/17;Art. 681, VI  , 684, § 4º-E, XIX, do RICMS/02;65.89;60.7;52.06;38.24;;;;;;;;;;;0;;01/07/2023;0019
MEDICAMENTOS DE USO HUMANO E OUTROS PRODUTOS FARMACÊUTICOS PARA USO HUMANO OU VETERINÁRIO;XIV;17;1300701;300630;Preparações opacificantes (contrastantes) para exames radiográficos e reagentes de diagnóstico concebidos para serem administrados ao paciente – negativa;S;CV 234/17;Art. 681, VI  , 684, § 4º-E, XIX, do RICMS/02;59.6;54.61;46.3;33;;;;;;;;;;;0;;01/07/2023;0019
MEDICAMENTOS DE USO HUMANO E OUTROS PRODUTOS FARMACÊUTICOS PARA USO HUMANO OU VETERINÁRIO;XIV;18;1300800;3002;Antissoro, outras frações do sangue, produtos imunológicos modificados, mesmo obtidos por via biotecnológica, exceto para uso veterinário – positiva;S;CV 234/17;Art. 681, VI  , 684, § 4º-E, XIX, do RICMS/02;65.89;60.7;52.06;38.24;;;;;;;;;;;0;;01/07/2023;0019
MEDICAMENTOS DE USO HUMANO E OUTROS PRODUTOS FARMACÊUTICOS PARA USO HUMANO OU VETERINÁRIO;XIV;19;1300801;3002;Antissoro, outras frações do sangue, produtos imunológicos modificados, mesmo obtidos por via biotecnológica, exceto para uso veterinário – negativa;S;CV 234/17;Art. 681, VI  , 684, § 4º-E, XIX, do RICMS/02;59.6;54.61;46.3;33;;;;;;;;;;;0;;01/07/2023;0019
MEDICAMENTOS DE USO HUMANO E OUTROS PRODUTOS FARMACÊUTICOS PARA USO HUMANO OU VETERINÁRIO;XIV;20;1300900;3002;Vacinas e produtos semelhantes, exceto para uso veterinário – positiva ,;S;CV 234/17;Art. 681, VI  , 684, § 4º-E, XIX, do RICMS/02;65.89;60.7;52.06;38.24;;;;;;;;;;;0;;01/07/2023;0019
MEDICAMENTOS DE USO HUMANO E OUTROS PRODUTOS FARMACÊUTICOS PARA USO HUMANO OU VETERINÁRIO;XIV;21;1300901;3002;Vacinas e produtos semelhantes, exceto para uso veterinário – negativa ,;S;CV 234/17;Art. 681, VI  , 684, § 4º-E, XIX, do RICMS/02;55.71;50.84;42.73;33;;;;;;;;;;;0;;01/07/2023;0019
MEDICAMENTOS DE USO HUMANO E OUTROS PRODUTOS FARMACÊUTICOS PARA USO HUMANO OU VETERINÁRIO;XIV;22;1301000;30051010;Curativos (pensos) adesivos e outros artigos com uma camada adesiva, impregnados ou recobertos de substâncias farmacêuticas - Lista Positiva;S;CV 234/17;Art. 681, VI  , 684, § 4º-E, XIX, do RICMS/02;65.89;60.7;52.06;38.24;;;;;;;;;;;0;;01/07/2023;0019
MEDICAMENTOS DE USO HUMANO E OUTROS PRODUTOS FARMACÊUTICOS PARA USO HUMANO OU VETERINÁRIO;XIV;23;1301001;30051010;Curativos (pensos) adesivos e outros artigos com uma camada adesiva, impregnados ou recobertos de substâncias farmacêuticas – Lista Negativa;S;CV 234/17;Art. 681, VI  , 684, § 4º-E, XIX, do RICMS/02;59.6;54.61;46.3;33;;;;;;;;;;;0;;01/07/2023;0019
MEDICAMENTOS DE USO HUMANO E OUTROS PRODUTOS FARMACÊUTICOS PARA USO HUMANO OU VETERINÁRIO;XIV;24;1301100;3005;Algodão, atadura, esparadrapo, gazes, pensos, sinapismos, e outros, acondicionados para venda a retalho para usos medicinais, cirúrgicos ou dentários, não impregnados ou recobertos de substâncias farmacêuticas - Lista Neutra;S;CV 234/17;Art. 681, VI  , 684, § 4º-E, XIX, do RICMS/02;69.66;64.35;55.52;41.38;;;;;;;;;;;0;;01/07/2023;0019
MEDICAMENTOS DE USO HUMANO E OUTROS PRODUTOS FARMACÊUTICOS PARA USO HUMANO OU VETERINÁRIO;XIV;25;1301200;40151100;Luvas cirúrgicas e luvas de procedimento – neutra;S;CV 234/17;Art. 681, VI  , 684, § 4º-E, XIX, do RICMS/02;69.66;64.35;55.52;41.38;;;;;;;;;;;0;;01/07/2023;0019
MEDICAMENTOS DE USO HUMANO E OUTROS PRODUTOS FARMACÊUTICOS PARA USO HUMANO OU VETERINÁRIO;XIV;25;1301200;40151900;Luvas cirúrgicas e luvas de procedimento – neutra;S;CV 234/17;Art. 681, VI  , 684, § 4º-E, XIX, do RICMS/02;69.66;64.35;55.52;41.38;;;;;;;;;;;0;;01/07/2023;0019
MEDICAMENTOS DE USO HUMANO E OUTROS PRODUTOS FARMACÊUTICOS PARA USO HUMANO OU VETERINÁRIO;XIV;26;1301300;40141000;Preservativo – neutra;N;;;;;;;;;;;;;;;;;0;;01/07/2023;0019
MEDICAMENTOS DE USO HUMANO E OUTROS PRODUTOS FARMACÊUTICOS PARA USO HUMANO OU VETERINÁRIO;XIV;27;1301400;901831;Seringas, mesmo com agulhas – neutra;S;CV 234/17;Art. 681, VI  , 684, § 4º-E, XIX, do RICMS/02;69.66;64.35;55.52;41.38;;;;;;;;;;;0;;01/07/2023;0019
MEDICAMENTOS DE USO HUMANO E OUTROS PRODUTOS FARMACÊUTICOS PARA USO HUMANO OU VETERINÁRIO;XIV;28;1301500;9018321;Agulhas para seringas – neutra;S;CV 234/17;Art. 681, VI  , 684, § 4º-E, XIX, do RICMS/02;69.66;64.35;55.52;41.38;;;;;;;;;;;0;;01/07/2023;0019
MEDICAMENTOS DE USO HUMANO E OUTROS PRODUTOS FARMACÊUTICOS PARA USO HUMANO OU VETERINÁRIO;XIV;29;1301600;39269090;Contraceptivos (dispositivos intrauterinos – DIU) – neutra;S;CV 234/17;Art. 681, VI  , 684, § 4º-E, XIX, do RICMS/02;69.66;64.35;55.52;41.38;;;;;;;;;;;0;;01/07/2023;0019
MEDICAMENTOS DE USO HUMANO E OUTROS PRODUTOS FARMACÊUTICOS PARA USO HUMANO OU VETERINÁRIO;XIV;29;1301600;90189099;Contraceptivos (dispositivos intrauterinos – DIU) – neutra;S;CV 234/17;Art. 681, VI  , 684, § 4º-E, XIX, do RICMS/02;69.66;64.35;55.52;41.38;;;;;;;;;;;0;;01/07/2023;0019
PNEUMÁTICOS, CÂMARAS DE AR E PROTETORES DE BORRACHA;XVI;1;1600100;40111000;Pneus novos, dos tipos utilizados em automóveis de passageiros (incluídos os veículos de uso misto - camionetas e os automóveis de corrida);S;CV 102/17;Art. 681, III e 684, § 4º-E do RICMS/02;70.4;65.08;56.2;42;;;;;;;;;;19;1;19% + 1% (FECOEP);01/07/2023;0019
PNEUMÁTICOS, CÂMARAS DE AR E PROTETORES DE BORRACHA;XVI;2;1600200;4011;Pneus novos, dos tipos utilizados em caminhões (inclusive para os fora-de-estrada), ônibus, aviões, máquinas de terraplenagem, de construção e conservação de estradas, máquinas e tratores agrícolas, pá-carregadeira;S;CV 102/17;Art. 681, III e 684, § 4º-E do RICMS/02;58.4;53.45;45.2;32;;;;;;;;;;19;1;19% + 1% (FECOEP);01/07/2023;0019
PNEUMÁTICOS, CÂMARAS DE AR E PROTETORES DE BORRACHA;XVI;3;1600300;40114000;Pneus novos para motocicletas;S;CV 102/17;Art. 681, III e 684, § 4º-E do RICMS/02;92;86;76;60;;;;;;;;;;19;1;19% + 1% (FECOEP);01/07/2023;0019
PNEUMÁTICOS, CÂMARAS DE AR E PROTETORES DE BORRACHA;XVI;4;1600400;4011;Outros tipos de pneus novos, exceto os itens classificados no CEST 16.005.00;S;CV 102/17;Art. 681, III e 684, § 4º-E do RICMS/02;74;68.56;59.5;45;;;;;;;;;;19;1;19% + 1% (FECOEP);01/07/2023;0019
PNEUMÁTICOS, CÂMARAS DE AR E PROTETORES DE BORRACHA;XVI;5;1600500;40115000;Pneus novos de borracha dos tipos utilizados em bicicletas;N;-;;;;;;;;;;;;;;;;;;01/07/2023;0019
PNEUMÁTICOS, CÂMARAS DE AR E PROTETORES DE BORRACHA;XVI;6;1600600;40121;Pneus recauchutados;N;-;;;;;;;;;;;;;;;;;;01/07/2023;0019
PNEUMÁTICOS, CÂMARAS DE AR E PROTETORES DE BORRACHA;XVI;7;1600700;401290;Protetores de borracha, exceto os itens classificados no CEST 16.007.01;S;CV 102/17;Art. 681, III e 684, § 4º-E do RICMS/02;74;68.56;59.5;45;;;;;;;;;;19;1;19% + 1% (FECOEP);01/07/2023;0019
PNEUMÁTICOS, CÂMARAS DE AR E PROTETORES DE BORRACHA;XVI;8;1600701;401290;Protetores de borracha para bicicletas;N;-;;;;;;;;;;;;;;;;;;01/07/2023;0019
PNEUMÁTICOS, CÂMARAS DE AR E PROTETORES DE BORRACHA;XVI;9;1600800;4013;Câmaras de ar de borracha, exceto os itens classificados no CEST 16.009.00;S;CV 102/17;Art. 681, III e 684, § 4º-E do RICMS/02;74;68.56;59.5;45;;;;;;;;;;19;1;19% + 1% (FECOEP);01/07/2023;0019
PNEUMÁTICOS, CÂMARAS DE AR E PROTETORES DE BORRACHA;XVI;10;1600900;40132000;Câmaras de ar de borracha dos tipos utilizados em bicicletas;N;-;;;;;;;;;;;;;;;;;;01/07/2023;0019
PRODUTOS ALIMENTÍCIOS;XVII;1;1703101;19059090;Salgadinhos diversos, derivados de farinha de trigo;S;PT 53/17;Art. 720-A e 720-D, I;30;;;;;;;;45;;;;;;;0,19;01/07/2023;0019
PRODUTOS ALIMENTÍCIOS;XVII;1.1;1704400;11010010;Farinha de trigo especial, em embalagem inferior ou igual a 1 kg;S;PT46/00;Art. 708 e 709-A;;;;;;;;;102.11;95.79;85.26;110.53;;;;0,19;01/07/2023;0019
PRODUTOS ALIMENTÍCIOS;XVII;1.2;1704401;11010010;Farinha de trigo especial, em embalagem superior a 1 kg e inferior a 5 kg;S;PT46/00;Art. 708 e 709-A;;;;;;;;;102.11;95.79;85.26;110.53;;;;0,19;01/07/2023;0019
PRODUTOS ALIMENTÍCIOS;XVII;1.3;1704402;11010010;Farinha de trigo especial, em embalagem igual a 5 kg;S;PT46/00;Art. 708 e 709-A;;;;;;;;;102.11;95.79;85.26;110.53;;;;0,19;01/07/2023;0019
PRODUTOS ALIMENTÍCIOS;XVII;1.4;1704403;11010010;Farinha de trigo especial, em embalagem superior a 5 kg e inferior ou igual a 25 kg;S;PT46/00;Art. 708 e 709-A;;;;;;;;;102.11;95.79;85.26;110.53;;;;0,19;01/07/2023;0019
PRODUTOS ALIMENTÍCIOS;XVII;1.5;1704404;11010010;Farinha de trigo especial, em embalagem superior a 25 kg e inferior ou igual a 50 kg;S;PT46/00;Art. 708 e 709-A;;;;;;;;;102.11;95.79;85.26;110.53;;;;0,19;01/07/2023;0019
PRODUTOS ALIMENTÍCIOS;XVII;1.6;1704405;11010010;Farinha de trigo comum, em embalagem igual a 5 kg;S;PT46/00;Art. 708 e 709-A;;;;;;;;;102.11;95.79;85.26;110.53;;;;0,19;01/07/2023;0019
PRODUTOS ALIMENTÍCIOS;XVII;1.7;1704406;11010010;Farinha de trigo comum, em embalagem superior a 5 kg e inferior ou igual a 25 kg;S;PT46/00;Art. 708 e 709-A;;;;;;;;;102.11;95.79;85.26;110.53;;;;0,19;01/07/2023;0019
PRODUTOS ALIMENTÍCIOS;XVII;1.8;1704407;11010010;Farinha de trigo comum, em embalagem superior a 25 kg e inferior ou igual a 50 kg;S;PT46/00;Art. 708 e 709-A;;;;;;;;;102.11;95.79;85.26;110.53;;;;0,19;01/07/2023;0019
PRODUTOS ALIMENTÍCIOS;XVII;1.9;1704408;11010010;Farinha de trigo doméstica especial, em embalagem superior a 5 kg e inferior e igual a 10 kg;S;PT46/00;Art. 708 e 709-A;;;;;;;;;102.11;95.79;85.26;110.53;;;;0,19;01/07/2023;0019
PRODUTOS ALIMENTÍCIOS;XVII;1.10;1704409;11010010;Farinha de trigo doméstica com fermento, em embalagem superior a 5 kg e inferior e igual a 10 kg;S;PT46/00;Art. 708 e 709-A;;;;;;;;;102.11;95.79;85.26;110.53;;;;0,19;01/07/2023;0019
PRODUTOS ALIMENTÍCIOS;XVII;1.11;1704410;11010010;Farinha de trigo especial, em embalagem superior a 50 Kg;S;PT46/00;Art. 708 e 709-A;;;;;;;;;102.11;95.79;85.26;110.53;;;;0,19;01/07/2023;0019
PRODUTOS ALIMENTÍCIOS;XVII;1.12;1704411;11010010;Farinha de trigo comum, em embalagem inferior ou igual a 1 kg;S;PT46/00;Art. 708 e 709-A;;;;;;;;;102.11;95.79;85.26;110.53;;;;0,19;01/07/2023;0019
PRODUTOS ALIMENTÍCIOS;XVII;1.13;1704412;11010010;Farinha de trigo comum, em embalagem superior a 1 kg e inferior a 5 Kg;S;PT46/00;Art. 708 e 709-A;;;;;;;;;102.11;95.79;85.26;110.53;;;;0,19;01/07/2023;0019
PRODUTOS ALIMENTÍCIOS;XVII;1.14;1704413;11010010;Farinha de trigo comum, em embalagem superior a 50 kg;S;PT46/00;Art. 708 e 709-A;;;;;;;;;102.11;95.79;85.26;110.53;;;;0,19;01/07/2023;0019
PRODUTOS ALIMENTÍCIOS;XVII;1.15;1704414;11010010;Farinha de trigo doméstica especial, em embalagem inferior ou igual a 1 kg;S;PT46/00;Art. 708 e 709-A;;;;;;;;;102.11;95.79;85.26;110.53;;;;0,19;01/07/2023;0019
PRODUTOS ALIMENTÍCIOS;XVII;1.16;1704415;11010010;Farinha de trigo doméstica especial, em embalagem superior a 1 kg e inferior a 5 Kg;S;PT46/00;Art. 708 e 709-A;;;;;;;;;102.11;95.79;85.26;110.53;;;;0,19;01/07/2023;0019
PRODUTOS ALIMENTÍCIOS;XVII;1.17;1704416;11010010;Farinha de trigo doméstica especial, em embalagem igual a 5 Kg;S;PT46/00;Art. 708 e 709-A;;;;;;;;;102.11;95.79;85.26;110.53;;;;0,19;01/07/2023;0019
PRODUTOS ALIMENTÍCIOS;XVII;1.18;1704417;11010010;Farinha de trigo doméstica especial, em embalagem superior a 10 Kg;S;PT46/00;Art. 708 e 709-A;;;;;;;;;102.11;95.79;85.26;110.53;;;;0,19;01/07/2023;0019
PRODUTOS ALIMENTÍCIOS;XVII;1.19;1704418;11010010;Farinha de trigo doméstica com fermento, em embalagem inferior ou igual a 1 kg;S;PT46/00;Art. 708 e 709-A;;;;;;;;;102.11;95.79;85.26;110.53;;;;0,19;01/07/2023;0019
PRODUTOS ALIMENTÍCIOS;XVII;1.20;1704419;11010010;Farinha de trigo doméstica com fermento, em embalagem superior a 1 kg e inferior a 5 Kg;S;PT46/00;Art. 708 e 709-A;;;;;;;;;102.11;95.79;85.26;110.53;;;;0,19;01/07/2023;0019
PRODUTOS ALIMENTÍCIOS;XVII;1.21;1704420;11010010;Farinha de trigo doméstica com fermento, em embalagem igual a 5 Kg;S;PT46/00;Art. 708 e 709-A;;;;;;;;;102.11;95.79;85.26;110.53;;;;0,19;01/07/2023;0019
PRODUTOS ALIMENTÍCIOS;XVII;1.22;1704421;11010010;Farinha de trigo doméstica com fermento, em embalagem superior a 10 Kg;S;PT46/00;Art. 708 e 709-A;;;;;;;;;102.11;95.79;85.26;110.53;;;;0,19;01/07/2023;0019
PRODUTOS ALIMENTÍCIOS;XVII;1.23;1704422;11010010;Outras farinhas de trigo, em embalagem inferior ou igual a 1 kg;S;PT46/00;Art. 708 e 709-A;;;;;;;;;102.11;95.79;85.26;110.53;;;;0,19;01/07/2023;0019
PRODUTOS ALIMENTÍCIOS;XVII;1.24;1704423;11010010;Outras farinhas de trigo, em embalagem superior a 1 kg e inferior a 5 Kg;S;PT46/00;Art. 708 e 709-A;;;;;;;;;102.11;95.79;85.26;110.53;;;;0,19;01/07/2023;0019
PRODUTOS ALIMENTÍCIOS;XVII;1.25;1704424;11010010;Outras farinhas de trigo, em embalagem igual a 5 Kg;S;PT46/00;Art. 708 e 709-A;;;;;;;;;102.11;95.79;85.26;110.53;;;;0,19;01/07/2023;0019
PRODUTOS ALIMENTÍCIOS;XVII;1.26;1704425;11010010;Outras farinhas de trigo, em embalagem superior a 5 Kg e inferior ou igual a 25 kg;S;PT46/00;Art. 708 e 709-A;;;;;;;;;102.11;95.79;85.26;110.53;;;;0,19;01/07/2023;0019
PRODUTOS ALIMENTÍCIOS;XVII;1.27;1704426;11010010;Outras farinhas de trigo, em embalagem superior a 25 Kg e inferior ou igual a 50 kg;S;PT46/00;Art. 708 e 709-A;;;;;;;;;102.11;95.79;85.26;110.53;;;;0,19;01/07/2023;0019
PRODUTOS ALIMENTÍCIOS;XVII;1.28;1704427;11010010;Outras farinhas de trigo, em embalagem superior a 50 Kg;S;PT46/00;Art. 708 e 709-A;;;;;;;;;102.11;95.79;85.26;110.53;;;;0,19;01/07/2023;0019
PRODUTOS ALIMENTÍCIOS;XVII;2;1704701;19023000;Massas alimentícias tipo instantânea, derivadas de farinha de trigo.;S;PT 53/17;Art. 720-A e 720-D, I;20;;;;;;;;35;;;;;;;0,19;01/07/2023;0019
PRODUTOS ALIMENTÍCIOS;XVII;5;1704902;19021;Massas alimentícias do tipo granoduro, não cozidas, nem recheadas, nem preparadas de outro modo, exceto a descrita no CEST 17.049.05;S;PT 53/17;Art. 720-A e 720-D, I;20;;;;;;;;35;;;;;;;0,19;01/07/2023;0019
PRODUTOS ALIMENTÍCIOS;XVII;6;1704903;19021900;Massas alimentícias do tipo comum, não cozidas, nem recheadas, nem preparadas de outro modo, que não contenham ovos;S;PT 53/17;Art. 720-A e 720-D, I;20;;;;;;;;35;;;;;;;0,19;01/07/2023;0019
PRODUTOS ALIMENTÍCIOS;XVII;7;1704904;19021900;Massas alimentícias do tipo sêmola, não cozidas, nem recheadas, nem preparadas de outro modo, que não contenham ovos;S;PT 53/17;Art. 720-A e 720-D, I;20;;;;;;;;35;;;;;;;0,19;01/07/2023;0019
PRODUTOS ALIMENTÍCIOS;XVII;8;1704905;19021900;Massas alimentícias do tipo granoduro, não cozidas, nem recheadas, nem preparadas de outro modo, que não contenham ovos;S;PT 53/17;Art. 720-A e 720-D, I;20;;;;;;;;35;;;;;;;0,19;01/07/2023;0019
PRODUTOS ALIMENTÍCIOS;XVII;9;1704906;19021;Massas alimentícias do tipo comum, não cozidas, nem recheadas, nem preparadas de outro modo, exceto a descrita no CEST 17.049.03, derivadas de farinha de trigo;S;PT 53/17;Art. 720-A e 720-D, I;20;;;;;;;;35;;;;;;;0,19;01/07/2023;0019
PRODUTOS ALIMENTÍCIOS;XVII;10;1704907;19021;Massas alimentícias do tipo sêmola, não cozidas, nem recheadas, nem preparadas de outro modo, exceto a descrita no CEST 17.049.04, derivadas de farinha de trigo;S;PT 53/17;Art. 720-A e 720-D, I;20;;;;;;;;35;;;;;;;0,19;01/07/2023;0019
PRODUTOS ALIMENTÍCIOS;XVII;11;1705000;190520;Pães industrializados, inclusive de especiarias, exceto panetones e bolo de forma;S;PT 53/17;Art. 720-A e 720-D, I;20;;;;;;;;35;;;;;;;0,19;01/07/2023;0019
PRODUTOS ALIMENTÍCIOS;XVII;12;1705100;19052090;Bolo de forma, inclusive de especiarias;S;PT 53/17;Art. 720-A e 720-D, I;30;;;;;;;;45;;;;;;;0,19;01/07/2023;0019
PRODUTOS ALIMENTÍCIOS;XVII;13;1705200;19052010;Panetones;S;PT 53/17;Art. 720-A e 720-D, I;30;;;;;;;;45;;;;;;;0,19;01/07/2023;0019
PRODUTOS ALIMENTÍCIOS;XVII;14;1705300;19053100;Biscoitos e bolachas derivados de farinha de trigo , (exceto dos tipos “cream cracker”, “água e sal”, “maisena”, “maria” e outros de consumo popular que não sejam adicionados de cacau, nem recheados, cobertos ou amanteigados, independentemente de sua denominação comercial);S;PT 53/17;Art. 720-A e 720-D, I;30;;;;;;;;45;;;;;;;0,19;01/07/2023;0019
PRODUTOS ALIMENTÍCIOS;XVII;15;1705301;19053100;Biscoitos e bolachas derivados de farinha de trigo dos tipos “maisena” e “maria” e outros de consumo popular que não sejam adicionados de cacau, nem recheados, cobertos ou amanteigados, independentemente de sua denominação comercial, exceto o CEST 17.053.02;S;PT 53/17;Art. 720-A e 720-D, I;30;;;;;;;;45;;;;;;;0,19;01/07/2023;0019
PRODUTOS ALIMENTÍCIOS;XVII;16;1705302;19053100;Biscoitos e bolachas derivados de farinha de trigo dos tipos 'cream cracker' e 'água e sal' de consumo popular;S;PT 53/17;Art. 720-A e 720-D, I;30;;;;;;;;45;;;;;;;0,19;01/07/2023;0019
PRODUTOS ALIMENTÍCIOS;XVII;17;1705600;19059020;Biscoitos e bolachas derivados de farinha de trigo dos tipos “cream cracker” e “água e sal”;S;PT 53/17;Art. 720-A e 720-D, I;30;;;;;;;;45;;;;;;;0,19;01/07/2023;0019
PRODUTOS ALIMENTÍCIOS;XVII;18;1705602;19059020;Outras bolachas, exceto casquinhas para sorvete e os biscoitos e bolachas relacionados nos CEST 17.056.00 e 17.056.01;S;PT 53/17;Art. 720-A e 720-D, I;30;;;;;;;;45;;;;;;;0,19;01/07/2023;0019
PRODUTOS ALIMENTÍCIOS;XVII;19;1705700;19053200;“Waffles” e “wafers” - sem cobertura;S;PT 53/17;Art. 720-A e 720-D, I;30;;;;;;;;45;;;;;;;0,19;01/07/2023;0019
PRODUTOS ALIMENTÍCIOS;XVII;20;1705800;19053200;“Waffles” e “wafers” - com cobertura;S;PT 53/17;Art. 720-A e 720-D, I;30;;;;;;;;45;;;;;;;0,19;01/07/2023;0019
PRODUTOS ALIMENTÍCIOS;XVII;21;1705900;19054000;Torradas, pão torrado e produtos semelhantes torrados;S;PT 53/17;Art. 720-A e 720-D, I;20;;;;;;;;35;;;;;;;0,19;01/07/2023;0019
PRODUTOS ALIMENTÍCIOS;XVII;22;1706000;19059010;Outros pães de forma;S;PT 53/17;Art. 720-A e 720-D, I;20;;;;;;;;35;;;;;;;0,19;01/07/2023;0019
PRODUTOS ALIMENTÍCIOS;XVII;23;1706200;19059090;Outros pães, exceto o classificado no CEST 17.062.03;S;PT 53/17;Art. 720-A e 720-D, I;20;;;;;;;;35;;;;;;;0,19;01/07/2023;0019
PRODUTOS ALIMENTÍCIOS;XVII;24;1706201;19059090;Outros bolos industrializados e produtos de panificação não especificados anteriormente, incluindo as pizzas , exceto os classificados nos CEST 17.062.02 e 17.062.03;S;PT 53/17;Art. 720-A e 720-D, I;30;;;;;;;;45;;;;;;;0,19;01/07/2023;0019
PRODUTOS ALIMENTÍCIOS;XVII;25;1706202;19059020;Casquinhas para sorvete;S;PT 53/17;Art. 720-A e 720-D, I;30;;;;;;;;45;;;;;;;0,19;01/07/2023;0019
PRODUTOS ALIMENTÍCIOS;XVII;25;1706202;19059090;Casquinhas para sorvete;S;PT 53/17;Art. 720-A e 720-D, I;30;;;;;;;;45;;;;;;;0,19;01/07/2023;0019
PRODUTOS ALIMENTÍCIOS;XVII;26;1706203;19059090;Pão francês até 200g;S;PT 53/17;Art. 720-A e 720-D, I;20;;;;;;;;35;;;;;;;0,19;01/07/2023;0019
PRODUTOS ALIMENTÍCIOS;XVII;27;1706300;19051000;Pão denominado knackebrot;S;PT 53/17;Art. 720-A e 720-D, I;20;;;;;;;;35;;;;;;;0,19;01/07/2023;0019
PRODUTOS ALIMENTÍCIOS;XVII;28;1706400;190590;Demais pães industrializados;S;PT 53/17;Art. 720-A e 720-D, I;20;;;;;;;;35;;;;;;;0,19;01/07/2023;0019
PRODUTOS DE PERFUMARIA E DE HIGIENE PESSOAL E COSMÉTICOS;XIX;23.0;2002300;33061000;Dentifrícios;S;;Art. 681, XXVII e art. 684, §§ 4º-D e § 4º-E, XXV;69.66;64.35;55.52;41.38;;;;;;;;;;;;;01/07/2023;0019
PRODUTOS DE PERFUMARIA E DE HIGIENE PESSOAL E COSMÉTICOS;XIX;24.0;2002400;33062000;Fios utilizados para limpar os espaços interdentais (fios dentais);S;;Art. 681, XXVII e art. 684, §§ 4º-D e § 4º-E, XXV;69.66;64.35;55.52;41.38;;;;;;;;;;;;;01/07/2023;0019
PRODUTOS DE PERFUMARIA E DE HIGIENE PESSOAL E COSMÉTICOS;XIX;25.0;2002500;33069000;Outras preparações para higiene bucal ou dentária;S;;Art. 681, XXVII e art. 684, §§ 4º-D e § 4º-E, XXV;69.66;64.35;55.52;41.38;;;;;;;;;;;;;01/07/2023;0019
PRODUTOS DE PERFUMARIA E DE HIGIENE PESSOAL E COSMÉTICOS;XIX;39.0;2003900;40149090;Chupetas e bicos para mamadeiras e para chupetas, de borracha;S;;Art. 681, XXVII e art. 684, §§ 4º-D e § 4º-E, XXV;69.66;64.35;55.52;41.38;;;;;;;;;;;;;01/07/2023;0019
PRODUTOS DE PERFUMARIA E DE HIGIENE PESSOAL E COSMÉTICOS;XIX;40.0;2004000;39249000;Chupetas e bicos para mamadeiras e para chupetas, de silicone;S;;Art. 681, XXVII e art. 684, §§ 4º-D e § 4º-E, XXV;69.66;64.35;55.52;41.38;;;;;;;;;;;;;01/07/2023;0019
PRODUTOS DE PERFUMARIA E DE HIGIENE PESSOAL E COSMÉTICOS;XIX;40.0;2004000;39269040;Chupetas e bicos para mamadeiras e para chupetas, de silicone;S;;Art. 681, XXVII e art. 684, §§ 4º-D e § 4º-E, XXV;69.66;64.35;55.52;41.38;;;;;;;;;;;;;01/07/2023;0019
PRODUTOS DE PERFUMARIA E DE HIGIENE PESSOAL E COSMÉTICOS;XIX;40.0;2004000;39269090;Chupetas e bicos para mamadeiras e para chupetas, de silicone;S;;Art. 681, XXVII e art. 684, §§ 4º-D e § 4º-E, XXV;69.66;64.35;55.52;41.38;;;;;;;;;;;;;01/07/2023;0019
PRODUTOS DE PERFUMARIA E DE HIGIENE PESSOAL E COSMÉTICOS;XIX;48.0;2004800;96190000;Fraldas, exceto os descritos no CEST 20.048.01;S;;Art. 681, XXVII e art. 684, §§ 4º-D e § 4º-E, XXV;69.66;64.35;55.52;41.38;;;;;;;;;;;;;01/07/2023;0019
PRODUTOS DE PERFUMARIA E DE HIGIENE PESSOAL E COSMÉTICOS;XIX;48.1;2004801;96190000;Fraldas de fibras têxteis;S;;Art. 681, XXVII e art. 684, §§ 4º-D e § 4º-E, XXV;69.66;64.35;55.52;41.38;;;;;;;;;;;;;01/07/2023;0019
PRODUTOS DE PERFUMARIA E DE HIGIENE PESSOAL E COSMÉTICOS;XIX;49.0;2004900;96190000;Tampões higiênicos;S;;Art. 681, XXVII e art. 684, §§ 4º-D e § 4º-E, XXV;69.66;64.35;55.52;41.38;;;;;;;;;;;;;01/07/2023;0019
PRODUTOS DE PERFUMARIA E DE HIGIENE PESSOAL E COSMÉTICOS;XIX;50.0;2005000;96190000;Absorventes higiênicos externos;S;;Art. 681, XXVII e art. 684, §§ 4º-D e § 4º-E, XXV;69.66;64.35;55.52;41.38;;;;;;;;;;;;;01/07/2023;0019
PRODUTOS DE PERFUMARIA E DE HIGIENE PESSOAL E COSMÉTICOS;XIX;51.0;2005100;56012190;Hastes flexíveis (uso não medicinal);S;;Art. 681, XXVII e art. 684, §§ 4º-D e § 4º-E, XXV;69.66;64.35;55.52;41.38;;;;;;;;;;;;;01/07/2023;0019
PRODUTOS DE PERFUMARIA E DE HIGIENE PESSOAL E COSMÉTICOS;XIX;58.0;2005800;96032100;Escovas de dentes, incluídas as escovas para dentaduras;S;;Art. 681, XXVII e art. 684, §§ 4º-D e § 4º-E, XXV;69.66;64.35;55.52;41.38;;;;;;;;;;;;;01/07/2023;0019
PRODUTOS DE PERFUMARIA E DE HIGIENE PESSOAL E COSMÉTICOS;XIX;63.0;2006300;39233000;Mamadeiras;S;;Art. 681, XXVII e art. 684, §§ 4º-D e § 4º-E, XXV;69.66;64.35;55.52;41.38;;;;;;;;;;;;;01/07/2023;0019
PRODUTOS DE PERFUMARIA E DE HIGIENE PESSOAL E COSMÉTICOS;XIX;63.0;2006300;39249000;Mamadeiras;S;;Art. 681, XXVII e art. 684, §§ 4º-D e § 4º-E, XXV;69.66;64.35;55.52;41.38;;;;;;;;;;;;;01/07/2023;0019
PRODUTOS DE PERFUMARIA E DE HIGIENE PESSOAL E COSMÉTICOS;XIX;63.0;2006300;39241000;Mamadeiras;S;;Art. 681, XXVII e art. 684, §§ 4º-D e § 4º-E, XXV;69.66;64.35;55.52;41.38;;;;;;;;;;;;;01/07/2023;0019
PRODUTOS DE PERFUMARIA E DE HIGIENE PESSOAL E COSMÉTICOS;XIX;63.0;2006300;40149090;Mamadeiras;S;;Art. 681, XXVII e art. 684, §§ 4º-D e § 4º-E, XXV;69.66;64.35;55.52;41.38;;;;;;;;;;;;;01/07/2023;0019
PRODUTOS DE PERFUMARIA E DE HIGIENE PESSOAL E COSMÉTICOS;XIX;63.0;2006300;70102000;Mamadeiras;S;;Art. 681, XXVII e art. 684, §§ 4º-D e § 4º-E, XXV;69.66;64.35;55.52;41.38;;;;;;;;;;;;;01/07/2023;0019
PRODUTOS DE PERFUMARIA E DE HIGIENE PESSOAL E COSMÉTICOS;XIX;64.0;2006400;82121020;Aparelhos e lâminas de barbear;S;PT 16/85;Art. 681, VIII e Item 13 da Tabela I do Anexo IX do RICMS/02;56;51.13;43;30;;;;;;;;;;;;;01/07/2023;0019
PRODUTOS DE PERFUMARIA E DE HIGIENE PESSOAL E COSMÉTICOS;XIX;64.0;2006400;82122010;Aparelhos e lâminas de barbear;S;PT 16/85;Art. 681, VIII e Item 13 da Tabela I do Anexo IX do RICMS/02;56;51.13;43;30;;;;;;;;;;;;;01/07/2023;0019
PRODUTOS ELETRÔNICOS, ELETROELETRÔNICOS E ELETRODOMÉSTICOS;XX;39.0;2103900;85078000;Outros acumuladores;S;PT 18/85;Art. 681, IX e Anexo IX, Tabela I, item 19 do RICMS/02;68;62.75;54;40;;;;;;;;;;19;1;19% + 1% (FECOEP);01.01.2016;0019
PRODUTOS ELETRÔNICOS, ELETROELETRÔNICOS E ELETRODOMÉSTICOS;XX;53.0;2105300;8517123;Telefones para redes celulares, exceto por satélite, os de uso automotivo e os classificados no CEST 21.053.01;S;;Art. 681, XVII e art. 684, § 4-E do RICMS/02;30.8;26.71;19.9;9;;;;;;;;;;19;1;19% + 1% (FECOEP);01.01.2016;0019
PRODUTOS ELETRÔNICOS, ELETROELETRÔNICOS E ELETRODOMÉSTICOS;XX;53.1;2105301;85171231;Telefones para redes celulares portáteis, exceto por satélite;S;;Art. 681, XVII e art. 684, § 4-E do RICMS/02;30.8;26.71;19.9;9;;;;;;;;;;19;1;19% + 1% (FECOEP);01.01.2016;0019
PRODUTOS ELETRÔNICOS, ELETROELETRÔNICOS E ELETRODOMÉSTICOS;XX;63.0;2106300;85235200;Cartões inteligentes ('smart cards');S;;Art. 681, XVII e art. 684, § 4-E do RICMS/02;30.8;26.71;19.9;9;;;;;;;;;;19;1;19% + 1% (FECOEP);01.01.2016;0019
PRODUTOS ELETRÔNICOS, ELETROELETRÔNICOS E ELETRODOMÉSTICOS;XX;64.0;2106400;85235200;Cartões inteligentes ('sim cards');S;;Art. 681, XVII e art. 684, § 4-E do RICMS/02;30.8;26.71;19.9;9;;;;;;;;;;19;1;19% + 1% (FECOEP);01.01.2016;0019
RAÇÕES PARA ANIMAIS DOMÉSTICOS;XXI;1;2200100;2309;Ração tipo “pet” para animais domésticos;S;PT 26/04;Art. 681, XIV e Anexo IX, Tabela I, item 43 do RICMS/02;77.42;71.87;62.63;46;;;;;;;;;;19;2;19% + 2% (FECOEP);04.10.2018;0019
SORVETES E PREPARADOS PARA FABRICAÇÃO DE SORVETES EM MÁQUINAS;XXII;1;2300100;210500;Sorvetes de qualquer espécie;S;PT 20/05;Art. 681, XV e Anexo IX, Tabela I, item 44 do RICMS/02;104;97.62;87;70;;;;;;;;;;19;1;19% + 1% (FECOEP);01/07/2023;0019
SORVETES E PREPARADOS PARA FABRICAÇÃO DE SORVETES EM MÁQUINAS;XXII;2;2300200;1806;Preparados para fabricação de sorvete em máquina;S;PT 20/05;Art. 681, XV e Anexo IX, Tabela I, item 44 do RICMS/02;413.6;397.55;370.8;328;;;;;;;;;;19;1;19% + 1% (FECOEP);01/07/2023;0019
SORVETES E PREPARADOS PARA FABRICAÇÃO DE SORVETES EM MÁQUINAS;XXII;2;2300200;1901;Preparados para fabricação de sorvete em máquina;S;PT 20/05;Art. 681, XV e Anexo IX, Tabela I, item 44 do RICMS/02;413.6;397.55;370.8;328;;;;;;;;;;19;1;19% + 1% (FECOEP);01/07/2023;0019
SORVETES E PREPARADOS PARA FABRICAÇÃO DE SORVETES EM MÁQUINAS;XXII;2;2300200;2106;Preparados para fabricação de sorvete em máquina;S;PT 20/05;Art. 681, XV e Anexo IX, Tabela I, item 44 do RICMS/02;413.6;397.55;370.8;328;;;;;;;;;;19;1;19% + 1% (FECOEP);01/07/2023;0019
SORVETES E PREPARADOS PARA FABRICAÇÃO DE SORVETES EM MÁQUINAS;XXII;2;2300200;0404;Preparados para fabricação de sorvete em máquina;S;PT 20/05;Art. 681, XV e Anexo IX, Tabela I, item 44 do RICMS/02;413.6;397.55;370.8;328;;;;;;;;;;19;1;19% + 1% (FECOEP);01/07/2023;0019
TINTAS E VERNIZES;XXIII;1;2400100;3208;Tintas, vernizes;S;CV 118/17;Art. 681, V e 684, § 4º-E, I, 'a' do RICMS/02;62;56.94;48.5;35;;;;;;;;;;19;1;19% + 1% (FECOEP);01.01.2018;0019
TINTAS E VERNIZES;XXIII;1;2400100;3209;Tintas, vernizes;S;CV 118/17;Art. 681, V e 684, § 4º-E, I, 'a' do RICMS/02;62;56.94;48.5;35;;;;;;;;;;19;1;19% + 1% (FECOEP);01.01.2018;0019
TINTAS E VERNIZES;XXIII;1;2400100;321000;Tintas, vernizes;S;CV 118/17;Art. 681, V e 684, § 4º-E, I, 'a' do RICMS/02;62;56.94;48.5;35;;;;;;;;;;19;1;19% + 1% (FECOEP);01.01.2018;0019
TINTAS E VERNIZES;XXIII;2;2400200;2821;Xadrez e pós assemelhados, exceto pigmentos à base de dióxido de titânio classificados no código 3206.11.19;S;CV 118/17;Art. 681, V e 684, § 4º-E, I, 'a' do RICMS/02;62;56.94;48.5;35;;;;;;;;;;19;1;19% + 1% (FECOEP);01.01.2018;0019
TINTAS E VERNIZES;XXIII;2;2400200;32041700;Xadrez e pós assemelhados, exceto pigmentos à base de dióxido de titânio classificados no código 3206.11.19;S;CV 118/17;Art. 681, V e 684, § 4º-E, I, 'a' do RICMS/02;62;56.94;48.5;35;;;;;;;;;;19;1;19% + 1% (FECOEP);01.01.2018;0019
TINTAS E VERNIZES;XXIII;2;2400200;3206;Xadrez e pós assemelhados, exceto pigmentos à base de dióxido de titânio classificados no código 3206.11.19;S;CV 118/17;Art. 681, V e 684, § 4º-E, I, 'a' do RICMS/02;62;56.94;48.5;35;;;;;;;;;;19;1;19% + 1% (FECOEP);01.01.2018;0019
TINTAS E VERNIZES;XXIII;3;2400300;3204;Corantes para aplicação em bases, tintas e vernizes;S;CV 118/17;Art. 681, V e 684, § 4º-E, I, 'b' do RICMS/02;80;74.38;65;50;;;;;;;;;;19;1;19% + 1% (FECOEP);01.01.2018;0019
TINTAS E VERNIZES;XXIII;3;2400300;32050000;Corantes para aplicação em bases, tintas e vernizes;S;CV 118/17;Art. 681, V e 684, § 4º-E, I, 'b' do RICMS/02;80;74.38;65;50;;;;;;;;;;19;1;19% + 1% (FECOEP);01.01.2018;0019
TINTAS E VERNIZES;XXIII;3;2400300;3206;Corantes para aplicação em bases, tintas e vernizes;S;CV 118/17;Art. 681, V e 684, § 4º-E, I, 'b' do RICMS/02;80;74.38;65;50;;;;;;;;;;19;1;19% + 1% (FECOEP);01.01.2018;0019
TINTAS E VERNIZES;XXIII;3;2400300;3212;Corantes para aplicação em bases, tintas e vernizes;S;CV 118/17;Art. 681, V e 684, § 4º-E, I, 'b' do RICMS/02;80;74.38;65;50;;;;;;;;;;19;1;19% + 1% (FECOEP);01.01.2018;0019
VEÍCULOS AUTOMOTORES;XXIV;1;2500100;87021000;Veículos automóveis para transporte de 10 pessoas ou mais, incluindo o motorista, com motor de pistão, de ignição por compressão (diesel ou semidiesel), com volume interno de habitáculo, destinado a passageiros e motorista, superior a 6 m³, mas inferior a 9 m³;S;CV 199/17;Art. 691, I e 693 do RICMS/02;41.82;37.39;30;30;;;;;;;;;;;0;;01.01.2018;0019
VEÍCULOS AUTOMOTORES;XXIV;2;2500200;87029090;Outros veículos automóveis para transporte de 10 pessoas ou mais, incluindo o motorista, com volume interno de habitáculo, destinado a passageiros e motorista, superior a 6 m³, mas inferior a 9 m³;S;CV 199/17;Art. 691, I e 693 do RICMS/02;41.82;37.39;30;30;;;;;;;;;;;0;;01.01.2018;0019
VEÍCULOS AUTOMOTORES;XXIV;3;2500300;87032100;Automóveis com motor explosão, de cilindrada não superior a 1000 cm³;S;CV 199/17;Art. 691, I e 693 do RICMS/02;41.82;37.39;30;30;;;;;;;;;;;0;;01.01.2018;0019
VEÍCULOS AUTOMOTORES;XXIV;4;2500400;87032210;Automóveis com motor explosão, de cilindrada superior a 1000 cm³, mas não superior a 1500 cm³, com capacidade de transporte de pessoas sentadas inferior ou igual a 6, incluído o condutor, exceto carro celular;S;CV 199/17;Art. 691, I e 693 do RICMS/02;41.82;37.39;30;30;;;;;;;;;;;0;;01.01.2018;0019
VEÍCULOS AUTOMOTORES;XXIV;5;2500500;87032290;Outros automóveis com motor explosão, de cilindrada superior a 1000 cm³, mas não superior a 1500 cm³, exceto carro celular;S;CV 199/17;Art. 691, I e 693 do RICMS/02;41.82;37.39;30;30;;;;;;;;;;;0;;01.01.2018;0019
VEÍCULOS AUTOMOTORES;XXIV;6;2500600;87032310;Automóveis com motor explosão, de cilindrada superior a 1500 cm³, mas não superior a 3000 cm³, com capacidade de transporte de pessoas sentadas inferior ou igual a 6, incluído o condutor, exceto carro celular, carro funerário e automóveis de corrida;S;CV 199/17;Art. 691, I e 693 do RICMS/02;41.82;37.39;30;30;;;;;;;;;;;0;;01.01.2018;0019
VEÍCULOS AUTOMOTORES;XXIV;7;2500700;87032390;Outros automóveis com motor explosão, de cilindrada superior a 1500 cm³, mas não superior a 3000 cm³, exceto carro celular, carro funerário e automóveis de corrida;S;CV 199/17;Art. 691, I e 693 do RICMS/02;41.82;37.39;30;30;;;;;;;;;;;0;;01.01.2018;0019
VEÍCULOS AUTOMOTORES;XXIV;8;2500800;87032410;Automóveis com motor explosão, de cilindrada superior a 3000 cm³, com capacidade de transporte de pessoas sentadas inferior ou igual a 6, incluído o condutor, exceto carro celular, carro funerário e automóveis de corrida;S;CV 199/17;Art. 691, I e 693 do RICMS/02;41.82;37.39;30;30;;;;;;;;;;;0;;01.01.2018;0019
VEÍCULOS AUTOMOTORES;XXIV;9;2500900;87032490;Outros automóveis com motor explosão, de cilindrada superior a 3000 cm³, exceto carro celular, carro funerário e automóveis de corrida;S;CV 199/17;Art. 691, I e 693 do RICMS/02;41.82;37.39;30;30;;;;;;;;;;;0;;01.01.2018;0019
VEÍCULOS AUTOMOTORES;XXIV;10;2501000;87033210;Automóveis com motor diesel ou semidiesel, de cilindrada superior a 1500 cm³, mas não superior a 2500 cm³, com capacidade de transporte de pessoas sentadas inferior ou igual a 6, incluído o condutor, exceto ambulância, carro celular e carro funerário;S;CV 199/17;Art. 691, I e 693 do RICMS/02;41.82;37.39;30;30;;;;;;;;;;;0;;01.01.2018;0019
VEÍCULOS AUTOMOTORES;XXIV;11;2501100;87033290;Outros automóveis com motor diesel ou semidiesel, de cilindrada superior a 1500 cm³, mas não superior a 2500 cm³, exceto ambulância, carro celular e carro funerário;S;CV 199/17;Art. 691, I e 693 do RICMS/02;41.82;37.39;30;30;;;;;;;;;;;0;;01.01.2018;0019
VEÍCULOS AUTOMOTORES;XXIV;12;2501200;87033310;Automóveis com motor diesel ou semidiesel, de cilindrada superior a 2500 cm³, com capacidade de transporte de pessoas sentadas inferior ou igual a 6, incluído o condutor, exceto carro celular e carro funerário;S;CV 199/17;Art. 691, I e 693 do RICMS/02;41.82;37.39;30;30;;;;;;;;;;;0;;01.01.2018;0019
VEÍCULOS AUTOMOTORES;XXIV;13;2501300;87033390;Outros automóveis com motor diesel ou semidiesel, de cilindrada superior a 2500 cm³, exceto carro celular e carro funerário;S;CV 199/17;Art. 691, I e 693 do RICMS/02;41.82;37.39;30;30;;;;;;;;;;;0;;01.01.2018;0019
VEÍCULOS AUTOMOTORES;XXIV;14;2501400;87042110;Veículos automóveis para transporte de mercadorias, de peso em carga máxima não superior a 5 toneladas, chassis com motor diesel ou semidiesel e cabina, exceto caminhão de peso em carga máxima superior a 3,9 toneladas;S;CV 199/17;Art. 691, I e 693 do RICMS/02;41.82;37.39;30;30;;;;;;;;;;;0;;01.01.2018;0019
VEÍCULOS AUTOMOTORES;XXIV;15;2501500;87042120;Veículos automóveis para transporte de mercadorias, de peso em carga máxima não superior a 5 toneladas, com motor diesel ou semidiesel, com caixa basculante, exceto caminhão de peso em carga máxima superior a 3,9 toneladas;S;CV 199/17;Art. 691, I e 693 do RICMS/02;41.82;37.39;30;30;;;;;;;;;;;0;;01.01.2018;0019
VEÍCULOS AUTOMOTORES;XXIV;16;2501600;87042130;Veículos automóveis para transporte de mercadorias, de peso em carga máxima não superior a 5 toneladas, frigoríficos ou isotérmicos, com motor diesel ou semidiesel, exceto caminhão de peso em carga máxima superior a 3,9 toneladas;S;CV 199/17;Art. 691, I e 693 do RICMS/02;41.82;37.39;30;30;;;;;;;;;;;0;;01.01.2018;0019
VEÍCULOS AUTOMOTORES;XXIV;17;2501700;87042190;Outros veículos automóveis para transporte de mercadorias, de peso em carga máxima não superior a 5 toneladas, com motor diesel ou semidiesel, exceto carro-forte para transporte de valores e caminhão de peso em carga máxima superior a 3,9 toneladas;S;CV 199/17;Art. 691, I e 693 do RICMS/02;41.82;37.39;30;30;;;;;;;;;;;0;;01.01.2018;0019
VEÍCULOS AUTOMOTORES;XXIV;18;2501800;87043110;Veículos automóveis para transporte de mercadorias, de peso em carga máxima não superior a 5 toneladas, com motor a explosão, chassis e cabina, exceto caminhão de peso em carga máxima superior a 3,9 toneladas;S;CV 199/17;Art. 691, I e 693 do RICMS/02;41.82;37.39;30;30;;;;;;;;;;;0;;01.01.2018;0019
VEÍCULOS AUTOMOTORES;XXIV;19;2501900;87043120;Veículos automóveis para transporte de mercadorias, de peso em carga máxima não superior a 5 toneladas, com motor explosão com caixa basculante, exceto caminhão de peso em carga máxima superior a 3,9 toneladas;S;CV 199/17;Art. 691, I e 693 do RICMS/02;41.82;37.39;30;30;;;;;;;;;;;0;;01.01.2018;0019
VEÍCULOS AUTOMOTORES;XXIV;20;2502000;87043130;Veículos automóveis para transporte de mercadorias, de peso em carga máxima não superior a 5 toneladas, frigoríficos ou isotérmicos com motor explosão, exceto caminhão de peso em carga máxima superior a 3,9 toneladas;S;CV 199/17;Art. 691, I e 693 do RICMS/02;41.82;37.39;30;30;;;;;;;;;;;0;;01.01.2018;0019
VEÍCULOS AUTOMOTORES;XXIV;21;2502100;87043190;Outros veículos automóveis para transporte de mercadorias, de peso em carga máxima não superior a 5 toneladas, com motor a explosão, exceto carro-forte para transporte de valores e caminhão de peso em carga máxima superior a 3,9 toneladas;S;CV 199/17;Art. 691, I e 693 do RICMS/02;41.82;37.39;30;30;;;;;;;;;;;0;;01.01.2018;0019
VEÍCULOS AUTOMOTORES;XXIV;22;2502200;87022000;Veículos automóveis para transporte de 10 pessoas ou mais, incluindo o motorista, com motor de pistão, de ignição por compressão (diesel ou semidiesel) e um motor elétrico, com volume interno de habitáculo, destinado a passageiros e motorista, superior a 6 m³, mas inferior a 9 m³;S;CV 199/17;Art. 691, I e 693 do RICMS/02;41.82;37.39;30;30;;;;;;;;;;;0;;01.01.2018;0019
VEÍCULOS AUTOMOTORES;XXIV;23;2502300;87023000;Veículos automóveis para transporte de 10 pessoas ou mais, incluindo o motorista, com motor de pistão alternativo, de ignição por centelha (faísca) e um motor elétrico, com volume interno de habitáculo, destinado a passageiros e motorista, superior a 6 m³, mas inferior a 9 m³;S;CV 199/17;Art. 691, I e 693 do RICMS/02;41.82;37.39;30;30;;;;;;;;;;;0;;01.01.2018;0019
VEÍCULOS AUTOMOTORES;XXIV;24;2502400;87029000;Outros veículos automóveis para transporte de 10 pessoas ou mais, incluindo o motorista, com volume interno de habitáculo, destinado a passageiros e motorista, superior a 6 m³, mas inferior a 9 m³;S;CV 199/17;Art. 691, I e 693 do RICMS/02;41.82;37.39;30;30;;;;;;;;;;;0;;01.01.2018;0019
VEÍCULOS AUTOMOTORES;XXIV;25;2502500;87034000;Automóveis equipados para propulsão, simultaneamente, com um motor de pistão alternativo de ignição por centelha (faísca*) e um motor elétrico, exceto os suscetíveis de serem carregados por conexão a uma fonte externa de energia elétrica, o carro celular e o carro funerário;S;CV 199/17;Art. 691, I e 693 do RICMS/02;41.82;37.39;30;30;;;;;;;;;;;0;;01.01.2018;0019
VEÍCULOS AUTOMOTORES;XXIV;26;2502600;87035000;Automóveis equipados para propulsão, simultaneamente, com um motor de pistão por compressão (diesel ou semidiesel) e um motor elétrico, exceto os suscetíveis de serem carregados por conexão a uma fonte externa de energia elétrica, exceto o carro celular e o carro funerário;S;CV 199/17;Art. 691, I e 693 do RICMS/02;41.82;37.39;30;30;;;;;;;;;;;0;;01.01.2018;0019
VEÍCULOS AUTOMOTORES;XXIV;27;2502700;87036000;Automóveis equipados para propulsão, simultaneamente, com um motor de pistão alternativo de ignição por centelha (faísca*) e um motor elétrico, suscetíveis de serem carregados por conexão a uma fonte externa de energia elétrica, exceto o carro celular e o carro funerário;S;CV 199/17;Art. 691, I e 693 do RICMS/02;41.82;37.39;30;30;;;;;;;;;;;0;;01.01.2018;0019
VEÍCULOS AUTOMOTORES;XXIV;28;2502800;87037000;Automóveis equipados para propulsão, simultaneamente, com um motor de pistão por compressão (diesel ou semidiesel) e um motor elétrico, suscetíveis de serem carregados por conexão a uma fonte externa de energia elétrica, exceto o carro celular e o carro funerário;S;CV 199/17;Art. 691, I e 693 do RICMS/02;41.82;37.39;30;30;;;;;;;;;;;0;;01.01.2018;0019
VEÍCULOS AUTOMOTORES;XXIV;29;2502900;87038000;Outros veículos, equipados unicamente com motor elétrico para propulsão;S;CV 199/17;Art. 691, I e 693 do RICMS/02;41.82;37.39;30;30;;;;;;;;;;;0;;01.01.2018;0019
VEÍCULOS DE DUAS E TRÊS RODAS MOTORIZADOS;XXV;1;2600100;8711;Motocicletas (incluídos os ciclomotores) e outros ciclos equipados com motor auxiliar, mesmo com carro lateral , carros laterais;S;CV 200/17;Art. 691, II e 693 do RICMS/02;46.18;41.61;34;34;;;;;;;;;;;0;;01/07/2023;0019
