ncm;aliquota;descricao
01012100;NT;"Reprodutores de raça pura"
01012900;NT;"Outros"
01013000;NT;"Asininos"
01019000;NT;"Outros"
01022110;NT;"Prenhes ou com cria ao pé"
01022190;NT;"Outros"
01022911;NT;"Prenhes ou com cria ao pé"
01022919;NT;"Outros"
01022990;NT;"Outros"
01023110;NT;"Prenhes ou com cria ao pé"
01023190;NT;"Outros"
01023911;NT;"Prenhes ou com cria ao pé"
01023919;NT;"Outros"
01023990;NT;"Outros"
01029000;NT;"Outros"
01031000;NT;"Reprodutores de raça pura"
01039100;NT;"De peso inferior a 50 kg"
01039200;NT;"De peso igual ou superior a 50 kg"
01041011;NT;"Prenhes ou com cria ao pé"
01041019;NT;"Outros"
01041090;NT;"Outros"
01042010;NT;"Reprodutores de raça pura"
01042090;NT;"Outros"
01051110;NT;"De linhas puras ou híbridas, para reprodução"
01051190;NT;"Outros"
01051200;NT;"Peruas e perus"
01051300;NT;"Patos"
01051400;NT;"Gansos"
01051500;NT;"Galinhas-d'angola (pintadas)"
01059400;NT;"Aves da espécie Gallus domesticus"
01059900;NT;"Outros"
01061100;NT;"Primatas"
01061200;NT;"Baleias, golfinhos e botos (mamíferos da ordem Cetacea); peixes-boi (manatins) e dugongos
(mamíferos da ordem Sirenia); otárias e focas, leões-marinhos e morsas (mamíferos da
subordem Pinnipedia)"
01061300;NT;"Camelos e outros camelídeos (Camelidae)"
01061400;NT;"Coelhos e lebres"
01061900;NT;"Outros"
01062000;NT;"Répteis (incluindo as serpentes e as tartarugas marinhas)"
01063100;NT;"Aves de rapina"
01063200;NT;"Psitaciformes (incluindo os papagaios, os periquitos, as araras e as catatuas)"
01063310;NT;"Avestruzes (Struthio camelus), para reprodução"
01063390;NT;"Outros"
01063900;NT;"Outras"
01064100;NT;"Abelhas"
01064900;NT;"Outros"
01069000;NT;"Outros"
02011000;0;"Carcaças e meias-carcaças"
02012010;0;"Quartos dianteiros"
02012020;0;"Quartos traseiros"
02012090;0;"Outras"
02013000;0;"Desossadas"
02021000;0;"Carcaças e meias-carcaças"
02022010;0;"Quartos dianteiros"
02022020;0;"Quartos traseiros"
02022090;0;"Outras"
02023000;0;"Desossadas"
02031100;0;"Carcaças e meias-carcaças"
02031200;0;"Pernas, pás e respectivos pedaços, não desossados"
02031900;0;"Outras"
02032100;0;"Carcaças e meias-carcaças"
02032200;0;"Pernas, pás e respectivos pedaços, não desossados"
02032900;0;"Outras"
02041000;0;"Carcaças e meias-carcaças de cordeiro, frescas ou refrigeradas"
02042100;0;"Carcaças e meias-carcaças"
02042200;0;"Outras peças não desossadas"
02042300;0;"Desossadas"
02043000;0;"Carcaças e meias-carcaças de cordeiro, congeladas"
02044100;0;"Carcaças e meias-carcaças"
02044200;0;"Outras peças não desossadas"
02044300;0;"Desossadas"
02045000;0;"Carnes de animais da espécie caprina"
02050000;0;"Carnes de animais das espécies cavalar, asinina e muar, frescas, refrigeradas ou congeladas."
02061000;0;"Da espécie bovina, frescas ou refrigeradas"
02062100;0;"Línguas"
02062200;0;"Fígados"
02062910;0;"Rabos"
02062990;0;"Outros"
02063000;0;"Da espécie suína, frescas ou refrigeradas"
02064100;0;"Fígados"
02064900;0;"Outras"
02068000;0;"Outras, frescas ou refrigeradas"
02069000;0;"Outras, congeladas"
02071100;0;"Não cortadas em pedaços, frescas ou refrigeradas"
02071210;0;"Com miudezas"
02071220;0;"Sem miudezas"
02071300;0;"Pedaços e miudezas, frescos ou refrigerados"
02071411;0;"Peitos"
02071412;0;"Coxas com sobrecoxas"
02071413;0;"Asas"
02071419;0;"Outros"
02071421;0;"Peitos, coxas e sobrecoxas, formando uma só peça"
02071422;0;"Peitos"
02071423;0;"Coxas com sobrecoxas"
02071424;0;"Carne mecanicamente separada"
02071429;0;"Outros"
02071431;0;"Fígados"
02071432;0;"Moelas"
02071433;0;"Corações"
02071434;0;"Pés e patas"
02071439;0;"Outras"
02072400;0;"Não cortadas em pedaços, frescas ou refrigeradas"
02072500;0;"Não cortadas em pedaços, congeladas"
02072600;0;"Pedaços e miudezas, frescos ou refrigerados"
02072700;0;"Pedaços e miudezas, congelados"
02074100;0;"Não cortadas em pedaços, frescas ou refrigeradas"
02074200;0;"Não cortadas em pedaços, congeladas"
02074300;0;"Fígados gordos (foies gras), frescos ou refrigerados"
02074400;0;"Outras, frescas ou refrigeradas"
02074500;0;"Outras, congeladas"
02075100;0;"Não cortadas em pedaços, frescas ou refrigeradas"
02075200;0;"Não cortadas em pedaços, congeladas"
02075300;0;"Fígados gordos (foies gras), frescos ou refrigerados"
02075400;0;"Outras, frescas ou refrigeradas"
02075500;0;"Outras, congeladas"
02076000;0;"De galinhas-d'angola (pintadas)"
02081000;0;"De coelhos ou lebres"
02083000;0;"De primatas"
02084000;0;"De baleias, golfinhos e botos (mamíferos da ordem Cetacea); de peixes-boi (manatins) e dugongos
(mamíferos da ordem Sirenia); de otárias e focas, leões-marinhos e morsas (mamíferos da
subordem Pinnipedia)"
02085000;0;"De répteis (incluindo as serpentes e as tartarugas marinhas)"
02086000;0;"De camelos e outros camelídeos (Camelidae)"
02089000;0;"Outras"
02091011;0;"Fresco, refrigerado ou congelado"
02091019;0;"Outros"
02091021;0;"Fresca, refrigerada ou congelada"
02091029;0;"Outras"
02099000;0;"Outros"
02101100;0;"Pernas, pás e respectivos pedaços, não desossados"
02101200;0;"Toucinhos entremeados (Barrigas (entremeadas)*) e seus pedaços"
02101900;0;"Outras"
02102000;0;"Carnes da espécie bovina"
02109100;0;"De primatas"
02109200;0;"De baleias, golfinhos e botos (mamíferos da ordem Cetacea); de peixes-boi (manatins) e dugongos (mamíferos da ordem Sirenia); de otárias e focas, leões-marinhos e morsas (mamíferos da subordem Pinnipedia)"
02109300;0;"De répteis (incluindo as serpentes e as tartarugas marinhas)"
02109911;0;"De galos e de galinhas"
02109919;0;"Outras"
02109920;0;"Carnes da espécie ovina"
02109930;0;"Carnes da espécie cavalar"
02109940;NT;"Miudezas comestíveis"
02109990;0;"Outras"
03011110;NT;"Aruanã (Osteoglossum bicirrhosum)"
03011190;NT;"Outros"
03011900;NT;"Outros"
03019110;NT;"Para reprodução"
03019190;NT;"Outras"
03019210;NT;"Para reprodução"
03019290;NT;"Outras"
03019310;NT;"Para reprodução"
03019390;NT;"Outras"
03019410;NT;"Para reprodução"
03019490;NT;"Outras"
03019510;NT;"Para reprodução"
03019590;NT;"Outros"
03019911;NT;"Tilápias (Tilapia spp., Oreochromis spp., Sarotherodon spp., Danakilia spp.; seus híbridos)"
03019912;NT;"Esturjões (Acipenser baerii, Acipenser gueldenstaedtii, Acipenser persicus, Acipenser stellatus)"
03019919;NT;"Outros"
03019991;NT;"Tilápias (Tilapia spp., Oreochromis spp., Sarotherodon spp., Danakilia spp.; seus híbridos)"
03019992;NT;"Esturjões (Acipenser baerii, Acipenser gueldenstaedtii, Acipenser persicus, Acipenser stellatus)"
03019999;NT;"Outros"
03021100;0;"Trutas (Salmo trutta, Oncorhynchus mykiss, Oncorhynchus clarki, Oncorhynchus aguabonita, Oncorhynchus gilae, Oncorhynchus apache e Oncorhynchus chrysogaster)"
03021300;0;"Salmões-do-pacífico (Oncorhynchus nerka, Oncorhynchus gorbuscha, Oncorhynchus keta, Oncorhynchus tschawytscha, Oncorhynchus kisutch, Oncorhynchus masou e Oncorhynchus rhodurus)"
03021400;0;"Salmão-do-atlântico (Salmo salar) e salmão-do-danúbio (Hucho hucho)"
03021900;0;"Outros"
03022100;0;"Linguados-gigantes (Alabotes*) (Reinhardtius hippoglossoides, Hippoglossus hippoglossus, Hippoglossus stenolepis)"
03022200;0;"Solha (Pleuronectes platessa)"
03022300;0;"Linguados (Solea spp.)"
03022400;0;"Pregado (Psetta maxima)"
03022900;0;"Outros"
03023100;0;"Albacora-branca (atum) (Thunnus alalunga)"
03023200;0;"Albacora-laje (atum) (Thunnus albacares)"
03023300;0;"Bonito-listrado (Gaiado*) (Katsuwonus pelamis)"
03023400;0;"Albacora-bandolim (atum) (Thunnus obesus)"
03023500;0;"Atuns-azuis (atuns) (Thunnus thynnus, Thunnus orientalis)"
03023600;0;"Atum-azul do sul (atum) (Thunnus maccoyii)"
03023900;0;"Outros"
03024100;0;"Arenques (Clupea harengus, Clupea pallasii)"
03024210;0;"Anchoita (Engraulis anchoita)"
03024290;0;"Outros"
03024300;0;"Sardinhas (Sardina pilchardus, Sardinops spp., Sardinella spp.) (Sardinha (Sardina pilchardus) e sardinelas (Sardinops spp., Sardinella spp.)*), anchoveta (espadilha*) (Sprattus sprattus)"
03024400;0;"Cavalinhas (Sardas e cavalas*) (Scomber scombrus, Scomber australasicus, Scomber japonicus)"
03024500;0;"Carapaus (Trachurus spp.)"
03024600;0;"Bijupirá (Cobia*) (Rachycentron canadum)"
03024700;0;"Espadarte (Xiphias gladius)"
03024910;0;"Espadins, marlins, veleiros (Istiophoridae)"
03024990;0;"Outros"
03025100;0;"Bacalhau-do-atlântico (Gadus morhua), bacalhau-da-groelândia (Gadus ogac) e bacalhau-do-pacífico (Gadus macrocephalus)"
03025200;0;"Hadoque (Arinca*) (Melanogrammus aeglefinus)"
03025300;0;"Saithe (Escamudo*) (Pollachius virens)"
03025400;0;"Merluzas (Pescadas*) e abróteas (Merluccius spp., Urophycis spp.)"
03025500;0;"Polaca-do-alasca (Escamudo-do-alasca*) (Theragra chalcogramma)"
03025600;0;"Verdinhos (Micromesistius poutassou, Micromesistius australis)"
03025900;0;"Outros"
03027100;0;"Tilápias (Oreochromis spp.)"
03027210;0;"Bagre americano (Ictalurus punctatus)"
03027290;0;"Outros"
03027300;0;"Carpas (Cyprinus spp., Carassius spp., Ctenopharyngodon idellus, Hypophthalmichthys spp., Cirrhinus spp., Mylopharyngodon piceus, Catla catla, Labeo spp., Osteochilus hasselti, Leptobarbus hoeveni, Megalobrama spp.)"
03027400;0;"Enguias (Anguilla spp.)"
03027900;0;"Outros"
03028100;0;"Cação e outros tubarões"
03028200;0;"Raias (Rajidae)"
03028310;0;"Merluza negra (Dissostichus eleginoides)"
03028320;0;"Merluza antártica (Dissostichus mawsoni)"
03028400;0;"Robalos (Dicentrarchus spp.)"
03028500;0;"Esparídeos (Sparidae)"
03028910;0;"Pargo (Lutjanus purpureus)"
03028921;0;"Cherne-poveiro (Polyprion americanus)"
03028922;0;"Garoupas (Acanthistius spp.)"
03028923;0;"Esturjão (Acipenser baerii)"
03028924;0;"Peixes-rei (Atherina spp.)"
03028931;0;"Curimatãs (Prochilodus spp.)"
03028932;0;"Tilápias (Tilapia spp., Sarotherodon spp., Danakilia spp.; seus híbridos)"
03028933;0;"Surubins (Pseudoplatystoma spp.)"
03028934;0;"Traíra (Hoplias malabaricus & H. cf. lacerdae)"
03028935;0;"Piaus (Leporinus spp.)"
03028936;0;"Tainhas (Mugil spp.)"
03028937;0;"Pirarucu (Arapaima gigas)"
03028938;0;"Pescadas (Cynoscion spp.)"
03028941;0;"Piramutaba (Brachyplatystoma vaillantii)"
03028942;0;"Dourada (Brachyplatystoma flavicans)"
03028943;0;"Pacu (Piaractus mesopotamicus)"
03028944;0;"Tambaqui (Colossoma macropomum)"
03028945;0;"Tambacu (híbrido de tambaqui e pacu)"
03028990;0;"Outros"
03029110;0;"Ovas de tainhas (Mugil spp.)"
03029190;0;"Outros"
03029200;0;"Barbatanas de tubarão"
03029900;0;"Outros"
03031100;0;"Salmão-do-pacífico (salmão-vermelho) (Oncorhynchus nerka)"
03031200;0;"Outros salmões-do-pacífico (Oncorhynchus gorbuscha, Oncorhynchus keta, Oncorhynchus tschawytscha, Oncorhynchus kisutch, Oncorhynchus masou e Oncorhynchus rhodurus)"
03031300;0;"Salmão-do-atlântico (Salmo salar) e salmão-do-danúbio (Hucho hucho)"
03031400;0;"Trutas (Salmo trutta, Oncorhynchus mykiss, Oncorhynchus clarki, Oncorhynchus aguabonita, Oncorhynchus gilae, Oncorhynchus apache e Oncorhynchus chrysogaster)"
03031900;0;"Outros"
03032300;0;"Tilápias (Oreochromis spp.)"
03032410;0;"Bagre americano (Ictalurus punctatus)"
03032490;0;"Outros"
03032500;0;"Carpas (Cyprinus spp., Carassius spp., Ctenopharyngodon idellus, Hypophthalmichthys spp., Cirrhinus spp., Mylopharyngodon piceus, Catla catla, Labeo spp., Osteochilus hasselti, Leptobarbus hoeveni, Megalobrama spp.)"
03032600;0;"Enguias (Anguilla spp.)"
03032900;0;"Outros"
03033100;0;"Linguados-gigantes (Alabotes*) (Reinhardtius hippoglossoides, Hippoglossus hippoglossus,
Hippoglossus stenolepis)"
03033200;0;"Solha (Pleuronectes platessa)"
03033300;0;"Linguados (Solea spp.)"
03033400;0;"Pregado (Psetta maxima)"
03033900;0;"Outros"
03034100;0;"Albacora-branca (atum) (Thunnus alalunga)"
03034200;0;"Albacora-laje (atum) (Thunnus albacares)"
03034300;0;"Bonito-listrado (Gaiado*) (Katsuwonus pelamis)"
03034400;0;"Albacora-bandolim (atum) (Thunnus obesus)"
03034500;0;"Atuns-azuis (atuns) (Thunnus thynnus, Thunnus orientalis)"
03034600;0;"Atum-azul do sul (atum) (Thunnus maccoyii)"
03034900;0;"Outros"
03035100;0;"Arenques (Clupea harengus, Clupea pallasii)"
03035300;0;"Sardinhas (Sardina pilchardus, Sardinops spp., Sardinella spp.) (Sardinha (Sardina pilchardus) e sardinelas (Sardinops spp., Sardinella spp.)*), anchoveta (espadilha*) (Sprattus sprattus)"
03035400;0;"Cavalinhas (Sardas e cavalas*) (Scomber scombrus, Scomber australasicus, Scomber japonicus)"
03035500;0;"Carapaus (Trachurus spp.)"
03035600;0;"Bijupirá (Cobia*) (Rachycentron canadum)"
03035700;0;"Espadarte (Xiphias gladius)"
03035910;0;"Espadins, marlins, veleiros (Istiophoridae)"
03035920;0;"Anchoita (Engraulis anchoita)"
03035990;0;"Outros"
03036300;0;"Bacalhau-do-atlântico (Gadus morhua), bacalhau-da-groelândia (Gadus ogac) e bacalhau-do-pacífico (Gadus macrocephalus)"
03036400;0;"Hadoque (Arinca*) (Melanogrammus aeglefinus)"
03036500;0;"Saithe (Escamudo*) (Pollachius virens)"
03036600;0;"Merluzas (Pescadas*) e abróteas (Merluccius spp., Urophycis spp.)"
03036700;0;"Polaca-do-alasca (Escamudo-do-alasca*) (Theragra chalcogramma)"
03036800;0;"Verdinhos (Micromesistius poutassou, Micromesistius australis)"
03036910;0;"Merluza rosada (Macruronus magellanicus)"
03036990;0;"Outros"
03038111;0;"Inteiro"
03038112;0;"Eviscerado, sem cabeça e sem barbatanas"
03038113;0;"Em pedaços, com pele"
03038114;0;"Em pedaços, sem pele"
03038119;0;"Outros"
03038190;0;"Outros"
03038200;0;"Raias (Rajidae)"
03038311;0;"Evisceradas, sem cabeça e sem cauda"
03038319;0;"Outras"
03038321;0;"Evisceradas, sem cabeça e sem cauda"
03038329;0;"Outras"
03038400;0;"Robalos (Dicentrarchus spp.)"
03038910;0;"Corvina (Micropogonias furnieri)"
03038920;0;"Pescadas (Cynoscion spp.)"
03038932;0;"Pargo (Lutjanus purpureus)"
03038933;0;"Peixe-sapo (Lophius gastrophysus)"
03038941;0;"Cherne-poveiro (Polyprion americanus)"
03038942;0;"Garoupas (Acanthistius spp.)"
03038943;0;"Tainhas (Mugil spp.)"
03038944;0;"Esturjões (Acipenser baerii, Acipenser gueldenstaedtii, Acipenser persicus, Acipenser stellatus)"
03038945;0;"Peixes-rei (Atherina spp.)"
03038946;0;"Nototenias (Patagonotothen spp.)"
03038951;0;"Curimatãs (Prochilodus spp.)"
03038952;0;"Tilápias (Tilapia spp., Sarotherodon spp., Danakilia spp.; seus híbridos)"
03038953;0;"Surubins (Pseudoplatystoma spp.)"
03038954;0;"Traíra (Hoplias malabaricus & H. cf. lacerdae)"
03038955;0;"Piaus (Leporinus spp.)"
03038956;0;"Pirarucu (Arapaima gigas)"
03038961;0;"Piramutaba (Brachyplatystoma vaillantii)"
03038962;0;"Dourada (Brachyplatystoma flavicans)"
03038963;0;"Pacu (Piaractus mesopotamicus)"
03038964;0;"Tambaqui (Colossoma macropomum)"
03038965;0;"Tambacu (híbrido de tambaqui e pacu)"
03038990;0;"Outros"
03039110;0;"Ovas de tainhas (Mugil spp.)"
03039190;0;"Outros"
03039200;0;"Barbatanas de tubarão"
03039910;0;"Cabeças de Merluza negra (Dissostichus eleginoides)"
03039920;0;"Cabeças de Merluza antártica (Dissostichus mawsoni)"
03039990;0;"Outros"
03043100;0;"Tilápias (Oreochromis spp.)"
03043210;0;"Bagre americano (Ictalurus punctatus)"
03043290;0;"Outros"
03043300;0;"Perca-do-nilo (Lates niloticus)"
03043900;0;"Outros"
03044100;0;"Salmões-do-pacífico (Oncorhynchus nerka, Oncorhynchus gorbuscha, Oncorhynchus keta, Oncorhynchus tschawytscha, Oncorhynchus kisutch, Oncorhynchus masou e Oncorhynchus rhodurus), salmão-do-atlântico (Salmo salar) e salmão-do-danúbio (Hucho hucho)"
03044200;0;"Trutas (Salmo trutta, Oncorhynchus mykiss, Oncorhynchus clarki, Oncorhynchus aguabonita,
Oncorhynchus gilae, Oncorhynchus apache e Oncorhynchus chrysogaster)"
03044300;0;"Peixes chatos (Pleuronectidae, Bothidae, Cynoglossidae, Soleidae, Scophthalmidae e Citharidae)"
03044400;0;"Peixes das famílias Bregmacerotidae, Euclichthyidae, Gadidae, Macrouridae, Melanonidae,
Merlucciidae, Moridae e Muraenolepididae"
03044500;0;"Espadarte (Xiphias gladius)"
03044600;0;"Merluza negra e merluza antártica (Marlongas*) (Dissostichus spp.)"
03044700;0;"Cação e outros tubarões"
03044800;0;"Raias (Rajidae)"
03044910;0;"Cherne-poveiro (Polyprion americanus)"
03044920;0;"Garoupas (Acanthistius spp.)"
03044990;0;"Outros"
03045100;0;"Tilápias (Oreochromis spp.), bagres (peixes-gato*) (Pangasius spp., Silurus spp., Clarias spp., Ictalurus spp.), carpas (Cyprinus spp., Carassius spp., Ctenopharyngodon idellus, Hypophthalmichthys spp., Cirrhinus spp., Mylopharyngodon piceus, Catla catla, Labeo spp., Osteochilus hasselti, Leptobarbus hoeveni, Megalobrama spp.), enguias (Anguilla spp.), perca-do-nilo (Lates niloticus) e peixes cabeça de-serpente (Channa spp.)"
03045200;0;"Salmonídeos"
03045300;0;"Peixes das famílias Bregmacerotidae, Euclichthyidae, Gadidae, Macrouridae, Melanonidae, Merlucciidae, Moridae e Muraenolepididae"
03045400;0;"Espadarte (Xiphias gladius)"
03045500;0;"Merluza negra e merluza antártica (Marlongas*) (Dissostichus spp.)"
03045600;0;"Cação e outros tubarões"
03045700;0;"Raias (Rajidae)"
03045900;0;"Outros"
03046100;0;"Tilápias (Oreochromis spp.)"
03046210;0;"Bagre americano (Ictalurus punctatus)"
03046290;0;"Outros"
03046300;0;"Perca-do-nilo (Lates niloticus)"
03046900;0;"Outros"
03047100;0;"Bacalhau-do-atlântico (Gadus morhua), bacalhau-da-groelândia (Gadus ogac) e bacalhau-do-pacífico (Gadus macrocephalus)"
03047200;0;"Hadoque (Arinca*) (Melanogrammus aeglefinus)"
03047300;0;"Saithe (Escamudo*) (Pollachius virens)"
03047400;0;"Merluzas (Pescadas*) e abróteas (Merluccius spp., Urophycis spp.)"
03047500;0;"Polaca-do-alasca (Escamudo-do-alasca*) (Theragra chalcogramma)"
03047900;0;"Outros"
03048100;0;"Salmões-do-pacífico (Oncorhynchus nerka, Oncorhynchus gorbuscha, Oncorhynchus keta, Oncorhynchus tschawytscha, Oncorhynchus kisutch, Oncorhynchus masou e Oncorhynchus rhodurus), salmão-do-atlântico (Salmo salar) e salmão-do-danúbio (Hucho hucho)"
03048200;0;"Trutas (Salmo trutta, Oncorhynchus mykiss, Oncorhynchus clarki, Oncorhynchus aguabonita, Oncorhynchus gilae, Oncorhynchus apache e Oncorhynchus chrysogaster)"
03048300;0;"Peixes chatos (Pleuronectidae, Bothidae, Cynoglossidae, Soleidae, Scophthalmidae e Citharidae)"
03048400;0;"Espadarte (Xiphias gladius)"
03048510;0;"Merluza negra (Dissostichus eleginoides)"
03048520;0;"Merluza antártica (Dissostichus mawsoni)"
03048600;0;"Arenques (Clupea harengus, Clupea pallasii)"
03048700;0;"Atuns (do gênero Thunnus), bonito-listrado (gaiado*) (Katsuwonus pelamis)"
03048810;0;"Tubarão-azul (Prionace glauca)"
03048890;0;"Outros"
03048910;0;"Pargo (Lutjanus purpureus)"
03048920;0;"Cherne-poveiro (Polyprion americanus)"
03048930;0;"Garoupas (Acanthistius spp.)"
03048990;0;"Outros"
03049100;0;"Espadarte (Xiphias gladius)"
03049211;0;"Bochechas (cheeks)"
03049212;0;"Colares (collars)"
03049219;0;"Outros"
03049221;0;"Bochechas (cheeks)"
03049222;0;"Colares (collars)"
03049229;0;"Outros"
03049300;0;"Tilápias (Oreochromis spp.), bagres (peixes-gato*) (Pangasius spp., Silurus spp., Clarias spp., Ictalurus spp.), carpas (Cyprinus spp., Carassius spp., Ctenopharyngodon idellus, Hypophthalmichthys spp., Cirrhinus spp., Mylopharyngodon piceus, Catla catla, Labeo spp., Osteochilus hasselti, Leptobarbus hoeveni, Megalobrama spp.), enguias (Anguilla spp.), perca-do-nilo (Lates niloticus) e peixes cabeça de-serpente (Channa spp.)"
03049400;0;"Polaca-do-alasca (Escamudo-do-alasca*) (Theragra chalcogramma)"
03049500;0;"Peixes das famílias Bregmacerotidae, Euclichthyidae, Gadidae, Macrouridae, Melanonidae, Merlucciidae, Moridae e Muraenolepididae, exceto a polaca-do-alasca (escamudo-do-alasca*) (Theragra chalcogramma)"
03049600;0;"Cação e outros tubarões"
03049700;0;"Raias (Rajidae)"
03049900;0;"Outros"
03052010;0;"Ovas de tainhas (Mugil spp.)"
03052090;0;"Outros"
03053100;0;"Tilápias (Oreochromis spp.), bagres (peixes-gato*) (Pangasius spp., Silurus spp., Clarias spp., Ictalurus spp.), carpas (Cyprinus spp., Carassius spp., Ctenopharyngodon idellus, Hypophthalmichthys spp., Cirrhinus spp., Mylopharyngodon piceus, Catla catla, Labeo spp., Osteochilus hasselti, Leptobarbus hoeveni, Megalobrama spp.), enguias (Anguilla spp.), perca-do-nilo (Lates niloticus) e peixes cabeça de-serpente (Channa spp.)"
03053210;0;"Bacalhau-do-atlântico (Gadus morhua), bacalhau-da-groelândia (Gadus ogac) e bacalhau-do-pacífico (Gadus macrocephalus)"
03053220;0;"Saithe (Pollachius virens)"
03053230;0;"Ling (Molva molva) e zarbo (Brosme brosme)"
03053290;0;"Outros"
03053900;0;"Outros"
03054100;3.25;"Salmões-do-pacífico (Oncorhynchus nerka, Oncorhynchus gorbuscha, Oncorhynchus keta, Oncorhynchus tschawytscha, Oncorhynchus kisutch, Oncorhynchus masou e Oncorhynchus rhodurus), salmão-do-atlântico (Salmo salar) e salmão-do-danúbio (Hucho hucho)"
03054200;3.25;"Arenques (Clupea harengus, Clupea pallasii)"
03054300;0;"Trutas (Salmo trutta, Oncorhynchus mykiss, Oncorhynchus clarki, Oncorhynchus aguabonita, Oncorhynchus gilae, Oncorhynchus apache e Oncorhynchus chrysogaster)"
03054400;0;"Tilápias (Oreochromis spp.), bagres (peixes-gato*) (Pangasius spp., Silurus spp., Clarias spp., Ictalurus spp.), carpas (Cyprinus spp., Carassius spp., Ctenopharyngodon idellus, Hypophthalmichthys spp., Cirrhinus spp., Mylopharyngodon piceus, Catla catla, Labeo spp., Osteochilus hasselti, Leptobarbus hoeveni, Megalobrama spp.), enguias (Anguilla spp.), perca-do-nilo (Lates niloticus) e peixes cabeça de-serpente (Channa spp.)"
03054910;3.25;"Bacalhau-do-atlântico (Gadus morhua), bacalhau-da-groelândia (Gadus ogac) e bacalhau-do-pacífico (Gadus macrocephalus)"
03054920;0;"Saithe (Pollachius virens), ling (Molva molva) e zarbo (Brosme brosme)"
03054990;0;"Outros"
03055100;3.25;"Bacalhau-do-atlântico (Gadus morhua), bacalhau-da-groelândia (Gadus ogac) e bacalhau-do-pacífico (Gadus macrocephalus)"
03055200;3.25;"Tilápias (Oreochromis spp.), bagres (peixes-gato*) (Pangasius spp., Silurus spp., Clarias spp., Ictalurus spp.), carpas (Cyprinus spp., Carassius spp., Ctenopharyngodon idellus, Hypophthalmichthys spp., Cirrhinus spp., Mylopharyngodon piceus, Catla catla, Labeo spp., Osteochilus hasselti, Leptobarbus hoeveni, Megalobrama spp.), enguias (Anguilla spp.), perca-do-nilo (Lates niloticus) e peixes cabeça de-serpente (Channa spp.)"
03055310;3.25;"Bacalhau polar (Boreogadus saida), saithe (Pollachius virens), ling (Molva molva), ling azul (Molva dypterygia), zarbo (Brosme brosme), abrotea-do-alto (Urophycis blennoides) e hadoque (Melanogrammus aeglefinus)"
03055390;3.25;"Outros"
03055400;3.25;"Arenques (Clupea harengus, Clupea pallasii), anchovas (biqueirões*) (Engraulis spp.), sardinhas (Sardina pilchardus, Sardinops spp., Sardinella spp.) (sardinha (Sardina pilchardus) e sardinelas (Sardinops spp., Sardinella spp.)*), anchoveta (espadilha*) (Sprattus sprattus), cavalinhas (sardas e cavalas*) (Scomber scombrus, Scomber australasicus, Scomber japonicus), cavalas-do-índico (Rastrelliger spp.), serras (Scomberomorus spp.), carapaus (Trachurus spp.), xaréus (Caranx spp.), bijupirá (cobia*) (Rachycentron canadum), pampos-prateado (Pampus spp.), agulhão-do-japão (Cololabis saira), charros (Decapterus spp.), capelim (Mallotus villosus), espadarte (Xiphias gladius), merma-oriental (Euthynnus affinis), bonitos (Sarda spp.), espadins, marlins, veleiros (Istiophoridae)"
03055900;3.25;"Outros"
03056100;3.25;"Arenques (Clupea harengus, Clupea pallasii)"
03056200;3.25;"Bacalhau-do-atlântico (Gadus morhua), bacalhau-da-groelândia (Gadus ogac) e bacalhau-do-pacífico (Gadus macrocephalus)"
03056300;0;"Anchovas (Biqueirões*) (Engraulis spp.)"
03056400;0;"Tilápias (Oreochromis spp.), bagres (peixes-gato*) (Pangasius spp., Silurus spp., Clarias spp., Ictalurus spp.), carpas (Cyprinus spp., Carassius spp., Ctenopharyngodon idellus, Hypophthalmichthys spp., Cirrhinus spp., Mylopharyngodon piceus, Catla catla, Labeo spp., Osteochilus hasselti, Leptobarbus hoeveni, Megalobrama spp.), enguias (Anguilla spp.), perca-do-nilo (Lates niloticus) e peixes cabeça de-serpente (Channa spp.)"
03056910;0;"Saithe (Pollachius virens), ling (Molva molva) e zarbo (Brosme brosme)"
03056990;0;"Outros"
03057100;0;"Barbatanas de tubarão"
03057200;3.25;"Cabeças, caudas e bexigas-natatórias, de peixes"
03057900;3.25;"Outros"
03061110;0;"Inteiras"
03061190;0;"Outras"
03061200;0;"Lavagantes (Homarus spp.)"
03061400;0;"Caranguejos"
03061500;0;"Lagosta norueguesa (Lagostim*) (Nephrops norvegicus)"
03061610;0;"Inteiros"
03061690;0;"Outros"
03061710;0;"Inteiros"
03061790;0;"Outros"
03061910;0;"Krill (Euphausia superba)"
03061990;0;"Outros"
03063100;0;"Lagostas (Palinurus spp., Panulirus spp., Jasus spp.)"
03063200;0;"Lavagantes (Homarus spp.)"
03063300;0;"Caranguejos"
03063400;0;"Lagosta norueguesa (Lagostim*) (Nephrops norvegicus)"
03063500;0;"Camarões de água fria (Pandalus spp., Crangon crangon)"
03063600;0;"Outros camarões"
03063910;0;"Lagosta de água doce (Cherax quadricarinatus)"
03063990;0;"Outros"
03069100;0;"Lagostas (Palinurus spp., Panulirus spp., Jasus spp.)"
03069200;0;"Lavagantes (Homarus spp.)"
03069300;0;"Caranguejos"
03069400;0;"Lagosta norueguesa (Lagostim*) (Nephrops norvegicus)"
03069500;0;"Camarões"
03069910;0;"Lagosta de água doce (Cherax quadricarinatus)"
03069990;0;"Outros"
03071100;0;"Vivas, frescas ou refrigeradas"
03071200;0;"Congeladas"
03071900;0;"Outras"
03072100;0;"Vivos, frescos ou refrigerados"
03072200;0;"Congelados"
03072900;0;"Outros"
03073100;0;"Vivos, frescos ou refrigerados"
03073200;0;"Congelados"
03073900;0;"Outros"
03074200;0;"Vivas, frescas ou refrigeradas"
03074310;0;"Lulas"
03074320;0;"Sépias"
03074900;0;"Outras"
03075100;0;"Vivos, frescos ou refrigerados"
03075200;0;"Congelados"
03075900;0;"Outros"
03076000;0;"Caracóis, exceto os do mar"
03077100;0;"Vivos, frescos ou refrigerados"
03077200;0;"Congelados"
03077900;0;"Outros"
03078100;0;"Abalones (Orelhas-do-mar*) (Haliotis spp.) vivos, frescos ou refrigerados"
03078200;0;"Estrombos (Strombus spp.) vivos, frescos ou refrigerados"
03078300;0;"Abalones (Orelhas-do-mar*) (Haliotis spp.) congelados"
03078400;0;"Estrombos (Strombus spp.) congelados"
03078700;0;"Outros abalones (orelhas-do-mar*) (Haliotis spp.)"
03078800;0;"Outros estrombos (Strombus spp.)"
03079100;0;"Vivos, frescos ou refrigerados"
03079200;0;"Congelados"
03079900;0;"Outros"
03081100;0;"Vivos, frescos ou refrigerados"
03081200;0;"Congelados"
03081900;0;"Outros"
03082100;0;"Vivos, frescos ou refrigerados"
03082200;0;"Congelados"
03082900;0;"Outros"
03083000;0;"Medusas (águas-vivas) (Rhopilema spp.)"
03089000;0;"Outros"
03091000;0;"De peixe"
03099000;0;"Outros"
04011010;NT;"Leite UHT (Ultra High Temperature)"
04011090;NT;"Outros"
04012010;NT;"Leite UHT (Ultra High Temperature)"
04012090;NT;"Outros"
04014010;NT;"Leite"
04014021;NT;"UHT (Ultra High Temperature)"
04014029;NT;"Outros"
04015010;NT;"Leite"
04015021;NT;"UHT (Ultra High Temperature)"
04015029;NT;"Outros"
04021010;0;"Com um teor de arsênio, chumbo ou cobre, considerados isoladamente, inferior a 5 ppm"
04021090;0;"Outros"
04022110;0;"Leite integral"
04022120;0;"Leite parcialmente desnatado"
04022130;0;"Creme de leite (nata)"
04022910;0;"Leite integral"
04022920;0;"Leite parcialmente desnatado"
04022930;0;"Creme de leite (nata)"
04029100;0;"Sem adição de açúcar ou de outros edulcorantes"
04029900;0;"Outros"
04032000;NT;"Iogurte"
04039000;NT;"Outros"
04041000;NT;"Soro de leite, modificado ou não, mesmo concentrado ou adicionado de açúcar ou de outros edulcorantes"
04049000;NT;"Outros"
04051000;0;"Manteiga"
04052000;0;"Pasta de espalhar (barrar) de produtos provenientes do leite"
04059010;0;"Óleo butírico de manteiga (butter oil)"
04059090;0;"Outras"
04061010;0;"Mozarela"
04061090;0;"Outros"
04062000;0;"Queijos ralados ou em pó, de qualquer tipo"
04063000;0;"Queijos fundidos, exceto ralados ou em pó"
04064000;0;"Queijos de pasta mofada (azul) e outros queijos que apresentem veios obtidos utilizando
Penicillium roqueforti"
04069010;0;"Com um teor de umidade inferior a 36,0 %, em peso (massa dura)"
04069020;0;"Com um teor de umidade igual ou superior a 36,0 % e inferior a 46,0 %, em peso (massa
semidura)"
04069030;0;"Com um teor de umidade igual ou superior a 46,0 % e inferior a 55,0 %, em peso (massa macia)"
04069090;0;"Outros"
04071100;NT;"De aves da espécie Gallus domesticus"
04071900;NT;"Outros"
04072100;NT;"De aves da espécie Gallus domesticus"
04072900;NT;"Outros"
04079000;0;"Outros"
04081100;0;"Secas"
04081900;0;"Outras"
04089100;0;"Secos"
04089900;0;"Outros"
04090000;NT;"Mel natural."
04101000;0;"Insetos"
04109000;0;"Outros"
05010000;NT;"Cabelo em bruto, mesmo lavado ou desengordurado; desperdícios de cabelo."
05021011;NT;"Lavadas, alvejadas ou desengorduradas, mesmo tintas"
05021019;NT;"Outras"
05021090;NT;"Outros"
05029010;NT;"Pelos"
05029020;NT;"Desperdícios"
05040011;NT;"De bovinos"
05040012;NT;"De ovinos"
05040013;NT;"De suínos"
05040019;NT;"Outras"
05040090;NT;"Outros"
05051000;NT;"Penas do tipo utilizado para enchimento ou estofamento; penugem"
05059000;NT;"Outros"
05061000;NT;"Osseína e ossos acidulados"
05069000;NT;"Outros"
05071000;NT;"Marfim; pó e desperdícios de marfim"
05079000;NT;"Outros"
05080000;NT;"Coral e matérias semelhantes, em bruto ou simplesmente preparados, mas não trabalhados de outro modo; conchas e carapaças de moluscos, crustáceos ou de equinodermes e ossos de sépias (chocos*) (chocos e chopos*), em bruto ou simplesmente preparados, mas não cortados em forma determinada, seus pós e desperdícios."
05100010;NT;"Pâncreas de bovino"
05100090;NT;"Outros"
05111000;NT;"Sêmen de bovino"
05119110;NT;"Ovas de peixe fecundadas, para reprodução"
05119190;NT;"Outros"
05119910;NT;"Embriões de animais"
05119920;NT;"Sêmen animal"
05119930;NT;"Ovos de bicho-da-seda"
05119991;NT;"Crinas e seus desperdícios, mesmo em mantas, mesmo com suporte"
05119999;NT;"Outros"
06011000;NT;"Bulbos, tubérculos, raízes tuberosas, cormos, coroas e rizomas, em repouso vegetativo"
06012000;NT;"Bulbos, tubérculos, raízes tuberosas, cormos, coroas e rizomas, em vegetação ou em flor; mudas, plantas e raízes de chicória"
06021000;NT;"Estacas não enraizadas e enxertos"
06022000;NT;"Árvores, arbustos e silvados, de fruta, enxertados ou não"
06023000;NT;"Rododendros e azaleias, enxertados ou não"
06024000;NT;"Roseiras, enxertadas ou não"
06029010;NT;"Micélios de cogumelos"
06029021;NT;"De orquídea"
06029029;NT;"Outras"
06029081;NT;"De cana-de-açúcar"
06029082;NT;"De videira"
06029083;NT;"De café"
06029089;NT;"Outras"
06029090;NT;"Outras"
06031100;NT;"Rosas"
06031200;NT;"Cravos"
06031300;NT;"Orquídeas"
06031400;NT;"Crisântemos"
06031500;NT;"Lírios (Lilium spp.)"
06031900;NT;"Outros"
06039000;NT;"Outros"
06042000;NT;"Frescos"
06049000;NT;"Outros"
07011000;NT;"Batata-semente"
07019000;NT;"Outras"
07020000;NT;"Tomates, frescos ou refrigerados."
07031011;NT;"Para semeadura (sementeira)"
07031019;NT;"Outras"
07031021;NT;"Para semeadura (sementeira)"
07031029;NT;"Outras"
07032010;NT;"Para semeadura (sementeira)"
07032090;NT;"Outros"
07039010;NT;"Para semeadura (sementeira)"
07039090;NT;"Outros"
07041000;NT;"Couve-flor e brócolis"
07042000;NT;"Couve-de-bruxelas"
07049000;NT;"Outros"
07051100;NT;"Repolhuda"
07051900;NT;"Outra"
07052100;NT;"Endívia (Cichorium intybus var. foliosum)"
07052900;NT;"Outras"
07061000;NT;"Cenouras e nabos"
07069000;NT;"Outros"
07070000;NT;"Pepinos e pepininhos (cornichons), frescos ou refrigerados."
07081000;NT;"Ervilhas (Pisum sativum)"
07082000;NT;"Feijões (Vigna spp., Phaseolus spp.)"
07089000;NT;"Outros legumes de vagem"
07092000;NT;"Aspargos"
07093000;NT;"Berinjelas"
07094000;NT;"Aipo, exceto aipo-rábano"
07095100;NT;"Cogumelos do gênero Agaricus"
07095200;NT;"Cogumelos do gênero Boletus"
07095300;NT;"Cogumelos do gênero Cantharellus"
07095400;NT;"Shitake (Lentinus edodes)"
07095500;NT;"Matsutake (Tricholoma matsutake, Tricholoma magnivelare, Tricholoma anatolicum, Tricholoma dulciolens, Tricholoma caligatum)"
07095600;NT;"Trufas (Tuber spp.)"
07095900;NT;"Outros"
07096000;NT;"Pimentões (pimentos) e pimentas do gênero Capsicum ou do gênero Pimenta"
07097000;NT;"Espinafres, espinafres-da-nova-zelândia e espinafres gigantes"
07099100;NT;"Alcachofras"
07099200;NT;"Azeitonas"
07099300;NT;"Abóboras, abobrinhas (curgetes*) e cabaças (Cucurbita spp.)"
07099911;NT;"Para semeadura (sementeira)"
07099919;NT;"Outros"
07099990;NT;"Outros"
07101000;NT;"Batatas"
07102100;NT;"Ervilhas (Pisum sativum)"
07102200;NT;"Feijões (Vigna spp., Phaseolus spp.)"
07102900;NT;"Outros"
07103000;NT;"Espinafres, espinafres-da-nova-zelândia e espinafres gigantes"
07104000;0;"Milho doce"
07108000;NT;"Outros produtos hortícolas"
07109000;NT;"Misturas de produtos hortícolas"
07112010;NT;"Com água salgada"
07112020;NT;"Com água sulfurada ou adicionada de outras substâncias"
07112090;0;"Outras"
07114000;0;"Pepinos e pepininhos (cornichons)"
07115100;0;"Cogumelos do gênero Agaricus"
07115900;3.25;"Outros"
07119000;0;"Outros produtos hortícolas; misturas de produtos hortícolas"
07122000;0;"Cebolas"
07123100;0;"Cogumelos do gênero Agaricus"
07123200;0;"Orelhas-de-judas (Auricularia spp.)"
07123300;0;"Tremelas (Tremella spp.)"
07123400;0;"Shitake (Lentinus edodes)"
07123900;0;"Outros"
07129020;0;"Alho"
07129090;0;"Outros"
07131010;NT;"Para semeadura (sementeira)"
07131090;NT;"Outras"
07132010;NT;"Para semeadura (sementeira)"
07132090;NT;"Outros"
07133110;NT;"Para semeadura (sementeira)"
07133190;NT;"Outros"
07133210;NT;"Para semeadura (sementeira)"
07133290;NT;"Outros"
07133311;NT;"Para semeadura (sementeira)"
07133319;NT;"Outros"
07133321;NT;"Para semeadura (sementeira)"
07133329;NT;"Outros"
07133391;NT;"Para semeadura (sementeira)"
07133399;NT;"Outros"
07133410;NT;"Para semeadura (sementeira)"
07133490;NT;"Outros"
07133510;NT;"Para semeadura (sementeira)"
07133590;NT;"Outros"
07133910;NT;"Para semeadura (sementeira)"
07133990;NT;"Outros"
07134010;NT;"Para semeadura (sementeira)"
07134090;NT;"Outras"
07135010;NT;"Para semeadura (sementeira)"
07135090;NT;"Outras"
07136010;NT;"Para semeadura (sementeira)"
07136090;NT;"Outros"
07139010;NT;"Para semeadura (sementeira)"
07139090;NT;"Outros"
07141000;NT;"Raízes de mandioca"
07142000;NT;"Batatas-doces"
07143000;NT;"Inhames (Dioscorea spp.)"
07144000;NT;"Taros (inhames-brancos) (Colocasia spp.)"
07145000;NT;"Mangaritos (Orelhas-de-elefante*) (Xanthosoma spp.)"
07149000;NT;"Outros"
08011100;NT;"Dessecados"
08011200;NT;"Na casca interna (endocarpo)"
08011900;NT;"Outros"
08012100;NT;"Com casca"
08012200;NT;"Sem casca"
08013100;NT;"Com casca"
08013200;NT;"Sem casca"
08021100;0;"Com casca"
08021200;0;"Sem casca"
08022100;0;"Com casca"
08022200;0;"Sem casca"
08023100;0;"Com casca"
08023200;0;"Sem casca"
08024100;0;"Com casca"
08024200;0;"Sem casca"
08025100;0;"Com casca"
08025200;0;"Sem casca"
08026100;0;"Com casca"
08026200;0;"Sem casca"
08027000;0;"Nozes-de-cola (Cola spp.)"
08028000;0;"Nozes-de-areca (nozes de bétele)"
08029100;0;"Pinhões, com casca"
08029200;0;"Pinhões, sem casca"
08029900;0;"Outra"
08031000;NT;"Bananas-da-terra (Bananas-pão*) (Plátanos*)"
08039000;NT;"Outras"
08041010;NT;"Frescas"
08041020;0;"Secas"
08042010;NT;"Frescos"
08042020;0;"Secos"
08043000;NT;"Abacaxis (ananases)"
08044000;NT;"Abacates"
08045010;NT;"Goiabas"
08045020;NT;"Mangas"
08045030;NT;"Mangostões"
08051000;NT;"Laranjas"
08052100;NT;"Mandarinas (incluindo as tangerinas e as satsumas)"
08052200;NT;"Clementinas"
08052900;NT;"Outros"
08054000;NT;"Toranjas e pomelos"
08055000;NT;"Limões (Citrus limon, Citrus limonum) e limas (Citrus aurantifolia, Citrus latifolia)"
08059000;NT;"Outros"
08061000;NT;"Frescas"
08062000;0;"Secas (passas)"
08071100;NT;"Melancias"
08071900;NT;"Outros"
08072000;NT;"Mamões (papaias)"
08081000;NT;"Maçãs"
08083000;NT;"Peras"
08084000;NT;"Marmelos"
08091000;NT;"Damascos"
08092100;NT;"Ginjas (Prunus cerasus)"
08092900;NT;"Outras"
08093010;NT;"Pêssegos, excluindo as nectarinas"
08093020;NT;"Nectarinas"
08094000;NT;"Ameixas e abrunhos"
08101000;NT;"Morangos"
08102000;NT;"Framboesas, amoras, incluindo as silvestres, e amoras-framboesas"
08103000;NT;"Groselhas, incluindo o cassis"
08104000;NT;"Airelas, mirtilos e outra fruta do gênero Vaccinium"
08105000;NT;"Kiwis (quivis)"
08106000;NT;"Duriões (duriangos)"
08107000;NT;"Caquis (dióspiros)"
08109011;NT;"Carambolas (Averrhoa carambola)"
08109012;NT;"Anonas e outras frutas do gênero Annona"
08109013;NT;"Jacas (Artocarpus heterophyllus)"
08109014;NT;"Lechias (Litchi chinensis)"
08109015;NT;"Maracujás (Passiflora edulis)"
08109016;NT;"Pitaias (Hylocereus spp., Selenicereus undatus)"
08109017;NT;"Tamarindos (Tamarindus indica)"
08109090;NT;"Outra"
08111000;NT;"Morangos"
08112000;NT;"Framboesas, amoras, incluindo as silvestres, amoras-framboesas e groselhas"
08119000;NT;"Outra"
08121000;NT;"Cerejas"
08129000;NT;"Outra"
08131000;0;"Damascos"
08132010;0;"Com caroço"
08132020;0;"Sem caroço"
08133000;0;"Maçãs"
08134010;0;"Peras"
08134090;0;"Outra"
08135000;0;"Misturas de fruta seca ou de fruta de casca rija, do presente Capítulo"
08140000;NT;"Cascas de citros (citrinos), de melões ou de melancias, frescas, secas, congeladas ou apresentadas em água salgada, sulfurada ou adicionada de outras substâncias destinadas a assegurar transitoriamente a sua conservação."
09011110;NT;"Em grão"
09011190;NT;"Outros"
09011200;0;"Descafeinado"
09012100;0;"Não descafeinado"
09012200;0;"Descafeinado"
09019000;0;"Outros"
09021000;0;"Chá verde (não fermentado) em embalagens imediatas de conteúdo não superior a 3 kg"
09022000;0;"Chá verde (não fermentado) apresentado de qualquer outra forma"
09023000;0;"Chá preto (fermentado) e chá parcialmente fermentado, em embalagens imediatas de conteúdo não superior a 3 kg"
09024000;0;"Chá preto (fermentado) e chá parcialmente fermentado, apresentados de qualquer outra forma"
09030010;NT;"Simplesmente cancheado"
09030090;NT;"Outros"
09041100;NT;"Não triturada nem em pó"
09041200;0;"Triturada ou em pó"
09042100;0;"Secos, não triturados nem em pó"
09042200;0;"Triturados ou em pó"
09051000;NT;"Não triturada nem em pó"
09052000;NT;"Triturada ou em pó"
09061100;NT;"Canela (Cinnamomum zeylanicum blume)"
09061900;NT;"Outras"
09062000;0;"Trituradas ou em pó"
09071000;NT;"Não triturado nem em pó"
09072000;0;"Triturado ou em pó"
09081100;0;"Não triturada nem em pó"
09081200;0;"Triturada ou em pó"
09082100;0;"Não triturado nem em pó"
09082200;0;"Triturado ou em pó"
09083100;0;"Não triturados nem em pó"
09083200;0;"Triturados ou em pó"
09092100;0;"Não trituradas nem em pó"
09092200;0;"Trituradas ou em pó"
09093100;0;"Não trituradas nem em pó"
09093200;0;"Trituradas ou em pó"
09096110;0;"De anis (erva-doce)"
09096120;0;"De badiana (anis-estrelado)"
09096190;0;"Outras"
09096210;0;"De anis (erva-doce)"
09096220;0;"De badiana (anis-estrelado)"
09096290;0;"Outras"
09101100;0;"Não triturado nem em pó"
09101200;0;"Triturado ou em pó"
09102000;0;"Açafrão"
09103000;0;"Cúrcuma"
09109100;0;"Misturas mencionadas na Nota 1 b) do presente Capítulo"
09109900;0;"Outras"
10011100;NT;"Para semeadura (sementeira)"
10011900;NT;"Outros"
10019100;NT;"Para semeadura (sementeira)"
10019900;NT;"Outros"
10021000;NT;"Para semeadura (sementeira)"
10029000;NT;"Outros"
10031000;NT;"Para semeadura (sementeira)"
10039010;NT;"Cervejeira"
10039080;NT;"Outras, em grão"
10039090;NT;"Outras"
10041000;NT;"Para semeadura (sementeira)"
10049000;NT;"Outras"
10051000;NT;"Para semeadura (sementeira)"
10059010;NT;"Em grão"
10059090;NT;"Outros"
10061010;NT;"Para semeadura (sementeira)"
10061091;NT;"Parboilizado"
10061092;NT;"Não parboilizado"
10062010;NT;"Parboilizado"
10062020;NT;"Não parboilizado"
10063011;NT;"Polido ou brunido"
10063019;NT;"Outros"
10063021;NT;"Polido ou brunido"
10063029;NT;"Outros"
10064000;NT;"Arroz quebrado (Trinca de arroz*)"
10071000;NT;"Para semeadura (sementeira)"
10079000;NT;"Outros"
10081010;NT;"Para semeadura (sementeira)"
10081090;NT;"Outros"
10082110;NT;"Milheto (Pennisetum glaucum)"
10082190;NT;"Outros"
10082910;NT;"Milheto (Pennisetum glaucum)"
10082990;NT;"Outros"
10083010;NT;"Para semeadura (sementeira)"
10083090;NT;"Outros"
10084010;NT;"Para semeadura (sementeira)"
10084090;NT;"Outros"
10085010;NT;"Para semeadura (sementeira)"
10085090;NT;"Outros"
10086010;NT;"Para semeadura (sementeira)"
10086090;NT;"Outros"
10089010;NT;"Para semeadura (sementeira)"
10089090;NT;"Outros"
11010010;NT;"De trigo"
11010020;0;"De mistura de trigo com centeio (méteil)"
11022000;NT;"Farinha de milho"
11029000;0;"Outras"
11031100;0;"De trigo"
11031300;0;"De milho"
11031900;0;"De outros cereais"
11032000;0;"Pellets"
11041200;0;"De aveia"
11041900;0;"De outros cereais"
11042200;0;"De aveia"
11042300;0;"De milho"
11042900;0;"De outros cereais"
11043000;0;"Germes de cereais, inteiros, esmagados, em flocos ou moídos"
11051000;0;"Farinha, sêmola e pó"
11052000;0;"Flocos, grânulos e pellets"
11061000;0;"Dos legumes de vagem, secos, da posição 07.13"
11062000;0;"De sagu ou das raízes ou tubérculos, da posição 07.14"
11063000;0;"Dos produtos do Capítulo 8"
11071010;3.25;"Inteiro ou partido"
11071020;3.25;"Moído ou em farinha"
11072010;3.25;"Inteiro ou partido"
11072020;3.25;"Moído ou em farinha"
11081100;0;"Amido de trigo"
11081200;0;"Amido de milho"
11081300;0;"Fécula de batata"
11081400;0;"Fécula de mandioca"
11081900;0;"Outros amidos e féculas"
11082000;0;"Inulina"
11090000;0;"Glúten de trigo, mesmo seco."
12011000;NT;"Para semeadura (sementeira)"
12019000;NT;"Outras"
12023000;NT;"Para semeadura (sementeira)"
12024100;NT;"Com casca"
12024200;NT;"Descascados, mesmo triturados"
12030000;NT;"Copra."
12040010;NT;"Para semeadura (sementeira)"
12040090;NT;"Outras"
12051010;NT;"Para semeadura (sementeira)"
12051090;NT;"Outras"
12059010;NT;"Para semeadura (sementeira)"
12059090;NT;"Outras"
12060010;NT;"Para semeadura (sementeira)"
12060090;NT;"Outras"
12071010;NT;"Para semeadura (sementeira)"
12071090;NT;"Outras"
12072100;NT;"Para semeadura (sementeira)"
12072900;NT;"Outras"
12073010;NT;"Para semeadura (sementeira)"
12073090;NT;"Outras"
12074010;NT;"Para semeadura (sementeira)"
12074090;NT;"Outras"
12075010;NT;"Para semeadura (sementeira)"
12075090;NT;"Outras"
12076010;NT;"Para semeadura (sementeira)"
12076090;NT;"Outras"
12077010;NT;"Para semeadura (sementeira)"
12077090;NT;"Outras"
12079110;NT;"Para semeadura (sementeira)"
12079190;NT;"Outras"
12079910;NT;"Para semeadura (sementeira)"
12079990;NT;"Outros"
12081000;0;"De soja"
12089000;0;"Outras"
12091000;NT;"Sementes de beterraba sacarina"
12092100;NT;"Sementes de alfafa (luzerna)"
12092200;NT;"Sementes de trevo (Trifolium spp.)"
12092300;NT;"Sementes de festuca"
12092400;NT;"Sementes de pasto dos prados de Kentucky (Poa pratensis L.)"
12092500;NT;"Sementes de azevém (Lolium multiflorum Lam., Lolium perenne L.)"
12092900;NT;"Outras"
12093000;NT;"Sementes de plantas herbáceas cultivadas especialmente pelas suas flores"
12099100;NT;"Sementes de produtos hortícolas"
12099900;NT;"Outros"
12101000;NT;"Cones de lúpulo, não triturados nem moídos nem em pellets"
12102010;NT;"Cones de lúpulo"
12102020;NT;"Lupulina"
12112000;NT;"Raízes de ginseng"
12113000;NT;"Coca (folha de)"
12114000;NT;"Palha de dormideira (papoula)"
12115000;NT;"Éfedra"
12116000;NT;"Casca de cerejeira africana (Prunus africana)"
12119010;NT;"Orégano (Origanum vulgare)"
12119090;NT;"Outros"
12122100;0;"Próprias para alimentação humana"
12122900;NT;"Outras"
12129100;NT;"Beterraba sacarina"
12129200;NT;"Alfarroba"
12129300;0;"Cana-de-açúcar"
12129400;NT;"Raízes de chicória"
12129910;0;"Estévia (Ka'a He'ẽ) (Stevia rebaudiana)"
12129990;0;"Outros"
12130000;NT;"Palhas e cascas de cereais, em bruto, mesmo picadas, moídas, prensadas ou em pellets."
12141000;NT;"Farinha e pellets, de alfafa (luzerna)"
12149000;NT;"Outros"
13012000;0;"Goma-arábica"
13019010;0;"Goma-laca"
13019090;0;"Outros"
13021110;0;"Concentrados de palha de papoula"
13021190;0;"Outros"
13021200;0;"De alcaçuz (regoliz)"
13021300;3.25;"De lúpulo"
13021400;0;"De éfedra"
13021910;0;"De mamão (Carica papaya), seco"
13021920;0;"De semente de toranja; de semente de pomelo"
13021930;0;"De Ginkgo biloba, seco"
13021940;0;"Valepotriatos"
13021950;0;"De ginseng"
13021960;0;"Silimarina"
13021991;0;"De píretro ou de raízes de plantas que contenham rotenona"
13021999;0;"Outros"
13022010;0;"Matérias pécticas (pectinas)"
13022090;0;"Outros"
13023100;0;"Ágar-ágar"
13023211;0;"Farinha de endosperma"
13023219;0;"Outros"
13023220;0;"De sementes de guar"
13023910;0;"Carragenina (musgo-de-irlanda)"
13023990;0;"Outros"
14011000;NT;"Bambus"
14012000;NT;"Rotins"
14019000;NT;"Outras"
14042010;0;"Em bruto"
14042090;0;"Outros"
14049010;NT;"Matérias vegetais das espécies principalmente utilizadas na fabricação de vassouras, escovas, pincéis e artigos semelhantes (por exemplo, sorgo, piaçaba, raiz de grama (relva), tampico), mesmo em torcidas ou em feixes"
14049090;NT;"Outros"
15011000;0;"Banha"
15012000;0;"Outras gorduras de porco"
15019000;0;"Outras"
15021011;NT;"Em bruto"
15021012;NT;"Fundido (incluindo o premier jus)"
15021019;NT;"Outros"
15021090;NT;"Outros"
15029000;0;"Outras"
15030000;0;"Estearina solar, óleo de banha de porco, oleoestearina, oleomargarina e óleo de sebo, não
emulsionados nem misturados, nem preparados de outro modo."
15041011;0;"Óleo em bruto"
15041019;0;"Outros"
15041090;0;"Outros"
15042000;0;"Gorduras e óleos de peixes e respectivas frações, exceto óleos de fígados"
15043000;0;"Gorduras e óleos de mamíferos marinhos e respectivas frações"
15050010;0;"Lanolina"
15050090;0;"Outras"
15060000;0;"Outras gorduras e óleos animais, e respectivas frações, mesmo refinados, mas não quimicamente
modificados."
15071000;0;"Óleo em bruto, mesmo degomado"
15079011;0;"Em recipientes com capacidade inferior ou igual a 5 l"
15079019;0;"Outros"
15079090;0;"Outros"
15081000;0;"Óleo em bruto"
15089000;0;"Outros"
15092000;0;"Azeite de oliva (oliveira) extra virgem"
15093000;0;"Azeite de oliva (oliveira) virgem"
15094000;0;"Outros azeites de oliva (oliveira) virgens"
15099010;0;"Refinado"
15099090;0;"Outros"
15101000;0;"Óleo de bagaço de azeitona em bruto"
15109000;0;"Outros"
15111000;0;"Óleo em bruto"
15119000;0;"Outros"
15121110;0;"De girassol"
15121120;0;"De cártamo"
15121911;0;"Refinado, em recipientes com capacidade inferior ou igual a 5 l"
15121919;0;"Outros"
15121920;0;"De cártamo"
15122100;0;"Óleo em bruto, mesmo desprovido de gossipol"
15122910;0;"Refinado"
15122990;0;"Outros"
15131100;0;"Óleo em bruto"
15131900;0;"Outros"
15132111;0;"De cocombocaya (Acrocomia totai)"
15132119;0;"Outros"
15132120;0;"De babaçu"
15132911;0;"De cocombocaya (Acrocomia totai)"
15132919;0;"Outros"
15132920;0;"De babaçu"
15141100;0;"Óleos em bruto"
15141910;0;"Refinados"
15141990;0;"Outros"
15149100;0;"Óleos em bruto"
15149910;0;"Refinados"
15149990;0;"Outros"
15151100;0;"Óleo em bruto"
15151900;0;"Outros"
15152100;0;"Óleo em bruto"
15152910;0;"Refinado, em recipientes com capacidade inferior ou igual a 5 l"
15152990;0;"Outros"
15153000;0;"Óleo de rícino (mamona) e respectivas frações"
15155000;0;"Óleo de gergelim (sésamo) e respectivas frações"
15156000;0;"Gorduras e óleos de origem microbiana e respectivas frações"
15159010;0;"Óleo de jojoba e respectivas frações"
15159021;0;"Em bruto"
15159022;0;"Refinado"
15159090;0;"Outros"
15161000;0;"Gorduras e óleos animais e respectivas frações"
15162000;0;"Gorduras e óleos vegetais e respectivas frações"
15163000;0;"Gorduras e óleos de origem microbiana e respectivas frações"
15171000;0;"Margarina, exceto a margarina líquida"
15179010;0;"Misturas de óleos refinados, em recipientes com capacidade inferior ou igual a 5 l"
15179090;0;"Outras"
15180010;0;"Óleo vegetal epoxidado"
15180090;0;"Outros"
15200010;0;"Glicerol em bruto"
15200020;0;"Águas e lixívias, glicéricas"
15211000;NT;"Ceras vegetais"
15219011;NT;"Em bruto"
15219019;NT;"Outras"
15219090;NT;"Outros"
15220000;NT;"Dégras; resíduos provenientes do tratamento das substâncias gordas ou das ceras animais ou vegetais."
16010000;0;"Enchidos e produtos semelhantes, de carne, miudezas, sangue ou de insetos; preparações alimentícias à base desses produtos."
16021000;0;"Preparações homogeneizadas"
16022000;0;"De fígados de quaisquer animais"
16023100;0;"De peruas e de perus"
16023210;0;"Com conteúdo de carne ou de miudezas igual ou superior a 57 %, em peso, não cozidas"
16023220;0;"Com conteúdo de carne ou de miudezas igual ou superior a 57 %, em peso, cozidas"
16023230;0;"Com conteúdo de carne ou de miudezas igual ou superior a 25 % e inferior a 57 %, em peso"
16023290;0;"Outras"
16023900;0;"Outras"
16024100;0;"Pernas e respectivos pedaços"
16024200;0;"Pás e respectivos pedaços"
16024900;0;"Outras, incluindo as misturas"
16025000;0;"Da espécie bovina"
16029000;0;"Outras, incluindo as preparações de sangue de quaisquer animais"
16030000;0;"Extratos e sucos de carne, peixes ou crustáceos, moluscos ou de outros invertebrados aquáticos."
16041100;3.25;"Salmões"
16041200;3.25;"Arenques"
16041310;0;"Sardinhas"
16041390;0;"Outros"
16041410;0;"Atuns"
16041420;0;"Bonito-listrado"
16041430;0;"Bonito-cachorro"
16041500;0;"Cavalinhas (Sardas e cavalas*)"
16041600;0;"Anchovas (Biqueirões*)"
16041700;0;"Enguias"
16041800;0;"Barbatanas de tubarão"
16041900;0;"Outros"
16042010;0;"De atuns"
16042020;0;"De bonito-listrado"
16042030;0;"De sardinhas ou de anchoveta"
16042090;0;"Outras"
16043100;3.25;"Caviar"
16043200;3.25;"Sucedâneos do caviar"
16051000;0;"Caranguejos"
16052100;0;"Não acondicionados em recipientes hermeticamente fechados"
16052900;0;"Outros"
16053000;0;"Lavagantes"
16054000;0;"Outros crustáceos"
16055100;0;"Ostras"
16055200;0;"Vieiras, incluindo a americana"
16055300;0;"Mexilhões"
16055400;0;"Sépias e lulas (Chocos e lulas*) (Chocos, chopos, potas e lulas*)"
16055500;0;"Polvos"
16055600;0;"Amêijoas, berbigões e arcas"
16055700;0;"Abalones (Orelhas-do-mar*)"
16055800;0;"Caracóis, exceto os do mar"
16055900;0;"Outros"
16056100;0;"Pepinos-do-mar"
16056200;0;"Ouriços-do-mar"
16056300;0;"Medusas (águas-vivas)"
16056900;0;"Outros"
17011200;3.25;"De beterraba"
17011300;3.25;"Açúcar de cana mencionado na Nota de subposição 2 do presente Capítulo"
17011400;0;"Outros açúcares de cana"
17019100;3.25;"Adicionados de aromatizantes ou de corantes"
17019900;0;"Outros"
17021100;0;"Que contenham, em peso, 99 % ou mais de lactose, expresso em lactose anidra, calculado sobre a matéria seca"
17021900;0;"Outros"
17022000;0;"Açúcar e xarope, de bordo (ácer)"
17023011;0;"Quimicamente pura"
17023019;3.25;"Outra"
17023020;0;"Xarope de glicose"
17024010;0;"Glicose"
17024020;0;"Xarope de glicose"
17025000;0;"Frutose (levulose) quimicamente pura"
17026010;0;"Frutose (levulose)"
17026020;0;"Xarope de frutose (levulose)"
17029000;3.25;"Outros, incluindo o açúcar invertido e os outros açúcares e xaropes de açúcares, que contenham, em peso, no estado seco, 50 % de frutose (levulose)"
17031000;3.25;"Melaços de cana"
17039000;3.25;"Outros"
17041000;3.25;"Gomas de mascar (pastilhas elásticas), mesmo revestidas de açúcar"
17049010;3.25;"Chocolate branco"
17049020;3.25;"Caramelos, confeitos, dropes, pastilhas, e produtos semelhantes"
17049090;3.25;"Outros"
18010000;NT;"Cacau inteiro ou partido, em bruto ou torrado."
18020000;NT;"Cascas, películas e outros desperdícios de cacau."
18031000;0;"Não desengordurada"
18032000;0;"Total ou parcialmente desengordurada"
18040000;0;"Manteiga, gordura e óleo, de cacau."
18050000;0;"Cacau em pó, sem adição de açúcar ou de outros edulcorantes."
18061000;0;"Cacau em pó, com adição de açúcar ou de outros edulcorantes"
18062000;0;"Outras preparações em blocos ou em barras, de peso superior a 2 kg, ou no estado líquido, em pasta, em pó, grânulos ou formas semelhantes, em recipientes ou embalagens imediatas de conteúdo superior a 2 kg"
18063110;3.25;"Chocolate"
18063120;3.25;"Outras preparações"
18063210;3.25;"Chocolate"
18063220;3.25;"Outras preparações"
18069000;3.25;"Outros"
19011010;0;"Leite modificado"
19011020;0;"Farinha láctea"
19011030;0;"À base de farinha, grumos, sêmola ou amido"
19011090;0;"Outras"
19012010;0;"Massa para a preparação de pão, sem adição de grãos ou sementes integrais, congelada"
19012020;0;"Massa para a preparação de pão, com adição de grãos ou sementes integrais, congelada"
19012090;0;"Outras"
19019010;0;"Extrato de malte"
19019020;0;"Doce de leite"
19019090;0;"Outros"
19021100;0;"Que contenham ovos"
19021900;0;"Outras"
19022000;0;"Massas alimentícias recheadas (mesmo cozidas ou preparadas de outro modo)"
19023000;0;"Outras massas alimentícias"
19024000;0;"Cuscuz"
19030000;0;"Tapioca e seus sucedâneos preparados a partir de féculas, em flocos, grumos, grãos, pérolas ou formas
semelhantes."
19041000;0;"Produtos à base de cereais, obtidos por expansão ou por torrefação"
19042000;0;"Preparações alimentícias obtidas a partir de flocos de cereais não torrados ou de misturas de flocos de cereais não torrados com flocos de cereais torrados ou expandidos"
19043000;0;"Trigo bulgur"
19049000;0;"Outros"
19051000;0;"Pão crocante denominado knäckebrot"
19052010;0;"Panetone"
19052090;0;"Outros"
19053100;0;"Bolachas e biscoitos, adicionados de edulcorantes"
19053200;0;"Waffles e wafers"
19054000;0;"Torradas (tostas), pão torrado e produtos semelhantes torrados"
19059010;0;"Pão de forma"
19059020;0;"Bolachas e biscoitos"
19059090;0;"Outros"
20011000;0;"Pepinos e pepininhos (cornichons)"
20019000;0;"Outros"
20021000;0;"Tomates inteiros ou em pedaços"
20029000;0;"Outros"
20031000;0;"Cogumelos do gênero Agaricus"
20039000;0;"Outros"
20041000;0;"Batatas"
20049000;0;"Outros produtos hortícolas e misturas de produtos hortícolas"
20051000;0;"Produtos hortícolas homogeneizados"
20052000;0;"Batatas"
20054000;0;"Ervilhas (Pisum sativum)"
20055100;0;"Feijões em grãos"
20055900;0;"Outros"
20056000;0;"Aspargos"
20057000;0;"Azeitonas"
20058000;0;"Milho doce (Zea mays var. saccharata)"
20059100;0;"Brotos (rebentos) de bambu"
20059900;0;"Outros"
20060000;0;"Produtos hortícolas, fruta, cascas de fruta e outras partes de plantas, conservados com açúcar (passados por calda, glaçados ou cristalizados)."
20071000;0;"Preparações homogeneizadas"
20079100;0;"De citros (citrinos)"
20079910;0;"Geleias e marmelades"
20079921;0;"De açaí (Euterpe oleracea)"
20079922;0;"De acerola (Malpighia spp.)"
20079923;0;"De banana (Musa spp.)"
20079924;0;"De goiaba (Psidium guajava)"
20079925;0;"De manga (Mangifera indica)"
20079926;0;"De cupuaçu (Theobroma grandiflorum)"
20079927;0;"De mamão (papaia) (Carica papaya L.)"
20079929;0;"Outros"
20079990;0;"Outros"
20081100;0;"Amendoins"
20081900;0;"Outros, incluindo as misturas"
20082010;0;"Em água edulcorada, incluindo os xaropes"
20082090;0;"Outros"
20083000;0;"Citros (citrinos)"
20084010;0;"Em água edulcorada, incluindo os xaropes"
20084090;0;"Outras"
20085000;0;"Damascos"
20086010;0;"Em água edulcorada, incluindo os xaropes"
20086090;0;"Outras"
20087010;0;"Em água edulcorada, incluindo os xaropes"
20087020;0;"Polpa com valor Brix igual ou superior a 20"
20087090;0;"Outros"
20088000;0;"Morangos"
20089100;0;"Palmitos"
20089300;0;"Arandos vermelhos (cranberries) (Vaccinium macrocarpon, Vaccinium oxycoccos); airela vermelha (Vaccinium vitis-idaea)"
20089710;0;"Em água edulcorada, incluindo os xaropes"
20089790;0;"Outras"
20089900;0;"Outras"
20091100;0;"Congelado"
20091200;0;"Não congelado, com valor Brix não superior a 20"
20091900;0;"Outros"
20092100;0;"Com valor Brix não superior a 20"
20092900;0;"Outros"
20093100;0;"Com valor Brix não superior a 20"
20093900;0;"Outros"
20094100;0;"Com valor Brix não superior a 20"
20094900;0;"Outros"
20095000;0;"Suco (sumo) de tomate"
20096100;0;"Com valor Brix não superior a 30"
20096900;0;"Outros"
20097100;0;"Com valor Brix não superior a 20"
20097900;0;"Outros"
20098100;0;"Suco (sumo) de arando vermelho (cranberry) (Vaccinium macrocarpon, Vaccinium oxycoccos); suco (sumo) de airela vermelha (Vaccinium vitis-idaea)"
20098911;0;"De pêssego, com valor Brix igual ou superior a 60"
20098912;0;"De acerola (Malpighia spp.)"
20098913;0;"De maracujá (Passiflora edulis)"
20098919;0;"Outros"
20098921;0;"Com valor Brix não superior a 7,4"
20098922;0;"Com valor Brix superior a 7,4"
20098990;0;"Outros"
20099000;0;"Misturas de sucos (sumos)"
21011110;0;"Café solúvel, mesmo descafeinado"
21011190;0;"Outros"
21011200;0;"Preparações à base de extratos, essências ou concentrados ou à base de café"
21012010;0;"De chá"
21012020;0;"De mate"
21013000;0;"Chicória torrada e outros sucedâneos torrados do café e respectivos extratos, essências e concentrados"
21021010;0;"Saccharomyces boulardii"
21021090;0;"Outras"
21022000;NT;"Leveduras mortas; outros microrganismos monocelulares mortos"
21023000;0;"Pós para levedar, preparados"
21031010;0;"Em embalagens imediatas de conteúdo inferior ou igual a 1 kg"
21031090;0;"Outros"
21032010;0;"Em embalagens imediatas de conteúdo inferior ou igual a 1 kg"
21032090;0;"Outros"
21033010;0;"Farinha de mostarda"
21033021;0;"Em embalagens imediatas de conteúdo inferior ou igual a 1 kg"
21033029;0;"Outras"
21039011;0;"Em embalagens imediatas de conteúdo inferior ou igual a 1 kg"
21039019;0;"Outra"
21039021;0;"Em embalagens imediatas de conteúdo inferior ou igual a 1 kg"
21039029;0;"Outros"
21039091;0;"Em embalagens imediatas de conteúdo inferior ou igual a 1 kg"
21039099;0;"Outros"
21041011;0;"Em embalagens imediatas de conteúdo inferior ou igual a 1 kg"
21041019;0;"Outras"
21041021;0;"Em embalagens imediatas de conteúdo inferior ou igual a 1 kg"
21041029;0;"Outros"
21042000;0;"Preparações alimentícias compostas homogeneizadas"
21050010;3.25;"Em embalagens imediatas de conteúdo inferior ou igual a 2 kg"
21050090;3.25;"Outros"
21061000;0;"Concentrados de proteínas e substâncias proteicas texturizadas"
21069010;0;"Preparações do tipo utilizado para elaboração de bebidas"
21069021;0;"Para a fabricação de pudins, em embalagens imediatas de conteúdo inferior ou igual a 1 kg"
21069029;0;"Outros"
21069030;0;"Suplementos alimentares"
21069040;0;"Misturas à base de ascorbato de sódio e glucose próprias para embutidos"
21069050;0;"Gomas de mascar, sem açúcar"
21069060;0;"Caramelos, confeitos, pastilhas e produtos semelhantes, sem açúcar"
21069090;0;"Outras"
22011000;2.6;"Águas minerais e águas gaseificadas"
22019000;NT;"Outros"
22021000;2.6;"Águas, incluindo as águas minerais e as águas gaseificadas, adicionadas de açúcar ou de outros edulcorantes ou aromatizadas"
22029100;3.9;"Cerveja sem álcool"
22029900;2.6;"Outras"
22030000;3.9;"Cervejas de malte."
22041010;6.5;"Tipo champanha (champagne)"
22041090;6.5;"Outros"
22042100;6.5;"Em recipientes de capacidade não superior a 2 l"
22042211;6.5;"Em recipientes de capacidade não superior a 5 l"
22042219;6.5;"Outros"
22042220;6.5;"Mostos"
22042910;6.5;"Vinhos"
22042920;6.5;"Mostos"
22043000;6.5;"Outros mostos de uvas"
22051000;9.75;"Em recipientes de capacidade não superior a 2 l"
22059000;9.75;"Outros"
22060010;6.5;"Sidra"
22060090;6.5;"Outras"
22071010;0;"Com um teor de água inferior ou igual a 1 % vol."
22071090;0;"Outros"
22072011;5.2;"Com um teor de água inferior ou igual a 1 % vol."
22072019;5.2;"Outros"
22072020;5.2;"Aguardente"
22082000;19.5;"Aguardentes de vinho ou de bagaço, de uvas"
22083010;19.5;"Com um teor alcoólico, em volume, superior a 50 % vol., em recipientes de capacidade igual ou superior a 50 l"
22083020;19.5;"Em embalagens de capacidade inferior ou igual a 2 l"
22083090;19.5;"Outros"
22084000;16.25;"Rum e outras aguardentes provenientes da destilação, após fermentação, de produtos da cana-de açúcar"
22085000;19.5;"Gim e genebra"
22086000;19.5;"Vodca"
22087000;19.5;"Licores"
22089000;19.5;"Outros"
22090000;0;"Vinagres e seus sucedâneos obtidos a partir do ácido acético, para uso alimentar."
23011010;0;"De carne"
23011090;0;"Outros"
23012010;0;"De peixes"
23012090;0;"Outros"
23021000;0;"De milho"
23023010;0;"Farelo"
23023090;0;"Outros"
23024000;0;"De outros cereais"
23025000;0;"De leguminosas"
23031000;NT;"Resíduos da fabricação do amido e resíduos semelhantes"
23032000;NT;"Polpas de beterraba, bagaços de cana-de-açúcar e outros desperdícios da indústria do açúcar"
23033000;NT;"Borras e desperdícios da indústria da cerveja e das destilarias"
23040010;0;"Farinhas e pellets"
23040090;0;"Outros"
23050000;0;"Tortas (bagaços) e outros resíduos sólidos, mesmo triturados ou em pellets, da extração do óleo de amendoim."
23061000;0;"De sementes de algodão"
23062000;0;"De linhaça (sementes de linho)"
23063010;0;"Tortas (bagaços), farinhas e pellets"
23063090;0;"Outros"
23064100;0;"Com baixo teor de ácido erúcico"
23064900;0;"Outros"
23065000;0;"De coco ou de copra"
23066000;0;"De nozes ou de amêndoas de palma (palmiste) (coconote)"
23069010;0;"De germe de milho"
23069090;0;"Outros"
23070000;NT;"Borras de vinho; tártaro em bruto."
23080000;0;"Matérias vegetais e desperdícios vegetais, resíduos e subprodutos vegetais, mesmo em pellets, do tipo utilizado na alimentação de animais, não especificados nem compreendidos noutras posições."
23091000;6.5;"Alimentos para cães ou gatos, acondicionados para venda a retalho"
23099010;0;"Preparações destinadas a fornecer ao animal a totalidade dos elementos nutritivos necessários para uma alimentação diária racional e equilibrada (alimentos compostos completos)"
23099020;0;"Preparações à base de sal iodado, farinha de ossos, farinha de concha, cobre e cobalto"
23099030;6.5;"Bolachas e biscoitos"
23099040;0;"Preparações que contenham diclazuril"
23099050;0;"Preparações com um teor de cloridrato de ractopamina igual ou superior a 2 %, em peso, com suporte de farelo de soja"
23099060;0;"Preparações que contenham xilanase e betagluconase, com suporte de farinha de trigo"
23099070;0;"Preparações com um teor de vitamina B12 igual ou superior a 0,1 %, mas não superior a 1 %, em peso, com suporte à base de carbonato de cálcio"
23099090;0;"Outras"
24011010;NT;"Em folhas, sem secar nem fermentar"
24011020;NT;"Em folhas secas ou fermentadas tipo capeiro"
24011030;NT;"Em folhas secas em secador de ar quente (flue cured), do tipo Virgínia"
24011040;NT;"Em folhas secas, com um conteúdo de óleos voláteis superior a 0,2 %, em peso, do tipo turco"
24011090;NT;"Outros"
24012010;30;"Em folhas, sem secar nem fermentar"
24012020;30;"Em folhas secas ou fermentadas tipo capeiro"
24012030;30;"Em folhas secas em secador de ar quente (flue cured), do tipo Virgínia"
24012040;30;"Em folhas secas (light air cured), do tipo Burley"
24012090;30;"Outros"
24013000;NT;"Desperdícios de tabaco"
24021000;30;"Charutos e cigarrilhas, que contenham tabaco"
24022000;300;"Cigarros que contenham tabaco"
24029000;30;"Outros"
24031100;30;"Tabaco para narguilé (cachimbo de água) mencionado na Nota de subposição 1 do presente Capítulo"
24031900;30;"Outros"
24039100;30;"Tabaco 'homogeneizado' ou 'reconstituído'"
24039910;30;"Extratos e molhos"
24039990;30;"Outros"
24041100;30;"Que contenham tabaco ou tabaco reconstituído"
24041200;10;"Outros, que contenham nicotina"
24041900;30;"Outros"
24049100;0;"Para aplicação oral"
24049200;10;"Para aplicação percutânea"
24049900;10;"Outros"
25010011;NT;"Sal marinho"
25010019;NT;"Outros"
25010020;NT;"Sal de mesa"
25010090;NT;"Outros"
25020000;NT;"Piritas de ferro não ustuladas."
25030010;0;"A granel"
25030090;0;"Outros"
25041000;NT;"Em pó ou em escamas"
25049000;NT;"Outra"
25051000;NT;"Areias siliciosas e areias quartzosas"
25059000;NT;"Outras areias"
25061000;NT;"Quartzo"
25062000;NT;"Quartzitos"
25070010;NT;"Caulim (caulino)"
25070090;NT;"Outros"
25081000;NT;"Bentonita"
25083000;NT;"Argilas refratárias"
25084010;NT;"Plásticas, com um teor de Fe2O3, em peso, inferior a 1,5 % e com perda por calcinação, em peso, superior a 12 %"
25084090;NT;"Outras"
25085000;NT;"Andaluzita, cianita e silimanita"
25086000;NT;"Mulita"
25087000;NT;"Barro cozido em pó (terra de chamotte) e terra de dinas"
25090000;NT;"Cré."
25101010;NT;"Fosfatos de cálcio naturais"
25101090;NT;"Outros"
25102010;NT;"Fosfatos de cálcio naturais"
25102090;NT;"Outros"
25111000;NT;"Sulfato de bário natural (baritina)"
25112000;NT;"Carbonato de bário natural (witherita)"
25120000;NT;"Farinhas siliciosas fósseis (por exemplo, kieselguhr, tripolita, diatomita) e outras terras siliciosas
análogas de densidade aparente não superior a 1, mesmo calcinadas."
25131000;NT;"Pedra-pomes"
25132000;NT;"Esmeril, corindo natural, granada natural e outros abrasivos naturais"
25140000;NT;"Ardósia, mesmo desbastada ou simplesmente cortada à serra ou por outro meio, em blocos ou placas de forma quadrada ou retangular."
25151100;NT;"Em bruto ou desbastados"
25151210;NT;"Mármores"
25151220;NT;"Travertinos"
25152000;NT;"Granitos belgas e outras pedras calcárias de cantaria ou de construção; alabastro"
25161100;NT;"Em bruto ou desbastado"
25161200;NT;"Simplesmente cortado à serra ou por outro meio, em blocos ou placas de forma quadrada ou retangular"
25162000;NT;"Arenito (grés)"
25169000;NT;"Outras pedras de cantaria ou de construção"
25171000;NT;"Calhaus, cascalho, pedras britadas, do tipo normalmente utilizado em concreto (betão) ou para empedramento de estradas, de vias férreas ou outros balastros, seixos rolados e sílex, mesmo tratados termicamente"
25172000;NT;"Macadame de escórias de altos-fornos, de outras escórias ou de resíduos industriais semelhantes, mesmo que contenham matérias incluídas na subposição 2517.10"
25173000;NT;"Tarmacadame"
25174100;NT;"De mármore"
25174900;NT;"Outros"
25181000;NT;"Dolomita não calcinada nem sinterizada, denominada 'crua'"
25182000;NT;"Dolomita calcinada ou sinterizada"
25191000;NT;"Carbonato de magnésio natural (magnesita)"
25199010;NT;"Magnésia eletrofundida"
25199090;NT;"Outros"
25201011;NT;"Em pedaços irregulares (pedras)"
25201019;NT;"Outros"
25201020;NT;"Anidrita"
25202010;0;"Moído, apto para uso odontológico"
25202090;NT;"Outros"
25210000;NT;"Castinas; pedras calcárias utilizadas na fabricação de cal ou de cimento."
25221000;NT;"Cal viva"
25222000;NT;"Cal apagada"
25223000;NT;"Cal hidráulica"
25231000;2.6;"Cimentos não pulverizados, denominados clinkers"
25232100;0;"Cimentos brancos, mesmo corados artificialmente"
25232910;0;"Cimento comum"
25232990;0;"Outros"
25233000;2.6;"Cimentos aluminosos"
25239000;2.6;"Outros cimentos hidráulicos"
25241000;NT;"Crocidolita"
25249000;NT;"Outros"
25251000;NT;"Mica em bruto ou clivada em folhas ou lamelas irregulares (splittings)"
25252000;NT;"Mica em pó"
25253000;NT;"Desperdícios de mica"
25261000;NT;"Não triturados nem em pó"
25262000;NT;"Triturados ou em pó"
25280000;NT;"Boratos naturais e seus concentrados (calcinados ou não), exceto boratos extraídos de salmouras naturais; ácido bórico natural com um teor máximo de 85 % de H3BO3, em produto seco."
25291000;NT;"Feldspato"
25292100;NT;"Que contenha, em peso, 97 % ou menos de fluoreto de cálcio"
25292200;NT;"Que contenha, em peso, mais de 97 % de fluoreto de cálcio"
25293000;NT;"Leucita; nefelina e nefelina-sienito"
25301010;NT;"Perlita"
25301090;NT;"Outras"
25302000;NT;"Kieserita, epsomita (sulfatos de magnésio naturais)"
25309010;NT;"Espodumênio"
25309020;NT;"Areia de zircônio micronizada, própria para a preparação de esmaltes cerâmicos"
25309030;NT;"Minerais de metais das terras raras"
25309040;NT;"Terras corantes"
25309090;NT;"Outras"
26011100;NT;"Não aglomerados"
26011210;NT;"Aglomerados por processo de peletização, de diâmetro igual ou superior a 8 mm, mas não superior a 18 mm"
26011220;NT;"Em briquetes de volume igual ou superior a 4 cm³, mas não superior a 60 cm³"
26011290;NT;"Outros"
26012000;NT;"Piritas de ferro ustuladas (cinzas de piritas)"
26020010;NT;"Aglomerados"
26020090;NT;"Outros"
26030010;NT;"Sulfetos"
26030090;NT;"Outros"
26040000;NT;"Minérios de níquel e seus concentrados."
26050000;NT;"Minérios de cobalto e seus concentrados."
26060011;NT;"Não calcinada"
26060012;NT;"Calcinada"
26060090;NT;"Outros"
26070000;NT;"Minérios de chumbo e seus concentrados."
26080010;NT;"Sulfetos"
26080090;NT;"Outros"
26090000;NT;"Minérios de estanho e seus concentrados."
26100010;NT;"Cromita"
26100090;NT;"Outros"
26110000;NT;"Minérios de tungstênio (volfrâmio) e seus concentrados."
26121000;NT;"Minérios de urânio e seus concentrados"
26122000;NT;"Minérios de tório e seus concentrados"
26131010;NT;"Molibdenita"
26131090;NT;"Outros"
26139010;NT;"Molibdenita"
26139090;NT;"Outros"
26140010;NT;"Ilmenita"
26140090;NT;"Outros"
26151010;NT;"Badeleíta"
26151020;NT;"Zirconita"
26151090;NT;"Outros"
26159000;NT;"Outros"
26161000;NT;"Minérios de prata e seus concentrados"
26169000;NT;"Outros"
26171000;NT;"Minérios de antimônio e seus concentrados"
26179000;NT;"Outros"
26180000;NT;"Escória de altos-fornos granulada (areia de escória) proveniente da fabricação de ferro fundido, ferro ou aço."
26190000;NT;"Escórias (exceto escória de altos-fornos granulada) e outros desperdícios da fabricação de ferro fundido, ferro ou aço."
26201100;NT;"Mates de galvanização"
26201900;NT;"Outros"
26202100;NT;"Lamas (borras) de gasolina que contenham chumbo e lamas (borras) de compostos antidetonantes que contenham chumbo"
26202900;NT;"Outros"
26203000;NT;"Que contenham principalmente cobre"
26204000;NT;"Que contenham principalmente alumínio"
26206000;NT;"Que contenham arsênio, mercúrio, tálio ou suas misturas, do tipo utilizado para extração de arsênio ou destes metais ou para fabricação dos seus compostos químicos"
26209100;NT;"Que contenham antimônio, berílio, cádmio, cromo ou suas misturas"
26209910;NT;"Que contenham principalmente titânio"
26209990;NT;"Outros"
26211000;NT;"Cinzas e resíduos provenientes da incineração de resíduos municipais"
26219010;NT;"Cinzas de origem vegetal"
26219090;NT;"Outras"
27011100;NT;"Antracita"
27011200;NT;"Hulha betuminosa"
27011900;NT;"Outras hulhas"
27012000;NT;"Briquetes, bolas em aglomerados e combustíveis sólidos semelhantes, obtidos a partir da hulha"
27021000;NT;"Linhitas, mesmo em pó, mas não aglomeradas"
27022000;NT;"Linhitas aglomeradas"
27030000;NT;"Turfa (incluindo a turfa para cama de animais), mesmo aglomerada."
27040011;NT;"Com granulometria igual ou superior a 80 mm"
27040012;NT;"Com granulometria inferior a 80 mm"
27040090;NT;"Outros"
27050000;NT;"Gás de hulha, gás de água, gás pobre (gás de ar) e gases semelhantes, exceto gases de petróleo e outros
hidrocarbonetos gasosos."
27060000;NT;"Alcatrões de hulha, de linhita ou de turfa e outros alcatrões minerais, mesmo desidratados ou parcialmente destilados, incluindo os alcatrões reconstituídos."
27071000;0;"Benzol (benzeno)"
27072000;0;"Toluol (tolueno)"
27073000;0;"Xilol (xilenos)"
27074000;0;"Naftaleno"
27075010;0;"Misturas que contenham trimetilbenzenos e etiltoluenos, como componentes majoritários"
27075090;0;"Outras"
27079100;0;"Óleos de creosoto"
27079910;0;"Cresóis"
27079990;0;"Outros"
27081000;3.25;"Breu"
27082000;3.25;"Coque de breu"
27090010;NT;"De petróleo"
27090090;NT;"Outros"
27101210;5.2;"Hexano comercial"
27101221;5.2;"Di-isobutileno"
27101229;5.2;"Outras"
27101230;NT;"Aguarrás mineral (white spirit)"
27101241;NT;"Para petroquímica"
27101249;NT;"Outras"
27101251;NT;"De aviação"
27101259;NT;"Outras"
27101260;5.2;"Mistura de hidrocarbonetos acíclicos e cíclicos, saturados, derivados de frações de petróleo, que contenha, em peso, menos de 2 %, de hidrocarbonetos aromáticos, cuja curva de destilação, segundo o método ISO 3405 (equivalente ao método ASTM D 86), apresenta um ponto inicial mínimo de 70 °C e uma fração de destilado igual ou superior a 90 %, em volume, a 210 °C"
27101290;5.2;"Outros"
27101911;NT;"De aviação"
27101919;NT;"Outros"
27101921;NT;"'Gasóleo' (óleo diesel)"
27101922;NT;"Fuel-oil"
27101929;NT;"Outros"
27101931;NT;"Sem aditivos"
27101932;NT;"Com aditivos"
27101991;0;"Óleos minerais brancos (óleos de vaselina ou de parafina)"
27101992;5.2;"Líquidos para transmissões hidráulicas"
27101993;5.2;"Óleos para isolamento elétrico"
27101994;5.2;"Mistura de hidrocarbonetos acíclicos e cíclicos, saturados, derivados de frações de petróleo, que contenha, em peso, menos de 2 %, de hidrocarbonetos aromáticos, que destila, segundo o método ISO 3405 (equivalente ao método ASTM D 86), uma fração inferior a 90 %, em volume, a 210 °C com um ponto final máximo de 360 °C"
27101999;5.2;"Outros"
27102000;NT;"Óleos de petróleo ou de minerais betuminosos (exceto óleos brutos) e preparações não especificadas nem compreendidas noutras posições, que contenham, como constituintes básicos, 70 % ou mais, em peso, de óleos de petróleo ou de minerais betuminosos, que contenham biodiesel, exceto os resíduos de óleos"
27109110;0;"Que contenham bifenilas policloradas (PCB) numa concentração igual ou superior a 50 mg/kg"
27109120;0;"Outros, que contenham terfenilas policloradas (PCT) ou bifenilas polibromadas (PBB), mesmo que também contenham bifenilas policloradas (PCB) numa concentração inferior a 50 mg/kg"
27109190;0;"Outros"
27109900;0;"Outros"
27111100;NT;"Gás natural"
27111210;NT;"Bruto"
27111290;NT;"Outros"
27111300;NT;"Butanos"
27111400;NT;"Etileno, propileno, butileno e butadieno"
27111910;NT;"Gás liquefeito de petróleo (GLP)"
27111990;NT;"Outros"
27112100;NT;"Gás natural"
27112910;NT;"Butanos"
27112990;NT;"Outros"
27121000;5.2;"Vaselina"
27122000;0;"Parafina que contenha, em peso, menos de 0,75 % de óleo"
27129000;0;"Outros"
27131100;2.6;"Não calcinado"
27131200;2.6;"Calcinado"
27132000;0;"Betume de petróleo"
27139000;2.6;"Outros resíduos dos óleos de petróleo ou de minerais betuminosos"
27141000;NT;"Xistos e areias betuminosos"
27149000;NT;"Outros"
27150000;0;"Misturas betuminosas à base de asfalto ou de betume naturais, de betume de petróleo, de alcatrão mineral ou de breu de alcatrão mineral (por exemplo, mástiques betuminosas e cut-backs)."
27160000;NT;"Energia elétrica."
28011000;0;"Cloro"
28012010;0;"Sublimado"
28012090;0;"Outros"
28013000;0;"Flúor; bromo"
28020000;0;"Enxofre sublimado ou precipitado; enxofre coloidal."
28030011;0;"Negro de acetileno"
28030019;0;"Outros"
28030090;0;"Outros"
28041000;0;"Hidrogênio"
28042100;0;"Argônio (árgon)"
28042910;0;"Hélio líquido"
28042990;0;"Outros"
28043000;0;"Nitrogênio (azoto)"
28044000;0;"Oxigênio"
28045000;0;"Boro; telúrio"
28046100;0;"Que contenha, em peso, pelo menos 99,99 % de silício"
28046900;0;"Outro"
28047010;0;"Branco"
28047020;0;"Vermelho ou amorfo"
28047030;0;"Negro"
28048000;0;"Arsênio"
28049000;0;"Selênio"
28051100;0;"Sódio"
28051200;0;"Cálcio"
28051910;0;"Estrôncio"
28051920;0;"Bário"
28051990;0;"Outros"
28053010;0;"Liga de cério, com um teor de ferro inferior ou igual a 5 %, em peso (Mischmetal)"
28053090;0;"Outros"
28054000;0;"Mercúrio"
28061010;0;"Em estado gasoso ou liquefeito"
28061020;0;"Em solução aquosa"
28062000;0;"Ácido clorossulfúrico"
28070010;0;"Ácido sulfúrico"
28070020;0;"Ácido sulfúrico fumante (óleum)"
28080010;0;"Ácido nítrico"
28080020;0;"Ácidos sulfonítricos"
28091000;0;"Pentóxido de difósforo"
28092011;0;"Com um teor de ferro inferior a 750 ppm"
28092019;0;"Outros"
28092020;0;"Ácidos metafosfóricos"
28092030;0;"Ácido pirofosfórico"
28092090;0;"Outros"
28100010;0;"Ácido ortobórico"
28100090;0;"Outros"
28111100;0;"Fluoreto de hidrogênio (ácido fluorídrico)"
28111200;0;"Cianeto de hidrogênio (ácido cianídrico ou ácido hidrociânico)"
28111910;0;"Ácido aminossulfônico (ácido sulfâmico)"
28111920;0;"Ácido fosfônico (ácido fosforoso)"
28111930;0;"Ácido perclórico"
28111940;0;"Fluorácidos e outros compostos de flúor"
28111990;0;"Outros"
28112100;0;"Dióxido de carbono"
28112210;0;"Obtido por precipitação química"
28112220;0;"Tipo aerogel"
28112230;0;"Gel de sílica"
28112290;0;"Outros"
28112910;0;"Dióxido de enxofre"
28112990;0;"Outros"
28121100;0;"Dicloreto de carbonila (fosgênio)"
28121200;0;"Oxicloreto de fósforo"
28121300;0;"Tricloreto de fósforo"
28121400;0;"Pentacloreto de fósforo"
28121500;0;"Monocloreto de enxofre"
28121600;0;"Dicloreto de enxofre"
28121700;0;"Cloreto de tionila"
28121911;0;"Tricloreto de arsênio"
28121919;0;"Outros"
28121920;0;"Oxicloretos"
28129000;0;"Outros"
28131000;0;"Dissulfeto de carbono"
28139010;0;"Pentassulfeto de difósforo"
28139090;0;"Outros"
28141000;0;"Amoníaco anidro"
28142000;0;"Amoníaco em solução aquosa (amônia)"
28151100;0;"Sólido"
28151200;0;"Em solução aquosa (lixívia de soda cáustica)"
28152000;0;"Hidróxido de potássio (potassa cáustica)"
28153000;0;"Peróxidos de sódio ou de potássio"
28161010;0;"Hidróxido"
28161020;0;"Peróxido"
28164010;0;"Hidróxido de bário"
28164090;0;"Outros"
28170010;0;"Óxido de zinco (branco de zinco)"
28170020;0;"Peróxido de zinco"
28181010;0;"Branco, que passe através de uma peneira com abertura de malha de 63 micrômetros (mícrons) em proporção superior a 90 %, em peso"
28181090;0;"Outros"
28182010;0;"Alumina calcinada"
28182090;0;"Outros"
28183000;0;"Hidróxido de alumínio"
28191000;0;"Trióxido de cromo"
28199010;0;"Óxidos"
28199020;0;"Hidróxidos"
28201010;0;"Com um teor de MnO2 igual ou superior a 91%,  em peso (manganês eletrolítico)"
28201090;0;"Outros"
28209010;0;"Óxido manganoso"
28209020;0;"Trióxido de dimanganês (sesquióxido de manganês)"
28209030;0;"Tetraóxido de trimanganês (óxido salino de manganês)"
28209040;0;"Heptaóxido de dimanganês (anidrido permangânico)"
28211011;0;"Com um teor de Fe2O3 igual ou superior a 85 %, em peso"
28211019;0;"Outros"
28211020;0;"Óxido ferroso-férrico (óxido magnético de ferro), com um teor de Fe3O4 igual ou superior a 93 %, em peso"
28211030;0;"Hidróxidos de ferro"
28211090;0;"Outros"
28212000;0;"Terras corantes"
28220010;0;"Tetraóxido de tricobalto (óxido salino de cobalto)"
28220090;0;"Outros"
28230010;0;"Tipo anátase"
28230090;0;"Outros"
28241000;0;"Monóxido de chumbo (litargírio, massicote)"
28249010;0;"Mínio (zarcão) e mínio-laranja (mine-orange)"
28249090;0;"Outros"
28251010;0;"Hidrazina e seus sais inorgânicos"
28251020;0;"Hidroxilamina e seus sais inorgânicos"
28252010;0;"Óxido"
28252020;0;"Hidróxido"
28253010;0;"Pentóxido de divanádio"
28253090;0;"Outros"
28254010;0;"Óxido niqueloso"
28254090;0;"Outros"
28255010;0;"Óxido cúprico, com um teor de CuO igual ou superior a 98 %, em peso"
28255090;0;"Outros"
28256010;0;"Óxidos de germânio"
28256020;0;"Dióxido de zircônio"
28257010;0;"Trióxido de molibdênio"
28257090;0;"Outros"
28258010;0;"Trióxido de antimônio"
28258090;0;"Outros"
28259010;0;"Óxido de cádmio"
28259020;0;"Trióxido de tungstênio (volfrâmio)"
28259090;0;"Outros"
28261200;0;"De alumínio"
28261910;0;"Trifluoreto de cromo"
28261920;0;"Fluoreto ácido de amônio"
28261990;0;"Outros"
28263000;0;"Hexafluoraluminato de sódio (criolita sintética)"
28269010;0;"Fluoroaluminato de potássio"
28269020;0;"Fluorossilicatos de sódio ou de potássio"
28269090;0;"Outros"
28271000;0;"Cloreto de amônio"
28272010;0;"Com um teor de CaCl2 igual ou superior a 98 %, em peso, em base seca"
28272090;0;"Outros"
28273110;0;"Com um teor de MgCl2 inferior a 98 %, em peso, e de cálcio (Ca) inferior ou igual a 0,5 %, em peso"
28273190;0;"Outros"
28273200;0;"De alumínio"
28273500;0;"De níquel"
28273910;0;"De cobre I (cloreto cuproso ou monocloreto de cobre)"
28273920;0;"De titânio"
28273931;0;"Anidro, com um teor de ZnCl2 igual ou superior a 98%, em peso"
28273939;0;"Outros"
28273940;0;"De zircônio"
28273950;0;"De antimônio"
28273960;0;"De lítio"
28273970;0;"De bismuto"
28273991;0;"De cádmio"
28273992;0;"De césio"
28273993;0;"De cromo"
28273994;0;"De estrôncio"
28273995;0;"De manganês"
28273996;0;"De ferro"
28273997;0;"De cobalto"
28273998;0;"De zinco"
28273999;0;"Outros"
28274110;0;"Oxicloretos"
28274120;0;"Hidroxicloretos"
28274911;0;"De bismuto"
28274912;0;"De zircônio"
28274919;0;"Outros"
28274921;0;"De alumínio"
28274929;0;"Outros"
28275100;0;"Brometos de sódio ou de potássio"
28275900;0;"Outros"
28276011;0;"De sódio"
28276012;0;"De potássio"
28276019;0;"Outros"
28276021;0;"De potássio"
28276029;0;"Outros"
28281000;0;"Hipoclorito de cálcio comercial e outros hipocloritos de cálcio"
28289011;0;"De sódio"
28289019;0;"Outros"
28289020;0;"Clorito de sódio"
28289090;0;"Outros"
28291100;0;"De sódio"
28291910;0;"De cálcio"
28291920;0;"De potássio"
28291990;0;"Outros"
28299011;0;"De sódio"
28299012;0;"De potássio"
28299019;0;"Outros"
28299021;0;"De sódio"
28299022;0;"De potássio"
28299029;0;"Outros"
28299031;0;"De potássio"
28299032;0;"De cálcio"
28299039;0;"Outros"
28299040;0;"Periodatos"
28299050;0;"Percloratos"
28301010;0;"De dissódio"
28301020;0;"De monossódio (hidrogenossulfeto de sódio)"
28309011;0;"De molibdênio IV (dissulfeto de molibdênio)"
28309012;0;"De bário"
28309013;0;"De potássio"
28309014;0;"De chumbo"
28309015;0;"De estrôncio"
28309016;0;"De zinco"
28309019;0;"Outros"
28309020;0;"Polissulfetos"
28311011;0;"Estabilizados"
28311019;0;"Outros"
28311021;0;"Estabilizados com formaldeído"
28311029;0;"Outros"
28319010;0;"Ditionito de zinco"
28319090;0;"Outros"
28321010;0;"De dissódio"
28321090;0;"Outros"
28322000;0;"Outros sulfitos"
28323010;0;"De amônio"
28323020;0;"De sódio"
28323090;0;"Outros"
28331110;0;"Anidro"
28331190;0;"Outros"
28331900;0;"Outros"
28332100;0;"De magnésio"
28332200;0;"De alumínio"
28332400;0;"De níquel"
28332510;0;"Cuproso"
28332520;0;"Cúprico"
28332710;0;"Com um teor de BaSO4 igual ou superior a 97,5 %, em peso"
28332790;0;"Outros"
28332910;0;"De antimônio"
28332920;0;"De lítio"
28332930;0;"De estrôncio"
28332940;0;"Sulfato ferroso"
28332950;0;"Neutro de chumbo"
28332960;0;"De cromo"
28332970;0;"De zinco"
28332990;0;"Outros"
28333000;0;"Alumes"
28334010;0;"De sódio"
28334020;0;"De amônio"
28334090;0;"Outros"
28341010;0;"De sódio"
28341090;0;"Outros"
28342110;0;"Com um teor de KNO3 inferior ou igual a 98 %, em peso"
28342190;0;"Outros"
28342910;NT;"De cálcio, com um teor de nitrogênio (azoto) inferior ou igual a 16 %, em peso"
28342930;0;"De alumínio"
28342940;0;"De lítio"
28342990;0;"Outros"
28351011;0;"De sódio"
28351019;0;"Outros"
28351021;0;"Dibásico de chumbo"
28351029;0;"Outros"
28352200;0;"Mono ou dissódico"
28352400;0;"De potássio"
28352500;0;"Hidrogeno-ortofosfato de cálcio (fosfato dicálcico)"
28352600;0;"Outros fosfatos de cálcio"
28352910;0;"De ferro"
28352920;0;"De cobalto"
28352930;0;"De cobre"
28352940;0;"De cromo"
28352950;0;"De estrôncio"
28352960;0;"De manganês"
28352970;0;"De triamônio"
28352980;0;"De trissódio"
28352990;0;"Outros"
28353110;0;"Grau alimentício, de acordo com o estabelecido pela Food and Agriculture Organization - Organização Mundial da Saúde (FAO - OMS) ou pelo Food Chemical Codex (FCC)"
28353190;0;"Outros"
28353910;0;"Metafosfatos de sódio"
28353920;0;"Pirofosfatos de sódio"
28353930;0;"Pirofosfato de zinco"
28353990;0;"Outros"
28362010;0;"Anidro"
28362090;0;"Outros"
28363000;0;"Hidrogenocarbonato (bicarbonato) de sódio"
28364000;0;"Carbonatos de potássio"
28365000;0;"Carbonato de cálcio"
28366010;0;"Com um teor de BaCO3 igual ou superior a 98 %, em peso"
28366090;0;"Outros"
28369100;0;"Carbonatos de lítio"
28369200;0;"Carbonato de estrôncio"
28369911;0;"De magnésio, de densidade aparente inferior a 200 kg/m3"
28369912;0;"De zircônio"
28369913;0;"De amônio comercial e outros carbonatos de amônio"
28369919;0;"Outros"
28369920;0;"Peroxocarbonatos (percarbonatos)"
28371100;0;"De sódio"
28371911;0;"De potássio"
28371912;0;"De zinco"
28371914;0;"De cobre I (cianeto cuproso)"
28371915;0;"De cobre II (cianeto cúprico)"
28371919;0;"Outros"
28371920;0;"Oxicianetos"
28372011;0;"De sódio"
28372012;0;"De ferro II (ferrocianeto ferroso)"
28372019;0;"Outros"
28372021;0;"De potássio"
28372022;0;"De ferro II (ferricianeto ferroso)"
28372023;0;"De ferro III (ferricianeto férrico)"
28372029;0;"Outros"
28372090;0;"Outros"
28391100;0;"Metassilicatos"
28391900;0;"Outros"
28399010;0;"De magnésio"
28399020;0;"De alumínio"
28399030;0;"De zircônio"
28399040;0;"De chumbo"
28399050;0;"De potássio"
28399090;0;"Outros"
28401100;0;"Anidro"
28401900;0;"Outro"
28402000;0;"Outros boratos"
28403000;0;"Peroxoboratos (perboratos)"
28413000;0;"Dicromato de sódio"
28415011;0;"Cromato de amônio; dicromato de amônio"
28415012;0;"Cromato de potássio"
28415013;0;"Cromato de sódio"
28415014;0;"Dicromato de potássio"
28415015;0;"Cromato de zinco"
28415016;0;"Cromato de chumbo"
28415019;0;"Outros"
28415020;0;"Peroxocromatos"
28416100;0;"Permanganato de potássio"
28416910;0;"Manganitos"
28416920;0;"Manganatos"
28416930;0;"Permanganatos"
28417010;0;"De amônio"
28417020;0;"De sódio"
28417090;0;"Outros"
28418010;0;"De amônio"
28418020;0;"De chumbo"
28418090;0;"Outros"
28419011;0;"De chumbo"
28419012;0;"De bário ou de bismuto"
28419013;0;"De cálcio ou de estrôncio"
28419014;0;"De magnésio"
28419015;0;"De lantânio ou de neodímio"
28419019;0;"Outros"
28419021;0;"Ferrito de bário"
28419022;0;"Ferrito de estrôncio"
28419029;0;"Outros"
28419030;0;"Vanadatos"
28419041;0;"De bário"
28419042;0;"De bismuto"
28419043;0;"De cálcio"
28419049;0;"Outros"
28419050;0;"Plumbatos"
28419060;0;"Antimoniatos"
28419070;0;"Zincatos"
28419081;0;"De sódio"
28419082;0;"De magnésio"
28419083;0;"De bismuto"
28419089;0;"Outros"
28419090;0;"Outros"
28421010;0;"Zeólitas do tipo utilizado como trocadores de íons para o tratamento de águas"
28421090;0;"Outros"
28429000;0;"Outros"
28431000;0;"Metais preciosos no estado coloidal"
28432100;0;"Nitrato de prata"
28432910;0;"Vitelinato de prata"
28432990;0;"Outros"
28433010;0;"Sulfeto de ouro em dispersão de gelatina"
28433090;0;"Outros"
28439011;0;"Apresentados como medicamentos"
28439019;0;"Outros"
28439020;0;"Tricloreto de rutênio em solução aquosa com uma concentração igual ou superior a 17 %, mas inferior
ou igual a 27 %, em peso"
28439030;0;"Ácido hexacloroirídico em solução aquosa com uma concentração igual ou superior a 17 %, mas inferior ou igual a 27 %, em peso"
28439040;0;"Tricloreto de rutênio, em pó"
28439090;0;"Outros"
28441000;0;"Urânio natural e seus compostos; ligas, dispersões (incluindo os cermets), produtos cerâmicos e misturas que contenham urânio natural ou compostos de urânio natural"
28442000;0;"Urânio enriquecido em U 235 e seus compostos; plutônio e seus compostos; ligas, dispersões (incluindo os cermets), produtos cerâmicos e misturas que contenham urânio enriquecido em U 235, plutônio ou compostos destes produtos"
28443000;0;"Urânio empobrecido em U 235 e seus compostos; tório e seus compostos; ligas, dispersões (incluindo os cermets), produtos cerâmicos e misturas que contenham urânio empobrecido em U 235, tório ou compostos destes produtos"
28444100;0;"Trítio e seus compostos; ligas, dispersões (incluindo os cermets), produtos cerâmicos e misturas que contenham trítio ou seus compostos"
28444200;0;"Actínio-225, actínio-227, califórnio-253, cúrio-240, cúrio-241, cúrio-242, cúrio-243, cúrio-244, einstêinio-253, einstêinio-254, gadolínio-148, polônio-208, polônio-209, polônio-210, rádio-223, urânio-230 ou urânio-232, e seus compostos; ligas, dispersões (incluindo os cermets), produtos cerâmicos e misturas que contenham estes elementos ou compostos"
28444310;0;"Molibdênio-99 absorvido em alumina, apto para a obtenção de tecnécio-99 (reativo de diagnóstico para medicina nuclear)"
28444320;0;"Cobalto-60"
28444330;0;"Iodo-131"
28444390;0;"Outros"
28444400;0;"Resíduos radioativos"
28445000;0;"Elementos combustíveis (cartuchos) usados (irradiados) de reatores nucleares"
28451000;0;"Água pesada (óxido de deutério)"
28452000;0;"Boro enriquecido em boro-10 e seus compostos"
28453000;0;"Lítio enriquecido em lítio-6 e seus compostos"
28454000;0;"Hélio-3"
28459000;0;"Outros"
28461010;0;"Óxido cérico"
28461090;0;"Outros"
28469010;0;"Óxido de praseodímio"
28469020;0;"Cloretos dos demais metais das terras raras"
28469030;0;"Gadopentetato de dimeglumina"
28469090;0;"Outros"
28470000;0;"Peróxido de hidrogênio (água oxigenada), mesmo solidificado com ureia."
28491000;0;"De cálcio"
28492000;0;"De silício"
28499010;0;"De boro"
28499020;0;"De tântalo"
28499030;0;"De tungstênio (volfrâmio)"
28499090;0;"Outros"
28500010;0;"Nitreto de boro"
28500020;0;"Silicieto de cálcio"
28500090;0;"Outros"
28521011;0;"Óxidos"
28521012;0;"Cloreto de mercúrio I (cloreto mercuroso)"
28521013;0;"Cloreto de mercúrio II (cloreto mercúrico), para uso fotográfico, acondicionado para venda a retalho, pronto para utilização"
28521014;0;"Cloreto de mercúrio II (cloreto mercúrico), apresentado de outro modo"
28521019;0;"Outros"
28521021;0;"Acetato de mercúrio"
28521022;0;"Timerosal"
28521023;0;"Estearato de mercúrio"
28521024;0;"Lactato de mercúrio"
28521025;0;"Salicilato de mercúrio"
28521029;0;"Outros"
28529000;0;"Outros"
28531000;0;"Cloreto de cianogênio (clorociano)"
28539011;0;"De alumínio"
28539012;0;"De magnésio"
28539013;0;"De cobre (fosfetos de cobre), que contenham mais de 15 %, em peso, de fósforo"
28539019;0;"Outros"
28539020;0;"Cianamida e seus derivados metálicos"
28539030;0;"Sulfocloretos de fósforo"
28539090;0;"Outros"
29011000;0;"Saturados"
29012100;0;"Etileno"
29012200;0;"Propeno (propileno)"
29012300;0;"Buteno (butileno) e seus isômeros"
29012410;0;"Buta-1,3-dieno"
29012420;0;"Isopreno"
29012900;0;"Outros"
29021100;0;"Cicloexano"
29021910;0;"Limoneno"
29021990;0;"Outros"
29022000;0;"Benzeno"
29023000;0;"Tolueno"
29024100;0;"o-Xileno"
29024200;0;"m-Xileno"
29024300;0;"p-Xileno"
29024400;0;"Mistura de isômeros do xileno"
29025000;0;"Estireno"
29026000;0;"Etilbenzeno"
29027000;0;"Cumeno"
29029010;0;"Difenila (1,1'-bifenila)"
29029020;0;"Naftaleno"
29029030;0;"Antraceno"
29029040;0;"alfa-Metilestireno"
29029090;0;"Outros"
29031110;0;"Clorometano (cloreto de metila)"
29031120;0;"Cloroetano (cloreto de etila)"
29031200;0;"Diclorometano (cloreto de metileno)"
29031300;0;"Clorofórmio (triclorometano)"
29031400;0;"Tetracloreto de carbono"
29031500;0;"Dicloreto de etileno (ISO) (1,2-dicloroetano)"
29031910;0;"1,1,1-Tricloroetano (metilclorofórmio)"
29031920;0;"1,1,2-Tricloroetano"
29031990;0;"Outros"
29032100;0;"Cloreto de vinila (cloroetileno)"
29032200;0;"Tricloroetileno"
29032300;0;"Tetracloroetileno (percloroetileno)"
29032910;0;"Hexaclorobutadieno"
29032990;0;"Outros"
29034100;0;"Trifluorometano (HFC-23)"
29034200;0;"Difluorometano (HFC-32)"
29034300;0;"Fluorometano (HFC-41), 1,2-difluoroetano (HFC-152) e 1,1-difluoroetano (HFC-152a)"
29034400;0;"Pentafluoroetano (HFC-125), 1,1,1-trifluoroetano (HFC-143a) e 1,1,2-trifluoroetano (HFC-143)"
29034510;0;"1,1,1,2-Tetrafluoroetano (HFC-134a)"
29034520;0;"1,1,2,2-Tetrafluoroetano (HFC-134)"
29034600;0;"1,1,1,2,3,3,3-Heptafluoropropano (HFC-227ea), 1,1,1,2,2,3-hexafluoropropano (HFC-236cb), 1,1,1,2,3,3-hexafluoropropano (HFC-236ea) e 1,1,1,3,3,3-hexafluoropropano (HFC-236fa)"
29034700;0;"1,1,1,3,3-Pentafluoropropano (HFC-245fa) e 1,1,2,2,3-pentafluoropropano (HFC-245ca)"
29034800;0;"1,1,1,3,3-Pentafluorobutano (HFC-365mfc) e 1,1,1,2,2,3,4,5,5,5-decafluoropentano (HFC-43-10mee)"
29034900;0;"Outros"
29035100;0;"2,3,3,3-Tetrafluoropropeno (HFO-1234yf), 1,3,3,3-tetrafluoropropeno (HFO-1234ze) e (Z)-1,1,1,4,4,4-hexafluoro-2-buteno (HFO-1336mzz)"
29035910;0;"1,1,3,3,3-Pentafluoro-2-(trifluorometil)prop-1-eno"
29035990;0;"Outros"
29036100;0;"Brometo de metila (bromometano)"
29036200;0;"Dibrometo de etileno (ISO) (1,2-dibromoetano)"
29036910;0;"Iodoetano"
29036920;0;"Iodofórmio"
29036990;0;"Outros"
29037100;0;"Clorodifluorometano (HCFC-22)"
29037200;0;"Diclorotrifluoroetanos (HCFC-123)"
29037300;0;"Diclorofluoroetanos (HCFC-141, 141b)"
29037400;0;"Clorodifluoroetanos (HCFC-142, 142b)"
29037500;0;"Dicloropentafluoropropanos (HCFC-225, 225ca, 225cb)"
29037600;0;"Bromoclorodifluorometano (halon-1211), bromotrifluorometano (halon-1301) e
dibromotetrafluoroetanos (halon-2402)"
29037711;0;"Triclorofluorometano"
29037712;0;"Diclorodifluorometano"
29037713;0;"Clorotrifluorometano"
29037721;0;"Triclorotrifluoroetanos"
29037722;0;"Diclorotetrafluoroetanos e cloropentafluoroetano"
29037723;0;"Pentaclorofluoroetano"
29037724;0;"Tetraclorodifluoroetanos"
29037731;0;"Heptaclorofluoropropanos"
29037732;0;"Hexaclorodifluoropropanos"
29037733;0;"Pentaclorotrifluoropropanos"
29037734;0;"Tetraclorotetrafluoropropanos"
29037735;0;"Tricloropentafluoropropanos"
29037736;0;"Dicloroexafluoropropanos"
29037737;0;"Cloroeptafluoropropanos"
29037790;0;"Outros"
29037800;0;"Outros derivados peralogenados"
29037911;0;"Clorofluoroetanos"
29037912;0;"Clorotetrafluoroetanos"
29037919;0;"Outros"
29037920;0;"Derivados do metano, etano ou propano, halogenados unicamente com flúor e bromo"
29037931;0;"Halotano"
29037939;0;"Outros"
29037990;0;"Outros"
29038110;0;"Lindano (gama-hexaclorocicloexano)"
29038120;0;"alfa-Hexaclorocicloexano"
29038130;0;"beta-Hexaclorocicloexano"
29038190;0;"Outros"
29038210;0;"Aldrin"
29038220;0;"Clordano"
29038230;0;"Heptacloro"
29038300;0;"Mirex (ISO)"
29038910;0;"Hexabromociclododecanos (HBCD)"
29038990;0;"Outros"
29039110;0;"Clorobenzeno"
29039120;0;"o-Diclorobenzeno"
29039130;0;"p-Diclorobenzeno"
29039210;0;"Hexaclorobenzeno"
29039220;0;"DDT"
29039300;0;"Pentaclorobenzeno (ISO)"
29039400;0;"Hexabromobifenilas"
29039911;0;"Cloreto de benzila"
29039912;0;"p-Clorotolueno"
29039913;0;"Cloreto de neofila"
29039914;0;"Triclorobenzenos"
29039915;0;"Cloronaftalenos"
29039916;0;"Cloreto de benzilideno"
29039917;0;"Cloretos de xilila"
29039918;0;"Bifenilas policloradas (PCB); terfenilas policloradas (PCT)"
29039919;0;"Outros"
29039921;0;"Bromobenzeno"
29039922;0;"Brometos de xilila"
29039923;0;"Bromodifenilmetano"
29039924;0;"Bifenilas polibromadas (PBB)"
29039929;0;"Outros"
29039931;0;"4-Cloro-alfa,alfa,alfa-trifluortolueno"
29039939;0;"Outros"
29039990;0;"Outros"
29041011;0;"Ácido metanossulfônico"
29041012;0;"Metanossulfonato de chumbo"
29041013;0;"Metanossulfonato de estanho"
29041019;0;"Outros"
29041020;0;"Ácido dodecilbenzenossulfônico e seus sais"
29041030;0;"Ácidos toluenossulfônicos; ácidos xilenossulfônicos; sais destes ácidos"
29041040;0;"Ácido etanossulfônico; ácido etilenossulfônico"
29041051;0;"Naftalenossulfonatos de sódio"
29041052;0;"Ácido beta-naftalenossulfônico"
29041053;0;"Ácidos alquil- e dialquilnaftalenossulfônicos; sais destes ácidos"
29041059;0;"Outros"
29041060;0;"Ácido benzenossulfônico e seus sais"
29041090;0;"Outros"
29042010;0;"Mononitrotoluenos (MNT)"
29042020;0;"Nitropropanos"
29042030;0;"Dinitrotoluenos"
29042041;0;"2,4,6-Trinitrotolueno (TNT)"
29042049;0;"Outros"
29042051;0;"Nitrobenzeno"
29042052;0;"1,3,5-Trinitrobenzeno"
29042059;0;"Outros"
29042060;0;"Derivados nitrados do xileno"
29042070;0;"Mononitroetano; nitrometanos"
29042090;0;"Outros"
29043100;0;"Ácido perfluoroctano sulfônico"
29043200;0;"Perfluoroctanossulfonato de amônio"
29043300;0;"Perfluoroctanossulfonato de lítio"
29043400;0;"Perfluoroctanossulfonato de potássio"
29043500;0;"Outros sais do ácido perfluoroctano sulfônico"
29043600;0;"Fluoreto de perfluoroctanossulfonila"
29049100;0;"Tricloronitrometano (cloropicrina)"
29049911;0;"1-Cloro-4-nitrobenzeno"
29049912;0;"1-Cloro-2,4-dinitrobenzeno"
29049913;0;"2-Cloro-1,3-dinitrobenzeno"
29049914;0;"4-Cloro-alfa,alfa,alfa-trifluor-3,5-dinitrotolueno"
29049915;0;"o-Nitroclorobenzeno; m-nitroclorobenzeno"
29049916;0;"1,2-Dicloro-4-nitrobenzeno"
29049919;0;"Outros"
29049921;0;"Ácidos dinitroestilbenodissulfônicos"
29049929;0;"Outros"
29049930;0;"Cloreto de p-toluenossulfonila (cloreto de tosila)"
29049940;0;"Cloreto de o-toluenossulfonila"
29049990;0;"Outros"
29051100;0;"Metanol (álcool metílico)"
29051210;0;"Álcool propílico"
29051220;0;"Álcool isopropílico"
29051300;0;"Butan-1-ol (álcool n-butílico)"
29051410;0;"Álcool isobutílico (2-metil-1-propanol)"
29051420;0;"Álcool sec-butílico (2-butanol)"
29051430;0;"Álcool ter-butílico (2-metil-2-propanol)"
29051600;0;"Octanol (álcool octílico) e seus isômeros"
29051710;0;"Álcool láurico"
29051720;0;"Álcool cetílico"
29051730;0;"Álcool esteárico"
29051911;0;"n-Decanol"
29051912;0;"Isodecanol"
29051919;0;"Outros"
29051921;0;"Etilato de magnésio"
29051922;0;"Metilato de sódio"
29051923;0;"Etilato de sódio"
29051929;0;"Outros"
29051991;0;"4-Metilpentan-2-ol"
29051992;0;"Isononanol"
29051993;0;"Isotridecanol"
29051994;0;"Tetra-hidrolinalol (3,7-dimetiloctan-3-ol)"
29051995;0;"3,3-Dimetilbutan-2-ol (álcool pinacolílico)"
29051996;0;"Pentanol (álcool amílico) e seus isômeros"
29051999;0;"Outros"
29052210;0;"Linalol"
29052220;0;"Geraniol"
29052230;0;"Di-hidromircenol (2,6-dimetil-7-octen-2-ol)"
29052290;0;"Outros"
29052910;0;"Álcool alílico"
29052990;0;"Outros"
29053100;0;"Etilenoglicol (etanodiol)"
29053200;0;"Propilenoglicol (propano-1,2-diol)"
29053910;0;"2-Metil-2,4-pentanodiol (hexilenoglicol)"
29053920;0;"Trimetilenoglicol (1,3-propanodiol)"
29053930;0;"1,3-Butilenoglicol (1,3-butanodiol)"
29053990;0;"Outros"
29054100;0;"2-Etil-2-(hidroximetil)propano-1,3-diol (trimetilolpropano)"
29054200;0;"Pentaeritritol (pentaeritrita)"
29054300;0;"Manitol"
29054400;0;"D-glucitol (sorbitol)"
29054500;0;"Glicerol"
29054900;0;"Outros"
29055100;0;"Etclorvinol (DCI)"
29055910;0;"Hidrato de cloral"
29055990;0;"Outros"
29061100;0;"Mentol"
29061200;0;"Cicloexanol, metilcicloexanóis e dimetilcicloexanóis"
29061300;0;"Esteróis e inositóis"
29061910;0;"Derivados do mentol"
29061920;0;"Borneol; isoborneol"
29061930;0;"Terpina e seu hidrato"
29061940;0;"Álcool fenchílico (1,3,3-trimetil-2-norbornanol)"
29061950;0;"Terpineóis"
29061990;0;"Outros"
29062100;0;"Álcool benzílico"
29062910;0;"2-Feniletanol"
29062920;0;"Dicofol"
29062990;0;"Outros"
29071100;0;"Fenol (hidroxibenzeno) e seus sais"
29071200;0;"Cresóis e seus sais"
29071300;0;"Octilfenol, nonilfenol, e seus isômeros; sais destes produtos"
29071510;0;"beta-Naftol e seus sais"
29071590;0;"Outros"
29071910;0;"2,6-Di-ter-butil-p-cresol e seus sais"
29071920;0;"o-Fenilfenol e seus sais"
29071930;0;"p-ter-Butilfenol e seus sais"
29071940;0;"Xilenóis e seus sais"
29071990;0;"Outros"
29072100;0;"Resorcinol e seus sais"
29072200;0;"Hidroquinona e seus sais"
29072300;0;"4,4'-Isopropilidenodifenol (bisfenol A, difenilolpropano) e seus sais"
29072900;0;"Outros"
29081100;0;"Pentaclorofenol (ISO)"
29081911;0;"4-Cloro-m-cresol e seus sais"
29081912;0;"Diclorofenóis e seus sais"
29081913;0;"p-Clorofenol"
29081914;0;"Triclorofenóis e seus sais"
29081915;0;"Tetraclorofenóis e seus sais"
29081916;0;"Pentaclorofenato de sódio"
29081919;0;"Outros"
29081921;0;"2,4,6-Tribromofenol"
29081929;0;"Outros"
29081990;0;"Outros"
29089100;0;"Dinoseb (ISO) e seus sais"
29089200;0;"4,6-Dinitro-o-cresol (DNOC (ISO)) e seus sais"
29089912;0;"p-Nitrofenol e seus sais"
29089913;0;"Ácido pícrico"
29089919;0;"Outros"
29089921;0;"Disofenol"
29089929;0;"Outros"
29089930;0;"Derivados sulfonados do fenol, seus sais e seus ésteres"
29089990;0;"Outros"
29091100;0;"Éter dietílico (óxido de dietila)"
29091910;0;"Éter metil-ter-butílico (MTBE)"
29091920;0;"Sevoflurano"
29091990;0;"Outros"
29092000;0;"Éteres ciclânicos, ciclênicos, cicloterpênicos e seus derivados halogenados, sulfonados, nitrados ou
nitrosados"
29093011;0;"Anetol"
29093012;0;"Éter difenílico (éter fenílico)"
29093013;0;"Éter dibenzílico (éter benzílico)"
29093014;0;"Éter feniletil-isoamílico"
29093019;0;"Outros"
29093021;0;"Oxifluorfeno"
29093022;0;"Pentacloroanisol"
29093023;0;"Éteres tetra- ou pentabromodifenílicos"
29093024;0;"Éteres hexa-, hepta- ou octabromodifenílicos"
29093025;0;"Éter decabromodifenílico"
29093029;0;"Outros"
29094100;0;"2,2'-Oxidietanol (dietilenoglicol)"
29094310;0;"Do etilenoglicol"
29094320;0;"Do dietilenoglicol"
29094411;0;"Éter etílico"
29094412;0;"Éter isobutílico"
29094413;0;"Éter hexílico"
29094419;0;"Outros"
29094421;0;"Éter etílico"
29094429;0;"Outros"
29094910;0;"Guaifenesina"
29094921;0;"Trietilenoglicol"
29094922;0;"Tetraetilenoglicol"
29094923;0;"Pentaetilenoglicol e seus éteres"
29094924;0;"Éter fenílico do etilenoglicol"
29094929;0;"Outros"
29094931;0;"Dipropilenoglicol"
29094932;0;"Éteres do mono-, di- e tripropilenoglicol"
29094939;0;"Outros"
29094941;0;"Éter etílico do butilenoglicol"
29094949;0;"Outros"
29094950;0;"Álcoois fenoxibenzílicos"
29094990;0;"Outros"
29095011;0;"Triclosan"
29095012;0;"Eugenol"
29095013;0;"Isoeugenol"
29095019;0;"Outros"
29095090;0;"Outros"
29096011;0;"De di-isopropilbenzeno"
29096012;0;"De ter-butila"
29096013;0;"De p-mentano"
29096019;0;"Outros"
29096090;0;"Outros"
29101000;0;"Oxirano (óxido de etileno)"
29102000;0;"Metiloxirano (óxido de propileno)"
29103000;0;"1-Cloro-2,3-epoxipropano (epicloridrina)"
29104000;0;"Dieldrin (ISO, DCI)"
29105000;0;"Endrin (ISO)"
29109010;0;"Óxido de estireno"
29109090;0;"Outros"
29110010;0;"Dimetilacetal do 2-nitrobenzaldeído"
29110090;0;"Outros"
29121100;0;"Metanal (formaldeído)"
29121200;0;"Etanal (acetaldeído)"
29121911;0;"Glioxal"
29121912;0;"Glutaraldeído"
29121919;0;"Outros"
29121921;0;"Citral"
29121922;0;"Citronelal (3,7-dimetil-6-octenal)"
29121923;0;"Bergamal (3,7-dimetil-2-metileno-6-octenal)"
29121929;0;"Outros"
29121991;0;"Heptanal"
29121999;0;"Outros"
29122100;0;"Benzaldeído (aldeído benzoico)"
29122910;0;"Aldeído alfa-amilcinâmico"
29122920;0;"Aldeído alfa-hexilcinâmico"
29122990;0;"Outros"
29124100;0;"Vanilina (aldeído metilprotocatéquico)"
29124200;0;"Etilvanilina (aldeído etilprotocatéquico)"
29124910;0;"3-Fenoxibenzaldeído"
29124920;0;"3-Hidroxibenzaldeído"
29124930;0;"3,4,5-Trimetoxibenzaldeído"
29124941;0;"4-(4-Hidroxi-4-metilpentil)-3-cicloexeno-1-carboxialdeído"
29124949;0;"Outros"
29124990;0;"Outros"
29125000;0;"Polímeros cíclicos dos aldeídos"
29126000;0;"Paraformaldeído"
29130010;0;"Tricloroacetaldeído"
29130090;0;"Outros"
29141100;0;"Acetona"
29141200;0;"Butanona (metiletilcetona)"
29141300;0;"4-Metilpentan-2-ona (metilisobutilcetona)"
29141910;0;"Forona"
29141921;0;"Acetilacetona"
29141922;0;"Acetonilacetona"
29141923;0;"Diacetila"
29141929;0;"Outras"
29141930;0;"Metilexilcetona"
29141940;0;"Pseudoiononas"
29141950;0;"Metilisopropilcetona"
29141990;0;"Outras"
29142210;0;"Cicloexanona"
29142220;0;"Metilcicloexanonas"
29142310;0;"Iononas"
29142320;0;"Metiliononas"
29142910;0;"Carvona"
29142920;0;"l-Mentona"
29142990;0;"Outras"
29143100;0;"Fenilacetona (fenilpropan-2-ona)"
29143910;0;"Acetofenona"
29143990;0;"Outras"
29144010;0;"4-Hidroxi-4-metilpentan-2-ona (diacetona álcool)"
29144091;0;"Benzoína"
29144099;0;"Outras"
29145010;0;"Nabumetona"
29145020;0;"1,8-Di-hidroxi-3-metil-9-antrona e sua forma enólica (crisarobina ou chrysarobin)"
29145090;0;"Outras"
29146100;0;"Antraquinona"
29146200;0;"Coenzima Q10 (ubidecarenona (DCI))"
29146910;0;"Lapachol"
29146920;0;"Menadiona"
29146990;0;"Outras"
29147100;0;"Clordecona (ISO)"
29147911;0;"1-Cloro-5-hexanona"
29147919;0;"Outros"
29147921;0;"Bissulfito sódico de menadiona"
29147922;0;"Ácido 2-hidroxi-4-metoxibenzofenona-5-sulfônico (sulisobenzona)"
29147929;0;"Outros"
29147990;0;"Outros"
29151100;0;"Ácido fórmico"
29151210;0;"De sódio"
29151290;0;"Outros"
29151310;0;"De geranila"
29151390;0;"Outros"
29152100;0;"Ácido acético"
29152400;0;"Anidrido acético"
29152910;0;"Acetato de sódio"
29152920;0;"Acetatos de cobalto"
29152990;0;"Outros"
29153100;0;"Acetato de etila"
29153200;0;"Acetato de vinila"
29153300;0;"Acetato de n-butila"
29153600;0;"Acetato de dinoseb (ISO)"
29153910;0;"Acetato de linalila"
29153921;0;"Triacetina"
29153929;0;"Outros"
29153931;0;"De n-propila"
29153932;0;"Acetato de 2-etoxietila"
29153939;0;"Outros"
29153941;0;"De decila"
29153942;0;"De hexenila"
29153951;0;"De benzestrol"
29153952;0;"De dienoestrol"
29153953;0;"De hexestrol"
29153954;0;"De mestilbol"
29153955;0;"De estilbestrol"
29153961;0;"De tricloro-alfa-feniletila"
29153962;0;"De triclorometilfenilcarbinila"
29153963;0;"Diacetato de etilenoglicol (diacetato de etileno)"
29153991;0;"De 2-ter-butilcicloexila"
29153992;0;"De bornila"
29153993;0;"De dimetilbenzilcarbinila"
29153994;0;"Bis(p-acetoxifenil)cicloexilidenometano (ciclofenil)"
29153999;0;"Outros"
29154010;0;"Ácido monocloroacético"
29154020;0;"Monocloroacetato de sódio"
29154090;0;"Outros"
29155010;0;"Ácido propiônico"
29155020;0;"Sais"
29155030;0;"Ésteres"
29156011;0;"Ácidos butanoicos e seus sais"
29156012;0;"Butanoato de etila"
29156019;0;"Outros"
29156021;0;"Ácido piválico"
29156029;0;"Outros"
29157011;0;"Ácido palmítico"
29157019;0;"Outros"
29157020;0;"Ácido esteárico"
29157031;0;"De zinco"
29157039;0;"Outros"
29157040;0;"Ésteres do ácido esteárico"
29159010;0;"Cloreto de cloroacetila"
29159021;0;"Ácido 2-etilexanoico (ácido 2-etilexoico)"
29159022;0;"2-Etilexanoato de estanho II"
29159023;0;"Di(2-etilexanoato) de trietilenoglicol"
29159024;0;"Cloreto de 2-etilexanoíla"
29159029;0;"Outros"
29159031;0;"Ácido mirístico"
29159032;0;"Ácido caprílico"
29159033;0;"Miristato de isopropila"
29159039;0;"Outros"
29159041;0;"Ácido láurico"
29159043;0;"Laurato de pentaclorobifenila"
29159049;0;"Outros"
29159050;0;"Peróxidos de ácidos"
29159060;0;"Peroxiácidos"
29159070;0;"Ácidos perfluoroctanoicos e seus sais"
29159090;0;"Outros"
29161110;0;"Ácido acrílico"
29161120;0;"Sais"
29161210;0;"De metila"
29161220;0;"De etila"
29161230;0;"De butila"
29161240;0;"De 2-etilexila"
29161290;0;"Outros"
29161310;0;"Ácido metacrílico"
29161320;0;"Sais"
29161410;0;"De metila"
29161420;0;"De etila"
29161430;0;"De n-butila"
29161490;0;"Outros"
29161511;0;"Oleato de manitol"
29161519;0;"Outros"
29161520;0;"Ácido linoleico; ácido linolênico; seus sais e seus ésteres"
29161600;0;"Binapacril (ISO)"
29161911;0;"Sorbato de potássio"
29161919;0;"Outros"
29161921;0;"Ácido undecilênico"
29161922;0;"Undecilenato de metila"
29161923;0;"Undecilenato de zinco"
29161929;0;"Outros"
29161990;0;"Outros"
29162011;0;"Ácido 3-(2,2-dibromovinil)-2,2-dimetilciclopropanocarboxílico"
29162012;0;"Cloreto do ácido 3-(2,2-diclorovinil)-2,2-dimetilciclopropanocarboxílico (DVO)"
29162013;0;"Aletrinas"
29162014;0;"Permetrina"
29162015;0;"Bifentrina"
29162019;0;"Outros"
29162090;0;"Outros"
29163110;0;"Ácido benzoico"
29163121;0;"De sódio"
29163122;0;"De amônio"
29163129;0;"Outros"
29163131;0;"De metila"
29163132;0;"De benzila"
29163139;0;"Outros"
29163210;0;"Peróxido de benzoíla"
29163220;0;"Cloreto de benzoíla"
29163400;0;"Ácido fenilacético e seus sais"
29163910;0;"Cloreto de 4-cloro-alfa-(1-metiletil)benzenoacetila"
29163920;0;"Ibuprofeno"
29163930;0;"Ácido 4-cloro-3-nitrobenzoico"
29163940;0;"Perbenzoato de ter-butila"
29163990;0;"Outros"
29171110;0;"Ácido oxálico e seus sais"
29171120;0;"Ésteres"
29171210;0;"Ácido adípico"
29171220;0;"Sais e ésteres"
29171310;0;"Ácido azelaico, seus sais e seus ésteres"
29171321;0;"Ácido sebácico"
29171322;0;"Sebacato de dibutila"
29171323;0;"Sebacato de dioctila"
29171329;0;"Outros"
29171400;0;"Anidrido maleico"
29171910;0;"Dioctilsulfossuccinato de sódio"
29171921;0;"Ácido maleico"
29171922;0;"Sais e ésteres"
29171930;0;"Ácido fumárico, seus sais e seus ésteres"
29171990;0;"Outros"
29172000;0;"Ácidos policarboxílicos ciclânicos, ciclênicos ou cicloterpênicos, seus anidridos, halogenetos, peróxidos, peroxiácidos e seus derivados"
29173200;0;"Ortoftalatos de dioctila"
29173300;0;"Ortoftalatos de dinonila ou de didecila"
29173400;0;"Outros ésteres do ácido ortoftálico"
29173500;0;"Anidrido ftálico"
29173600;0;"Ácido tereftálico e seus sais"
29173700;0;"Tereftalato de dimetila"
29173911;0;"Ésteres"
29173919;0;"Outros"
29173920;0;"Ácido ortoftálico e seus sais"
29173931;0;"De dioctila"
29173939;0;"Outros"
29173940;0;"Sais e ésteres do ácido trimelítico (sais e ésteres do ácido 1,2,4-benzenotricarboxílico)"
29173950;0;"Anidrido trimelítico (ácido 1,3-dioxo-5-isobenzofuranocarboxílico)"
29173990;0;"Outros"
29181100;0;"Ácido láctico, seus sais e seus ésteres"
29181200;0;"Ácido tartárico"
29181310;0;"Sais"
29181320;0;"Ésteres"
29181400;0;"Ácido cítrico"
29181500;0;"Sais e ésteres do ácido cítrico"
29181610;0;"Gluconato de cálcio"
29181690;0;"Outros"
29181700;0;"Ácido 2,2-difenil-2-hidroxiacético (ácido benzílico)"
29181800;0;"Clorobenzilato (ISO)"
29181910;0;"Bromopropilato"
29181921;0;"Ursodiol (ácido ursodeoxicólico)"
29181922;0;"Ácido quenodeoxicólico"
29181929;0;"Outros"
29181930;0;"Ácido 12-hidroxiesteárico"
29181942;0;"Sais"
29181943;0;"Ésteres"
29181990;0;"Outros"
29182110;0;"Ácido salicílico"
29182120;0;"Sais"
29182211;0;"Ácido o-acetilsalicílico"
29182212;0;"o-Acetilsalicilato de alumínio"
29182219;0;"Outros"
29182220;0;"Ésteres"
29182300;0;"Outros ésteres do ácido salicílico e seus sais"
29182910;0;"Ácidos hidroxinaftoicos"
29182921;0;"Ácido p-hidroxibenzoico"
29182922;0;"Metilparabeno"
29182923;0;"Propilparabeno"
29182929;0;"Outros"
29182930;0;"Ácido gálico, seus sais e seus ésteres"
29182940;0;"Tetrakis(3-(3,5-di-ter-butil-4-hidroxifenil)propionato) de pentaeritritila"
29182950;0;"3-(3,5-Di-ter-butil-4-hidroxifenil)propionato de octadecila"
29182990;0;"Outros"
29183010;0;"Cetoprofeno"
29183020;0;"Butirilacetato de metila"
29183031;0;"Ácido deidrocólico"
29183032;0;"Deidrocolato de sódio"
29183033;0;"Deidrocolato de magnésio"
29183039;0;"Outros"
29183040;0;"Acetilacetato de 2-nitrometilbenzilideno"
29183090;0;"Outros"
29189100;0;"2,4,5-T (ISO) (ácido 2,4,5-triclorofenoxiacético), seus sais e seus ésteres"
29189911;0;"Ácido fenoxiacético, seus sais e seus ésteres"
29189912;0;"Ácido 2,4-diclorofenoxiacético (2,4-D), seus sais e seus ésteres"
29189919;0;"Outros"
29189921;0;"Ácidos diclorofenoxibutanoicos, seus sais e seus ésteres"
29189929;0;"Outros"
29189930;0;"Acifluorfen sódico"
29189940;0;"Naproxeno"
29189950;0;"Ácido 3-(2-cloro-alfa, alfa, alfa-trifluor-p-toliloxi)benzoico"
29189960;0;"Diclofop-metila"
29189991;0;"Fenofibrato"
29189992;0;"Ácidos metilclorofenoxiacéticos, seus sais e seus ésteres"
29189993;0;"5-(2-Cloro-4-trifluorometilfenoxi)-2-nitrobenzoato de 1'-(carboetoxi)etila (lactofen)"
29189994;0;"Ácido 4-(4-hidroxifenoxi)-3,5-di-iodofenilacético"
29189999;0;"Outros"
29191000;0;"Fosfato de tris(2,3-dibromopropila)"
29199010;0;"De tributila"
29199020;0;"De tricresila"
29199030;0;"De trifenila"
29199040;0;"Diclorvós (DDVP)"
29199050;0;"Lactofosfato de cálcio"
29199060;0;"Clorfenvinfós"
29199090;0;"Outros"
29201110;0;"Paration (etil paration)"
29201120;0;"Paration-metila (metil paration)"
29201910;0;"Fenitrotion"
29201920;0;"Cloreto de fosforotioato de dimetila"
29201990;0;"Outros"
29202100;0;"Fosfito de dimetila"
29202200;0;"Fosfito de dietila"
29202300;0;"Fosfito de trimetila"
29202400;0;"Fosfito de trietila"
29202910;0;"Fosfito de alquila de C3 a C13 ou de alquil-arila"
29202920;0;"Fosfito de difenila"
29202930;0;"Outros fosfitos, de arila"
29202940;0;"Fosetil Al"
29202950;0;"Fosfito de tris(2,4-di-ter-butilfenila)"
29202990;0;"Outros"
29203000;0;"Endossulfan (ISO)"
29209022;0;"Propargite"
29209029;0;"Outros"
29209031;0;"De propatila"
29209032;0;"Nitroglicerina"
29209033;0;"Tetranitrato de pentaeritritol (PETN, nitropenta, pentrita)"
29209039;0;"Outros"
29209041;0;"De alquila de C6 a C22"
29209042;0;"De monoalquildietilenoglicol ou de monoalquiltrietilenoglicol"
29209049;0;"Outros"
29209051;0;"De etila"
29209059;0;"Outros"
29209090;0;"Outros"
29211111;0;"Monometilamina"
29211112;0;"Sais"
29211121;0;"Dimetilamina"
29211122;0;"2,4-Diclorofenoxiacetato de dimetilamina"
29211123;0;"Metilclorofenoxiacetato de dimetilamina"
29211129;0;"Outros"
29211131;0;"Trimetilamina"
29211132;0;"Cloridrato de trimetilamina"
29211139;0;"Outros"
29211200;0;"Cloridrato de 2-cloroetil(N,N-dimetilamina)"
29211300;0;"Cloridrato de 2-cloroetil(N,N-dietilamina)"
29211400;0;"Cloridrato de 2-cloroetil(N,N-di-isopropilamina)"
29211911;0;"Monoetilamina e seus sais"
29211912;0;"Trietilamina"
29211913;0;"Bis(2-cloroetil)etilamina"
29211914;0;"Triclormetina (DCI) (tris(2-cloroetil)amina)"
29211915;0;"Dietilamina e seus sais, exceto etansilato (ethamsylate)"
29211919;0;"Outros"
29211921;0;"Mono-n-propilamina e seus sais"
29211922;0;"Di-n-propilamina e seus sais"
29211923;0;"Monoisopropilamina e seus sais"
29211924;0;"Di-isopropilamina e seus sais"
29211929;0;"Outros"
29211931;0;"Di-isobutilamina e seus sais"
29211939;0;"Outros"
29211941;0;"Metildialquilaminas"
29211949;0;"Outras"
29211991;0;"Clormetina (DCI) (bis(2-cloroetil)metilamina)"
29211992;0;"N,N-Dialquil-2-cloroetilamina, com grupos alquila de C1 a C3, e seus sais protonados"
29211993;0;"Mucato de isometepteno"
29211994;0;"N,N-Dimetilcetilamina"
29211999;0;"Outros"
29212100;0;"Etilenodiamina e seus sais"
29212200;0;"Hexametilenodiamina e seus sais"
29212910;0;"Dietilenotriamina e seus sais"
29212920;0;"Trietilenotetramina e seus sais"
29212990;0;"Outros"
29213011;0;"Monocicloexilamina e seus sais"
29213012;0;"Dicicloexilamina"
29213019;0;"Outros"
29213020;0;"Propilexedrina"
29213090;0;"Outros"
29214100;0;"Anilina e seus sais"
29214211;0;"Ácido sulfanílico e seus sais"
29214219;0;"Outros"
29214221;0;"3,4-Dicloroanilina e seus sais"
29214229;0;"Outros"
29214231;0;"4-Nitroanilina"
29214239;0;"Outros"
29214241;0;"5-Cloro-2-nitroanilina"
29214249;0;"Outros"
29214290;0;"Outros"
29214311;0;"o-Toluidina"
29214319;0;"Outros"
29214321;0;"3-Nitro-4-toluidina e seus sais"
29214322;0;"Trifluralina"
29214323;0;"4-Cloro-2-toluidina"
29214329;0;"Outros"
29214410;0;"Difenilamina e seus sais"
29214421;0;"n-Octildifenilamina"
29214422;0;"n-Nonildifenilamina"
29214429;0;"Outros"
29214500;0;"1-Naftilamina (alfa-naftilamina), 2-naftilamina (beta-naftilamina), e seus derivados; sais destes produtos"
29214610;0;"Anfetamina e seus sais"
29214620;0;"Benzofetamina e seus sais"
29214630;0;"Dexanfetamina e seus sais"
29214640;0;"Etilanfetamina e seus sais"
29214650;0;"Fencanfamina e seus sais"
29214660;0;"Fentermina e seus sais"
29214670;0;"Lefetamina e seus sais"
29214680;0;"Levanfetamina e seus sais"
29214690;0;"Mefenorex e seus sais"
29214910;0;"Cloridrato de fenfluramina"
29214921;0;"2,4-Xilidina e seus sais"
29214922;0;"Pendimetalina"
29214929;0;"Outros"
29214931;0;"Sulfato de tranilcipromina"
29214939;0;"Outros"
29214990;0;"Outros"
29215111;0;"m-Fenilenodiamina e seus sais"
29215112;0;"Diaminotoluenos (toluilenodiaminas)"
29215119;0;"Outros"
29215120;0;"Derivados sulfonados das fenilenodiaminas e de seus derivados; sais destes produtos"
29215131;0;"N,N'-Di-sec-butil-p-fenilenodiamina"
29215132;0;"N-Isopropil-N'-fenil-p-fenilenodiamina"
29215133;0;"N-(1,3-Dimetilbutil)-N'-fenil-p-fenilenodiamina"
29215134;0;"N-(1,4-Dimetilpentil)-N'-fenil-p-fenilenodiamina"
29215135;0;"N-Fenil-p-fenilenodiamina (4-aminodifenilamina) e seus sais"
29215139;0;"Outros"
29215190;0;"Outros"
29215911;0;"3,3'-Diclorobenzidina"
29215919;0;"Outros"
29215921;0;"4,4'-Diaminodifenilmetano"
29215929;0;"Outros"
29215931;0;"4,4'-Diaminodifenilamina e seus sais"
29215932;0;"Ácido 4,4'-diaminodifenilamino-2-sulfônico e seus sais"
29215939;0;"Outros"
29215990;0;"Outros"
29221100;0;"Monoetanolamina e seus sais"
29221200;0;"Dietanolamina e seus sais"
29221400;0;"Dextropropoxifeno (DCI) e seus sais"
29221500;0;"Trietanolamina"
29221600;0;"Perfluoroctanossulfonato de dietanolamônio"
29221700;0;"Metildietanolamina e etildietanolamina"
29221800;0;"2-(N,N-di-isopropilamino)etanol"
29221911;0;"Monoisopropanolamina"
29221912;0;"2,4-Diclorofenoxiacetato de triisopropanolamina"
29221913;0;"2,4-Diclorofenoxiacetato de dimetilpropanolamina"
29221919;0;"Outros"
29221921;0;"Citrato"
29221929;0;"Outros"
29221931;0;"Cloridrato"
29221939;0;"Outros"
29221941;0;"Cloridrato"
29221949;0;"Outros"
29221951;0;"N,N-Dimetil-2-aminoetanol e seus sais protonados"
29221952;0;"N,N-Dietil-2-aminoetanol e seus sais protonados"
29221959;0;"Outros"
29221971;0;"Cloridrato"
29221979;0;"Outros"
29221981;0;"Tartarato"
29221989;0;"Outros"
29221991;0;"1-p-Nitrofenil-2-amino-1,3-propanodiol"
29221992;0;"Fumarato de benciclano"
29221993;0;"Clembuterol (clenbuterol) e seu cloridrato"
29221994;0;"Mirtecaína"
29221995;0;"Tamoxifen e seu citrato"
29221996;0;"Propranolol e seus sais"
29221999;0;"Outros"
29222100;0;"Ácidos aminohidroxinaftalenossulfônicos e seus sais"
29222911;0;"p-Aminofenol"
29222919;0;"Outros"
29222920;0;"Nitroanisidinas e seus sais"
29222990;0;"Outros"
29223111;0;"Anfepramona"
29223112;0;"Sais"
29223120;0;"Metadona e seus sais"
29223130;0;"Normetadona e seus sais"
29223910;0;"Aminoantraquinonas e seus sais"
29223921;0;"Cloridrato"
29223929;0;"Outros"
29223990;0;"Outros"
29224110;0;"Lisina"
29224190;0;"Outros"
29224210;0;"Ácido glutâmico"
29224220;0;"Sais"
29224300;0;"Ácido antranílico e seus sais"
29224410;0;"Tilidina"
29224420;0;"Sais"
29224910;0;"Glicina e seus sais"
29224920;0;"Ácido etilenodiaminotetracético (EDTA) e seus sais"
29224931;0;"Ácido iminodiacético"
29224932;0;"Sais"
29224940;0;"Ácido dietilenotriaminopentacético e seus sais"
29224951;0;"alfa-Fenilglicina"
29224952;0;"Cloridrato de cloreto de D(-)alfa-aminobenzenoacetila"
29224959;0;"Outros"
29224961;0;"Diclofenaco de sódio"
29224962;0;"Diclofenaco de potássio"
29224963;0;"Diclofenaco de dietilamônio"
29224964;0;"Diclofenaco"
29224969;0;"Outros"
29224990;0;"Outros"
29225011;0;"Cloridrato"
29225019;0;"Outros"
29225031;0;"Levodopa"
29225032;0;"Metildopa"
29225039;0;"Outros"
29225091;0;"N-(1-(Metoxicarbonil)propen-2-il)-alfa-amino-p-hidroxifenilacetato de sódio (NAPOH)"
29225099;0;"Outros"
29231000;0;"Colina e seus sais"
29232000;0;"Lecitinas e outros fosfoaminolipídios"
29233000;0;"Perfluoroctanossulfonato de tetraetilamônio"
29234000;0;"Perfluoroctanossulfonato de didecildimetilamônio"
29239010;0;"Betaína e seus sais"
29239020;0;"Derivados da colina"
29239030;0;"Cloreto de 3-cloro-2-hidroxipropiltrimetilamônio"
29239040;0;"Halogenetos de alquil-trimetilamônio, com grupo alquila de C6 a C22"
29239050;0;"Halogenetos de dialquil-dimetilamônio ou de alquil-benzil-dimetilamônio, com grupo alquila de C6 a
C22"
29239060;0;"Halogenetos de pentametil-alquil-propilenodiamônio, com grupo alquila de C6 a C22"
29239090;0;"Outros"
29241100;0;"Meprobamato (DCI)"
29241210;0;"Fluoracetamida"
29241220;0;"Fosfamidona"
29241230;0;"Monocrotofós"
29241911;0;"2-Cloro-N-metilacetoacetamida"
29241919;0;"Outros"
29241921;0;"N-Metilformamida"
29241922;0;"N,N-Dimetilformamida"
29241929;0;"Outras"
29241931;0;"Acrilamida"
29241932;0;"Metacrilamidas"
29241939;0;"Outros"
29241942;0;"Dicrotofós"
29241949;0;"Outros"
29241991;0;"N,N'-Dimetilureia"
29241992;0;"Carisoprodol"
29241993;0;"N,N'-(Diestearoil)etilenodiamina (N,N'-etilen-bis-estearamida)"
29241994;0;"Dietanolamidas de ácidos graxos (gordos) de C12 a C18"
29241999;0;"Outros"
29242111;0;"Hexanitrocarbanilidas"
29242119;0;"Outros"
29242120;0;"Diuron"
29242190;0;"Outros"
29242300;0;"Ácido 2-acetamidobenzoico (ácido N-acetilantranílico) e seus sais"
29242400;0;"Etinamato (DCI)"
29242500;0;"Alaclor (ISO)"
29242911;0;"Acetanilida"
29242912;0;"4-Aminoacetanilida"
29242913;0;"Acetaminofen (paracetamol)"
29242914;0;"Lidocaína e seu cloridrato"
29242915;0;"2,5-Dimetoxiacetanilida"
29242919;0;"Outros"
29242920;0;"Anilidas dos ácidos hidroxinaftoicos e seus derivados; sais destes produtos"
29242931;0;"Carbaril"
29242932;0;"Propoxur"
29242939;0;"Outros"
29242941;0;"Teclozam"
29242943;0;"Atenolol; metolaclor"
29242944;0;"Ácido ioxáglico"
29242945;0;"Iodamida"
29242946;0;"Cloreto do ácido p-acetamidobenzenossulfônico"
29242947;0;"Ácido ioxitalâmico"
29242949;0;"Outros"
29242951;0;"Bromoprida"
29242952;0;"Metoclopramida e seu cloridrato"
29242959;0;"Outros"
29242961;0;"Propanil"
29242962;0;"Flutamida"
29242963;0;"Prilocaína e seu cloridrato"
29242964;0;"Iobitridol"
29242969;0;"Outros"
29242991;0;"Aspartame"
29242992;0;"Diflubenzurom"
29242993;0;"Metalaxil"
29242994;0;"Triflumurom"
29242995;0;"Buclosamida"
29242996;0;"Benzoato de denatônio"
29242999;0;"Outros"
29251100;0;"Sacarina e seus sais"
29251200;0;"Glutetimida (DCI)"
29251910;0;"Talidomida"
29251990;0;"Outros"
29252100;0;"Clordimeforme (ISO)"
29252911;0;"Aspartato de L-arginina"
29252919;0;"Outros"
29252921;0;"Guanidina"
29252922;0;"N,N'-Difenilguanidina"
29252923;0;"Clorexidina e seus sais"
29252929;0;"Outros"
29252930;0;"Amitraz"
29252940;0;"Isetionato de pentamidina"
29252950;0;"N-(3,7-Dimetil-7-hidroxioctilideno)antranilato de metila"
29252990;0;"Outros"
29261000;0;"Acrilonitrila"
29262000;0;"1-Cianoguanidina (diciandiamida)"
29263011;0;"Fenproporex"
29263012;0;"Sais"
29263020;0;"Intermediário da metadona"
29264000;0;"alfa-Fenilacetoacetonitrila"
29269011;0;"Verapamil"
29269012;0;"Cloridrato"
29269019;0;"Outros"
29269021;0;"Álcool alfa-ciano-3-fenoxibenzílico"
29269022;0;"Ciflutrina"
29269023;0;"Cipermetrina"
29269024;0;"Deltametrina"
29269025;0;"Fenvalerato"
29269026;0;"Cialotrina (cyhalothrin)"
29269029;0;"Outros"
29269030;0;"Sais de intermediário da metadona"
29269091;0;"Adiponitrila (1,4-dicianobutano)"
29269092;0;"Cianidrina de acetona (acetona cianidrina)"
29269093;0;"Closantel"
29269095;0;"Clorotalonil"
29269096;0;"Cianoacrilatos de etila"
29269099;0;"Outros"
29270010;0;"Compostos diazoicos"
29270021;0;"Azodicarbonamida"
29270029;0;"Outros"
29270030;0;"Compostos azóxicos"
29280011;0;"Metiletilacetoxima"
29280019;0;"Outros"
29280020;0;"Carbidopa"
29280030;0;"2-Hidrazinoetanol"
29280041;0;"Fenilidrazina"
29280042;0;"Derivados"
29280090;0;"Outros"
29291010;0;"Di-isocianato de difenilmetano"
29291021;0;"Mistura de isômeros"
29291029;0;"Outros"
29291030;0;"Isocianato de 3,4-diclorofenila"
29291090;0;"Outros"
29299011;0;"De sódio"
29299012;0;"De cálcio"
29299019;0;"Outros"
29299021;0;"Dialogenetos de N,N-dialquilfosforoamidatos, com grupos alquila de C1 a C3"
29299022;0;"N,N-Dialquilfosforoamidatos de dialquila, com grupos alquila de C1 a C3"
29299029;0;"Outros"
29299031;0;"Dicloreto de N,N-dimetilfosforoamídico"
29299039;0;"Outros"
29299040;0;"N,N-Dialquilfosforoamidatos de dialquila, com grupos alquila de C1 a C3"
29299050;0;"Fosfonamidofluoridatos de N-(1-(dialquila (de até C10, incluindo cicloalquila) amino)) alquilideno (H ou de até C10, incluindo cicloalquila) e sais alquilados ou protonados destes produtos"
29299060;0;"Fosforamidofluoridatos de O-alquila (H ou de até C10, incluindo cicloalquila) N-(1-(dialquila (de até C10, incluindo cicloalquila) amino)) alquilideno (H ou de até C10, incluindo cicloalquila) e sais alquilados ou protonados destes produtos"
29299090;0;"Outros"
29301000;0;"2-(N,N-Dimetilamino)etanotiol"
29302011;0;"EPTC"
29302012;0;"Cartap"
29302013;0;"Tiobencarb (dietiltiocarbamato de S-4-clorobenzila)"
29302019;0;"Outros"
29302021;0;"Ziram; dimetilditiocarbamato de sódio"
29302022;0;"Dietilditiocarbamato de zinco"
29302023;0;"Dibutilditiocarbamato de zinco"
29302024;0;"Metam sódio"
29302029;0;"Outros"
29303011;0;"De tetrametiltiourama"
29303012;0;"Sulfiram"
29303019;0;"Outros"
29303021;0;"Thiram"
29303022;0;"Dissulfiram"
29303029;0;"Outros"
29303090;0;"Outros"
29304010;0;"DL-Metionina, com um teor de cinzas sulfatadas superior a 0,1 %, em peso"
29304090;0;"Outra"
29306000;0;"2-(N,N-Dietilamino)etanotiol"
29307000;0;"Sulfeto de bis(2-hidroxietila) (tiodiglicol (DCI))"
29308010;0;"Aldicarb"
29308020;0;"Captafol"
29308030;0;"Metamidofós"
29309011;0;"Ácido tioglicólico e seus sais"
29309012;0;"Cisteína"
29309013;0;"N,N-Dialquil-2-aminoetanotiol, com grupos alquila de C1 a C3, e seus sais protonados"
29309019;0;"Outros"
29309021;0;"Tioureia"
29309022;0;"Tiofanato-Metila"
29309023;0;"4-Metil-3-tiosemicarbazida"
29309029;0;"Outros"
29309031;0;"2-(Etiltio)etanol, com uma concentração igual ou superior a 98 %, em peso"
29309032;0;"3-(Metiltio)propanal"
29309033;0;"Clorotioformiato de S-etila"
29309034;0;"Ácido 2-hidroxi-4-(metiltio)butanoico e seu sal cálcico"
29309035;0;"Metomil"
29309036;0;"Carbocisteína"
29309037;0;"4-Sulfatoetilsulfonil-2,5-dimetoxianilina; 4-sulfatoetilsulfonil-2-metoxi-5-metilanilina; 4-
sulfatoetilsulfonil-2-metoxianilina"
29309039;0;"Outros"
29309041;0;"Fosforotioato de O,O-dietila e de S-[2-(dietilamino)etila] e seus sais alquilados ou protonados"
29309042;0;"Fosforotioato de O,O-dimetila e de S-[2-(1-metilcarbamoiletiltio)-etila)] (vamidotion)"
29309043;0;"Fosforotioato de O-(4-bromo-2-clorofenila) O-etila e de S-propila (profenofós)"
29309049;0;"Outros"
29309051;0;"Forato (ISO); terbufós (ISO)"
29309052;0;"Dissulfoton"
29309053;0;"Etion"
29309054;0;"Dimetoato"
29309057;0;"Fosforoditioato de O,O-dimetila e de S-[2-(etiltio)etila] (tiometon)"
29309059;0;"Outros"
29309061;0;"Acefato"
29309069;0;"Outros"
29309071;0;"Tiaprida"
29309072;0;"Bicalutamida"
29309079;0;"Outras"
29309081;0;"Sulfeto de 2-cloroetila e de clorometila"
29309082;0;"Sulfeto de bis(2-cloroetila)"
29309083;0;"Bis(2-cloroetiltio)metano"
29309084;0;"1,2-Bis(2-cloroetiltio)etano"
29309085;0;"1,3-Bis(2-cloroetiltio)-n-propano"
29309086;0;"1,4-Bis(2-cloroetiltio)-n-butano"
29309087;0;"1,5-Bis(2-cloroetiltio)-n-pentano"
29309088;0;"Óxido de bis(2-cloroetiltiometila)"
29309089;0;"Óxido de bis(2-cloroetiltioetila)"
29309091;0;"Captan"
29309093;0;"Metileno-bis-tiocianato"
29309094;0;"Dimetiltiofosforamida"
29309095;0;"Etilditiofosfonato de O-etila e de S-fenila (fonofós)"
29309096;0;"Hidrogênio alquil(de C1 a C3)fosfonotioatos de [S-2-(dialquil(de C1 a C3)amino)etila], seus ésteres de O-alquila (de até C10, incluindo os cicloalquila); sais alquilados ou protonados destes produtos"
29309097;0;"Outros compostos que contenham um átomo de fósforo ligado a um grupo alquila (de C1 a C3) mas sem outros átomos de carbono"
29309098;0;"Ditiocarbonatos (xantatos e xantogenatos)"
29309099;0;"Outros"
29311000;0;"Tetrametila de chumbo e tetraetila de chumbo"
29312000;0;"Compostos de tributilestanho"
29314100;0;"Metilfosfonato de dimetila"
29314200;0;"Propilfosfonato de dimetila"
29314300;0;"Etilfosfonato de dietila"
29314400;0;"Ácido metilfosfônico"
29314500;0;"Sal do ácido metilfosfônico e de (aminoiminometil)ureia (1:1)"
29314600;0;"2,4,6-Trióxido de 2,4,6-tripropil-1,3,5,2,4,6-trioxatrifosfinano"
29314700;0;"Metilfosfonato de (5-etil-2-metil-2-óxido-1,3,2-dioxafosfinan-5-il)metil metila"
29314800;0;"3,9-Dióxido de 3,9-dimetil-2,4,8,10-tetraoxa-3,9-difosfaspiro[5.5]undecano"
29314911;0;"Ácido fosfonometiliminodiacético; ácido aminotrimetilenofosfônico"
29314912;0;"Difenilfosfonato(4,4'-bis((dimetoxifosfinil)metil)difenila)"
29314913;0;"Etidronato dissódico"
29314914;0;"Glifosato e seu sal de monoisopropilamina"
29314915;0;"Glufosinato de amônio"
29314916;0;"Hidrogenofosfonato de bis(2-etilexilo)"
29314920;0;"Hidrogênio alquil(de C1 a C3)fosfonitos de [O-2-(dialquil(de C1 a C3)amino)etila], seus ésteres de O alquila (de até C10, incluindo os cicloalquila); sais alquilados ou protonados destes produtos"
29314931;0;"Metilfosfinato de butila"
29314932;0;"Metilfosfonato de bis (1-metilpentila)"
29314939;0;"Outros"
29314940;0;"N,N-Dialquil(de C1 a C3)fosforoamidocianidatos de O-alquila (de até C10, incluindo os cicloalquila)"
29314990;0;"Outros"
29315100;0;"Dicloreto metilfosfônico"
29315200;0;"Dicloreto propilfosfônico"
29315300;0;"Metilfosfonotionato de O-(3-cloropropil) O-[4-nitro-3-(trifluorometil)fenila]"
29315400;0;"Triclorfom (ISO)"
29315911;0;"Ácido clodrônico e seu sal dissódico"
29315912;0;"Etefon"
29315913;0;"Fotemustina"
29315991;0;"Alquil(de C1 a C3)fosfonofluoridatos de O-alquila (de até C10, incluindo os cicloalquila)"
29315992;0;"Metilfosfonocloridato de O-isopropila"
29315993;0;"Metilfosfonocloridato de O-pinacolila"
29315994;0;"Difluoreto de alquilfosfonila, com grupo alquila de C1 a C3"
29315995;0;"Fosfonamidofluoridatos de P-alquila (de até C10, incluindo cicloalquila) N-(1-(dialquila (de até C10, incluindo cicloalquila) amino)) alquilideno (H ou de até C10, incluindo cicloalquila) e sais alquilados ou protonados destes produtos"
29315996;0;"(Bis (dietilamina) metileno) fosfonamidofluoridato  de metila"
29315998;0;"Outros compostos que contenham um átomo de fósforo ligado a um grupo alquila (de C1 a C3) mas sem outros átomos de carbono"
29315999;0;"Outros"
29319021;0;"Bis(trimetilsilil)ureia"
29319029;0;"Outros"
29319041;0;"Acetato de trifenilestanho"
29319042;0;"Tetraoctilestanho"
29319043;0;"Ciexatin"
29319044;0;"Hidróxido de trifenilestanho"
29319045;0;"Óxido de fembutatina"
29319046;0;"Sais de dimetil-estanho, de dibutil-estanho e de dioctil-estanho, dos ácidos carboxílicos ou tioglicólicos e de seus ésteres"
29319049;0;"Outros"
29319051;0;"Ácido metilarsínico e seus sais"
29319052;0;"2-Clorovinil-dicloroarsina"
29319053;0;"Bis(2-clorovinil)cloroarsina"
29319054;0;"Tris(2-clorovinil)arsina"
29319059;0;"Outros"
29319061;0;"Tricloreto de etilalumínio (sesquicloreto de etilalumínio)"
29319062;0;"Cloreto de dietilalumínio"
29319069;0;"Outros"
29319090;0;"Outros"
29321100;0;"Tetra-hidrofurano"
29321200;0;"2-Furaldeído (furfural)"
29321310;0;"Álcool furfurílico"
29321320;0;"Álcool tetra-hidrofurfurílico"
29321400;0;"Sucralose"
29321910;0;"Ranitidina e seus sais"
29321920;0;"Nafronil"
29321930;0;"Nitrovin"
29321940;0;"Bioresmetrina"
29321950;0;"Diacetato de 5-nitrofurfurilideno (NFDA)"
29321990;0;"Outros"
29322000;0;"Lactonas"
29329100;0;"Isosafrol"
29329200;0;"1-(1,3-Benzodioxol-5-il)propan-2-ona"
29329300;0;"Piperonal"
29329400;0;"Safrol"
29329500;0;"Tetra-hidrocanabinóis (todos os isômeros)"
29329600;0;"Carbofurano (ISO)"
29329911;0;"Eucaliptol"
29329912;0;"Quercetina"
29329913;0;"Dinitrato de isossorbida"
29329991;0;"Cloridrato de amiodarona"
29329992;0;"1,3,4,6,7,8-Hexaidro-4,6,6,7,8,8-hexametilciclopenta-gama-2-benzopirano"
29329993;0;"Dibenzilideno-sorbitol"
29329994;0;"Carbosulfan ((dibutilaminotio)metilcarbamato de 2,3-di-hidro-2,2-dimetilbenzofuran-7-ila)"
29329999;0;"Outros"
29331111;0;"Dipirona"
29331112;0;"Magnopirol (dipirona magnésica)"
29331119;0;"Outros"
29331120;0;"Metileno-bis(4-metilamino-1-fenil-2,3-dimetil)pirazolona"
29331190;0;"Outros"
29331911;0;"Fenilbutazona cálcica"
29331919;0;"Outros"
29331990;0;"Outros"
29332110;0;"Iprodiona"
29332121;0;"Fenitoína e seu sal sódico"
29332129;0;"Outros"
29332190;0;"Outros"
29332911;0;"2-Metil-5-nitroimidazol"
29332912;0;"Metronidazol e seus sais"
29332913;0;"Tinidazol"
29332919;0;"Outros"
29332921;0;"Econazol e seu nitrato"
29332922;0;"Nitrato de miconazol"
29332923;0;"Cloridrato de clonidina"
29332924;0;"Nitrato de isoconazol"
29332925;0;"Clotrimazol"
29332929;0;"Outros"
29332930;0;"Cimetidina e seus sais"
29332940;0;"4-Metil-5-hidroximetilimidazol e seus sais"
29332991;0;"Imidazol"
29332992;0;"Histidina e seus sais"
29332993;0;"Ondansetron e seus sais"
29332994;0;"1-Hidroxietil-2-undecanoilimidazolina"
29332995;0;"1-Hidroxietil-2-(8-heptadecenoil)imidazolina"
29332999;0;"Outros"
29333110;0;"Piridina"
29333120;0;"Sais"
29333200;0;"Piperidina e seus sais"
29333311;0;"Alfentanila"
29333312;0;"Anileridina"
29333319;0;"Outros"
29333321;0;"Bezitramida"
29333322;0;"Bromazepam"
29333329;0;"Outros"
29333331;0;"Carfentanila"
29333332;0;"Cetobemidona"
29333339;0;"Outros"
29333341;0;"Difenoxilato"
29333342;0;"Cloridrato de difenoxilato"
29333349;0;"Outros"
29333351;0;"Difenoxina"
29333352;0;"Dipipanona"
29333359;0;"Outros"
29333361;0;"Fenciclidina"
29333362;0;"Fenoperidina"
29333363;0;"Fentanila"
29333369;0;"Outros"
29333371;0;"Metilfenidato"
29333372;0;"Pentazocina"
29333379;0;"Outros"
29333381;0;"Petidina"
29333382;0;"Intermediário A da petidina"
29333383;0;"Pipradrol"
29333384;0;"Cloridrato de petidina"
29333389;0;"Outros"
29333391;0;"Piritramida"
29333392;0;"Propiram"
29333393;0;"Trimeperidina"
29333394;0;"Remifentanila"
29333399;0;"Outros"
29333400;0;"Outras fentanilas e seus derivados"
29333500;0;"Quinuclidin-3-ol"
29333600;0;"4-Anilino-N-fenetilpiperidina (ANPP)"
29333700;0;"N-Fenetil-4-piperidona (NPP)"
29333912;0;"Droperidol"
29333913;0;"Ácido niflúmico"
29333914;0;"Haloxifop (ácido (RS)-2-(4-(3-cloro-5-trifluorometil-2-piridiloxi)fenoxi)propiônico)"
29333915;0;"Haloperidol"
29333919;0;"Outros"
29333921;0;"Picloram"
29333922;0;"Clorpirifós"
29333923;0;"Malato ácido de cleboprida (malato de cleboprida)"
29333924;0;"Cloridrato de loperamida"
29333925;0;"Ácido 2-(2-metil-3-cloroanilino)nicotínico e seu sal de lisina"
29333929;0;"Outros"
29333931;0;"Terfenadina"
29333932;0;"Biperideno e seus sais"
29333933;0;"Ácido isonicotínico"
29333934;0;"5-Etil-2,3-dicarboxipiridina (5-EPDC)"
29333935;0;"Imazetapir (ácido (RS)-5-etil-2-(4-isopropil-4-metil-5-oxo-2-imidazolin-2-il)nicotínico)"
29333936;0;"Dibrometo de 1-[N,N-dialquila (de até C10) -N-(n-hidroxialquil (de até C10)) amônio]-n-[N-(3-
dimetilcarbamoxi-alfa-picolinil)-N,N-dialquil (de até C10) amônio] decano (n=1-8)"
29333937;0;"Benzilato de 3-quinuclidinila"
29333939;0;"Outros"
29333941;0;"Dibrometo de 1-[N,N-dialquila (de até C10) -N-(n-(ciano, acetoxi) alquil (de até C10)) amônio]-n-[N-(3-dimetilcarbamoxi-alfa-picolinil)-N,N-dialquil (de até C10) amônio] decano (n=1-8)"
29333942;0;"Dibrometo de 1,n-bis [N-(3-dimetilcarbamoxi-alfa-picolil)-N,N-dialquila (de até C10) amônio]-alcano-(2,(n-1)-diona) (n=2-12)"
29333943;0;"Nifedipina"
29333944;0;"Nitrendipina"
29333945;0;"Maleato de pirilamina"
29333946;0;"Omeprazol"
29333948;0;"Nimodipina"
29333949;0;"Outros"
29333981;0;"Cloridrato de benzetimida"
29333982;0;"Cloridrato de mepivacaína"
29333983;0;"Cloridrato de bupivacaína"
29333984;0;"Dicloreto de paraquate"
29333989;0;"Outros"
29333991;0;"Cloridrato de fenazopiridina"
29333992;0;"Isoniazida"
29333993;0;"3-Cianopiridina"
29333994;0;"4,4'-Bipiridina"
29333999;0;"Outros"
29334110;0;"Levorfanol"
29334120;0;"Sais"
29334911;0;"Ácido 2,3-quinolinodicarboxílico"
29334912;0;"Rosoxacina"
29334913;0;"Imazaquin"
29334919;0;"Outros"
29334920;0;"Oxaminiquina"
29334930;0;"Broxiquinolina"
29334940;0;"Ésteres do levorfanol"
29334990;0;"Outros"
29335200;0;"Malonilureia (ácido barbitúrico) e seus sais"
29335311;0;"Alobarbital e seus sais"
29335312;0;"Amobarbital e seus sais"
29335321;0;"Barbital e seus sais"
29335322;0;"Butalbital e seus sais"
29335323;0;"Butobarbital e seus sais"
29335330;0;"Ciclobarbital e seus sais"
29335340;0;"Fenobarbital e seus sais"
29335350;0;"Metilfenobarbital e seus sais"
29335360;0;"Pentobarbital e seus sais"
29335371;0;"Secbutabarbital e seus sais"
29335372;0;"Secobarbital e seus sais"
29335380;0;"Venilbital e seus sais"
29335400;0;"Outros derivados de malonilureia (ácido barbitúrico); sais destes produtos"
29335510;0;"Loprazolam e seus sais"
29335520;0;"Mecloqualona e seus sais"
29335530;0;"Metaqualona e seus sais"
29335540;0;"Zipeprol e seus sais"
29335911;0;"Oxatomida"
29335912;0;"Praziquantel"
29335913;0;"Norfloxacina e seu nicotinato"
29335914;0;"Flunarizina e seu dicloridrato"
29335915;0;"Enrofloxacina; sais de piperazina"
29335916;0;"Cloridrato de buspirona"
29335919;0;"Outros"
29335921;0;"Bromacil"
29335922;0;"Terbacil"
29335923;0;"Fluorouracil"
29335929;0;"Outros"
29335931;0;"Propiltiouracil"
29335932;0;"Diazinon"
29335933;0;"Pirazofós"
29335934;0;"Azatioprina"
29335935;0;"6-Mercaptopurina"
29335939;0;"Outros"
29335941;0;"Trimetoprima"
29335942;0;"Aciclovir"
29335943;0;"Tosilatos de dipiridamol"
29335944;0;"Nicarbazina"
29335945;0;"Bissulfito de menadiona dimetilpirimidinol"
29335949;0;"Outros"
29335991;0;"Minoxidil"
29335992;0;"2-Aminopirimidina"
29335999;0;"Outros"
29336100;0;"Melamina"
29336911;0;"2,4,6-Triclorotriazina (cloreto cianúrico)"
29336912;0;"Mercaptodiclorotriazina"
29336913;0;"Atrazina"
29336914;0;"Simazina"
29336915;0;"Cianazina"
29336916;0;"Anilazina"
29336919;0;"Outros"
29336921;0;"N,N,N-Triidroxietilexaidrotriazina"
29336922;0;"Hexazinona"
29336923;0;"Metribuzim"
29336929;0;"Outros"
29336991;0;"Ametrina"
29336992;0;"Metenamina e seus sais"
29336999;0;"Outros"
29337100;0;"6-Hexanolactama (épsilon-caprolactama)"
29337210;0;"Clobazam"
29337220;0;"Metiprilona"
29337910;0;"Piracetam"
29337990;0;"Outras"
29339111;0;"Alprazolam"
29339112;0;"Camazepam"
29339113;0;"Clonazepam"
29339114;0;"Clorazepato"
29339115;0;"Clordiazepóxido"
29339119;0;"Outros"
29339121;0;"Delorazepam"
29339122;0;"Diazepam"
29339123;0;"Estazolam"
29339129;0;"Outros"
29339131;0;"Fludiazepam"
29339132;0;"Flunitrazepam"
29339133;0;"Flurazepam"
29339134;0;"Halazepam"
29339139;0;"Outros"
29339141;0;"Loflazepato de etila"
29339142;0;"Lorazepam"
29339143;0;"Lormetazepam"
29339149;0;"Outros"
29339151;0;"Mazindol"
29339152;0;"Medazepam"
29339153;0;"Midazolam e seus sais"
29339159;0;"Outros"
29339161;0;"Nimetazepam"
29339162;0;"Nitrazepam"
29339163;0;"Nordazepam"
29339164;0;"Oxazepam"
29339169;0;"Outros"
29339171;0;"Pinazepam"
29339172;0;"Pirovalerona"
29339173;0;"Prazepam"
29339179;0;"Outros"
29339181;0;"Temazepam"
29339182;0;"Tetrazepam"
29339183;0;"Triazolam"
29339189;0;"Outros"
29339200;0;"Azinfós metil (ISO)"
29339911;0;"Pirazinamida"
29339912;0;"Cloridrato de amilorida"
29339913;0;"Pindolol"
29339919;0;"Outros"
29339920;0;"Cuja estrutura contém um ciclo diazepina (hidrogenado ou não)"
29339931;0;"Dibenzoazepina (iminoestilbeno)"
29339932;0;"Carbamazepina"
29339933;0;"Cloridrato de clomipramina"
29339934;0;"Molinate (hexaidroazepin-1-carbotioato de S-etila)"
29339935;0;"Hexametilenoimina"
29339939;0;"Outros"
29339941;0;"Clemastina e seus derivados; sais destes produtos"
29339942;0;"Amisulprida"
29339943;0;"Sultoprida"
29339944;0;"Alizaprida"
29339945;0;"Buflomedil e seus derivados; sais destes produtos"
29339946;0;"Maleato de enalapril"
29339947;0;"Ketorolac trometamina"
29339949;0;"Outros"
29339951;0;"Benomil"
29339952;0;"Oxifendazol"
29339953;0;"Albendazol e seu sulfóxido"
29339954;0;"Mebendazol"
29339955;0;"Flubendazol"
29339956;0;"Fembendazol"
29339959;0;"Outros"
29339961;0;"Triadimenol"
29339962;0;"Triadimefon"
29339963;0;"Triazofós (fosforotioato de O,O-dietila O-(1-fenil-1H-1,2,4-triazol-3-ila))"
29339969;0;"Outros"
29339991;0;"Azinfós etílico"
29339992;0;"Ácido nalidíxico"
29339993;0;"Clofazimina"
29339995;0;"Metilssulfato de amezínio"
29339996;0;"Hidrazida maleica e seus sais"
29339999;0;"Outros"
29341010;0;"Fentiazac"
29341020;0;"Cloridrato de tiazolidina"
29341030;0;"Tiabendazol"
29341090;0;"Outros"
29342010;0;"2-Mercaptobenzotiazol e seus sais"
29342020;0;"2,2'-Ditio-bis(benzotiazol) (dissulfeto de benzotiazila)"
29342031;0;"2-(Terbutilaminotio)benzotiazol (N-terbutil-benzotiazol-sulfenamida)"
29342032;0;"2-(Cicloexilaminotio)benzotiazol (N-cicloexil-benzotiazol-sulfenamida)"
29342033;0;"2-(Dicicloexilaminotio)benzotiazol (N,N-dicicloexil-benzotiazol-sulfenamida)"
29342034;0;"2-(4-Morfoliniltio)benzotiazol (N-oxidietileno-benzotiazol-sulfenamida)"
29342039;0;"Outras"
29342040;0;"2-(Tiocianometiltio)benzotiazol (TCMTB)"
29342090;0;"Outros"
29343010;0;"Maleato de metotrimeprazina (maleato de levomepromazina)"
29343020;0;"Enantato de flufenazina"
29343030;0;"Prometazina"
29343090;0;"Outros"
29349111;0;"Aminorex e seus sais"
29349112;0;"Brotizolam e seus sais"
29349121;0;"Clotiazepam"
29349122;0;"Cloxazolam"
29349123;0;"Dextromoramida"
29349129;0;"Outros"
29349131;0;"Fendimetrazina e seus sais"
29349132;0;"Fenmetrazina e seus sais"
29349133;0;"Haloxazolam e seus sais"
29349141;0;"Ketazolam"
29349142;0;"Mesocarbo"
29349149;0;"Outros"
29349150;0;"Oxazolam e seus sais"
29349160;0;"Pemolina e seus sais"
29349170;0;"Sufentanila e seus sais"
29349200;0;"Outras fentanilas e seus derivados"
29349911;0;"Morfolina e seus sais"
29349912;0;"Pirenoxina sódica (catalino sódico)"
29349913;0;"Nimorazol"
29349914;0;"Anidrido isatoico (2H-3,1-benzoxazina-2,4-(1H)-diona)"
29349915;0;"4,4'-Ditiodimorfolina"
29349919;0;"Outros"
29349922;0;"Zidovudina (AZT)"
29349923;0;"Timidina"
29349924;0;"Furazolidona"
29349925;0;"Citarabina"
29349926;0;"Oxadiazona"
29349927;0;"Estavudina"
29349929;0;"Outros"
29349931;0;"Cetoconazol"
29349932;0;"Cloridrato de prazosina"
29349933;0;"Talniflumato"
29349934;0;"Ácidos nucleicos e seus sais"
29349935;0;"Propiconazol"
29349939;0;"Outros"
29349941;0;"Tiofeno"
29349942;0;"Ácido 6-aminopenicilânico"
29349943;0;"Ácido 7-aminocefalosporânico"
29349944;0;"Ácido 7-aminodesacetoxicefalosporânico"
29349945;0;"Clormezanona"
29349946;0;"9-(N-Metil-4-piperidinilideno)tioxanteno"
29349949;0;"Outros"
29349951;0;"Tebutiuron"
29349952;0;"Tetramisol"
29349953;0;"Levamisol e seus sais"
29349954;0;"Tioconazol"
29349959;0;"Outros"
29349961;0;"Cloridrato de tizanidina"
29349969;0;"Outros"
29349991;0;"Timolol"
29349992;0;"Maleato ácido de timolol"
29349993;0;"Lamivudina"
29349999;0;"Outros"
29351000;0;"N-Metilperfluoroctano sulfonamida"
29352000;0;"N-Etilperfluoroctano sulfonamida"
29353000;0;"N-Etil-N-(2-hidroxietil)perfluoroctano sulfonamida"
29354000;0;"N-(2-Hidroxietil)-N-metilperfluoroctano sulfonamida"
29355000;0;"Outras perfluoroctanossulfonamidas"
29359011;0;"Sulfadiazina e seu sal sódico"
29359012;0;"Clortalidona"
29359013;0;"Sulpirida"
29359014;0;"Veraliprida"
29359015;0;"Sulfametazina (4,6-dimetil-2-sulfanilamidopirimidina) e seu sal sódico"
29359019;0;"Outras"
29359021;0;"Furosemida"
29359022;0;"Ftalilsulfatiazol"
29359023;0;"Piroxicam"
29359024;0;"Tenoxicam"
29359025;0;"Sulfametoxazol"
29359029;0;"Outras"
29359091;0;"Cloramina-B e cloramina-T"
29359092;0;"Gliburida"
29359093;0;"Toluenossulfonamidas"
29359094;0;"Nimesulida"
29359095;0;"Bumetanida"
29359096;0;"Sulfaguanidina"
29359099;0;"Outras"
29362111;0;"Vitamina A1 álcool (retinol)"
29362112;0;"Acetato"
29362113;0;"Palmitato"
29362119;0;"Outros"
29362190;0;"Outros"
29362210;0;"Cloridrato de vitamina B1 (cloridrato de tiamina)"
29362220;0;"Mononitrato de vitamina B1 (mononitrato de tiamina)"
29362290;0;"Outros"
29362310;0;"Vitamina B2 (riboflavina)"
29362320;0;"5'-Fosfato sódico de vitamina B2 (5'-fosfato sódico de riboflavina)"
29362390;0;"Outros"
29362410;0;"D-Pantotenato de cálcio"
29362490;0;"Outros"
29362510;0;"Vitamina B6"
29362520;0;"Cloridrato de piridoxina"
29362590;0;"Outros"
29362610;0;"Vitamina B12 (cianocobalamina)"
29362620;0;"Cobamamida"
29362630;0;"Hidroxocobalamina e seus sais"
29362690;0;"Outros"
29362710;0;"Vitamina C (ácido L- ou DL-ascórbico)"
29362720;0;"Ascorbato de sódio"
29362790;0;"Outros"
29362811;0;"D- ou DL-alfa-Tocoferol"
29362812;0;"Acetato de D- ou DL-alfa-tocoferol"
29362819;0;"Outros"
29362890;0;"Outros"
29362911;0;"Vitamina B9 (ácido fólico) e seus sais"
29362919;0;"Outros"
29362921;0;"Vitamina D3 (colecalciferol)"
29362929;0;"Outros"
29362931;0;"Vitamina H (biotina)"
29362939;0;"Outros"
29362940;0;"Vitaminas K e seus derivados"
29362951;0;"Ácido nicotínico"
29362952;0;"Nicotinamida"
29362953;0;"Nicotinato de sódio"
29362959;0;"Outros"
29362990;0;"Outros"
29369000;0;"Outras, incluindo os concentrados naturais"
29371100;0;"Somatotropina, seus derivados e análogos estruturais"
29371200;0;"Insulina e seus sais"
29371910;0;"ACTH (corticotropina)"
29371920;0;"HCG (gonadotropina coriônica)"
29371930;0;"PMSG (gonadotropina sérica)"
29371940;0;"Menotropinas"
29371950;0;"Oxitocina"
29371990;0;"Outros"
29372110;0;"Cortisona"
29372120;0;"Hidrocortisona"
29372130;0;"Prednisona (deidrocortisona)"
29372140;0;"Prednisolona (deidroidrocortisona)"
29372210;0;"Dexametasona e seus acetatos"
29372221;0;"Acetonida da triancinolona"
29372229;0;"Outros"
29372231;0;"Valerato de diflucortolona"
29372239;0;"Outros"
29372290;0;"Outros"
29372310;0;"Medroxiprogesterona e seus derivados"
29372321;0;"L-Norgestrel (levonorgestrel)"
29372322;0;"DL-Norgestrel"
29372329;0;"Outros"
29372331;0;"Estriol e seu succinato"
29372339;0;"Outros"
29372341;0;"Hemissuccinato de estradiol"
29372342;0;"Fempropionato de estradiol (17-(3-fenilpropionato) de estradiol)"
29372349;0;"Outros"
29372351;0;"Alilestrenol"
29372359;0;"Outros"
29372360;0;"Desogestrel"
29372370;0;"Linestrenol"
29372391;0;"Acetato de etinodiol"
29372392;0;"Gestodeno"
29372399;0;"Outros"
29372910;0;"Metilprednisolona e seus derivados"
29372920;0;"21-Succinato sódico de hidrocortisona"
29372931;0;"Acetato de ciproterona"
29372939;0;"Outros"
29372940;0;"Mesterolona e seus derivados"
29372950;0;"Espironolactona"
29372960;0;"Deflazacorte"
29372990;0;"Outros"
29375000;0;"Prostaglandinas, tromboxanas e leucotrienos, seus derivados e análogos estruturais"
29379010;0;"Tiratricol (triac) e seu sal sódico"
29379030;0;"Levotiroxina sódica"
29379040;0;"Liotironina sódica"
29379090;0;"Outros"
29381000;0;"Rutosídio (rutina) e seus derivados"
29389010;0;"Deslanosídio"
29389020;0;"Esteviosídio"
29389090;0;"Outros"
29391110;0;"Concentrados de palha de dormideira ou papoula"
29391121;0;"Buprenorfina e seus sais"
29391122;0;"Codeína e seus sais"
29391123;0;"Di-hidrocodeína e seus sais"
29391131;0;"Etilmorfina e seus sais"
29391132;0;"Etorfina e seus sais"
29391140;0;"Folcodina e seus sais"
29391151;0;"Heroína e seus sais"
29391152;0;"Hidrocodona e seus sais"
29391153;0;"Hidromorfona e seus sais"
29391161;0;"Morfina"
29391162;0;"Cloridrato e sulfato de morfina"
29391169;0;"Outros"
29391170;0;"Nicomorfina e seus sais"
29391181;0;"Oxicodona e seus sais"
29391182;0;"Oximorfona e seus sais"
29391191;0;"Tebacona e seus sais"
29391192;0;"Tebaína e seus sais"
29391900;0;"Outros"
29392000;0;"Alcaloides da quina e seus derivados; sais destes produtos"
29393010;0;"Cafeína"
29393020;0;"Sais"
29394100;0;"Efedrina e seus sais"
29394200;0;"Pseudoefedrina (DCI) e seus sais"
29394300;0;"Catina (DCI) e seus sais"
29394400;0;"Norefedrina e seus sais"
29394510;0;"Levometanfetamina e seus sais"
29394520;0;"Metanfetamina e seus sais"
29394530;0;"Racemato de metanfetamina e seus sais"
29394900;0;"Outros"
29395100;0;"Fenetilina (DCI) e seus sais"
29395910;0;"Teofilina"
29395920;0;"Aminofilina"
29395990;0;"Outros"
29396100;0;"Ergometrina (DCI) e seus sais"
29396200;0;"Ergotamina (DCI) e seus sais"
29396300;0;"Ácido lisérgico e seus sais"
29396911;0;"Maleato de metilergometrina"
29396919;0;"Outros"
29396921;0;"Mesilato de di-hidroergotamina"
29396929;0;"Outros"
29396931;0;"Mesilato de di-hidroergocornina"
29396939;0;"Outros"
29396941;0;"Mesilato de alfa-di-hidroergocriptina"
29396942;0;"Mesilato de beta-di-hidroergocriptina"
29396949;0;"Outros"
29396951;0;"Ergocristina"
29396952;0;"Metanossulfonato de di-hidroergocristina"
29396959;0;"Outros"
29396990;0;"Outros"
29397210;0;"Cocaína e seus sais"
29397220;0;"Ecgonina e seus sais"
29397290;0;"Outros"
29397911;0;"Brometo de N-butilescopolamônio"
29397919;0;"Outros"
29397920;0;"Teobromina e seus derivados; sais destes produtos"
29397931;0;"Pilocarpina, seu nitrato e seu cloridrato"
29397939;0;"Outros"
29397940;0;"Tiocolquicósido"
29397990;0;"Outros"
29398010;0;"Saxitoxina"
29398090;0;"Outros"
29400011;0;"Galactose"
29400012;0;"Arabinose"
29400013;0;"Ramnose"
29400019;0;"Outros"
29400021;0;"Ácido lactobiônico"
29400022;0;"Lactobionato de cálcio"
29400023;0;"Bromolactobionato de cálcio"
29400029;0;"Outros"
29400092;0;"Frutose-1,6-difosfato de cálcio ou de sódio"
29400093;0;"Maltitol"
29400094;0;"Lactogluconato de cálcio"
29400099;0;"Outros"
29411010;0;"Ampicilina e seus sais"
29411020;0;"Amoxicilina e seus sais"
29411031;0;"Penicilina V potássica"
29411039;0;"Outros"
29411041;0;"Penicilina G potássica"
29411042;0;"Penicilina G benzatínica"
29411043;0;"Penicilina G procaínica"
29411049;0;"Outros"
29411090;0;"Outros"
29412010;0;"Sulfatos"
29412090;0;"Outros"
29413010;0;"Cloridrato de tetraciclina"
29413020;0;"Oxitetraciclina"
29413031;0;"Minociclina"
29413032;0;"Sais"
29413090;0;"Outros"
29414011;0;"Cloranfenicol, seu palmitato, seu succinato e seu hemissuccinato"
29414019;0;"Outros"
29414020;0;"Tianfenicol e seus ésteres"
29414090;0;"Outros"
29415010;0;"Claritromicina"
29415020;0;"Eritromicina e seus sais"
29415090;0;"Outros"
29419011;0;"Rifamicina S"
29419012;0;"Rifampicina (rifamicina AMP)"
29419013;0;"Rifamicina SV sódica"
29419019;0;"Outros"
29419021;0;"Cloridrato de lincomicina"
29419022;0;"Fosfato de clindamicina"
29419029;0;"Outros"
29419031;0;"Ceftriaxona e seus sais"
29419032;0;"Cefoperazona e seus sais, cefazolina sódica"
29419033;0;"Cefaclor e cefalexina monoidratados, cefalotina sódica"
29419034;0;"Cefadroxil e seus sais"
29419035;0;"Cefotaxima sódica"
29419036;0;"Cefoxitina e seus sais"
29419037;0;"Cefalosporina C"
29419039;0;"Outros"
29419041;0;"Sulfato de neomicina"
29419042;0;"Embonato de gentamicina (pamoato de gentamicina)"
29419043;0;"Sulfato de gentamicina"
29419049;0;"Outros"
29419051;0;"Embonato de espiramicina (pamoato de espiramicina)"
29419059;0;"Outros"
29419061;0;"Nistatina e seus sais"
29419062;0;"Anfotericina B e seus sais"
29419069;0;"Outros"
29419071;0;"Monensina sódica"
29419072;0;"Narasina"
29419073;0;"Avilamicinas"
29419079;0;"Outros"
29419081;0;"Polimixinas e seus sais, exceto sulfato de colistina"
29419082;0;"Sulfato de colistina"
29419083;0;"Virginiamicinas e seus sais"
29419089;0;"Outros"
29419091;0;"Griseofulvina e seus sais"
29419092;0;"Fumarato de tiamulina"
29419099;0;"Outros"
29420000;0;"Outros compostos orgânicos."
30012010;0;"De fígado"
30012090;0;"Outros"
30019010;0;"Heparina e seus sais"
30019020;0;"Pedaços de pericárdio de origem bovina ou suína"
30019031;0;"Fígados"
30019039;0;"Outros"
30019090;0;"Outros"
30021211;0;"Antiofídicos e outros antivenenosos"
30021212;0;"Antitetânico"
30021213;0;"Anticatarral"
30021214;0;"Antipiogênico"
30021215;0;"Antidiftérico"
30021216;0;"Polivalentes"
30021219;0;"Outros"
30021221;0;"Imunoglobulina anti-Rh"
30021222;0;"Outras imunoglobulinas séricas"
30021223;0;"Concentrado de fator VIII"
30021224;0;"Soroalbumina, sob a forma de gel, para preparação de reagentes de diagnóstico"
30021229;0;"Outros"
30021231;0;"Soroalbumina, exceto a humana"
30021232;0;"Plasmina (fibrinolisina)"
30021233;0;"Uroquinase"
30021234;0;"Imunoglobulina e cloridrato de histamina, associados"
30021235;0;"Imunoglobulina G, liofilizada ou em solução"
30021236;0;"Soroalbumina humana"
30021239;0;"Outros"
30021300;0;"Produtos imunológicos, não misturados, não apresentados em doses nem acondicionados para venda a retalho"
30021400;0;"Produtos imunológicos, misturados, não apresentados em doses nem acondicionados para venda a retalho"
30021510;0;"betainterferona; alfapeginterferona 2a"
30021520;0;"Basiliximab (DCI); bevacizumab (DCI); daclizumab (DCI); etanercept (DCI); gemtuzumab ozogamicin (DCI); oprelvekin (DCI); rituximab (DCI); trastuzumab (DCI)"
30021590;0;"Outros"
30024111;0;"Contra a gripe"
30024112;0;"Contra a poliomielite"
30024113;0;"Contra a hepatite B"
30024114;0;"Contra o sarampo"
30024115;0;"Contra a meningite"
30024116;0;"Contra a rubéola, sarampo e caxumba (tríplice)"
30024117;0;"Outras tríplices"
30024118;0;"Anticatarral e antipiogênico"
30024119;0;"Outras"
30024121;0;"Contra a gripe"
30024122;0;"Contra a poliomielite"
30024123;0;"Contra a hepatite B"
30024124;0;"Contra o sarampo"
30024125;0;"Contra a meningite"
30024126;0;"Contra a rubéola, sarampo e caxumba (tríplice)"
30024127;0;"Outras tríplices"
30024128;0;"Anticatarral e antipiogênico"
30024129;0;"Outras"
30024210;0;"Contra a raiva"
30024220;0;"Contra a coccidiose"
30024230;0;"Contra a querato-conjuntivite"
30024240;0;"Contra a cinomose"
30024250;0;"Contra a leptospirose"
30024260;0;"Contra a febre aftosa"
30024270;0;"Contra as seguintes enfermidades: de Newcastle, a vírus vivo ou vírus inativo; de Gumboro, a vírus vivo ou vírus inativo; bronquite, a vírus vivo ou vírus inativo; difteroviruela, a vírus vivo; síndrome de queda de postura (EDS); salmonelose aviária, elaborada com cepa 9R; cólera de aves, inativadas"
30024280;0;"Vacinas combinadas contra as enfermidades citadas no item 3002.42.70"
30024290;0;"Outras"
30024910;0;"Antitoxinas de origem microbiana"
30024920;0;"Tuberculinas"
30024991;0;"Para a saúde animal"
30024992;0;"Para a saúde humana"
30024993;0;"Saxitoxina"
30024994;0;"Ricina"
30024999;0;"Outros"
30025100;0;"Produtos de terapia celular"
30025900;0;"Outras"
30029000;0;"Outros"
30031011;0;"Ampicilina ou seus sais"
30031012;0;"Amoxicilina ou seus sais"
30031013;0;"Penicilina G benzatínica"
30031014;0;"Penicilina G potássica"
30031015;0;"Penicilina G procaínica"
30031019;0;"Outros"
30031020;0;"Que contenham estreptomicinas ou seus derivados"
30032011;0;"Cloranfenicol, seu palmitato, seu succinato ou seu hemissuccinato"
30032019;0;"Outros"
30032021;0;"Eritromicina ou seus sais"
30032029;0;"Outros"
30032031;0;"Rifamicina SV sódica"
30032032;0;"Rifampicina"
30032039;0;"Outros"
30032041;0;"Cloridrato de lincomicina"
30032049;0;"Outros"
30032051;0;"Cefalotina sódica"
30032052;0;"Cefaclor ou cefalexina monoidratados"
30032059;0;"Outros"
30032061;0;"Sulfato de gentamicina"
30032062;0;"Daunorubicina"
30032063;0;"Idarubicina; pirarubicina"
30032069;0;"Outros"
30032071;0;"Vancomicina"
30032072;0;"Actinomicinas"
30032073;0;"Ciclosporina A"
30032079;0;"Outros"
30032091;0;"Mitomicina"
30032092;0;"Fumarato de tiamulina"
30032093;0;"Bleomicinas ou seus sais"
30032094;0;"Imipenem"
30032095;0;"Anfotericina B em lipossomas"
30032099;0;"Outros"
30033100;0;"Que contenham insulina"
30033911;0;"Somatotropina"
30033912;0;"Gonadotropina coriônica (hCG)"
30033913;0;"Menotropinas"
30033914;0;"Corticotropina (ACTH)"
30033915;0;"Gonadotropina sérica (PMSG)"
30033916;0;"Somatostatina ou seus sais"
30033917;0;"Buserelina ou seu acetato"
30033918;0;"Triptorelina ou seus sais"
30033919;0;"Leuprolida ou seu acetato"
30033921;0;"LH-RH (gonadorelina)"
30033922;0;"Oxitocina"
30033923;0;"Sais de insulina"
30033924;0;"Timosinas"
30033925;0;"Octreotida"
30033926;0;"Goserelina ou seu acetato"
30033927;0;"Nafarelina ou seu acetato"
30033929;0;"Outros"
30033931;0;"Hemissuccinato de estradiol"
30033932;0;"Fempropionato de estradiol"
30033933;0;"Estriol ou seu succinato"
30033934;0;"Alilestrenol"
30033935;0;"Linestrenol"
30033936;0;"Acetato de megestrol; formestano; fulvestranto"
30033937;0;"Desogestrel"
30033939;0;"Outros"
30033981;0;"Levotiroxina sódica"
30033982;0;"Liotironina sódica"
30033991;0;"Sal sódico ou éster metílico do ácido 9,11,15-triidroxi-16-(3-clorofenoxi)prosta-5,13-dien-1-oico (derivado da prostaglandina F2-alfa)"
30033992;0;"Tiratricol (triac) ou seu sal sódico"
30033994;0;"Espironolactona"
30033995;0;"Exemestano"
30033999;0;"Outros"
30034100;0;"Que contenham efedrina ou seus sais"
30034200;0;"Que contenham pseudoefedrina (DCI) ou seus sais"
30034300;0;"Que contenham norefedrina ou seus sais"
30034910;0;"Vimblastina; vincristina; derivados destes produtos; topotecan ou seu cloridrato"
30034920;0;"Pilocarpina, seu nitrato ou seu cloridrato"
30034930;0;"Metanossulfonato de di-hidroergocristina"
30034940;0;"Codeína ou seus sais"
30034950;0;"Granisetron; tropisetrona ou seu cloridrato"
30034990;0;"Outros"
30036000;0;"Outros, que contenham princípios ativos antimaláricos (antipalúdicos) descritos na Nota de subposições 2 do presente Capítulo"
30039011;0;"Folinato de cálcio (leucovorina)"
30039012;0;"Nicotinamida"
30039013;0;"Hidroxocobalamina ou seus sais; cianocobalamina"
30039014;0;"Vitamina A1 (retinol) ou seus derivados, exceto o ácido retinoico (tretinoína)"
30039015;0;"D-Pantotenato de cálcio; vitamina D3 (colecalciferol)"
30039016;0;"Ésteres das vitaminas A e D3, em concentração igual ou superior a 1.500.000 UI/g de vitamina A e igual ou superior a 50.000 UI/g de vitamina D3"
30039017;0;"Ácido retinoico (tretinoína)"
30039019;0;"Outros"
30039021;0;"Estreptoquinase"
30039022;0;"L-Asparaginase"
30039023;0;"Deoxirribonuclease"
30039024;0;"Idursulfase"
30039025;0;"alfa-Agalsidase; alfavelaglicerase"
30039029;0;"Outros"
30039031;0;"Permetrina; nitrato de propatila; benzoato de benzila; dioctilsulfossuccinato de sódio"
30039032;0;"Ácido cólico; ácido deoxicólico; sal magnésico do ácido deidrocólico"
30039033;0;"Ácido glucônico, seus sais ou seus ésteres"
30039034;0;"Ácido o-acetilsalicílico; o-acetilsalicilato de alumínio; salicilato de metila; diclorvós"
30039035;0;"Lactofosfato de cálcio"
30039036;0;"Ácido láctico, seus sais ou seus ésteres; ácido 4-(4-hidroxifenoxi)-3,5-di-iodofenilacético"
30039037;0;"Ácido fumárico, seus sais ou seus ésteres"
30039038;0;"Etretinato; fosfestrol ou seus sais de di ou tetrassódio"
30039039;0;"Outros"
30039041;0;"Sulfato de tranilcipromina; dietilpropiona"
30039042;0;"Cloridrato de ketamina"
30039043;0;"Clembuterol ou seu cloridrato"
30039044;0;"Tamoxifen ou seu citrato"
30039045;0;"Levodopa; alfa-metildopa"
30039046;0;"Cloridrato de fenilefrina; mirtecaína; propranolol ou seus sais"
30039047;0;"Diclofenaco de sódio; diclofenaco de potássio; diclofenaco de dietilamônio"
30039048;0;"Clorambucil; clormetina (DCI) ou seu cloridrato; melfalano; toremifene ou seu citrato"
30039049;0;"Outros"
30039051;0;"Metoclopramida ou seu cloridrato; closantel"
30039052;0;"Atenolol; prilocaína ou seu cloridrato; talidomida"
30039053;0;"Lidocaína ou seu cloridrato; flutamida"
30039054;0;"Femproporex"
30039055;0;"Paracetamol; bromoprida"
30039056;0;"Amitraz; cipermetrina"
30039057;0;"Clorexidina ou seus sais; isetionato de pentamidina"
30039058;0;"Aminoglutetimida; carmustina; deferoxamina (desferrioxamina B) ou seus sais, derivados destes produtos; lomustina"
30039059;0;"Outros"
30039061;0;"Quercetina"
30039062;0;"Tiaprida"
30039063;0;"Etidronato dissódico"
30039064;0;"Cloridrato de amiodarona"
30039065;0;"Nitrovin; moxidectina"
30039066;0;"Ácido clodrônico ou seu sal dissódico; estreptozocina; fotemustina"
30039067;0;"Carbocisteína; sulfiram"
30039069;0;"Outros"
30039071;0;"Terfenadina; talniflumato; malato ácido de cleboprida; econazol ou seu nitrato; nitrato de
isoconazol; flubendazol; cloridrato de mepivacaína; trimetoprima; cloridrato de bupivacaína"
30039072;0;"Cloridrato de loperamida; fembendazol; ketorolac trometamina; nifedipina; nimodipina;
nitrendipina"
30039073;0;"Albendazol ou seu sulfóxido; mebendazol; 6-mercaptopurina; metilsulfato de amezínio;
oxifendazol; praziquantel"
30039074;0;"Alprazolam; bromazepam; clordiazepóxido; cloridrato de petidina; diazepam; droperidol; mazindol; triazolam"
30039075;0;"Benzetimida ou seu cloridrato; fenitoína ou seu sal sódico; isoniazida; pirazinamida"
30039076;0;"Ácido 2-(2-metil-3-cloroanilina)nicotínico ou seu sal de lisina; metronidazol ou seus sais;
azatioprina; nitrato de miconazol"
30039077;0;"Enrofloxacina; maleato de enalapril; maleato de pirilamina; nicarbazina; norfloxacina; sais de piperazina"
30039078;0;"Altretamina; bortezomib; cloridrato de erlotinibe; dacarbazina; disoproxilfumarato de tenofovir; enfuvirtida; fluspirileno; letrozol; lopinavir; mesilato de imatinib; nelfinavir ou seu mesilato; nevirapine; pemetrexed; saquinavir; sulfato de abacavir; sulfato de atazanavir; sulfato de indinavir; temozolomida; tioguanina; tiopental sódico; tosilato de niraparibe; trietilenotiofosforamida; trimetrexato; uracil e tegafur; verteporfin"
30039079;0;"Outros"
30039081;0;"Levamisol ou seus sais; tetramisol"
30039082;0;"Sulfadiazina ou seu sal sódico; sulfametoxazol"
30039083;0;"Cloxazolam; ketazolam; piroxicam; tenoxicam"
30039084;0;"Ftalilsulfatiazol; inosina"
30039085;0;"Enantato de flufenazina; prometazina; gliburida; rutosídio; deslanosídio"
30039086;0;"Clortalidona; furosemida"
30039087;0;"Cloridrato de tizanidina; cetoconazol; furazolidona"
30039088;0;"Amprenavir; aprepitanto; delavirdina ou seu mesilato; efavirenz; emtricitabina; etopósido; everolimus; fosamprenavir cálcico; fosfato de fludarabina; gencitabina ou seu cloridrato; mesilato dedabrafenibe; raltitrexida; ritonavir; sirolimus; tacrolimus; temsirolimus; tenipósido; tipranavir"
30039089;0;"Outros"
30039091;0;"Extrato de pólen"
30039092;0;"Crisarobina; disofenol"
30039093;0;"Diclofenaco resinato"
30039094;0;"Silimarina"
30039095;0;"Bussulfano; dexormaplatina; dietilestilbestrol ou seu dipropionato; enloplatina; iproplatina; lobaplatina; miboplatina; miltefosina; mitotano; ormaplatina; procarbazina ou seu cloridrato; propofol; sebriplatina; zeniplatina"
30039096;0;"Complexo de ferro dextrana"
30039097;0;"Sevoflurano"
30039099;0;"Outros"
30041011;0;"Ampicilina ou seus sais"
30041012;0;"Amoxicilina ou seus sais"
30041013;0;"Penicilina G benzatínica"
30041014;0;"Penicilina G potássica"
30041015;0;"Penicilina G procaínica"
30041019;0;"Outros"
30041020;0;"Que contenham estreptomicinas ou seus derivados"
30042011;0;"Cloranfenicol, seu palmitato, seu succinato ou seu hemissuccinato"
30042019;0;"Outros"
30042021;0;"Eritromicina ou seus sais"
30042029;0;"Outros"
30042031;0;"Rifamicina SV sódica"
30042032;0;"Rifampicina"
30042039;0;"Outros"
30042041;0;"Cloridrato de lincomicina"
30042049;0;"Outros"
30042051;0;"Cefalotina sódica"
30042052;0;"Cefaclor ou cefalexina monoidratados"
30042059;0;"Outros"
30042061;0;"Sulfato de gentamicina"
30042062;0;"Daunorubicina"
30042063;0;"Idarubicina; pirarubicina"
30042069;0;"Outros"
30042071;0;"Vancomicina"
30042072;0;"Actinomicinas"
30042073;0;"Ciclosporina A"
30042079;0;"Outros"
30042091;0;"Mitomicina"
30042092;0;"Fumarato de tiamulina"
30042093;0;"Bleomicinas ou seus sais"
30042094;0;"Imipenem"
30042095;0;"Anfotericina B em lipossomas"
30042099;0;"Outros"
30043100;0;"Que contenham insulina"
30043210;0;"Hormônios corticosteroides"
30043220;0;"Espironolactona"
30043290;0;"Outros"
30043911;0;"Somatotropina"
30043912;0;"Gonadotropina coriônica (hCG)"
30043913;0;"Menotropinas"
30043914;0;"Corticotropina (ACTH)"
30043915;0;"Gonadotropina sérica (PMSG)"
30043916;0;"Somatostatina ou seus sais"
30043917;0;"Buserelina ou seu acetato"
30043918;0;"Triptorelina ou seus sais"
30043919;0;"Leuprolida ou seu acetato"
30043921;0;"LH-RH (gonadorelina)"
30043922;0;"Oxitocina"
30043923;0;"Sais de insulina"
30043924;0;"Timosinas"
30043925;0;"Calcitonina"
30043926;0;"Octreotida"
30043927;0;"Goserelina ou seu acetato"
30043928;0;"Nafarelina ou seu acetato"
30043929;0;"Outros"
30043931;0;"Hemissuccinato de estradiol"
30043932;0;"Fempropionato de estradiol"
30043933;0;"Estriol ou seu succinato"
30043934;0;"Alilestrenol"
30043935;0;"Linestrenol"
30043936;0;"Acetato de megestrol; formestano; fulvestranto"
30043937;0;"Desogestrel"
30043939;0;"Outros"
30043981;0;"Levotiroxina sódica"
30043982;0;"Liotironina sódica"
30043991;0;"Sal sódico ou éster metílico do ácido 9,11,15-triidroxi-16-(3-clorofenoxi)prosta-5,13-dien-1-oico (derivado da prostaglandina F2-alfa)"
30043992;0;"Tiratricol (triac) ou seu sal sódico"
30043994;0;"Exemestano"
30043999;0;"Outros"
30044100;0;"Que contenham efedrina ou seus sais"
30044200;0;"Que contenham pseudoefedrina (DCI) ou seus sais"
30044300;0;"Que contenham norefedrina ou seus sais"
30044910;0;"Vimblastina; vincristina; derivados destes produtos; topotecan ou seu cloridrato"
30044920;0;"Pilocarpina, seu nitrato ou seu cloridrato"
30044930;0;"Metanossulfonato de di-hidroergocristina"
30044940;0;"Codeína ou seus sais"
30044950;0;"Granisetron; tropisetrona ou seu cloridrato"
30044990;0;"Outros"
30045010;0;"Folinato de cálcio (leucovorina)"
30045020;0;"Nicotinamida"
30045030;0;"Hidroxocobalamina ou seus sais; cianocobalamina"
30045040;0;"Vitamina A1 (retinol) ou seus derivados, exceto o ácido retinoico (tretinoína)"
30045050;0;"D-Pantotenato de cálcio; vitamina D3 (colecalciferol)"
30045060;0;"Ácido retinoico (tretinoína)"
30045090;0;"Outros"
30046000;0;"Outros, que contenham princípios ativos antimaláricos (antipalúdicos) descritos na Nota de subposições 2 do presente Capítulo"
30049011;0;"Estreptoquinase"
30049012;0;"L-Asparaginase"
30049013;0;"Deoxirribonuclease"
30049014;0;"Idursulfase"
30049015;0;"alfa-Agalsidase; alfavelaglicerase"
30049019;0;"Outros"
30049021;0;"Permetrina; nitrato de propatila; benzoato de benzila; dioctilsulfossuccinato de sódio"
30049022;0;"Ácido cólico; ácido deoxicólico; sal magnésico do ácido deidrocólico"
30049023;0;"Ácido glucônico, seus sais ou seus ésteres"
30049024;0;"Ácido o-acetilsalicílico; o-acetilsalicilato de alumínio; salicilato de metila; diclorvós"
30049025;0;"Lactofosfato de cálcio"
30049026;0;"Ácido láctico, seus sais ou seus ésteres; ácido 4-(4-hidroxifenoxi)-3,5-di-iodofenilacético; ácido fumárico, seus sais ou seus ésteres"
30049027;0;"Nitroglicerina, destinada a ser administrada por via percutânea"
30049028;0;"Etretinato; fosfestrol ou seus sais de di ou tetrassódio"
30049029;0;"Outros"
30049031;0;"Sulfato de tranilcipromina; dietilpropiona"
30049032;0;"Cloridrato de ketamina"
30049033;0;"Clembuterol ou seu cloridrato"
30049034;0;"Tamoxifen ou seu citrato"
30049035;0;"Levodopa; alfa-metildopa"
30049036;0;"Cloridrato de fenilefrina; mirtecaína; propranolol ou seus sais"
30049037;0;"Diclofenaco de sódio; diclofenaco de potássio; diclofenaco de dietilamônio"
30049038;0;"Clorambucil; clormetina (DCI) ou seu cloridrato; melfalano; toremifene ou seu citrato"
30049039;0;"Outros"
30049041;0;"Metoclopramida ou seu cloridrato; closantel"
30049042;0;"Atenolol; prilocaína ou seu cloridrato; talidomida"
30049043;0;"Lidocaína ou seu cloridrato; flutamida"
30049044;0;"Femproporex"
30049045;0;"Paracetamol; bromoprida"
30049046;0;"Amitraz; cipermetrina"
30049047;0;"Clorexidina ou seus sais; isetionato de pentamidina"
30049048;0;"Aminoglutetimida; carmustina; deferoxamina (desferrioxamina B) ou seus sais, derivados destes produtos; lomustina"
30049049;0;"Outros"
30049051;0;"Quercetina"
30049052;0;"Tiaprida"
30049053;0;"Etidronato dissódico"
30049054;0;"Cloridrato de amiodarona"
30049055;0;"Nitrovin; moxidectina"
30049057;0;"Carbocisteína; sulfiram"
30049058;0;"Ácido clodrônico ou seu sal dissódico; estreptozocina; fotemustina"
30049059;0;"Outros"
30049061;0;"Terfenadina; talniflumato; malato ácido de cleboprida; econazol ou seu nitrato; nitrato de
isoconazol; flubendazol; cloridrato de mepivacaína; trimetoprima; cloridrato de bupivacaína"
30049062;0;"Cloridrato de loperamida; fembendazol; ketorolac trometamina; nifedipina nimodipina;
nitrendipina"
30049063;0;"Albendazol ou seu sulfóxido; mebendazol; 6-mercaptopurina; metilsulfato de amezínio;
oxifendazol; praziquantel"
30049064;0;"Alprazolam; bromazepam; clordiazepóxido; cloridrato de petidina; diazepam; droperidol; mazindol; triazolam"
30049065;0;"Benzetimida ou seu cloridrato; fenitoína ou seu sal sódico; isoniazida; pirazinamida"
30049066;0;"Ácido 2-(2-metil-3-cloroanilina)nicotínico ou seu sal de lisina; metronidazol ou seus sais;
azatioprina; nitrato de miconazol"
30049067;0;"Enrofloxacina; maleato de enalapril; maleato de pirilamina; nicarbazina; norfloxacina; sais de piperazina"
30049068;0;"Altretamina; bortezomib; cloridrato de erlotinibe; dacarbazina; disoproxilfumarato de tenofovir; enfuvirtida; fluspirileno; letrozol; lopinavir; mesilato de imatinib; nelfinavir ou seu mesilato; nevirapine; pemetrexed; saquinavir; sulfato de abacavir; sulfato de atazanavir; sulfato de indinavir; temozolomida; tioguanina; tiopental sódico; tosilato de niraparibe; trietilenotiofosforamida; trimetrexato; uracil e tegafur; verteporfin"
30049069;0;"Outros"
30049071;0;"Levamisol ou seus sais; tetramisol"
30049072;0;"Sulfadiazina ou seu sal sódico; sulfametoxazol"
30049073;0;"Cloxazolam; ketazolam; piroxicam; tenoxicam"
30049074;0;"Ftalilsulfatiazol; inosina"
30049075;0;"Enantato de flufenazina; prometazina; gliburida; rutosídio; deslanosídio"
30049076;0;"Clortalidona; furosemida"
30049077;0;"Cloridrato de tizanidina; cetoconazol; furazolidona"
30049078;0;"Amprenavir; aprepitanto; delavirdina ou seu mesilato; efavirenz; emtricitabina; etopósido; everolimus; fosamprenavir cálcico; fosfato de fludarabina; gencitabina ou seu cloridrato; mesilato dedabrafenibe; raltitrexida; ritonavir; sirolimus; tacrolimus; temsirolimus; tenipósido; tipranavir"
30049079;0;"Outros"
30049091;0;"Extrato de pólen"
30049092;0;"Crisarobina; disofenol"
30049093;0;"Diclofenaco resinato"
30049094;0;"Silimarina"
30049095;0;"Bussulfano; dexormaplatina; dietilestilbestrol ou seu dipropionato; enloplatina; iproplatina; lobaplatina; miboplatina; miltefosina; mitotano; ormaplatina; procarbazina ou seu cloridrato; propofol; sebriplatina; zeniplatina"
30049096;0;"Complexo de ferro dextrana"
30049097;0;"Sevoflurano"
30049098;0;"Regenerador de cartilagem, constituído por colágeno moldado, absorvível"
30049099;0;"Outros"
30051010;0;"Impregnados ou recobertos de substâncias farmacêuticas"
30051020;0;"Curativos (pensos) cirúrgicos que permitem a observação direta de feridas"
30051030;0;"Curativos (pensos) impermeáveis aplicáveis sobre mucosas"
30051040;0;"Curativos (pensos) com obturador próprios para colostomia (cones obturadores)"
30051050;0;"Curativos (pensos) com fecho de correr próprios para fechar ferimentos"
30051090;0;"Outros"
30059011;0;"De ácido poliglicólico"
30059012;0;"De copolímeros de ácido glicólico e ácido láctico"
30059019;0;"Outros"
30059020;0;"Campos cirúrgicos, de falso tecido (tecido não tecido)"
30059090;0;"Outros"
30061010;0;"Materiais para suturas cirúrgicas, de polidioxanona"
30061020;0;"Materiais para suturas cirúrgicas, de aço inoxidável"
30061090;0;"Outros"
30063011;0;"À base de ioexol"
30063012;0;"À base de iocarmato de dimeglumina ou de iodixanol"
30063013;0;"À base de iopamidol"
30063015;0;"À base de dióxido de zircônio e sulfato de gentamicina"
30063016;0;"À base de diatrizoato de sódio ou de meglumina"
30063017;0;"À base de iomeprol, iopromida ou de ioversol"
30063018;0;"À base de iotalamato de sódio, de iotalamato de meglumina ou de suas misturas"
30063019;0;"Outras"
30063021;0;"À base de somatoliberina"
30063029;0;"Outros"
30064011;0;"Cimentos"
30064012;0;"Outros produtos para obturação dentária"
30064020;0;"Cimentos para reconstituição óssea"
30065000;0;"Estojos e caixas de primeiros socorros, guarnecidos"
30066000;0;"Preparações químicas contraceptivas à base de hormônios, de outros produtos da posição 29.37 ou de espermicidas"
30067000;0;"Preparações apresentadas sob a forma de gel concebidas para uso em medicina humana ou veterinária como lubrificante para determinadas partes do corpo em intervenções cirúrgicas ou exames médicos ou como meio de ligação entre o corpo e os instrumentos médicos"
30069110;0;"Bolsas para colostomia, ileostomia e urostomia"
30069190;0;"Outros"
30069200;0;"Resíduos farmacêuticos"
30069300;0;"Placebos e estojos para ensaios clínicos cegos (ou duplo-cegos) destinados a um ensaio clínico reconhecido, apresentados em doses"
31010000;NT;"Adubos (fertilizantes) de origem animal ou vegetal, mesmo misturados entre si ou tratados quimicamente; adubos (fertilizantes) resultantes da mistura ou do tratamento químico de produtos de origem animal ou vegetal."
31021010;0;"Que contenha, em peso, mais de 45 % de nitrogênio (azoto), calculado sobre o produto anidro no estado seco"
31021090;NT;"Outra"
31022100;NT;"Sulfato de amônio"
31022910;NT;"Sulfonitrato de amônio"
31022990;NT;"Outros"
31023000;NT;"Nitrato de amônio, mesmo em solução aquosa"
31024000;NT;"Misturas de nitrato de amônio com carbonato de cálcio ou com outras matérias inorgânicas desprovidas de poder fertilizante"
31025011;NT;"Que contenha, em peso, 16,3 % ou menos de nitrogênio (azoto)"
31025019;NT;"Outro"
31025090;NT;"Outro"
31026000;NT;"Sais duplos e misturas de nitrato de cálcio e de nitrato de amônio"
31028000;NT;"Misturas de ureia com nitrato de amônio em soluções aquosas ou amoniacais"
31029000;NT;"Outros, incluindo as misturas não mencionadas nas subposições precedentes"
31031100;NT;"Que contenham, em peso, 35 % ou mais de pentóxido de difósforo (P2O5)"
31031900;NT;"Outros"
31039011;NT;"Que contenha, em peso, 46 % ou menos de pentóxido de difósforo (P2O5)"
31039019;NT;"Outros"
31039090;NT;"Outros"
31042010;NT;"Que contenha, em peso, 60 % ou menos de óxido de potássio (K2O)"
31042090;NT;"Outros"
31043010;NT;"Que contenha, em peso, 52 % ou menos de óxido de potássio (K2O)"
31043090;0;"Outros"
31049010;0;"Sulfato duplo de potássio e magnésio, que contenha, em peso, 30 % ou mais de óxido de potássio (K2O)"
31049090;NT;"Outros"
31051000;NT;"Produtos do presente Capítulo apresentados em tabletes ou formas semelhantes, ou ainda em embalagens de peso bruto não superior a 10 kg"
31052000;NT;"Adubos (fertilizantes) minerais ou químicos, que contenham os três elementos fertilizantes: nitrogênio (azoto), fósforo e potássio"
31053000;NT;"Hidrogeno-ortofosfato de diamônio (fosfato de diamônio ou diamoniacal)"
31054000;NT;"Di-hidrogeno-ortofosfato de amônio (fosfato de monoamônio ou monoamoniacal), mesmo misturado com hidrogeno-ortofosfato de diamônio (fosfato de diamônio ou diamoniacal)"
31055100;NT;"Que contenham nitratos e fosfatos"
31055900;NT;"Outros"
31056000;NT;"Adubos (fertilizantes) minerais ou químicos, que contenham os dois elementos fertilizantes: fósforo e potássio"
31059011;NT;"Que contenha, em peso, 15 % ou menos de nitrogênio (azoto) e 15 % ou menos de óxido de potássio (K2O)"
31059019;NT;"Outros"
31059090;NT;"Outros"
32011000;0;"Extrato de quebracho"
32012000;0;"Extrato de mimosa"
32019011;0;"De gambir"
32019012;0;"De carvalho ou de castanheiro"
32019019;0;"Outros"
32019020;0;"Taninos"
32019090;0;"Outros"
32021000;0;"Produtos tanantes orgânicos sintéticos"
32029011;0;"À base de sais de cromo"
32029012;0;"À base de sais de titânio"
32029013;0;"À base de sais de zircônio"
32029019;0;"Outros"
32029021;0;"À base de compostos de cromo"
32029029;0;"Outros"
32029030;0;"Preparações enzimáticas para a pré-curtimenta"
32030011;0;"Hemateína"
32030012;0;"Fisetina"
32030013;0;"Morina"
32030019;0;"Outras"
32030021;0;"Carmim de cochonilha"
32030029;0;"Outras"
32030030;0;"Preparações indicadas na Nota 3 do presente Capítulo, à base de matérias corantes de origem vegetal ou animal"
32041100;0;"Corantes dispersos e preparações à base desses corantes"
32041210;0;"Corantes ácidos, mesmo metalizados, e preparações à base desses corantes"
32041220;0;"Corantes mordentes e preparações à base desses corantes"
32041300;0;"Corantes básicos e preparações à base desses corantes"
32041400;0;"Corantes diretos e preparações à base desses corantes"
32041510;0;"Indigo blue segundo Colour Index 73000"
32041520;0;"Dibenzantrona"
32041530;0;"12,12-Dimetoxidibenzantrona"
32041590;0;"Outros"
32041600;0;"Corantes reagentes e preparações à base desses corantes"
32041700;0;"Pigmentos e preparações à base desses pigmentos"
32041810;0;"Carotenoides"
32041820;0;"Preparações que contenham beta-caroteno, ésteres metílico ou etílico do ácido 8'-apo-beta carotenoico ou cantaxantina, com óleos vegetais, amido, gelatina, sacarose ou dextrina, próprias para colorir alimentos"
32041830;0;"Outras preparações próprias para colorir alimentos"
32041890;0;"Outras"
32041920;0;"Corantes solúveis em solventes (corantes solventes)"
32041930;0;"Corantes azoicos"
32041990;0;"Outras"
32042011;0;"Derivados do ácido 4,4-bis-(1,3,5)triazinil-6-aminoestilbeno-2,2-dissulfônico"
32042019;0;"Outros"
32042090;0;"Outros"
32049000;0;"Outros"
32050000;0;"Lacas corantes; preparações indicadas na Nota 3 do presente Capítulo, à base de lacas corantes."
32061110;0;"Pigmentos tipo rutilo"
32061120;0;"Outros pigmentos"
32061130;0;"Preparações"
32061910;0;"Pigmento constituído por mica revestida com película de dióxido de titânio"
32061990;0;"Outros"
32062000;0;"Pigmentos e preparações à base de compostos de cromo"
32064100;0;"Ultramar e suas preparações"
32064210;0;"Litopônio"
32064290;0;"Outros"
32064910;0;"Pigmentos e preparações à base de compostos de cádmio"
32064920;0;"Pigmentos e preparações à base de hexacianoferratos (ferrocianetos e ferricianetos)"
32064990;0;"Outras"
32065011;0;"Halofosfatos de cálcio ou de estrôncio"
32065019;0;"Outros"
32065021;0;"Halofosfatos de cálcio ou de estrôncio"
32065029;0;"Outros"
32071020;0;"Suspensão de pigmentos em solventes orgânicos, do tipo utilizado em impressoras de jato de tinta para decoração de superfícies cerâmicas por cozimento"
32071030;0;"Outros, à base de zircônio ou de seus sais"
32071090;0;"Outros"
32072010;0;"Engobos"
32072091;0;"Com um teor, em peso, de prata igual ou superior a 25 % ou de bismuto igual ou superior a 40 %,
do tipo utilizado na fabricação de circuitos impressos"
32072099;0;"Outras"
32073000;0;"Polimentos (Esmaltes metálicos*) líquidos e preparações semelhantes"
32074010;0;"Fritas de vidro"
32074090;0;"Outros"
32081010;3.25;"Tintas"
32081020;3.25;"Vernizes"
32081030;3.25;"Soluções definidas na Nota 4 do presente Capítulo"
32082011;3.25;"À base de polímeros acrílicos, apresentadas em sortidos definidos na Nota 3 da Seção VI, do tipo
utilizado para a fabricação de circuitos impressos"
32082019;3.25;"Outras"
32082020;3.25;"Vernizes"
32082030;3.25;"Soluções definidas na Nota 4 do presente Capítulo"
32089010;3.25;"Tintas"
32089021;3.25;"À base de derivados de celulose"
32089029;3.25;"Outros"
32089031;6.5;"De silicones"
32089039;6.5;"Outras"
32091010;0;"Tintas"
32091020;0;"Vernizes"
32099011;0;"À base de politetrafluoretileno"
32099019;0;"Outras"
32099020;0;"Vernizes"
32100010;6.5;"Tintas"
32100020;6.5;"Vernizes"
32100030;6.5;"Pigmentos a água preparados, do tipo utilizado para acabamento de couros"
32110000;6.5;"Secantes preparados."
32121000;6.5;"Folhas para marcar a ferro"
32129010;6.5;"Alumínio em pó ou em lamelas, empastado com solvente do tipo hidrocarbonetos, com um teor de alumínio igual ou superior a 60 %, em peso"
32129090;6.5;"Outros"
32131000;6.5;"Cores em sortidos"
32139000;6.5;"Outras"
32141010;1.3;"Mástique de vidraceiro, cimentos de resina e outras mástiques"
32141020;1.3;"Indutos utilizados em pintura"
32149000;0;"Outros"
32151100;0;"Pretas"
32151900;0;"Outras"
32159000;0;"Outras"
33011210;3.25;"De petit grain"
33011290;3.25;"Outros"
33011300;3.25;"De limão"
33011910;3.25;"De lima"
33011990;3.25;"Outros"
33012400;3.25;"De hortelã-pimenta (Mentha piperita)"
33012510;3.25;"De menta japonesa (Mentha arvensis)"
33012520;3.25;"De mentha spearmint (Mentha viridis L.)"
33012590;3.25;"Outros"
33012911;3.25;"De citronela"
33012912;3.25;"De cedro"
33012913;3.25;"De pau-santo (Bulnesia sarmientoi)"
33012914;3.25;"De lemongrass"
33012915;3.25;"De pau-rosa"
33012916;3.25;"De palma rosa"
33012917;3.25;"De coriandro"
33012918;3.25;"De cabreúva"
33012919;3.25;"De eucalipto"
33012921;3.25;"De alfazema ou lavanda"
33012922;3.25;"De vetiver"
33012990;3.25;"Outros"
33013000;3.25;"Resinoides"
33019010;3.25;"Soluções concentradas de óleos essenciais em gorduras, em óleos fixos, em ceras ou em matérias análogas, obtidas por tratamento de flores através de substâncias gordas ou por maceração"
33019020;3.25;"Subprodutos terpênicos residuais da desterpenação dos óleos essenciais"
33019030;3.25;"Águas destiladas aromáticas e soluções aquosas de óleos essenciais"
33019040;3.25;"Oleorresinas de extração"
33021000;3.25;"Do tipo utilizado para as indústrias alimentares ou de bebidas"
33029011;3.25;"Vetiverol"
33029019;3.25;"Outras"
33029091;3.25;"Misturas à base de substâncias odoríferas apresentadas sob a forma de microcápsulas"
33029099;3.25;"Outras"
33030010;27.3;"Perfumes (extratos)"
33030020;7.8;"Águas-de-colônia"
33041000;14.3;"Produtos de maquiagem para os lábios"
33042010;14.3;"Sombra, delineador, lápis para sobrancelhas e rímel"
33042090;14.3;"Outros"
33043000;14.3;"Preparações para manicuros e pedicuros"
33049100;14.3;"Pós, incluindo os compactos"
33049910;14.3;"Cremes de beleza e cremes nutritivos; loções tônicas"
33049990;14.3;"Outros"
33051000;4.55;"Xampus"
33052000;14.3;"Preparações para ondulação ou alisamento, permanentes"
33053000;14.3;"Laquês (Lacas*) para o cabelo"
33059000;14.3;"Outras"
33061000;0;"Dentifrícios (dentífricos)"
33062000;0;"Fios utilizados para limpar os espaços interdentais (fios dentais)"
33069000;0;"Outras"
33071000;14.3;"Preparações para barbear (antes, durante ou após)"
33072010;4.55;"Líquidos"
33072090;4.55;"Outros"
33073000;14.3;"Sais perfumados e outras preparações para banhos"
33074100;14.3;"Agarbate e outras preparações odoríferas que atuem por combustão"
33074900;22;"Outras"
33079000;14.3;"Outros"
34011110;3.25;"Sabões medicinais"
34011190;3.25;"Outros"
34011900;3.25;"Outros"
34012010;3.25;"De toucador"
34012090;3.25;"Outros"
34013000;6.5;"Produtos e preparações orgânicos tensoativos para lavagem da pele, sob a forma de líquido ou de creme,
acondicionados para venda a retalho, mesmo que contenham sabão"
34023100;3.25;"Ácidos sulfônicos de alquilbenzenos lineares e seus sais"
34023910;3.25;"Dibutilnaftalenossulfato de sódio"
34023920;3.25;"N-Metil-N-oleiltaurato de sódio"
34023930;3.25;"Alquilsulfonato de sódio, secundário"
34023990;3.25;"Outros"
34024110;3.25;"Acetato de oleilamina"
34024190;3.25;"Outros"
34024200;3.25;"Não iônicos"
34024900;3.25;"Outros"
34025000;3.25;"Preparações acondicionadas para venda a retalho"
34029011;3.25;"Que contenham exclusivamente produtos não iônicos"
34029019;3.25;"Outras"
34029021;3.25;"Soluções ou emulsões hidroalcoólicas de (1-perfluoralquil-2-acetoxi)propil-betaína"
34029022;3.25;"À base de nonanoiloxibenzenossulfonato de sódio"
34029023;3.25;"Soluções ou emulsões hidroalcoólicas de sulfonatos de perfluoralquiltrimetilamônio e de
perfluoralquilacrilamida"
34029029;3.25;"Outras"
34029031;3.25;"À base de nonilfenol etoxilado"
34029039;3.25;"Outras"
34029090;3.25;"Outras"
34031110;9.75;"Para o tratamento de matérias têxteis"
34031120;9.75;"Para o tratamento de couros e peles"
34031190;9.75;"Outras"
34031900;9.75;"Outras"
34039110;9.75;"Para o tratamento de matérias têxteis"
34039120;9.75;"Para o tratamento de couros e peles"
34039190;9.75;"Outras"
34039900;9.75;"Outras"
34042010;9.75;"Ceras artificiais"
34042020;9.75;"Ceras preparadas"
34049011;9.75;"De polietileno, emulsionáveis"
34049012;9.75;"Outras, de polietileno"
34049013;9.75;"De polipropilenoglicóis"
34049014;9.75;"De dímero de alquilceteno com dois grupos alternados n-alquila de C12, C14 e C16, em grânulos"
34049019;9.75;"Outras"
34049021;9.75;"À base de vaselina e álcoois de lanolina (eucerina anidra)"
34049022;9.75;"À base de hidroxiestearil cetil éter"
34049029;9.75;"Outras"
34051000;6.5;"Pomadas, cremes e preparações semelhantes, para calçado ou para couros"
34052000;6.5;"Encáusticas e preparações semelhantes, para conservação e limpeza de móveis de madeira, soalhos e de outros artigos de madeira"
34053000;6.5;"Preparações para dar brilho a pinturas de carroçarias e produtos semelhantes, exceto preparações para dar brilho a metais"
34054000;6.5;"Pastas, pós e outras preparações para arear"
34059000;6.5;"Outros"
34060000;0;"Velas, pavios, círios e artigos semelhantes."
34070010;6.5;"Massas ou pastas para modelar"
34070020;6.5;"'Ceras para odontologia'"
34070090;6.5;"Outras"
35011000;0;"Caseínas"
35019011;0;"Caseinato de sódio"
35019019;0;"Outros"
35019020;0;"Colas de caseína"
35021100;0;"Seca"
35021900;0;"Outra"
35022000;0;"Lactalbumina, incluindo os concentrados de duas ou mais proteínas de soro de leite"
35029010;0;"Soroalbumina"
35029090;0;"Outros"
35030011;0;"De osseína, com grau de pureza igual ou superior a 99,98 %, em peso"
35030012;0;"De osseína, com grau de pureza inferior a 99,98 %, em peso"
35030019;0;"Outros"
35030090;0;"Outras"
35040011;0;"Peptonas e peptonatos"
35040019;0;"Outros"
35040020;0;"Proteínas de soja em pó, com um teor de proteínas igual ou superior a 90 %, em peso, em base seca"
35040030;0;"Proteínas de batata em pó, com um teor de proteínas igual ou superior a 80 %, em peso, em base
seca"
35040090;0;"Outros"
35051000;0;"Dextrina e outros amidos e féculas modificados"
35052000;0;"Colas"
35061010;0;"À base de cianoacrilatos"
35061090;0;"Outros"
35069110;0;"À base de borracha"
35069120;0;"À base de polímeros das posições 39.01 a 39.13, dispersos ou para dispersar em meio aquoso"
35069190;0;"Outros"
35069900;0;"Outros"
35071000;0;"Coalho e seus concentrados"
35079011;0;"Alfa-amilase (Aspergillus oryzae)"
35079019;0;"Outros"
35079021;0;"Fibrinucleases"
35079022;0;"Bromelina"
35079023;0;"Estreptoquinase"
35079024;0;"Estreptodornase"
35079025;0;"Mistura de estreptoquinase e estreptodornase"
35079026;0;"Papaína"
35079029;0;"Outros"
35079031;0;"Lisozima e seu cloridrato"
35079032;0;"L-Asparaginase"
35079039;0;"Outros"
35079041;0;"À base de celulases"
35079042;0;"À base de transglutaminase"
35079049;0;"Outras"
36010000;16.25;"Pólvoras propulsivas."
36020000;13;"Explosivos preparados, exceto pólvoras propulsivas."
36031000;13;"Estopins e rastilhos, de segurança"
36032000;13;"Cordéis (cordões) detonantes"
36033000;13;"Escorvas fulminantes"
36034000;13;"Cápsulas fulminantes"
36035000;13;"Inflamadores"
36036000;13;"Detonadores elétricos"
36041000;19.5;"Fogos de artifício"
36049010;6.5;"Foguetes e cartuchos contra o granizo e semelhantes"
36049090;19.5;"Outros"
36050000;0;"Fósforos, exceto os artigos de pirotecnia da posição 36.04."
36061000;13;"Combustíveis líquidos e combustíveis gasosos liquefeitos, em recipientes do tipo utilizado para carregar ou recarregar isqueiros ou acendedores, com capacidade não superior a 300 cm3"
36069000;13;"Outros"
37011010;0;"Sensibilizados em uma face"
37011021;0;"Próprios para uso odontológico"
37011029;0;"Outros"
37012010;9.75;"Para fotografia a cores (policromo)"
37012020;9.75;"Para fotografia monocromática"
37013010;9.75;"Para fotografia a cores (policromo)"
37013021;9.75;"De alumínio"
37013022;9.75;"De poliéster"
37013029;9.75;"Outras"
37013031;9.75;"De alumínio"
37013039;9.75;"Outras"
37013040;9.75;"Filmes para as artes gráficas"
37013050;9.75;"Filmes heliográficos, de poliéster"
37013090;9.75;"Outros"
37019100;9.75;"Para fotografia a cores (policromo)"
37019900;9.75;"Outros"
37021010;0;"Sensibilizados em uma face"
37021020;0;"Sensibilizados em ambas as faces"
37023100;9.75;"Para fotografia a cores (policromo)"
37023200;9.75;"Outros, que contenham uma emulsão de halogenetos de prata"
37023900;9.75;"Outros"
37024100;9.75;"De largura superior a 610 mm e comprimento superior a 200 m, para fotografia a cores (policromo)"
37024210;9.75;"Para as artes gráficas"
37024290;9.75;"Outros"
37024310;9.75;"Para as artes gráficas"
37024320;9.75;"Heliográficos, de poliéster"
37024390;9.75;"Outros"
37024410;9.75;"Para fotografia a cores (policromo)"
37024421;9.75;"Para as artes gráficas"
37024422;9.75;"Fotopolimerizáveis, sensibilizadas à base de compostos acrílicos, do tipo utilizado para a fabricação de circuitos impressos"
37024429;9.75;"Outros"
37025200;9.75;"De largura não superior a 16 mm"
37025300;9.75;"De largura superior a 16 mm, mas não superior a 35 mm, e comprimento não superior a 30 m, para diapositivos"
37025411;9.75;"Em bobinas (filmpacks)"
37025412;9.75;"De 12 exposições (0,5 m de comprimento), de 24 exposições (1,0 m de comprimento) ou de 36 exposições (1,5 m de comprimento)"
37025419;9.75;"Outros"
37025491;9.75;"Em bobinas (filmpacks)"
37025499;9.75;"Outros"
37025510;0;"De largura igual a 35 mm"
37025590;9.75;"Outros"
37025600;9.75;"De largura superior a 35 mm"
37029600;9.75;"De largura não superior a 35 mm e comprimento não superior a 30 m"
37029700;0;"De largura não superior a 35 mm e comprimento superior a 30 m"
37029800;9.75;"De largura superior a 35 mm"
37031010;9.75;"Para fotografia a cores (policromo)"
37031021;9.75;"Papel heliográfico"
37031029;9.75;"Outros"
37032000;15;"Outros, para fotografia a cores (policromo)"
37039010;9.75;"Papel para fotocomposição"
37039090;9.75;"Outros"
37040000;3.25;"Chapas, filmes, papéis, cartões e têxteis, fotográficos, impressionados, mas não revelados."
37050010;0;"Fotomáscaras sobre vidro plano, positivas, próprias para gravação em pastilhas de silício (chips) para fabricação de microestruturas eletrônicas"
37050090;0;"Outros"
37061000;0;"De largura igual ou superior a 35 mm"
37069000;0;"Outros"
37071000;9.75;"Emulsões para sensibilização"
37079010;9.75;"Fixadores"
37079021;9.75;"À base de negro de fumo ou de um corante e resinas termoplásticas, para a reprodução de
documentos por processo eletrostático"
37079029;9.75;"Outros"
37079030;9.75;"Compostos diazoicos fotossensíveis para preparação de emulsões"
37079090;9.75;"Outros"
38011000;0;"Grafita artificial"
38012010;6.5;"Suspensão semicoloidal em óleos minerais"
38012090;6.5;"Outros"
38013010;6.5;"Pasta carbonada para eletrodos"
38013090;6.5;"Outras"
38019000;6.5;"Outras"
38021000;0;"Carvões ativados"
38029010;0;"Farinhas siliciosas fósseis"
38029020;0;"Bentonita"
38029030;0;"Atapulgita"
38029040;0;"Outras argilas e terras"
38029050;0;"Bauxita"
38029090;0;"Outros"
38030010;0;"Em bruto"
38030090;0;"Outros"
38040011;0;"Ao sulfito"
38040012;6.5;"À soda ou ao sulfato"
38040020;0;"Lignossulfonatos"
38051000;0;"Essências de terebintina, de pinheiro ou provenientes da fabricação da pasta de papel ao sulfato"
38059010;6.5;"Óleo de pinho"
38059090;0;"Outros"
38061000;0;"Colofônias e ácidos resínicos"
38062000;0;"Sais de colofônias, de ácidos resínicos ou de derivados de colofônias ou de ácidos resínicos, exceto os
sais de aductos de colofônias"
38063000;6.5;"Gomas ésteres"
38069011;0;"Colofônias oxidadas, hidrogenadas, desidrogenadas, polimerizadas ou modificadas com ácidos
fumárico ou maleico ou com anidrido maleico"
38069012;0;"Abietatos de metila ou de benzila; hidroabietato de metila"
38069019;0;"Outros"
38069090;0;"Outros"
38070000;0;"Alcatrões de madeira; óleos de alcatrão de madeira; creosoto de madeira; metileno; breu (pez) vegetal; breu (pez) para a indústria da cerveja e preparações semelhantes à base de colofônias, de ácidos resínicos ou de breu (pez) vegetal."
38085200;0;"DDT (ISO) (clofenotano (DCI)), acondicionado em embalagens com um conteúdo de peso líquido não superior a 300 g"
38085910;0;"Apresentadas em formas ou embalagens exclusivamente para uso direto em aplicações
domissanitárias"
38085921;0;"À base de metamidofós (ISO) ou de monocrotofós (ISO)"
38085922;0;"À base de endossulfan (ISO)"
38085923;0;"À base de alaclor (ISO)"
38085924;0;"À base de 1,2,3,4,5,6-hexaclorocicloexano (HCH (ISO)), incluindo o lindano (ISO, DCI)"
38085925;0;"À base de triclorfom (ISO)"
38085926;0;"À base de N-etilperfluoroctano sulfonamida"
38085929;0;"Outras"
38086100;0;"Acondicionadas em embalagens com um conteúdo de peso líquido não superior a 300 g"
38086210;0;"À base de alfa-cipermetrina (ISO)"
38086290;0;"Outras"
38086910;0;"À base de alfa-cipermetrina (ISO)"
38086990;0;"Outras"
38089111;0;"Que contenham bromometano (brometo de metila) ou bromoclorometano"
38089119;0;"Outros"
38089120;0;"Apresentados de outro modo, que contenham bromometano (brometo de metila) ou
bromoclorometano"
38089191;0;"À base de acefato ou de Bacillus thuringiensis"
38089192;0;"À base de cipermetrinas ou de permetrina"
38089193;0;"À base de dicrotofós"
38089194;0;"À base de dissulfoton"
38089195;0;"À base de fosfeto de alumínio"
38089196;0;"À base de diclorvós"
38089197;0;"À base de óleo mineral ou de tiometon"
38089199;0;"Outros"
38089211;0;"Que contenham bromometano (brometo de metila) ou bromoclorometano"
38089219;0;"Outros"
38089220;0;"Apresentados de outro modo, que contenham bromometano (brometo de metila) ou
bromoclorometano"
38089291;0;"À base de hidróxido de cobre, de oxicloreto de cobre ou de óxido cuproso"
38089292;0;"À base de enxofre ou de ziram"
38089293;0;"À base de mancozeb ou de maneb"
38089294;0;"À base de sulfiram"
38089295;0;"À base de compostos de arsênio, cobre ou cromo, exceto os produtos do subitem 3808.92.91"
38089296;0;"À base de thiram"
38089297;0;"À base de propiconazol"
38089299;0;"Outros"
38089311;0;"Que contenham bromometano (brometo de metila) ou bromoclorometano"
38089319;0;"Outros"
38089321;0;"Que contenham bromometano (brometo de metila) ou bromoclorometano"
38089322;0;"Outros, à base de ácido 2,4-diclorofenoxiacético (2,4-D), de ácido 4-(2,4-diclorofenoxi)butírico (2,4- DB), de ácido (4-cloro-2-metil)fenoxiacético (MCPA) ou de derivados de 2,4-D ou 2,4-DB"
38089323;0;"Outros, à base de atrazina ou de diuron"
38089324;0;"Outros, à base de glifosato ou seus sais, de imazaquim ou de lactofen"
38089325;0;"Outros, à base de dicloreto de paraquate, de propanil ou de simazina"
38089326;0;"Outros, à base de trifluralina"
38089327;0;"Outros, à base de imazetapir"
38089328;0;"Outros, à base de ametrina ou de hexazinona"
38089329;0;"Outros"
38089331;0;"Que contenham bromometano (brometo de metila) ou bromoclorometano"
38089332;0;"Outros, apresentados em formas ou embalagens exclusivamente para uso direto em aplicações
domissanitárias"
38089333;0;"Outros"
38089341;0;"Que contenham bromometano (brometo de metila) ou bromoclorometano"
38089349;0;"Outros"
38089351;0;"Que contenham bromometano (brometo de metila) ou bromoclorometano"
38089352;0;"Outros, à base de hidrazida maleica"
38089359;0;"Outros"
38089411;5;"Que contenham bromometano (brometo de metila) ou bromoclorometano"
38089419;5;"Outros"
38089421;3.25;"Que contenham bromometano (brometo de metila) ou bromoclorometano"
38089422;3.25;"Outros, à base de 2-(tiocianometiltio) benzotiazol"
38089429;3.25;"Outros"
38089911;0;"Que contenham bromometano (brometo de metila) ou bromoclorometano"
38089919;0;"Outros"
38089920;0;"Apresentados de outro modo, que contenham bromometano (brometo de metila) ou
bromoclorometano"
38089991;0;"Acaricidas à base de amitraz, de clorfenvinfós ou de propargite"
38089992;0;"Acaricidas à base de ciexatin ou de óxido de fembutatina"
38089993;0;"Outros acaricidas"
38089994;0;"Nematicidas à base de metam sódio"
38089995;0;"Outros nematicidas"
38089996;0;"Raticidas"
38089999;0;"Outros"
38091010;0;"Do tipo utilizado na indústria têxtil"
38091090;0;"Outros"
38099110;0;"Aprestos preparados"
38099120;0;"Preparações mordentes"
38099130;6.5;"Produtos ignífugos"
38099141;6.5;"À base de parafina ou de derivados de ácidos graxos (gordos)"
38099149;6.5;"Outros"
38099190;0;"Outros"
38099211;6.5;"À base de parafina ou de derivados de ácidos graxos (gordos)"
38099219;6.5;"Outros"
38099290;0;"Outros"
38099311;6.5;"À base de parafina ou de derivados de ácidos graxos (gordos)"
38099319;6.5;"Outros"
38099390;0;"Outros"
38101010;0;"Preparações para decapagem de metais"
38101020;0;"Pastas e pós para soldar"
38109000;0;"Outros"
38111100;5.2;"À base de compostos de chumbo"
38111900;5.2;"Outras"
38112110;5.2;"Melhoradores do índice de viscosidade"
38112120;5.2;"Antidesgastes, anticorrosivos ou antioxidantes, que contenham dialquilditiofosfato de zinco ou diarilditiofosfato de zinco"
38112130;5.2;"Dispersantes sem cinzas"
38112140;5.2;"Detergentes metálicos"
38112150;5.2;"Outras preparações que contenham, pelo menos, um de quaisquer dos produtos compreendidos nos itens 3811.21.10, 3811.21.20, 3811.21.30 e 3811.21.40"
38112190;5.2;"Outros"
38112910;5.2;"Dispersantes sem cinzas"
38112920;5.2;"Detergentes metálicos"
38112990;5.2;"Outros"
38119010;5.2;"Dispersantes sem cinzas, para óleos de petróleo combustíveis"
38119090;5.2;"Outros"
38121000;6.5;"Preparações denominadas 'aceleradores de vulcanização'"
38122000;6.5;"Plastificantes compostos para borracha ou plástico"
38123100;6.5;"Misturas de oligômeros de 2,2,4-trimetil-1,2-di-hidroquinolina (TMQ)"
38123911;6.5;"Que contenham derivados N-substituídos de p-fenilenodiamina"
38123912;6.5;"Que contenham fosfitos de alquila, de arila ou de alquil-arila"
38123919;6.5;"Outros"
38123921;6.5;"Que contenham derivados N-substituídos de p-fenilenodiamina"
38123929;6.5;"Outros"
38130010;5.2;"Que contenham bromoclorodifluorometano, bromotrifluorometano ou dibromotetrafluoroetanos"
38130020;5.2;"Que contenham hidrobromofluorcarbonetos (HBFC) do metano, do etano ou do propano"
38130030;5.2;"Que contenham hidroclorofluorcarbonetos (HCFC) do metano, do etano ou do propano"
38130040;5.2;"Que contenham bromoclorometano"
38130090;5.2;"Outros"
38140010;6.5;"Que contenham clorofluorcarbonetos (CFC) do metano, do etano ou do propano, mesmo que
contenham hidroclorofluorcarbonetos (HCFC)"
38140020;6.5;"Que contenham hidroclorofluorcarbonetos (HCFC) do metano, do etano ou do propano, mas que não
contenham clorofluorcarbonetos (CFC)"
38140030;6.5;"Que contenham tetracloreto de carbono, bromoclorometano ou 1,1,1-tricloroetano
(metilclorofórmio)"
38140090;6.5;"Outros"
38151100;6.5;"Tendo como substância ativa o níquel ou um composto de níquel"
38151210;6.5;"Em colmeia cerâmica ou metálica para conversão catalítica de gases de escape de veículos"
38151220;6.5;"Com tamanho de partícula inferior a 500 micrômetros (mícrons)"
38151290;6.5;"Outros"
38151900;6.5;"Outros"
38159010;0;"Para craqueamento de petróleo"
38159091;6.5;"Tendo como substância ativa o isoprenilalumínio (IPRA)"
38159092;6.5;"Tendo como substância ativa o óxido de zinco"
38159093;6.5;"Tendo como substância ativa óxidos de terras raras"
38159099;6.5;"Outros"
38160011;3.25;"À base de magnesita calcinada"
38160012;3.25;"À base de silimanita"
38160019;3.25;"Outros"
38160021;6.5;"Que contenham grafita e 50 % ou mais, em peso, de coríndon"
38160029;6.5;"Outras"
38160090;6.5;"Outros"
38170010;6.5;"Misturas de alquilbenzenos"
38170020;6.5;"Misturas de alquilnaftalenos"
38180010;6.5;"De silício"
38180090;6.5;"Outros"
38190000;6.5;"Fluidos para freios (travões) hidráulicos e outros líquidos preparados para transmissões hidráulicas, que não contenham óleos de petróleo nem de minerais betuminosos, ou que os contenham em proporção inferior a 70 %, em peso."
38200000;6.5;"Preparações anticongelantes e líquidos preparados para descongelamento."
38210000;0;"Meios de cultura preparados para o desenvolvimento e a manutenção de microrganismos (incluindo os vírus e os organismos similares) ou de células vegetais, humanas ou animais."
38221100;0;"Para a malária (paludismo)"
38221200;0;"Para a zika e outras doenças transmitidas por mosquitos do gênero Aedes"
38221300;0;"Para a determinação dos grupos ou dos fatores sanguíneos"
38221910;0;"Reagentes para determinação de componentes do sangue ou da urina, sobre suporte de papel, em rolos, sem suporte adicional hidrófobo, impróprios para uso direto"
38221920;0;"Reagentes para determinação de glicose no sangue, sobre suporte em tiras, para uso direto"
38221930;0;"Reagentes de origem microbiana para diagnóstico"
38221940;0;"Anticorpos monoclonais em solução tampão, que contenham albumina bovina"
38221990;0;"Outros"
38229000;0;"Outros"
38231100;0;"Ácido esteárico"
38231200;0;"Ácido oleico"
38231300;0;"Ácidos graxos (gordos) do tall oil"
38231910;0;"Ácido caprílico"
38231990;0;"Outros"
38237010;0;"Esteárico"
38237020;0;"Láurico"
38237040;0;"Cetílico"
38237090;0;"Outros"
38241000;6.5;"Aglutinantes preparados para moldes ou para núcleos de fundição"
38243000;6.5;"Carbonetos metálicos não aglomerados, misturados entre si ou com aglutinantes metálicos"
38244000;3.25;"Aditivos preparados para cimentos, argamassas ou concretos (betões)"
38245000;0;"Argamassas e concretos (betões), não refratários"
38246000;6.5;"Sorbitol, exceto o da subposição 2905.44"
38248110;6.5;"Mistura de óxido de propileno com um conteúdo de óxido de etileno inferior ou igual a 30 %, em
peso"
38248190;6.5;"Outras"
38248210;6.5;"Que contenham policlorobifenilas (PCB)"
38248290;6.5;"Outras"
38248300;6.5;"Que contenham fosfato de tris(2,3-dibromopropila)"
38248400;6.5;"Que contenham aldrin (ISO), canfecloro (ISO) (toxafeno), clordano (ISO), clordecona (ISO), DDT (ISO) (clofenotano (DCI), 1,1,1-tricloro-2,2-bis(p-clorofenil)etano), dieldrin (ISO, DCI), endossulfan (ISO), endrin (ISO), heptacloro (ISO) ou mirex (ISO)"
38248500;6.5;"Que contenham 1,2,3,4,5,6-hexaclorocicloexano (HCH (ISO)), incluindo o lindano (ISO, DCI)"
38248600;6.5;"Que contenham pentaclorobenzeno (ISO) ou hexaclorobenzeno (ISO)"
38248700;6.5;"Que contenham ácido perfluoroctano sulfônico, seus sais, perfluoroctanossulfonamidas, ou fluoreto de perfluoroctanossulfonila"
38248810;6.5;"Que contenham éteres tetra- ou pentabromodifenílicos"
38248820;6.5;"Que contenham éteres hexa-, hepta- ou octabromodifenílicos"
38248900;6.5;"Que contenham parafinas cloradas de cadeia curta"
38249100;6.5;"Misturas e preparações constituídas principalmente por metilfosfonato de (5-etil-2-metil-2-óxido-1,3,2-dioxafosfinan-5-il)metil metila e metilfosfonato de bis[(5-etil-2-metil-2-óxido-1,3,2-dioxafosfinan-5-il)metila]"
38249200;6.5;"Ésteres de poliglicol do ácido metilfosfônico"
38249911;6.5;"Salinomicina micelial"
38249912;6.5;"Com um teor de cianocobalamina inferior ou igual a 55 %, em peso"
38249913;6.5;"Da fabricação da primicina amônica"
38249914;6.5;"Senduramicina sódica, da fabricação da senduramicina"
38249915;6.5;"Maduramicina amônica, em solução alcoólica, da fabricação da maduramicina"
38249919;6.5;"Outros"
38249921;6.5;"Ácidos graxos (gordos) dimerizados; preparações que contenham ácidos graxos (gordos)
dimerizados"
38249922;6.5;"Preparações que contenham estearoilbenzoilmetano e palmitoilbenzoilmetano; preparações que contenham caprilato e caprato de propilenoglicol"
38249923;6.5;"Preparações que contenham triglicerídios dos ácidos caprílico e cáprico"
38249924;6.5;"Ésteres de álcoois graxos (gordos) de C12 a C20 do ácido metacrílico e suas misturas; ésteres de ácidos monocarboxílicos de C10 ramificados com glicerol"
38249925;6.5;"Misturas de ésteres dimetílicos dos ácidos adípico, glutárico e succínico; misturas de ácidos dibásicos de C11 e C12; ácidos naftênicos, seus sais insolúveis em água e seus ésteres"
38249929;6.5;"Outros"
38249931;6.5;"Que contenham isocianatos de hexametileno ou outros isocianatos"
38249932;6.5;"Que contenham aminas graxas de C8 a C22"
38249933;6.5;"Que contenham polietilenoaminas e dietilenotriaminas, próprias para a coagulação do látex"
38249934;6.5;"Outras, que contenham polietilenoaminas"
38249935;6.5;"Misturas de mono-, di- e triisopropanolaminas"
38249936;6.5;"Reticulantes para silicones"
38249939;6.5;"Outras"
38249941;0;"Preparações desincrustantes, anticorrosivas ou antioxidantes"
38249942;6.5;"Mistura eutética de difenila e óxido de difenila"
38249943;6.5;"À base de trimetil-3,9-dietildecano"
38249949;6.5;"Outros"
38249951;6.5;"Antiespumantes que contenham fosfato de tributila em solução de álcool isopropílico"
38249952;6.5;"Misturas de polietilenoglicóis"
38249953;6.5;"Polipropilenoglicol líquido"
38249954;6.5;"Retardante de chama que contenha misturas de trifenilfosfatos isopropilados"
38249959;6.5;"Outros"
38249961;6.5;"À base de gadobenato de dimeglumina, de gadobutrol, de gadopentetato de dimeglumina, de gadoterato de meglumina, de gadoteridol ou de gadoxetato dissódico"
38249962;6.5;"À base de hexafluoreto de  enxofre"
38249969;6.5;"Outros"
38249971;6.5;"Cal sodada; carbonato de cálcio hidrófugo"
38249972;6.5;"Preparações à base de sílica em suspensão coloidal; nitreto de boro de estrutura cristalina cúbica, compactado com substrato de carboneto de tungstênio (volfrâmio)"
38249973;6.5;"Preparações à base de carboneto de tungstênio (volfrâmio) com níquel como aglomerante;
brometo de hidrogênio em solução"
38249974;6.5;"Preparações à base de hidróxido de níquel ou de cádmio, de óxido de cádmio ou de óxido ferroso
férrico, próprios para a fabricação de acumuladores alcalinos"
38249975;6.5;"Preparações utilizadas na elaboração de meios de cultura; trocadores de íons para o tratamento de águas; preparações à base de zeólitas artificiais"
38249976;6.5;"Compostos absorventes à base de metais para aperfeiçoar o vácuo nos tubos ou válvulas elétricas"
38249977;0;"Adubos (fertilizantes) foliares que contenham zinco ou manganês"
38249978;6.5;"Preparações à base de óxido de alumínio e óxido de zircônio, com um conteúdo de óxido de zircônio igual ou superior a 20 %, em peso; preparações de óxido de alumínio com óxido de lantânio"
38249979;6.5;"Outros"
38249981;6.5;"Preparações à base de anidrido poliisobutenilsuccínico, em óleo mineral"
38249982;6.5;"Halquinol; tetraclorohidroxiglicina de alumínio e zircônio"
38249983;6.5;"Triisocianato de tiofosfato de fenila ou de trifenilmetano, em solução de cloreto de metileno ou de acetato de etila; preparações à base de tetraacetiletilenodiamina (TAED), em grânulos"
38249984;6.5;"Que contenham éteres decabromodifenílicos"
38249985;6.5;"Metilato de sódio em metanol"
38249986;6.5;"Maneb; mancozeb; cloreto de benzalcônio"
38249987;6.5;"Dispersão aquosa de microcápsulas de poliuretano ou de melamina-formaldeído que contenha um precursor de corante em solventes orgânicos"
38249988;6.5;"Misturas constituídas principalmente pelos compostos seguintes (grupos alquila de C1 a C3, exceto nos casos expressamente indicados): alquilfosfonofluoridatos de O-alquila (de até C10, incluindo  cicloalquila); N,N-dialquilfosforoamidocianidatos de O-alquila (de até C10, incluindo cicloalquila); hidrogênio alquilfosfonotioatos de [S-2-(dialquilamino) etila], seus ésteres de O-alquila (de até C10, incluindo cicloalquila) ou seus sais alquilados ou protonados; difluoretos de alquilfosfonila; hidrogênio alquilfosfonitos de [O-2-(dialquilamino) etila], seus ésteres de O-alquila (de até C10, incluindo cicloalquila) ou seus sais alquilados ou protonados; dialogenetos de N,N-dialquilfosforoamídicos; N,N-dialquilfosforoamidatos de dialquila; N,N-dialquil-2-cloroetilaminas ou seus sais protonados; N,N-dialquil-2-aminoetanóis ou seus sais protonados; N,N dialquilaminoetano-2-tióis ou seus sais protonados; outras misturas constituídas principalmente por compostos que contenham um átomo de fósforo ligado a um grupo alquila (de C1 a C3) mas sem outros átomos de carbono"
38249989;6.5;"Outros"
38251000;0;"Resíduos municipais"
38252000;0;"Lamas de tratamento de esgotos (Lamas de depuração*)"
38253000;0;"Resíduos clínicos"
38254100;0;"Halogenados"
38254900;0;"Outros"
38255000;0;"Resíduos de soluções decapantes para metais, de fluidos hidráulicos, de fluidos para freios (travões) e
de fluidos anticongelantes"
38256100;0;"Que contenham principalmente constituintes orgânicos"
38256900;0;"Outros"
38259000;0;"Outros"
38260000;6.5;"Biodiesel e suas misturas, que não contenham ou que contenham menos de 70 %, em peso, de óleos de petróleo ou de óleos minerais betuminosos."
38271110;6.5;"Que contenham triclorotrifluoroetanos"
38271190;6.5;"Outras"
38271200;6.5;"Que contenham hidrobromofluorcarbonetos (HBFC)"
38271300;6.5;"Que contenham tetracloreto de carbono"
38271400;6.5;"Que contenham 1,1,1-tricloroetano (metilclorofórmio)"
38272000;6.5;"Que contenham bromoclorodifluorometano (halon-1211), bromotrifluorometano (halon-1301) ou dibromotetrafluoroetanos (halon-2402)"
38273110;6.5;"Que contenham clorodifluorometano e pentafluoroetano"
38273190;6.5;"Outras"
38273210;6.5;"Que contenham clorodifluorometano e clorotetrafluoroetano"
38273290;6.5;"Outras"
38273900;6.5;"Outras"
38274000;6.5;"Que contenham brometo de metila (bromometano) ou bromoclorometano"
38275100;10;"Que contenham trifluorometano (HFC-23)"
38275900;10;"Outras"
38276100;10;"Que contenham, em massa, 15 % ou mais de 1,1,1-trifluoroetano (HFC-143a)"
38276200;10;"Outras, não mencionadas na subposição acima, que contenham, em massa, 55 % ou mais de pentafluoroetano (HFC-125), mas que não contenham derivados fluorados não saturados dos hidrocarbonetos acíclicos (HFO)"
38276300;10;"Outras, não mencionadas nas subposições acima, que contenham, em massa, 40 % ou mais de pentafluoroetano (HFC-125)"
38276400;10;"Outras, não mencionadas nas subposições acima, que contenham, em massa, 30 % ou mais de 1,1,1,2- tetrafluoroetano (HFC-134a), mas que não contenham derivados fluorados não saturados dos hidrocarbonetos acíclicos (HFO)"
38276500;10;"Outras, não mencionadas nas subposições acima, que contenham, em massa, 20 % ou mais de difluorometano (HFC-32) e 20 % ou mais de pentafluoroetano (HFC-125)"
38276800;10;"Outras, não mencionadas nas subposições acima, que contenham substâncias das subposições 2903.41 a 2903.48"
38276900;10;"Outras"
38279000;6.5;"Outras"
39011020;5;"Com carga"
39011030;5;"Sem carga"
39012011;3.25;"Vulcanizado, de densidade superior a 1,3"
39012019;3.25;"Outros"
39012021;3.25;"Vulcanizado, de densidade superior a 1,3"
39012029;3.25;"Outros"
39013010;3.25;"Nas formas previstas na Nota 6 a) deste Capítulo"
39013090;3.25;"Outros"
39014000;3.25;"Copolímeros de etileno e alfa-olefina, de densidade inferior a 0,94"
39019010;3.25;"Copolímeros de etileno e ácido acrílico"
39019020;3.25;"Copolímeros de etileno e monômeros com radicais carboxílicos, inclusive com metacrilato de metila ou acrilato de metila como terceiro monômero"
39019030;3.25;"Polietileno clorossulfonado"
39019040;3.25;"Polietileno clorado"
39019050;3.25;"Copolímeros de etileno - ácido metacrílico, com um conteúdo de etileno igual ou superior a 60 %, em peso"
39019090;5;"Outros"
39021010;3.25;"Com carga"
39021020;3.25;"Sem carga"
39022000;3.25;"Poli-isobutileno"
39023000;3.25;"Copolímeros de propileno"
39029000;3.25;"Outros"
39031110;3.25;"Com carga"
39031120;3.25;"Sem carga"
39031900;5;"Outros"
39032000;3.25;"Copolímeros de estireno-acrilonitrila (SAN)"
39033010;3.25;"Com carga"
39033020;3.25;"Sem carga"
39039010;3.25;"Copolímeros de metacrilato de metilbutadieno-estireno (MBS)"
39039020;3.25;"Copolímeros de acrilonitrilo-estireno-acrilato de butilo (ASA)"
39039090;3.25;"Outros"
39041010;3.25;"Obtido por processo de suspensão"
39041020;3.25;"Obtido por processo de emulsão"
39041090;3.25;"Outros"
39042100;3.25;"Não plastificado"
39042200;3.25;"Plastificado"
39043000;3.25;"Copolímeros de cloreto de vinila e acetato de vinila"
39044010;3.25;"Com acetato de vinila, com um ácido dibásico ou com álcool vinílico, nas formas previstas na Nota 6 b) deste Capítulo"
39044090;3.25;"Outros"
39045010;3.25;"Copolímeros de cloreto de vinilideno, sem emulsionante nem plastificante"
39045090;3.25;"Outros"
39046110;3.25;"Nas formas previstas na Nota 6 a) deste Capítulo"
39046190;3.25;"Outros"
39046910;3.25;"Copolímero de fluoreto de vinilideno e hexafluorpropileno"
39046990;3.25;"Outros"
39049010;3.25;"Poli(cloreto de vinila) clorado"
39049090;3.25;"Outros"
39051200;3.25;"Em dispersão aquosa"
39051910;3.25;"Com grupos álcool vinílico, nas formas previstas na Nota 6 b) deste Capítulo"
39051990;3.25;"Outro"
39052100;3.25;"Em dispersão aquosa"
39052900;3.25;"Outros"
39053000;3.25;"Poli(álcool vinílico), mesmo que contenha grupos acetato não hidrolisados"
39059130;3.25;"De vinilpirrolidona e acetato de vinila, em solução alcoólica"
39059190;3.25;"Outros"
39059910;3.25;"Poli(vinilformal)"
39059920;3.25;"Poli(butiral de vinila)"
39059930;3.25;"Poli(vinilpirrolidona) iodada"
39059990;3.25;"Outros"
39061000;3.25;"Poli(metacrilato de metila)"
39069011;3.25;"Poli(ácido acrílico) e seus sais"
39069012;3.25;"Sal sódico do poli(ácido acrilamídico), solúvel em água"
39069019;3.25;"Outros"
39069021;3.25;"Poli(ácido acrílico) e seus sais"
39069022;3.25;"Copolímero de metacrilato de 2-di-isopropilaminoetila e metacrilato de n-decila, em suspensão de dimetilacetamida"
39069029;3.25;"Outros"
39069031;3.25;"Poli(ácido acrílico) e seus sais"
39069032;3.25;"Sal sódico do poli(ácido acrilamídico), solúvel em água"
39069039;3.25;"Outros"
39069051;3.25;"Poli(ácido acrílico) e seus sais"
39069052;3.25;"Sal sódico do poli(ácido acrilamídico), solúvel em água"
39069053;3.25;"Carboxipolimetileno, em pó"
39069054;3.25;"Poli(acrilato de sódio), com capacidade de absorção de uma solução aquosa de cloreto de sódio 0,9 %, em peso, igual ou superior a vinte vezes seu próprio peso"
39069059;3.25;"Outros"
39069061;3.25;"Copolímero de acrilato de potássio e acrilamida, com capacidade de absorção de água destilada de até quatrocentas vezes seu próprio peso"
39069062;3.25;"Copolímeros de acrilato de metila-etileno com um conteúdo de acrilato de metila igual ou superior a 50 %, em peso"
39069063;3.25;"Copolímero de acrilato de etila, acrilato de n-butila e acrilato de 2-metoxietila"
39069064;3.25;"Copolímero de acrilato de potássio e ácido acrílico, com capacidade de absorção de água destilada de até quatrocentas vezes seu próprio peso"
39069065;3.25;"Copolímero de acrilamida e acrilato de sódio"
39069069;3.25;"Outros"
39071010;3.25;"Com carga, nas formas previstas na Nota 6 a) deste Capítulo"
39071020;3.25;"Com carga, nas formas previstas na Nota 6 b) deste Capítulo"
39071031;3.25;"Polidextrose"
39071039;3.25;"Outros"
39071041;3.25;"Polidextrose"
39071042;3.25;"Outros, em pó que passe através de uma peneira com abertura de malha de 0,85 mm em proporção superior a 80 %, em peso"
39071049;3.25;"Outros"
39071091;3.25;"Em grânulos, de diâmetro de partícula superior a 2 mm, segundo a Norma ASTM E 11-70"
39071099;3.25;"Outros"
39072100;3.25;"Metilfosfonato de bis(polioxietileno)"
39072911;3.25;"Com carga"
39072912;3.25;"Sem carga"
39072920;3.25;"Politetrametilenoeterglicol"
39072931;3.25;"Polietilenoglicol 400"
39072939;3.25;"Outros"
39072941;3.25;"Poli(epicloridrina)"
39072942;3.25;"Copolímeros de óxido de etileno"
39072949;3.25;"Outros"
39072991;3.25;"Poliacetal poliéter (PAPE)"
39072992;3.25;"Éter metalílico de poli(oxietileno) (HPEG)"
39072999;3.25;"Outros"
39073011;3.25;"Nas formas previstas na Nota 6 a) deste Capítulo"
39073019;3.25;"Outras"
39073021;3.25;"Copolímero de tetrabromobisfenol A e epicloridrina (resina epóxida bromada)"
39073022;3.25;"Outras, nas formas previstas na Nota 6 a) deste Capítulo"
39073029;3.25;"Outras"
39074010;3.25;"Nas formas previstas na Nota 6 b) deste Capítulo, com transmissão de luz de comprimento de onda de 550 nm ou 800 nm, superior a 89 %, segundo Norma ASTM D 1003-00 e índice de fluidez de massa igual ou superior a 60 g/10 min e inferior ou igual a 80 g/10 min segundo Norma ASTM D 1238"
39074020;3.25;"Em pó ou flocos, com índice de fluidez de massa inferior a 60 g/10 min ou superior a 80 g/10 min segundo Norma ASTM D 1238"
39074090;3.25;"Outros"
39075010;3.25;"Nas formas previstas na Nota 6 a) deste Capítulo"
39075090;3.25;"Outras"
39076100;3.25;"De um índice de viscosidade de 78 ml/g ou mais"
39076900;3.25;"Outros"
39077000;3.25;"Poli(ácido láctico)"
39079100;3.25;"Não saturados"
39079911;3.25;"Com carga de fibra de vidro"
39079912;3.25;"Outros, nas formas previstas na Nota 6 a) deste Capítulo"
39079919;3.25;"Outros"
39079991;3.25;"Nas formas previstas na Nota 6 a) deste Capítulo"
39079992;3.25;"Poli(épsilon-caprolactona)"
39079993;3.25;"Copolímero de tereftalato de dimetila, cicloexanodimetanol e ácido isoftálico"
39079994;3.25;"Copolímero de tereftalato de dimetila, cicloexanodimetanol e tetrametil ciclobutanodiol"
39079995;3.25;"Copolímero de tereftalato de dimetila, cicloexanodimetanol e etilenoglicol"
39079999;3.25;"Outros"
39081011;3.25;"Poliamida-11"
39081012;3.25;"Poliamida-12"
39081013;3.25;"Poliamida-6 ou poliamida-6,6, com carga"
39081014;3.25;"Poliamida-6 ou poliamida-6,6, sem carga"
39081019;3.25;"Outras"
39081021;3.25;"Poliamida-11"
39081022;3.25;"Poliamida-12"
39081023;3.25;"Poliamida-6 ou poliamida-6,6, com carga"
39081025;3.25;"Poliamida-6, sem carga"
39081026;3.25;"Poliamida-6,6, sem carga"
39081029;3.25;"Outras"
39089010;3.25;"Copolímero de lauril-lactama"
39089020;3.25;"Obtidas por condensação de ácidos graxos (gordos) dimerizados ou trimerizados com etilenaminas"
39089090;3.25;"Outras"
39091000;3.25;"Resinas ureicas; resinas de tioureia"
39092011;3.25;"Melamina-formaldeído, em pó"
39092019;3.25;"Outras"
39092021;3.25;"Melamina-formaldeído, em pó"
39092029;3.25;"Outras"
39093100;3.25;"Poli(isocianato de fenil metileno) (MDI bruto, MDI polimérico)"
39093900;3.25;"Outras"
39094011;3.25;"Fenol-formaldeído"
39094019;3.25;"Outras"
39094091;3.25;"Fenol-formaldeído"
39094099;3.25;"Outras"
39095011;3.25;"Soluções em solventes orgânicos"
39095012;3.25;"Em dispersão aquosa"
39095019;3.25;"Outros"
39095021;3.25;"Hidroxilados, com propriedades adesivas"
39095029;3.25;"Outros"
39100011;3.25;"Misturas de pré-polímeros lineares e cíclicos, obtidos por hidrólise de dimetildiclorosilano, de peso molecular médio inferior ou igual a 8.800"
39100012;3.25;"Polidimetilsiloxano, polimetilidrogenosiloxano ou misturas destes produtos, em dispersão"
39100013;3.25;"Copolímeros de dimetilsiloxano com compostos vinílicos, de viscosidade igual ou superior a 1.000.000 cSt"
39100019;3.25;"Outros"
39100021;3.25;"De vulcanização a quente"
39100029;3.25;"Outros"
39100030;3.25;"Resinas"
39100090;3.25;"Outros"
39111010;3.25;"Com carga"
39111021;3.25;"Resinas de petróleo, total ou parcialmente hidrogenadas, de Cor Gardner inferior a 3, segundo Norma ASTM D 1544"
39111029;3.25;"Outros"
39112000;3.25;"Poli(1,3-fenileno metilfosfonato)"
39119011;3.25;"Politerpenos modificados quimicamente, exceto com fenóis"
39119012;3.25;"Polieterimidas (PEI) e seus copolímeros"
39119013;3.25;"Polietersulfonas (PES) e seus copolímeros"
39119014;3.25;"Poli(sulfeto de fenileno)"
39119019;3.25;"Outros"
39119021;3.25;"Politerpenos modificados quimicamente, exceto com fenóis"
39119022;3.25;"Poli(sulfeto de fenileno)"
39119023;3.25;"Polietilenaminas"
39119024;3.25;"Polieterimidas (PEI) e seus copolímeros"
39119025;3.25;"Polietersulfonas (PES) e seus copolímeros"
39119026;3.25;"Polissulfonas"
39119027;3.25;"Cloreto de hexadimetrina"
39119029;3.25;"Outros"
39121110;3.25;"Com carga"
39121120;3.25;"Sem carga"
39121200;3.25;"Plastificados"
39122010;3.25;"Com carga"
39122021;3.25;"Em álcool, com um teor de não voláteis igual ou superior a 65 %, em peso"
39122029;3.25;"Outros"
39123111;3.25;"Com um teor de carboximetilcelulose igual ou superior a 75 %, em peso"
39123119;3.25;"Outros"
39123121;3.25;"Com um teor de sais igual ou superior a 75 %, em peso"
39123129;3.25;"Outros"
39123910;3.25;"Metil-, etil- e propilcelulose, hidroxiladas"
39123920;3.25;"Outras metilceluloses"
39123930;3.25;"Outras etilceluloses"
39123990;3.25;"Outros"
39129010;3.25;"Propionato de celulose"
39129020;3.25;"Acetobutanoato de celulose"
39129031;3.25;"Em pó"
39129039;3.25;"Outras"
39129040;3.25;"Outras celuloses, em pó"
39129090;3.25;"Outros"
39131000;3.25;"Ácido algínico, seus sais e seus ésteres"
39139011;3.25;"Borracha clorada ou cloridratada, nas formas previstas na Nota 6 b) deste Capítulo"
39139012;3.25;"Borracha clorada, noutras formas"
39139019;3.25;"Outros"
39139020;3.25;"Goma xantana"
39139030;3.25;"Dextrana"
39139040;3.25;"Proteínas endurecidas"
39139050;3.25;"Quitosan (Chitosan), seus sais ou seus derivados"
39139060;3.25;"Sulfato de condroitina"
39139090;3.25;"Outros"
39140011;3.25;"De copolímeros de estireno-divinilbenzeno, sulfonados"
39140019;3.25;"Outros"
39140090;3.25;"Outros"
39151000;0;"De polímeros de etileno"
39152000;0;"De polímeros de estireno"
39153000;0;"De polímeros de cloreto de vinila"
39159000;0;"De outro plástico"
39161000;6.5;"De polímeros de etileno"
39162000;6.5;"De polímeros de cloreto de vinila"
39169010;6.5;"Monofilamentos"
39169090;6.5;"Outros"
39171010;3.25;"De proteínas endurecidas"
39171021;3.25;"Fibrosas, de celulose regenerada, de diâmetro igual ou superior a 150 mm"
39171029;3.25;"Outras"
39172100;0;"De polímeros de etileno"
39172210;0;"De seção transversal interna redonda de diâmetro inferior a  6 mm e externa hexagonal"
39172290;0;"Outros"
39172300;0;"De polímeros de cloreto de vinila"
39172900;0;"De outro plástico"
39173100;3.25;"Tubos flexíveis podendo suportar uma pressão de, pelo menos, 27,6 MPa"
39173210;3.25;"De copolímeros de etileno"
39173221;0;"Tubos capilares, semipermeáveis, próprios para hemodiálise ou para oxigenação sanguínea"
39173229;3.25;"Outros"
39173230;3.25;"De poli(tereftalato de etileno)"
39173240;3.25;"De silicones"
39173251;3.25;"Tubos capilares, semipermeáveis, próprios para hemodiálise"
39173259;3.25;"Outros"
39173290;3.25;"Outros"
39173300;3.25;"Outros, não reforçados com outras matérias, nem associados de outra forma com outras matérias,
com acessórios"
39173900;3.25;"Outros"
39174010;0;"Do tipo utilizado em linhas de sangue para hemodiálise"
39174090;0;"Outros"
39181000;0;"De polímeros de cloreto de vinila"
39189000;3.25;"De outro plástico"
39191010;9.75;"De polipropileno"
39191020;11.25;"De poli(cloreto de vinila)"
39191090;9.75;"Outras"
39199010;9.75;"De polipropileno"
39199020;9.75;"De poli(cloreto de vinila)"
39199090;9.75;"Outras"
39201010;9.75;"De densidade igual ou superior a 0,94, espessura inferior ou igual a 19 micrômetros (mícrons), em rolos de largura inferior ou igual a 66 cm"
39201091;9.75;"De densidade inferior a 0,94, com óleo de parafina e carga (sílica e negro de fumo), apresentando nervuras paralelas entre si, com uma resistência elétrica igual ou superior a 0,030 ohms.cm2, mas inferior ou igual a 0,120 ohms.cm2, em rolos, do tipo utilizado para a fabricação de separadores de acumuladores elétricos"
39201099;15;"Outras"
39202011;9.75;"De largura inferior ou igual a 12,5 cm e espessura inferior ou igual a 10 micrômetros (mícrons), metalizadas"
39202012;9.75;"De largura inferior ou igual a 1 m e espessura inferior ou igual a 13 micrômetros (mícrons), com uma ou ambas as faces rugosas de rugosidade relativa (relação entre a espessura média e a máxima) igual ou superior a 6 %, de rigidez dielétrica igual ou superior a 500 V/micrômetro (Norma ASTM D 3755-97), em rolos"
39202019;9.75;"Outras"
39202090;9.75;"Outras"
39203000;15;"De polímeros de estireno"
39204310;9.75;"De poli(cloreto de vinila), transparentes, termocontráteis, de espessura inferior ou igual a 250 micrômetros (mícrons)"
39204390;9.75;"Outras"
39204900;9.75;"Outras"
39205100;9.75;"De poli(metacrilato de metila)"
39205900;9.75;"Outras"
39206100;9.75;"De policarbonatos"
39206211;9.75;"De espessura inferior a 5 micrômetros (mícrons)"
39206219;9.75;"Outras"
39206291;9.75;"Com largura superior a 12 cm, sem qualquer trabalho à superfície"
39206299;9.75;"Outras"
39206300;9.75;"De poliésteres não saturados"
39206900;9.75;"De outros poliésteres"
39207100;9.75;"De celulose regenerada"
39207310;9.75;"De espessura inferior ou igual a 0,75 mm"
39207390;9.75;"Outras"
39207910;9.75;"De fibra vulcanizada, de espessura inferior ou igual a 1 mm"
39207990;9.75;"Outros"
39209100;9.75;"De poli(butiral de vinila)"
39209200;9.75;"De poliamidas"
39209300;9.75;"De resinas amínicas"
39209400;9.75;"De resinas fenólicas"
39209910;9.75;"De silicone"
39209920;9.75;"De poli(álcool vinílico)"
39209930;9.75;"De polímeros de fluoreto de vinila"
39209940;9.75;"De poliimida"
39209950;9.75;"De poli(clorotrifluoretileno)"
39209990;9.75;"Outras"
39211100;9.75;"De polímeros de estireno"
39211200;9.75;"De polímeros de cloreto de vinila"
39211310;9.75;"Com base poliéster, de células abertas, com um número de poros por decímetro linear igual ou superior a 24 e inferior ou igual a 157 (6 a 40 poros por polegada linear), com resistência à compressão 50 % (RC50) igual ou superior a 3,0 kPa e inferior ou igual a 6,0 kPa"
39211390;9.75;"Outras"
39211400;9.75;"De celulose regenerada"
39211900;9.75;"De outro plástico"
39219011;3.25;"De resina melamina-formaldeído"
39219012;9.75;"De polietileno, com reforço de napas de fibras de polietileno paralelizadas, superpostas entre si em ângulo de 90º e impregnadas com resinas"
39219013;9.75;"De copolímeros de tetrafluoretileno reforçadas com tecido de fibras de politetrafluoretileno, do tipo utilizado como membranas semipermeáveis em células de eletrólise"
39219019;9.75;"Outras"
39219020;9.75;"De poli(tereftalato de etileno), com camada antiestática à base de gelatina ou de látex em ambas as faces, mesmo com halogenetos de potássio"
39219090;9.75;"Outras"
39221000;0;"Banheiras, boxes para chuveiros (polibãs*), pias e lavatórios"
39222000;0;"Assentos e tampas, de sanitários"
39229000;0;"Outros"
39231010;9.75;"Estojos de plástico, do tipo utilizado para acondicionar discos para sistemas de leitura por raio laser"
39231090;9.75;"Outros"
39232110;9.75;"De capacidade inferior ou igual a 1.000 cm3"
39232190;9.75;"Outros"
39232910;9.75;"De capacidade inferior ou igual a 1.000 cm3"
39232990;15;"Outros"
39233010;9.75;"Recipientes para gás liquefeito de petróleo (GLP)"
39233090;9.75;"Outros"
39234000;6.5;"Bobinas, carretéis, canelas e suportes semelhantes"
39235000;5;"Rolhas, tampas, cápsulas e outros dispositivos para fechar recipientes"
39239010;15;"Paletes simples, paletes-caixas e outros estrados para carga; taipais de paletes"
39239090;15;"Outros"
39241000;6.5;"Serviços de mesa e outros utensílios de mesa ou de cozinha"
39249000;6.5;"Outros"
39251000;0;"Reservatórios, cisternas, cubas e recipientes análogos, de capacidade superior a 300 l"
39252000;0;"Portas, janelas e seus caixilhos, alizares e soleiras"
39253000;3.25;"Postigos, estores (incluindo as venezianas) e artigos semelhantes, e suas partes"
39259010;3.25;"De poliestireno expandido (EPS)"
39259090;3.25;"Outros"
39261000;9.75;"Artigos de escritório e artigos escolares"
39262000;3.25;"Vestuário e seus acessórios (incluindo as luvas, mitenes e semelhantes)"
39263000;3.25;"Guarnições para móveis, carroçarias ou semelhantes"
39264000;13;"Estatuetas e outros objetos de ornamentação"
39269010;6.5;"Arruelas (anilhas)"
39269021;6.5;"De transmissão"
39269022;6.5;"Transportadoras"
39269030;0;"Bolsas para uso em medicina (hemodiálise e usos semelhantes)"
39269040;6.5;"Artigos de laboratório ou de farmácia"
39269050;9.75;"Acessórios do tipo utilizado em linhas de sangue para hemodiálise, tais como: obturadores, incluindo os reguláveis (clamps), clipes e semelhantes"
39269061;9.75;"De tetrafluoretileno e éter perfluorometilvinil"
39269069;9.75;"Outros"
39269090;9.75;"Outras"
40011000;0;"Látex de borracha natural, mesmo pré-vulcanizado"
40012100;0;"Folhas fumadas"
40012200;0;"Borracha natural tecnicamente especificada (TSNR)"
40012910;0;"Crepadas"
40012920;0;"Granuladas ou prensadas"
40012990;0;"Outras"
40013000;0;"Balata, guta-percha, guaiúle, chicle e gomas naturais análogas"
40021110;3.25;"De estireno-butadieno (SBR)"
40021120;3.25;"De estireno-butadieno carboxilada (XSBR)"
40021911;3.25;"Em chapas, folhas ou tiras"
40021912;3.25;"Grau alimentício de acordo com o estabelecido pelo Food Chemical Codex, em formas primárias"
40021919;3.25;"Outras"
40021920;3.25;"De estireno-butadieno carboxilada (XSBR)"
40022010;3.25;"Óleo"
40022091;3.25;"1,2- polibutadieno sindiotáctico"
40022099;3.25;"Outras"
40023100;3.25;"Borracha de isobuteno-isopreno (butila) (IIR)"
40023900;3.25;"Outras"
40024100;3.25;"Látex"
40024900;3.25;"Outras"
40025100;3.25;"Látex"
40025900;3.25;"Outras"
40026000;3.25;"Borracha de isopreno (IR)"
40027000;3.25;"Borracha de etileno-propileno-dieno não conjugado (EPDM)"
40028000;3.25;"Misturas dos produtos da posição 40.01 com produtos da presente posição"
40029100;3.25;"Látex"
40029910;3.25;"Borracha estireno-isopreno-estireno"
40029920;3.25;"Borracha etileno-propileno-dieno não conjugado-propileno (EPDM-propileno)"
40029930;3.25;"Borracha acrilonitrila-butadieno hidrogenada"
40029990;3.25;"Outras"
40030000;3.25;"Borracha regenerada, em formas primárias ou em chapas, folhas ou tiras."
40040000;NT;"Desperdícios, resíduos e aparas, de borracha não endurecida, mesmo reduzidos a pó ou a grânulos."
40051010;3.25;"Borracha etileno-propileno-dieno não conjugado-propileno (EPDM-propileno), com sílica e plastificante, em grânulos"
40051090;3.25;"Outras"
40052000;3.25;"Soluções; dispersões, exceto as da subposição 4005.10"
40059110;3.25;"Preparações base para a fabricação de gomas de mascar"
40059190;3.25;"Outras"
40059910;3.25;"Preparações base para a fabricação de gomas de mascar"
40059990;3.25;"Outras"
40061000;3.25;"Perfis para recauchutagem"
40069000;3.25;"Outros"
40070011;0;"Recobertos com silicone, mesmo paralelizados"
40070019;0;"Outros"
40070020;0;"Cordas"
40081100;6.5;"Chapas, folhas e tiras"
40081900;6.5;"Outros"
40082100;6.5;"Chapas, folhas e tiras"
40082900;6.5;"Outros"
40091100;6.5;"Sem acessórios"
40091210;6.5;"Com uma pressão de ruptura igual ou superior a 17,3 MPa"
40091290;6.5;"Outros"
40092110;6.5;"Com uma pressão de ruptura igual ou superior a 17,3 MPa"
40092190;6.5;"Outros"
40092210;6.5;"Com uma pressão de ruptura igual ou superior a 17,3 MPa"
40092290;6.5;"Outros"
40093100;6.5;"Sem acessórios"
40093210;6.5;"Com uma pressão de ruptura igual ou superior a 17,3 MPa"
40093290;6.5;"Outros"
40094100;6.5;"Sem acessórios"
40094210;6.5;"Com uma pressão de ruptura igual ou superior a 17,3 MPa"
40094290;6.5;"Outros"
40101100;6.5;"Reforçadas apenas com metal"
40101200;6.5;"Reforçadas apenas com matérias têxteis"
40101900;6.5;"Outras"
40103100;6.5;"Correias de transmissão sem fim, de seção trapezoidal, estriadas, com uma circunferência externa superior a 60 cm, mas não superior a 180 cm"
40103200;6.5;"Correias de transmissão sem fim, de seção trapezoidal, não estriadas, com uma circunferência externa superior a 60 cm, mas não superior a 180 cm"
40103300;6.5;"Correias de transmissão sem fim, de seção trapezoidal, estriadas, com uma circunferência externa superior a 180 cm, mas não superior a 240 cm"
40103400;6.5;"Correias de transmissão sem fim, de seção trapezoidal, não estriadas, com uma circunferência externa superior a 180 cm, mas não superior a 240 cm"
40103500;6.5;"Correias de transmissão sem fim, síncronas, com uma circunferência externa superior a 60 cm, mas não superior a 150 cm"
40103600;6.5;"Correias de transmissão sem fim, síncronas, com uma circunferência externa superior a 150 cm, mas não superior a 198 cm"
40103900;6.5;"Outras"
40111000;9.75;"Do tipo utilizado em automóveis de passageiros (incluindo os veículos de uso misto (station wagons) e os automóveis de corrida)"
40112010;1.3;"De medida 11,00-24"
40112090;1.3;"Outros"
40113000;0;"Do tipo utilizado em veículos aéreos"
40114000;15;"Do tipo utilizado em motocicletas"
40115000;15;"Do tipo utilizado em bicicletas"
40117010;9.75;"Nas seguintes medidas: 4,00-15; 4,00-18; 4,00-19; 5,00-15; 5,00-16; 5,50-16; 6,00-16; 6,00-19; 6,00-20; 6,50-16; 6,50-20; 7,50-16; 7,50-18; 7,50-20"
40117090;9.75;"Outros"
40118010;9.75;"Radiais, para dumpers concebidos para serem utilizados fora de rodovias, com seção de largura igual ou superior a 940 mm (37'), para aros de diâmetro igual ou superior a 1.448 mm (57')"
40118020;9.75;"Outros, com seção de largura igual ou superior a 1.143 mm (45'), para aros de diâmetro igual ou superior a 1.143 mm (45')"
40118090;9.75;"Outros"
40119010;9.75;"Com seção de largura igual ou superior a 1.143 mm (45'), para aros de diâmetro igual ou superior a 1.143 mm (45')"
40119090;9.75;"Outros"
40121100;0;"Do tipo utilizado em automóveis de passageiros (incluindo os veículos de uso misto (station wagons) e os automóveis de corrida)"
40121200;0;"Do tipo utilizado em ônibus (autocarros) ou caminhões"
40121300;0;"Do tipo utilizado em veículos aéreos"
40121900;0;"Outros"
40122000;0;"Pneumáticos usados"
40129010;0;"Flaps"
40129090;0;"Outros"
40131010;1.3;"Para pneumáticos do tipo utilizado em ônibus ou caminhões, de medida 11,00-24"
40131090;9.75;"Outras"
40132000;15;"Do tipo utilizado em bicicletas"
40139000;9.75;"Outras"
40141000;0;"Preservativos"
40149010;9.75;"Bolsas para gelo ou para água quente"
40149090;9.75;"Outros"
40151200;0;"Do tipo utilizado em medicina, cirurgia, odontologia ou veterinária"
40151900;9.75;"Outras"
40159000;9.75;"Outros"
40161010;11.7;"Partes de veículos automóveis ou tratores e de máquinas ou aparelhos, não domésticos, dos Capítulos 84, 85 ou 90"
40161090;11.7;"Outras"
40169100;6.5;"Revestimentos para pisos (pavimentos) e tapetes"
40169200;0;"Borrachas de apagar"
40169300;5.2;"Juntas, gaxetas e semelhantes"
40169400;5.2;"Defensas, mesmo infláveis, para atracação de embarcações"
40169510;9.75;"De salvamento"
40169590;9.75;"Outros"
40169910;11.7;"Tampões vedadores para condensadores, de EPDM, com perfurações para terminais"
40169990;11.7;"Outras"
40170000;11.7;"Borracha endurecida (ebonite, por exemplo) sob qualquer forma, incluindo os desperdícios e resíduos; obras de borracha endurecida."
41012000;NT;"Couros e peles em bruto, inteiros, não divididos, de peso unitário não superior a 8 kg quando secos, a 10 kg quando salgados a seco e a 16 kg quando frescos, salgados a úmido ou conservados de outro modo"
41015010;NT;"Sem dividir"
41015020;NT;"Divididos, com o lado flor"
41015030;NT;"Divididos, sem o lado flor"
41019010;NT;"Sem dividir"
41019020;NT;"Divididos, com o lado flor"
41019030;NT;"Divididos, sem o lado flor"
41021000;NT;"Com lã (não depiladas)"
41022100;NT;"Piqueladas"
41022900;NT;"Outras"
41032000;NT;"De répteis"
41033000;NT;"De suínos"
41039000;NT;"Outros"
41041111;0;"Couros e peles inteiros, de bovinos (incluindo os búfalos), de superfície unitária não superior a 2,6 m2, simplesmente curtidos ao cromo (wet-blue)"
41041112;0;"Outros couros e peles inteiros, de bovinos (incluindo os búfalos), de superfície unitária não superior a 2,6 m2"
41041113;0;"Outros couros e peles de bovinos (incluindo os búfalos), com pré-curtimenta vegetal"
41041114;0;"Outros couros e peles de bovinos (incluindo os búfalos)"
41041119;0;"Outros"
41041121;0;"Couros e peles inteiros, de bovinos (incluindo os búfalos), de superfície unitária não superior a
2,6 m2, simplesmente curtidos ao cromo (wet-blue)"
41041122;0;"Outros couros e peles inteiros, de bovinos (incluindo os búfalos), de superfície unitária não superior
a 2,6 m2"
41041123;0;"Outros couros e peles de bovinos (incluindo os búfalos), com pré-curtimenta vegetal"
41041124;0;"Outros couros e peles de bovinos (incluindo os búfalos)"
41041129;0;"Outros"
41041910;0;"Couros e peles inteiros, de bovinos (incluindo os búfalos), de superfície unitária não superior a 2,6 m2, simplesmente curtidos ao cromo (wet-blue)"
41041920;0;"Outros couros e peles inteiros, de bovinos (incluindo os búfalos), de superfície unitária não superior a 2,6 m2"
41041930;0;"Outros couros e peles de bovinos (incluindo os búfalos), com pré-curtimenta vegetal"
41041940;0;"Outros couros e peles de bovinos (incluindo os búfalos)"
41041990;0;"Outros"
41044110;0;"Couros e peles inteiros, de bovinos (incluindo os búfalos), de superfície unitária não superior a 2,6 m2"
41044120;0;"Outros couros e peles de bovinos (incluindo os búfalos), curtidos ao vegetal, para solas"
41044130;0;"Outros couros e peles de bovinos (incluindo os búfalos)"
41044190;0;"Outros"
41044910;0;"Couros e peles inteiros, de bovinos (incluindo os búfalos), de superfície unitária não superior a 2,6 m2"
41044920;0;"Outros couros e peles de bovinos (incluindo os búfalos)"
41044990;0;"Outros"
41051010;0;"Com pré-curtimenta vegetal"
41051021;0;"Ao cromo (wet-blue)"
41051029;0;"Outras"
41051090;0;"Outras"
41053000;0;"No estado seco (crust)"
41062110;0;"Com pré-curtimenta vegetal"
41062121;0;"Ao cromo (wet-blue)"
41062129;0;"Outros"
41062190;0;"Outros"
41062200;0;"No estado seco (crust)"
41063110;0;"Simplesmente curtidos ao cromo (wet-blue)"
41063190;0;"Outros"
41063200;0;"No estado seco (crust)"
41064000;0;"De répteis"
41069100;0;"No estado úmido (incluindo wet-blue)"
41069200;0;"No estado seco (crust)"
41071110;0;"Couros e peles de bovinos (incluindo os búfalos), de superfície unitária não superior a 2,6 m2"
41071120;0;"Outros couros e peles de bovinos (incluindo os búfalos)"
41071190;0;"Outros"
41071210;0;"Couros e peles de bovinos (incluindo os búfalos), de superfície unitária não superior a 2,6 m2"
41071220;0;"Outros couros e peles de bovinos (incluindo os búfalos)"
41071290;0;"Outros"
41071910;0;"Couros e peles de bovinos (incluindo os búfalos), de superfície unitária não superior a 2,6 m2"
41071920;0;"Outros couros e peles de bovinos (incluindo os búfalos)"
41071990;0;"Outros"
41079110;0;"De bovinos (incluindo os búfalos)"
41079190;0;"Outros"
41079210;0;"De bovinos (incluindo os búfalos)"
41079290;0;"Outros"
41079910;0;"De bovinos (incluindo os búfalos)"
41079990;0;"Outros"
41120000;0;"Couros preparados após curtimenta ou após secagem (crusting) e couros e peles apergaminhados, de ovinos, depilados, mesmo divididos, exceto os da posição 41.14."
41131010;0;"Curtidos ao cromo, com acabamento"
41131090;0;"Outros"
41132000;0;"De suínos"
41133000;0;"De répteis"
41139000;0;"Outros"
41141000;0;"Couros e peles acamurçados (incluindo a camurça combinada)"
41142010;0;"Envernizados ou revestidos"
41142020;0;"Metalizados"
41151000;0;"Couro reconstituído à base de couro ou de fibras de couro, em chapas, folhas ou tiras, mesmo enroladas"
41152000;0;"Aparas e outros desperdícios de couros ou de peles preparados ou de couro reconstituído, não utilizáveis
para fabricação de obras de couro; serragem, pó e farinha, de couro"
42010010;0;"De couro natural ou reconstituído"
42010090;0;"Outros"
42021100;6.5;"Com a superfície exterior de couro natural ou reconstituído"
42021210;6.5;"De plástico"
42021220;6.5;"De matérias têxteis"
42021900;6.5;"Outros"
42022100;6.5;"Com a superfície exterior de couro natural ou reconstituído"
42022210;6.5;"De folhas de plástico"
42022220;6.5;"De matérias têxteis"
42022900;6.5;"Outras"
42023100;6.5;"Com a superfície exterior de couro natural ou reconstituído"
42023200;6.5;"Com a superfície exterior de folhas de plástico ou de matérias têxteis"
42023900;6.5;"Outros"
42029100;6.5;"Com a superfície exterior de couro natural ou reconstituído"
42029200;6.5;"Com a superfície exterior de folhas de plástico ou de matérias têxteis"
42029900;6.5;"Outros"
42031000;6.5;"Vestuário"
42032100;6.5;"Especialmente concebidas para a prática de esportes"
42032900;6.5;"Outras"
42033000;6.5;"Cintos, cinturões e bandoleiras ou talabartes"
42034000;6.5;"Outros acessórios de vestuário"
42050000;6.5;"Outras obras de couro natural ou reconstituído."
42060000;6.5;"Obras de tripa, de baudruches, de bexiga ou de tendões."
43011000;NT;"De visons, inteiras, mesmo com cabeça, cauda ou patas"
43013000;NT;"De cordeiros denominados astracã, breitschwanz, caracul, persianer ou semelhantes, de cordeiros da Índia, da China, da Mongólia ou do Tibete, inteiras, mesmo com cabeça, cauda ou patas"
43016000;NT;"De raposas, inteiras, mesmo com cabeça, cauda ou patas"
43018000;NT;"De outros animais, inteiras, mesmo com cabeça, cauda ou patas"
43019000;NT;"Cabeças, caudas, patas e outras partes utilizáveis na indústria de peles"
43021100;39;"De visons"
43021910;6.5;"De ovinos"
43021990;6.5;"Outras"
43022000;39;"Cabeças, caudas, patas e outras partes, desperdícios e aparas, não reunidos (não montados)"
43023000;39;"Peles com pelo inteiras e respectivos pedaços e aparas, reunidos (montados)"
43031000;26;"Vestuário e seus acessórios"
43039000;26;"Outros"
43040000;6.5;"Peles com pelo artificiais, e suas obras."
44011100;NT;"De coníferas"
44011200;NT;"De não coníferas"
44012100;0;"De coníferas"
44012200;0;"De não coníferas"
44013100;NT;"Pellets de madeira"
44013200;NT;"Briquetes de madeira"
44013900;NT;"Outros"
44014100;NT;"Serragem (serradura)"
44014900;NT;"Outros"
44021000;NT;"De bambu"
44022000;NT;"De cascas ou de caroços"
44029000;NT;"Outros"
44031100;NT;"De coníferas"
44031200;NT;"De não coníferas"
44032100;NT;"De pinheiro (Pinus spp.), cuja menor dimensão da seção transversal é igual ou superior a 15 cm"
44032200;NT;"De pinheiro (Pinus spp.), outras"
44032300;NT;"De abeto (Abies spp.) e de espruce (pícea) (Picea spp.), cuja menor dimensão da seção transversal é igual ou superior a 15 cm"
44032400;NT;"De abeto (Abies spp.) e de espruce (pícea) (Picea spp.), outras"
44032500;NT;"Outras, cuja menor dimensão da seção transversal é igual ou superior a 15 cm"
44032600;NT;"Outras"
44034100;NT;"Dark Red Meranti, Light Red Meranti e Meranti Bakau"
44034200;NT;"Teca"
44034900;NT;"Outras"
44039100;NT;"De carvalho (Quercus spp.)"
44039300;NT;"De faia (Fagus spp.), cuja menor dimensão da seção transversal é igual ou superior a 15 cm"
44039400;NT;"De faia (Fagus spp.), outras"
44039500;NT;"De bétula (vidoeiro) (Betula spp.), cuja menor dimensão da seção transversal é igual ou superior a 15 cm"
44039600;NT;"De bétula (vidoeiro) (Betula spp.), outras"
44039700;NT;"De choupo (álamo) (Populus spp.)"
44039800;NT;"De eucalipto (Eucalyptus spp.)"
44039900;NT;"Outras"
44041000;0;"De coníferas"
44042000;0;"De não coníferas"
44050000;NT;"Lã de madeira; farinha de madeira."
44061100;NT;"De coníferas"
44061200;NT;"De não coníferas"
44069100;NT;"De coníferas"
44069200;NT;"De não coníferas"
44071100;0;"De pinheiro (Pinus spp.)"
44071200;0;"De abeto (Abies spp.) e de espruce (pícea) (Picea spp.)"
44071300;0;"De S-P-F (espruce (pícea) (Picea spp.), pinheiro (Pinus spp.) e abeto (Abies spp.))"
44071400;0;"De Hem-fir (tsuga (western hemlock) (Tsuga heterophylla) e abeto (Abies spp.))"
44071900;0;"Outras"
44072100;0;"Mahogany (Mogno) (Swietenia spp.)"
44072200;0;"Virola, Imbuia e Balsa"
44072300;0;"Teca"
44072500;0;"Dark Red Meranti, Light Red Meranti e Meranti Bakau"
44072600;0;"White Lauan, White Meranti, White Seraya, Yellow Meranti e Alan"
44072700;0;"Sapelli"
44072800;0;"Iroko"
44072910;0;"De cedro"
44072920;0;"De ipê"
44072930;0;"De pau-marfim"
44072940;0;"De louro"
44072950;0;"De canafístula (Peltophorum vogelianum)"
44072960;0;"De cabreúva Parda (Myrocarpus spp.)"
44072970;0;"De urundei (Astronium balansae)"
44072990;0;"Outras"
44079100;0;"De carvalho (Quercus spp.)"
44079200;0;"De faia (Fagus spp.)"
44079300;0;"De bordo (ácer) (Acer spp.)"
44079400;0;"De prunóidea (Prunus spp.)"
44079500;0;"De freixo (Fraxinus spp.)"
44079600;0;"De bétula (vidoeiro) (Betula spp.)"
44079700;0;"De choupo (álamo) (Populus spp.)"
44079920;0;"De peroba (Paratecoma peroba)"
44079930;0;"De guaiuvira (Patagonula americana)"
44079960;0;"De amendoim (Pterogyne nitens)"
44079970;0;"De angico preto (Piptadenia macrocarpa)"
44079990;0;"Outras"
44081010;6.5;"Obtidas por corte de madeira estratificada"
44081091;3.25;"De pinho brasil (Araucaria angustifolia)"
44081099;3.25;"Outras"
44083110;6.5;"Obtidas por corte de madeira estratificada"
44083190;3.25;"Outras"
44083910;6.5;"Obtidas por corte de madeira estratificada"
44083991;3.25;"De cedro"
44083992;3.25;"De pau-marfim"
44083999;3.25;"Outras"
44089010;6.5;"Obtidas por corte de madeira estratificada"
44089090;3.25;"Outras"
44091000;6.5;"De coníferas"
44092100;6.5;"De bambu"
44092200;6.5;"De madeiras tropicais"
44092900;6.5;"Outras"
44101110;3.25;"Em bruto ou simplesmente polidos"
44101121;0;"Em ambas as faces, com película protetora na face superior e trabalho de encaixe nas quatro laterais, do tipo utilizado para pisos (pavimentos)"
44101129;3.25;"Outros"
44101190;3.25;"Outros"
44101210;3.25;"Em bruto ou simplesmente polidos"
44101290;3.25;"Outros"
44101911;3.25;"Em bruto ou simplesmente polidos"
44101919;3.25;"Outros"
44101991;3.25;"Em bruto ou simplesmente polidos"
44101992;3.25;"Recobertos na superfície com papel impregnado de melamina"
44101999;3.25;"Outros"
44109000;3.25;"Outros"
44111210;3.25;"Não trabalhados mecanicamente nem recobertos à superfície"
44111290;3.25;"Outros"
44111310;3.25;"Não trabalhados mecanicamente nem recobertos à superfície"
44111391;0;"Recobertos em ambas as faces com papel impregnado de melamina, película protetora na face superior e trabalho de encaixe nas quatro laterais, do tipo utilizado para pisos (pavimentos)"
44111399;3.25;"Outros"
44111410;3.25;"Não trabalhados mecanicamente nem recobertos à superfície"
44111490;3.25;"Outros"
44119210;3.25;"Não trabalhados mecanicamente nem recobertos à superfície"
44119290;3.25;"Outros"
44119310;3.25;"Não trabalhados mecanicamente nem recobertos à superfície"
44119390;3.25;"Outros"
44119410;3.25;"Não trabalhados mecanicamente nem recobertos à superfície"
44119490;3.25;"Outros"
44121000;3.25;"De bambu"
44123100;3.25;"Com, pelo menos, uma camada exterior de madeira tropical"
44123300;3.25;"Outras, com, pelo menos, uma camada exterior de madeira não conífera, das espécies amieiro (Alnus spp.), freixo (Fraxinus spp.), faia (Fagus spp.), bétula (vidoeiro) (Betula spp.), prunóidea (Prunus spp.), castanheiro (Castanea spp.), olmo (Ulmus spp.), eucalipto (Eucalyptus spp.), nogueira (Carya spp.), castanheiro-da-índia (Aesculus spp.), tília (Tilia spp.), bordo (ácer) (Acer spp.), carvalho (Quercus spp.), plátano (Platanus spp.), choupo (álamo) (Populus spp.), robínia (falsa-acácia) (Robinia spp.), tulipeiro (Liriodendron spp.) ou nogueira (Juglans spp.)"
44123400;3.25;"Outras, com, pelo menos, uma camada exterior de madeira não conífera, não especificadas na subposição 4412.33"
44123900;3.25;"Outras, com ambas as camadas exteriores de madeira de coníferas"
44124100;3.25;"Com, pelo menos, uma camada exterior de madeira tropical"
44124200;3.25;"Outras, com, pelo menos, uma camada exterior de madeira não conífera"
44124900;3.25;"Outras, com ambas as camadas exteriores de madeira de coníferas"
44125100;3.25;"Com, pelo menos, uma camada exterior de madeira tropical"
44125200;3.25;"Outras, com, pelo menos, uma camada exterior de madeira não conífera"
44125900;3.25;"Outras, com ambas as camadas exteriores de madeira de coníferas"
44129100;3.25;"Com, pelo menos, uma camada exterior de madeira tropical"
44129200;3.25;"Outras, com, pelo menos, uma camada exterior de madeira não conífera"
44129900;3.25;"Outras, com ambas as camadas exteriores de madeira de coníferas"
44130000;6.5;"Madeira densificada, em blocos, pranchas, lâminas ou perfis."
44141000;6.5;"De madeira tropical"
44149000;6.5;"Outras"
44151000;0;"Caixotes, caixas, engradados, barricas e embalagens semelhantes; carretéis para cabos"
44152000;0;"Paletes simples, paletes-caixas e outros estrados para carga; taipais de paletes"
44160010;0;"De carvalho (Quercus spp.)"
44160090;0;"Outros"
44170010;0;"Ferramentas"
44170020;0;"Formas, alargadeiras e esticadores, para calçado"
44170090;0;"Outros"
44181100;0;"De madeira tropical"
44181900;0;"Outras"
44182100;0;"De madeira tropical"
44182900;0;"Outras"
44183000;3.25;"Postes e vigas, exceto os produtos das subposições 4418.81 a 4418.89"
44184000;3.25;"Cofragens para concreto (betão)"
44185000;3.25;"Fasquias para telhados (shingles e shakes)"
44187300;0;"De bambu ou com, pelo menos, a camada superior de bambu"
44187400;0;"Outros, para pisos (pavimentos) em mosaico"
44187500;0;"Outros, de camadas múltiplas"
44187900;0;"Outros"
44188100;3.25;"Madeira laminada (lamelada) colada (glulam ou MLC)"
44188200;3.25;"Madeira laminada (lamelada) cruzada (CLT ou X-lam)"
44188300;3.25;"Vigas em I"
44188900;3.25;"Outros"
44189100;3.25;"De bambu"
44189200;3.25;"Painéis celulares de madeira"
44189900;3.25;"Outras"
44191100;0;"Tábuas para cortar pão, outras tábuas para cortar e artigos semelhantes"
44191200;0;"Pauzinhos (hashi ou fachi)"
44191900;0;"Outros"
44192000;0;"De madeira tropical"
44199000;0;"Outros"
44201100;0;"De madeira tropical"
44201900;0;"Outros"
44209000;0;"Outros"
44211000;0;"Cabides para vestuário"
44212000;0;"Urnas funerárias (caixões)"
44219100;0;"De bambu"
44219900;0;"Outras"
45011000;NT;"Cortiça natural, em bruto ou simplesmente preparada"
45019000;NT;"Outros"
45020000;0;"Cortiça natural, sem a crosta ou simplesmente esquadriada, ou em cubos, chapas, folhas ou tiras, de forma quadrada ou retangular (incluindo os esboços com arestas vivas, para rolhas)."
45031000;0;"Rolhas"
45039000;0;"Outras"
45041000;0;"Cubos, blocos, chapas, folhas e tiras; ladrilhos de qualquer formato; cilindros maciços, incluindo os discos"
45049000;0;"Outras"
46012100;0;"De bambu"
46012200;0;"De rotim"
46012900;0;"Outras"
46019200;0;"De bambu"
46019300;0;"De rotim"
46019400;0;"De outras matérias vegetais"
46019900;0;"Outras"
46021100;0;"De bambu"
46021200;0;"De rotim"
46021900;0;"Outras"
46029000;0;"Outras"
47010000;0;"Pastas mecânicas de madeira."
47020000;0;"Pastas químicas de madeira, para dissolução."
47031100;0;"De coníferas"
47031900;0;"De não coníferas"
47032110;0;"Em rolos"
47032190;0;"Outras"
47032900;0;"De não coníferas"
47041100;0;"De coníferas"
47041900;0;"De não coníferas"
47042100;0;"De coníferas"
47042900;0;"De não coníferas"
47050000;0;"Pastas de madeira obtidas por combinação de um tratamento mecânico com um tratamento químico."
47061000;0;"Pastas de línteres de algodão"
47062000;0;"Pastas de fibras obtidas a partir de papel ou cartão reciclados (desperdícios e resíduos)"
47063000;0;"Outras, de bambu"
47069100;0;"Mecânicas"
47069200;0;"Químicas"
47069300;0;"Obtidas por combinação de um tratamento mecânico com um tratamento químico"
47071000;NT;"Papel ou cartão, Kraft, crus, ou papel ou cartão, ondulados (canelados*)"
47072000;NT;"Outro papel ou cartão, obtidos principalmente a partir de pasta química branqueada, não corada na massa"
47073000;NT;"Papel ou cartão, obtidos principalmente a partir de pasta mecânica (por exemplo, jornais, periódicos e impressos semelhantes)"
47079000;NT;"Outros, incluindo os desperdícios e resíduos não selecionados"
48010020;3.25;"Em folhas, nas que nenhum lado exceda 360 mm, quando não dobradas"
48010030;9.75;"Outros, de peso inferior ou igual a 57 g/m2, em que 65 % ou mais, em peso, do conteúdo total de fibras seja constituído por fibras de madeiras obtidas por processo mecânico"
48010090;9.75;"Outros"
48021000;3.25;"Papel e cartão feitos à mão (folha a folha)"
48022010;3.25;"Em tiras ou rolos de largura não superior a 15 cm ou em folhas em que nenhum lado exceda 360 mm, quando não dobradas"
48022090;3.25;"Outros"
48024010;3.25;"Em tiras ou rolos de largura não superior a 15 cm"
48024090;3.25;"Outros"
48025410;3.25;"Em tiras ou rolos de largura não superior a 15 cm ou em folhas em que nenhum lado exceda 360 mm, quando não dobradas"
48025491;3.25;"Fabricado principalmente a partir de pasta branqueada ou pasta obtida por um processo mecânico, de peso inferior a 19 g/m2"
48025499;3.25;"Outros"
48025510;3.25;"De largura não superior a 15 cm"
48025591;3.25;"De desenho"
48025592;3.25;"Kraft"
48025599;3.25;"Outros"
48025610;3.25;"Em que nenhum lado exceda 360 mm, quando não dobradas"
48025691;0;"Para impressão de notas (papéis-moeda)"
48025692;3.25;"De desenho"
48025693;3.25;"Kraft"
48025699;3.25;"Outros"
48025710;3.25;"Em tiras de largura não superior a 15 cm ou em folhas em que nenhum lado exceda 360 mm, quando não dobradas"
48025791;0;"Para impressão de notas (papéis-moeda)"
48025792;3.25;"De desenho"
48025793;3.25;"Kraft"
48025799;3.25;"Outros"
48025810;3.25;"Em tiras ou rolos de largura não superior a 15 cm ou em folhas em que nenhum lado exceda 360 mm, quando não dobradas"
48025891;3.25;"De desenho"
48025892;3.25;"Kraft"
48025899;3.25;"Outros"
48026110;3.25;"De largura não superior a 15 cm"
48026191;3.25;"De peso inferior ou igual a 57 g/m2, em que 65 % ou mais, em peso, do conteúdo total de fibras seja constituído por fibras de madeira obtidas por processo mecânico"
48026192;3.25;"Kraft"
48026199;3.25;"Outros"
48026210;3.25;"Em que nenhum lado exceda 360 mm, quando não dobradas"
48026291;3.25;"De peso inferior ou igual a 57 g/m2, em que 65 % ou mais, em peso, do conteúdo total de fibras seja constituído por fibras de madeira obtidas por processo mecânico"
48026292;3.25;"Kraft"
48026299;3.25;"Outros"
48026910;3.25;"Em tiras de largura não superior a 15 cm ou em folhas em que nenhum lado exceda 360 mm, quando não dobradas"
48026991;3.25;"De peso inferior ou igual a 57 g/m2, em que 65 % ou mais, em peso, do conteúdo total de fibras seja constituído por fibras de madeira obtidas por processo mecânico"
48026992;3.25;"Kraft"
48026999;3.25;"Outros"
48030010;3.25;"Pasta (ouate) de celulose e mantas de fibras de celulose"
48030090;3.25;"Outros"
48041100;3.25;"Crus"
48041900;3.25;"Outros"
48042100;3.25;"Crus"
48042900;3.25;"Outros"
48043110;3.25;"De rigidez dielétrica igual ou superior a 600 V (método ASTM D 202 ou equivalente)"
48043190;3.25;"Outros"
48043910;3.25;"De rigidez dielétrica igual ou superior a 600 V (método ASTM D 202 ou equivalente)"
48043990;3.25;"Outros"
48044100;3.25;"Crus"
48044200;3.25;"Branqueados uniformemente na massa e em que mais de 95 %, em peso, do conteúdo total de fibras seja constituído por fibras de madeira obtidas por processo químico"
48044900;3.25;"Outros"
48045100;3.25;"Crus"
48045200;3.25;"Branqueados uniformemente na massa e em que mais de 95 %, em peso, do conteúdo total de fibras seja constituído por fibras de madeira obtidas por processo químico"
48045910;3.25;"Semibranqueados, com um conteúdo de 100 %, em peso, de fibras de madeira obtidas por processo químico"
48045990;3.25;"Outros"
48051100;3.25;"Papel semiquímico para ondular (canelar*)"
48051200;3.25;"Papel palha para ondular (canelar*)"
48051900;3.25;"Outros"
48052400;3.25;"De peso não superior a 150 g/m2"
48052500;3.25;"De peso superior a 150 g/m2"
48053000;3.25;"Papel sulfite de embalagem"
48054010;3.25;"De peso superior a 15 g/m2, mas não superior a 25 g/m2, com um conteúdo de fibras sintéticas termossoldáveis igual ou superior a 20 %, mas não superior a 30 %, em peso, do conteúdo total de fibras"
48054090;3.25;"Outros"
48055000;3.25;"Papel-feltro e cartão-feltro, papel e cartão lanosos"
48059100;3.25;"De peso não superior a 150 g/m2"
48059210;3.25;"Com fibras de vidro"
48059290;3.25;"Outros"
48059300;3.25;"De peso igual ou superior a 225 g/m2"
48061000;3.25;"Papel-pergaminho e cartão-pergaminho (sulfurizados)"
48062000;3.25;"Papel impermeável a gorduras"
48063000;3.25;"Papel vegetal"
48064000;3.25;"Papel cristal e outro papel calandrado transparente ou translúcido"
48070000;3.25;"Papel e cartão obtidos por colagem de folhas sobrepostas, não revestidos na superfície nem impregnados, mesmo reforçados interiormente, em rolos ou em folhas."
48081000;3.25;"Papel e cartão ondulados (canelados*), mesmo perfurados"
48084000;3.25;"Papel Kraft, encrespado ou plissado, mesmo gofrado, estampado ou perfurado"
48089000;3.25;"Outros"
48092000;3.25;"Papel autocopiativo"
48099000;3.25;"Outros"
48101310;3.25;"De largura não superior a 15 cm"
48101381;3.25;"Metalizados"
48101382;3.25;"Baritados (revestidos de óxido ou sulfato de bário)"
48101389;3.25;"Outros"
48101391;3.25;"Papel revestido ou recoberto em uma face, do tipo wet strength, resistente à umidade e ao meio
alcalino"
48101399;3.25;"Outros"
48101410;3.25;"Em que nenhum lado exceda 360 mm, quando não dobradas"
48101481;3.25;"Metalizados"
48101482;3.25;"Baritados (revestidos de óxido ou sulfato de bário)"
48101489;3.25;"Outros"
48101490;3.25;"Outros"
48101910;3.25;"Em tiras de largura não superior a 15 cm ou em folhas em que nenhum lado exceda 360 mm, quando não dobradas"
48101981;3.25;"Metalizados"
48101982;3.25;"Baritados (revestidos de óxido ou sulfato de bário)"
48101989;3.25;"Outros"
48101991;3.25;"Papel revestido ou recoberto em uma face, do tipo wet strength, resistente à umidade e ao meio alcalino"
48101999;3.25;"Outros"
48102210;3.25;"Em tiras ou rolos de largura não superior a 15 cm ou em folhas em que nenhum lado exceda 360 mm, quando não dobradas"
48102290;3.25;"Outros"
48102910;3.25;"Em tiras ou rolos de largura não superior a 15 cm ou em folhas em que nenhum lado exceda 360 mm, quando não dobradas"
48102990;3.25;"Outros"
48103110;3.25;"Em tiras ou rolos de largura não superior a 15 cm ou em folhas em que nenhum lado exceda 360 mm, quando não dobradas"
48103190;3.25;"Outros"
48103210;3.25;"Em tiras ou rolos de largura não superior a 15 cm ou em folhas em que nenhum lado exceda 360 mm, quando não dobradas"
48103290;3.25;"Outros"
48103910;3.25;"Em tiras ou rolos de largura não superior a 15 cm ou em folhas em que nenhum lado exceda 360 mm, quando não dobradas"
48103990;3.25;"Outros"
48109210;3.25;"Em tiras ou rolos de largura não superior a 15 cm ou em folhas em que nenhum lado exceda 360 mm, quando não dobradas"
48109290;3.25;"Outros"
48109910;3.25;"Em tiras ou rolos de largura não superior a 15 cm ou em folhas em que nenhum lado exceda 360 mm, quando não dobradas"
48109990;3.25;"Outros"
48111010;3.25;"Em tiras ou rolos de largura não superior a 15 cm ou em folhas em que nenhum lado exceda 360 mm, quando não dobradas"
48111090;3.25;"Outros"
48114110;3.25;"Em tiras ou rolos de largura não superior a 15 cm ou em folhas em que nenhum lado exceda 360 mm, quando não dobradas"
48114190;3.25;"Outros"
48114910;3.25;"Em tiras ou rolos de largura não superior a 15 cm ou em folhas em que nenhum lado exceda 360 mm, quando não dobradas"
48114990;3.25;"Outros"
48115110;3.25;"Em tiras ou rolos de largura não superior a 15 cm ou em folhas em que nenhum lado exceda 360 mm, quando não dobradas"
48115121;3.25;"De silicone, exceto gofrados na face recoberta ou revestida"
48115122;3.25;"De polietileno, estratificado com alumínio, impresso"
48115123;3.25;"De polietileno ou polipropileno, em ambas as faces, base para papel fotográfico"
48115128;3.25;"Outros, gofrados na face recoberta ou revestida"
48115129;3.25;"Outros"
48115130;3.25;"Outros, impregnados"
48115910;3.25;"Em tiras ou rolos de largura não superior a 15 cm ou em folhas em que nenhum lado exceda 360 mm, quando não dobradas"
48115921;3.25;"De polietileno ou polipropileno, em ambas as faces, base para papel fotográfico"
48115922;3.25;"De silicone"
48115923;3.25;"De polietileno, estratificado com alumínio, impresso"
48115929;3.25;"Outros"
48115930;3.25;"Outros, impregnados"
48116010;3.25;"Em tiras ou rolos de largura não superior a 15 cm ou em folhas em que nenhum lado exceda 360 mm, quando não dobradas"
48116090;3.25;"Outros"
48119011;3.25;"Recobertos de pasta eletrolítica à base de amido modificado, de peso igual ou superior a 75 g/m², mas não superior a 120 g/m²"
48119019;3.25;"Outros"
48119020;3.25;"Outros, impregnados e revestidos em ambas as faces com látex numa proporção total, em peso, igual ou superior a 15 %, de peso igual ou superior a 105 g/m², mas não superior a 135 g/m², do tipo utilizado como suporte para fabricação de abrasivos (lixas), em rolos"
48119090;3.25;"Outros"
48120000;0;"Blocos e chapas, filtrantes, de pasta de papel."
48131000;29.25;"Em cadernos ou em tubos"
48132000;29.25;"Em rolos de largura não superior a 5 cm"
48139000;29.25;"Outros"
48142000;9.75;"Papel de parede e revestimentos para parede semelhantes, constituídos por papel revestido ou recoberto, no lado da face, por uma camada de plástico granida, gofrada, colorida, impressa com desenhos ou decorada de qualquer outra forma"
48149000;13;"Outros"
48162000;3.25;"Papel autocopiativo"
48169010;9.75;"Papel-carbono e semelhantes"
48169090;9.75;"Outros"
48171000;3.25;"Envelopes"
48172000;3.25;"Aerogramas, cartões-postais não ilustrados e cartões para correspondência"
48173000;3.25;"Caixas, sacos e semelhantes, de papel ou cartão, que contenham um sortido de artigos para correspondência"
48181000;0;"Papel higiênico"
48182000;3.25;"Lenços, lenços (toalhitas) demaquilantes e toalhas de mão"
48183000;3.25;"Toalhas de mesa e guardanapos"
48185000;3.25;"Vestuário e seus acessórios"
48189010;3.25;"Almofadas absorventes do tipo utilizado em embalagens de produtos alimentícios"
48189090;3.25;"Outros"
48191000;15;"Caixas de papel ou cartão, ondulados (canelados*)"
48192000;9.75;"Caixas e cartonagens, dobráveis, de papel ou cartão, não ondulados (canelados*)"
48193000;9.75;"Sacos cuja base tenha largura igual ou superior a 40 cm"
48194000;9.75;"Outros sacos; bolsas e cartuchos"
48195000;9.75;"Outras embalagens, incluindo as capas para discos"
48196000;9.75;"Cartonagens para escritórios, lojas e estabelecimentos semelhantes"
48201000;9.75;"Livros de registro e de contabilidade, blocos de notas, de encomendas, de recibos, de apontamentos, de papel para cartas, agendas e artigos semelhantes"
48202000;0;"Cadernos"
48203000;9.75;"Classificadores, encadernações (exceto as capas para livros) e capas de processos"
48204000;3.25;"Formulários em blocos de papel múltiplas vias, mesmo com folhas intercaladas de papel-carbono (papel químico)"
48205000;9.75;"Álbuns para amostras ou para coleções"
48209000;9.75;"Outros"
48211000;0;"Impressas"
48219000;0;"Outras"
48221000;6.5;"Do tipo utilizado para enrolamento de fios têxteis"
48229000;6.5;"Outros"
48232010;9.75;"De peso superior a 15 g/m2, mas não superior a 25 g/m2, com um conteúdo de fibras sintéticas termossoldáveis igual ou superior a 20 %, mas não superior a 30 %, em peso, do conteúdo total de fibras"
48232091;9.75;"Em tiras ou rolos de largura superior a 15 cm, mas não superior a 36 cm"
48232099;9.75;"Outros"
48234000;9.75;"Papel-diagrama para aparelhos registradores, em bobinas, em folhas ou em discos"
48236100;9.75;"De bambu"
48236900;9.75;"Outros"
48237000;9.75;"Artigos moldados ou prensados, de pasta de papel"
48239010;9.75;"Cartões perfurados para mecanismos Jacquard"
48239020;9.75;"De rigidez dielétrica igual ou superior a 600 V (método ASTM D 202 ou equivalente) e de peso inferior ou igual a 60 g/m2"
48239091;9.75;"Em tiras ou rolos de largura superior a 15 cm, mas não superior a 36 cm"
48239099;9.75;"Outros"
49011000;NT;"Em folhas soltas, mesmo dobradas"
49019100;NT;"Dicionários e enciclopédias, mesmo em fascículos"
49019900;NT;"Outros"
49021000;NT;"Que se publiquem pelo menos quatro vezes por semana"
49029000;NT;"Outros"
49030000;NT;"Álbuns ou livros de ilustrações e álbuns para desenhar ou colorir, para crianças."
49040000;NT;"Música manuscrita ou impressa, ilustrada ou não, mesmo encadernada."
49052000;0;"Sob a forma de livros ou brochuras"
49059000;0;"Outras"
49060000;NT;"Planos, plantas e desenhos, de arquitetura, de engenharia e outros planos e desenhos industriais, comerciais, topográficos ou semelhantes, originais, feitos à mão; textos manuscritos; reproduções fotográficas em papel sensibilizado e cópias a papel-carbono (papel químico) dos planos, plantas, desenhos ou textos acima referidos."
49070010;0;"Notas (papéis-moeda)"
49070020;0;"Cheques de viagem"
49070030;0;"Títulos de ações ou de obrigações e títulos semelhantes, convalidados e firmados"
49070090;0;"Outros"
49081000;0;"Decalcomanias vitrificáveis"
49089000;0;"Outras"
49090000;0;"Cartões-postais impressos ou ilustrados; cartões impressos com votos ou mensagens pessoais, mesmo
ilustrados, mesmo com envelopes, guarnições ou aplicações."
49100000;6.5;"Calendários de qualquer espécie, impressos, incluindo os blocos-calendários para desfolhar."
49111010;0;"Que contenham informações relativas ao funcionamento, manutenção, reparo ou utilização de máquinas, aparelhos, veículos e outras mercadorias de origem extrazona"
49111090;0;"Outros"
49119100;0;"Estampas, gravuras e fotografias"
49119900;0;"Outros"
50010000;NT;"Casulos de bicho-da-seda próprios para dobar."
50020000;NT;"Seda crua (não fiada)."
50030010;NT;"Não cardados nem penteados"
50030090;NT;"Outros"
50040000;0;"Fios de seda (exceto fios de desperdícios de seda) não acondicionados para venda a retalho."
50050000;0;"Fios de desperdícios de seda, não acondicionados para venda a retalho."
50060000;0;"Fios de seda ou de desperdícios de seda, acondicionados para venda a retalho; pelo de Messina (crina de Florença)."
50071010;0;"Estampados, tintos ou de fios de diversas cores"
50071090;0;"Outros"
50072010;0;"Estampados, tintos ou de fios de diversas cores"
50072090;0;"Outros"
50079000;0;"Outros tecidos"
51011110;NT;"De finura igual ou superior 22,05 micrômetros (mícrons), mas inferior ou igual a 32,6 micrômetros (mícrons)"
51011190;NT;"Outra"
51011900;NT;"Outra"
51012100;NT;"Lã de tosquia"
51012900;NT;"Outra"
51013000;NT;"Carbonizada"
51021100;NT;"De cabra de Caxemira"
51021900;NT;"Outros"
51022000;NT;"Pelos grosseiros"
51031000;NT;"Desperdícios da penteação de lã ou de pelos finos"
51032000;NT;"Outros desperdícios de lã ou de pelos finos"
51033000;NT;"Desperdícios de pelos grosseiros"
51040000;NT;"Fiapos de lã ou de pelos finos ou grosseiros."
51051000;0;"Lã cardada"
51052100;0;"'Lã penteada a granel'"
51052910;0;"Tops"
51052991;0;"De finura inferior a 22,5 micrômetros (mícrons)"
51052999;0;"Outras"
51053100;0;"De cabra de Caxemira"
51053900;0;"Outros"
51054000;0;"Pelos grosseiros, cardados ou penteados"
51061000;0;"Que contenham pelo menos 85 %, em peso, de lã"
51062000;0;"Que contenham menos de 85 %, em peso, de lã"
51071011;0;"De dois cabos, de título inferior ou igual a 184,58 decitex por cabo"
51071019;0;"Outros"
51071090;0;"Outros"
51072000;0;"Que contenham menos de 85 %, em peso, de lã"
51081000;0;"Cardados"
51082000;0;"Penteados"
51091000;0;"Que contenham pelo menos 85 %, em peso, de lã ou de pelos finos"
51099000;0;"Outros"
51100000;0;"Fios de pelos grosseiros ou de crina (incluindo os fios de crina revestidos por enrolamento), mesmo acondicionados para venda a retalho."
51111110;0;"De lã"
51111120;0;"De pelos finos"
51111900;0;"Outros"
51112000;0;"Outros, combinados, principal ou unicamente, com filamentos sintéticos ou artificiais"
51113010;0;"De lã, feltrados, com trama combinada exclusivamente com fibras sintéticas e urdidura exclusivamente de algodão, de peso igual ou superior a 600 g/m2, próprios para fabricação de bolas de tênis"
51113090;0;"Outros"
51119000;0;"Outros"
51121100;0;"De peso não superior a 200 g/m2"
51121910;0;"De lã"
51121920;0;"De pelos finos"
51122010;0;"De lã"
51122020;0;"De pelos finos"
51123010;0;"De lã"
51123020;0;"De pelos finos"
51129000;0;"Outros"
51130011;0;"Que contenham pelo menos 85 %, em peso, de pelos grosseiros"
51130012;0;"Que contenham menos de 85 %, em peso, de pelos grosseiros e que contenham algodão"
51130013;0;"Que contenham menos de 85 %, em peso, de pelos grosseiros e que não contenham algodão"
51130020;0;"De crina"
52010010;NT;"Não debulhado"
52010020;NT;"Simplesmente debulhado"
52010090;NT;"Outros"
52021000;NT;"Desperdícios de fios"
52029100;NT;"Fiapos"
52029900;NT;"Outros"
52030000;0;"Algodão cardado ou penteado."
52041111;0;"De dois cabos"
52041112;0;"De três ou mais cabos"
52041120;0;"De algodão cru, de título superior a 5.000 decitex por fio simples"
52041131;0;"De dois cabos"
52041132;0;"De três ou mais cabos"
52041140;0;"De algodão branqueado ou colorido, de título superior a 5.000 decitex por fio simples"
52041911;0;"De dois cabos"
52041912;0;"De três ou mais cabos"
52041920;0;"De algodão cru, de título superior a 5.000 decitex por fio simples"
52041931;0;"De dois cabos"
52041932;0;"De três ou mais cabos"
52041940;0;"De algodão branqueado ou colorido, de título superior a 5.000 decitex por fio simples"
52042000;0;"Acondicionadas para venda a retalho"
52051100;0;"De título igual ou superior a 714,29 decitex (número métrico não superior a 14)"
52051200;0;"De título inferior a 714,29 decitex, mas não inferior a 232,56 decitex (número métrico superior a 14, mas não superior a 43)"
52051310;0;"Crus"
52051390;0;"Outros"
52051400;0;"De título inferior a 192,31 decitex, mas não inferior a 125 decitex (número métrico superior a 52, mas não superior a 80)"
52051500;0;"De título inferior a 125 decitex (número métrico superior a 80)"
52052100;0;"De título igual ou superior a 714,29 decitex (número métrico não superior a 14)"
52052200;0;"De título inferior a 714,29 decitex, mas não inferior a 232,56 decitex (número métrico superior a 14, mas não superior a 43)"
52052310;0;"Crus"
52052390;0;"Outros"
52052400;0;"De título inferior a 192,31 decitex, mas não inferior a 125 decitex (número métrico superior a 52, mas não superior a 80)"
52052600;0;"De título inferior a 125 decitex, mas não inferior a 106,38 decitex (número métrico superior a 80, mas não superior a 94)"
52052700;0;"De título inferior a 106,38 decitex, mas não inferior a 83,33 decitex (número métrico superior a 94, mas não superior a 120)"
52052800;0;"De título inferior a 83,33 decitex (número métrico superior a 120)"
52053100;0;"De título igual ou superior a 714,29 decitex por fio simples (número métrico não superior a 14, por fio simples)"
52053200;0;"De título inferior a 714,29 decitex, mas não inferior a 232,56 decitex por fio simples (número métrico superior a 14, mas não superior a 43, por fio simples)"
52053300;0;"De título inferior a 232,56 decitex, mas não inferior a 192,31 decitex por fio simples (número métrico superior a 43, mas não superior a 52, por fio simples)"
52053400;0;"De título inferior a 192,31 decitex, mas não inferior a 125 decitex por fio simples (número métrico superior a 52, mas não superior a 80, por fio simples)"
52053500;0;"De título inferior a 125 decitex por fio simples (número métrico superior a 80, por fio simples)"
52054100;0;"De título igual ou superior a 714,29 decitex por fio simples (número métrico não superior a 14, por fio simples)"
52054200;0;"De título inferior a 714,29 decitex, mas não inferior a 232,56 decitex por fio simples (número métrico superior a 14, mas não superior a 43, por fio simples)"
52054300;0;"De título inferior a 232,56 decitex, mas não inferior a 192,31 decitex por fio simples (número métrico superior a 43, mas não superior a 52, por fio simples)"
52054400;0;"De título inferior a 192,31 decitex, mas não inferior a 125 decitex por fio simples (número métrico superior a 52, mas não superior a 80, por fio simples)"
52054600;0;"De título inferior a 125 decitex, mas não inferior a 106,38 decitex por fio simples (número métrico superior a 80, mas não superior a 94, por fio simples)"
52054700;0;"De título inferior a 106,38 decitex, mas não inferior a 83,33 decitex por fio simples (número métrico superior a 94, mas não superior a 120, por fio simples)"
52054800;0;"De título inferior a 83,33 decitex por fio simples (número métrico superior a 120, por fio simples)"
52061100;0;"De título igual ou superior a 714,29 decitex (número métrico não superior a 14)"
52061200;0;"De título inferior a 714,29 decitex, mas não inferior a 232,56 decitex (número métrico superior a 14, mas não superior a 43)"
52061300;0;"De título inferior a 232,56 decitex, mas não inferior a 192,31 decitex (número métrico superior a 43, mas não superior a 52)"
52061400;0;"De título inferior a 192,31 decitex, mas não inferior a 125 decitex (número métrico superior a 52, mas não superior a 80)"
52061500;0;"De título inferior a 125 decitex (número métrico superior a 80)"
52062100;0;"De título igual ou superior a 714,29 decitex (número métrico não superior a 14)"
52062200;0;"De título inferior a 714,29 decitex, mas não inferior a 232,56 decitex (número métrico superior a 14, mas não superior a 43)"
52062300;0;"De título inferior a 232,56 decitex, mas não inferior a 192,31 decitex (número métrico superior a 43, mas não superior a 52)"
52062400;0;"De título inferior a 192,31 decitex, mas não inferior a 125 decitex (número métrico superior a 52, mas não superior a 80)"
52062500;0;"De título inferior a 125 decitex (número métrico superior a 80)"
52063100;0;"De título igual ou superior a 714,29 decitex por fio simples (número métrico não superior a 14, por fio simples)"
52063200;0;"De título inferior a 714,29 decitex, mas não inferior a 232,56 decitex por fio simples (número métrico superior a 14, mas não superior a 43, por fio simples)"
52063300;0;"De título inferior a 232,56 decitex, mas não inferior a 192,31 decitex por fio simples (número métrico superior a 43, mas não superior a 52, por fio simples)"
52063400;0;"De título inferior a 192,31 decitex, mas não inferior a 125 decitex por fio simples (número métrico superior a 52, mas não superior a 80, por fio simples)"
52063500;0;"De título inferior a 125 decitex por fio simples (número métrico superior a 80, por fio simples)"
52064100;0;"De título igual ou superior a 714,29 decitex por fio simples (número métrico não superior a 14, por fio simples)"
52064200;0;"De título inferior a 714,29 decitex, mas não inferior a 232,56 decitex por fio simples (número métrico superior a 14, mas não superior a 43, por fio simples)"
52064300;0;"De título inferior a 232,56 decitex, mas não inferior a 192,31 decitex por fio simples (número métrico superior a 43, mas não superior a 52, por fio simples)"
52064400;0;"De título inferior a 192,31 decitex, mas não inferior a 125 decitex por fio simples (número métrico superior a 52, mas não superior a 80, por fio simples)"
52064500;0;"De título inferior a 125 decitex por fio simples (número métrico superior a 80, por fio simples)"
52071000;0;"Que contenham pelo menos 85 %, em peso, de algodão"
52079000;0;"Outros"
52081100;0;"Em ponto de tafetá, de peso não superior a 100 g/m2"
52081200;0;"Em ponto de tafetá, de peso superior a 100 g/m2"
52081300;0;"Em ponto sarjado, incluindo o diagonal, cuja relação de textura não seja superior a 4"
52081900;0;"Outros tecidos"
52082100;0;"Em ponto de tafetá, de peso não superior a 100 g/m2"
52082200;0;"Em ponto de tafetá, de peso superior a 100 g/m2"
52082300;0;"Em ponto sarjado, incluindo o diagonal, cuja relação de textura não seja superior a 4"
52082900;0;"Outros tecidos"
52083100;0;"Em ponto de tafetá, de peso não superior a 100 g/m2"
52083200;0;"Em ponto de tafetá, de peso superior a 100 g/m2"
52083300;0;"Em ponto sarjado, incluindo o diagonal, cuja relação de textura não seja superior a 4"
52083900;0;"Outros tecidos"
52084100;0;"Em ponto de tafetá, de peso não superior a 100 g/m2"
52084200;0;"Em ponto de tafetá, de peso superior a 100 g/m2"
52084300;0;"Em ponto sarjado, incluindo o diagonal, cuja relação de textura não seja superior a 4"
52084900;0;"Outros tecidos"
52085100;0;"Em ponto de tafetá, de peso não superior a 100 g/m2"
52085200;0;"Em ponto de tafetá, de peso superior a 100 g/m2"
52085910;0;"Em ponto sarjado, incluindo o diagonal, cuja relação de textura não seja superior a 4"
52085990;0;"Outros"
52091100;0;"Em ponto de tafetá"
52091200;0;"Em ponto sarjado, incluindo o diagonal, cuja relação de textura não seja superior a 4"
52091900;0;"Outros tecidos"
52092100;0;"Em ponto de tafetá"
52092200;0;"Em ponto sarjado, incluindo o diagonal, cuja relação de textura não seja superior a 4"
52092900;0;"Outros tecidos"
52093100;0;"Em ponto de tafetá"
52093200;0;"Em ponto sarjado, incluindo o diagonal, cuja relação de textura não seja superior a 4"
52093900;0;"Outros tecidos"
52094100;0;"Em ponto de tafetá"
52094210;0;"Com fios tintos em indigo blue segundo Color Index 73000"
52094290;0;"Outros"
52094300;0;"Outros tecidos em ponto sarjado, incluindo o diagonal, cuja relação de textura não seja superior a 4"
52094900;0;"Outros tecidos"
52095100;0;"Em ponto de tafetá"
52095200;0;"Em ponto sarjado, incluindo o diagonal, cuja relação de textura não seja superior a 4"
52095900;0;"Outros tecidos"
52101100;0;"Em ponto de tafetá"
52101910;0;"Em ponto sarjado, incluindo o diagonal, cuja relação de textura não seja superior a 4"
52101990;0;"Outros"
52102100;0;"Em ponto de tafetá"
52102910;0;"Em ponto sarjado, incluindo o diagonal, cuja relação de textura não seja superior a 4"
52102990;0;"Outros"
52103100;0;"Em ponto de tafetá"
52103200;0;"Em ponto sarjado, incluindo o diagonal, cuja relação de textura não seja superior a 4"
52103900;0;"Outros tecidos"
52104100;0;"Em ponto de tafetá"
52104910;0;"Em ponto sarjado, incluindo o diagonal, cuja relação de textura não seja superior a 4"
52104990;0;"Outros"
52105100;0;"Em ponto de tafetá"
52105910;0;"Em ponto sarjado, incluindo o diagonal, cuja relação de textura não seja superior a 4"
52105990;0;"Outros"
52111100;0;"Em ponto de tafetá"
52111200;0;"Em ponto sarjado, incluindo o diagonal, cuja relação de textura não seja superior a 4"
52111900;0;"Outros tecidos"
52112010;0;"Em ponto de tafetá"
52112020;0;"Em ponto sarjado, incluindo o diagonal, cuja relação de textura não seja superior a 4"
52112090;0;"Outros"
52113100;0;"Em ponto de tafetá"
52113200;0;"Em ponto sarjado, incluindo o diagonal, cuja relação de textura não seja superior a 4"
52113900;0;"Outros tecidos"
52114100;0;"Em ponto de tafetá"
52114210;0;"Com fios tintos em indigo blue segundo Color Index 73000"
52114290;0;"Outros"
52114300;0;"Outros tecidos em ponto sarjado, incluindo o diagonal, cuja relação de textura não seja superior a 4"
52114900;0;"Outros tecidos"
52115100;0;"Em ponto de tafetá"
52115200;0;"Em ponto sarjado, incluindo o diagonal, cuja relação de textura não seja superior a 4"
52115900;0;"Outros tecidos"
52121100;0;"Crus"
52121200;0;"Branqueados"
52121300;0;"Tintos"
52121400;0;"De fios de diversas cores"
52121500;0;"Estampados"
52122100;0;"Crus"
52122200;0;"Branqueados"
52122300;0;"Tintos"
52122400;0;"De fios de diversas cores"
52122500;0;"Estampados"
53011000;0;"Linho em bruto ou macerado"
53012110;0;"Quebrado"
53012120;0;"Espadelado"
53012910;0;"Penteado"
53012990;0;"Outro"
53013000;0;"Estopas e desperdícios de linho"
53021000;0;"Cânhamo em bruto ou macerado"
53029000;0;"Outros"
53031010;NT;"Juta"
53031090;NT;"Outras"
53039010;0;"Juta"
53039090;0;"Outros"
53050010;NT;"De abacá, em bruto"
53050090;0;"Outros"
53061000;0;"Simples"
53062000;0;"Retorcidos ou retorcidos múltiplos"
53071010;0;"De juta"
53071090;0;"Outros"
53072010;0;"De juta"
53072090;0;"Outros"
53081000;0;"Fios de cairo (fibra de coco)"
53082000;0;"Fios de cânhamo"
53089000;0;"Outros"
53091100;0;"Crus ou branqueados"
53091900;0;"Outros"
53092100;0;"Crus ou branqueados"
53092900;0;"Outros"
53101010;0;"Aniagem de juta"
53101090;0;"Outros"
53109000;0;"Outros"
53110000;0;"Tecidos de outras fibras têxteis vegetais; tecidos de fios de papel."
54011011;0;"Não acondicionadas para venda a retalho"
54011012;0;"Acondicionadas para venda a retalho"
54011090;0;"Outras"
54012011;0;"Não acondicionadas para venda a retalho"
54012012;0;"Acondicionadas para venda a retalho"
54012090;0;"Outras"
54021100;0;"De aramidas"
54021910;0;"De náilon"
54021990;0;"Outros"
54022010;0;"De copolímero de ácido p-hidroxibenzoico e ácido hidroxinaftoico"
54022090;0;"Outros"
54023111;0;"Tintos"
54023119;0;"Outros"
54023190;0;"Outros"
54023211;0;"Multifilamento com efeito antiestático permanente, de título superior a 110 tex"
54023219;0;"Outros"
54023290;0;"Outros"
54023310;0;"Crus"
54023320;0;"Tintos"
54023390;0;"Outros"
54023400;0;"De polipropileno"
54023900;0;"Outros"
54024400;0;"De elastômeros"
54024510;0;"De aramidas"
54024520;0;"De náilon"
54024590;0;"Outros"
54024600;0;"Outros, de poliésteres, parcialmente orientados"
54024710;0;"Crus"
54024720;0;"Tintos"
54024790;0;"Outros"
54024800;0;"Outros, de polipropileno"
54024910;0;"De polietileno, com tenacidade igual ou superior a 26 cN/tex"
54024990;0;"Outros"
54025110;0;"De aramidas"
54025190;0;"Outros"
54025200;0;"De poliésteres"
54025300;0;"De polipropileno"
54025900;0;"Outros"
54026110;0;"De aramidas"
54026190;0;"Outros"
54026200;0;"De poliésteres"
54026300;0;"De polipropileno"
54026900;0;"Outros"
54031000;0;"Fios de alta tenacidade, de raiom viscose"
54033110;0;"Crus ou branqueados"
54033190;0;"Outros"
54033200;0;"De raiom viscose, com torção superior a 120 voltas por metro"
54033300;0;"De acetato de celulose"
54033900;0;"Outros"
54034100;0;"De raiom viscose"
54034200;0;"De acetato de celulose"
54034900;0;"Outros"
54041100;0;"De elastômeros"
54041200;0;"Outros, de polipropileno"
54041911;0;"Reabsorvíveis"
54041919;0;"Outros"
54041990;0;"Outros"
54049000;0;"Outras"
54050000;0;"Monofilamentos artificiais, de título igual ou superior a 67 decitex e cuja maior dimensão da seção transversal não seja superior a 1 mm; lâminas e formas semelhantes (palha artificial, por exemplo) de matérias têxteis artificiais, cuja largura aparente não seja superior a 5 mm."
54060010;0;"Fios de filamentos sintéticos"
54060020;0;"Fios de filamentos artificiais"
54071011;0;"De aramidas"
54071019;0;"Outros"
54071021;0;"De aramidas"
54071029;0;"Outros"
54072000;0;"Tecidos obtidos a partir de lâminas ou de formas semelhantes"
54073000;0;"'Tecidos' mencionados na Nota 9 da Seção XI"
54074100;0;"Crus ou branqueados"
54074200;0;"Tintos"
54074300;0;"De fios de diversas cores"
54074400;0;"Estampados"
54075100;0;"Crus ou branqueados"
54075210;0;"Sem fios de borracha"
54075220;0;"Com fios de borracha"
54075300;0;"De fios de diversas cores"
54075400;0;"Estampados"
54076100;0;"Que contenham pelo menos 85 %, em peso, de filamentos de poliéster não texturizados"
54076900;0;"Outros"
54077100;0;"Crus ou branqueados"
54077200;0;"Tintos"
54077300;0;"De fios de diversas cores"
54077400;0;"Estampados"
54078100;0;"Crus ou branqueados"
54078200;0;"Tintos"
54078300;0;"De fios de diversas cores"
54078400;0;"Estampados"
54079100;0;"Crus ou branqueados"
54079200;0;"Tintos"
54079300;0;"De fios de diversas cores"
54079400;0;"Estampados"
54081000;0;"Tecidos obtidos a partir de fios de alta tenacidade, de raiom viscose"
54082100;0;"Crus ou branqueados"
54082200;0;"Tintos"
54082300;0;"De fios de diversas cores"
54082400;0;"Estampados"
54083100;0;"Crus ou branqueados"
54083200;0;"Tintos"
54083300;0;"De fios de diversas cores"
54083400;0;"Estampados"
55011100;0;"De aramidas"
55011900;0;"Outros"
55012000;0;"De poliésteres"
55013000;0;"Acrílicos ou modacrílicos"
55014000;0;"De polipropileno"
55019000;0;"Outros"
55021000;19.5;"De acetato de celulose"
55029010;0;"De raiom viscose"
55029090;0;"Outros"
55031100;0;"De aramidas"
55031910;0;"Bicomponentes, de diferentes pontos de fusão"
55031990;0;"Outras"
55032010;0;"Bicomponentes, de diferentes pontos de fusão"
55032090;0;"Outras"
55033000;0;"Acrílicas ou modacrílicas"
55034000;0;"De polipropileno"
55039010;0;"Bicomponentes, de diferentes pontos de fusão"
55039020;0;"De poli(álcool vinílico)"
55039090;0;"Outras"
55041000;0;"De raiom viscose"
55049010;0;"De liocel"
55049090;0;"Outras"
55051000;NT;"De fibras sintéticas"
55052000;NT;"De fibras artificiais"
55061000;0;"De náilon ou de outras poliamidas"
55062000;0;"De poliésteres"
55063000;0;"Acrílicas ou modacrílicas"
55064000;0;"De polipropileno"
55069000;0;"Outras"
55070000;0;"Fibras artificiais descontínuas, cardadas, penteadas ou transformadas de outro modo para fiação."
55081000;0;"De fibras sintéticas descontínuas"
55082000;0;"De fibras artificiais descontínuas"
55091100;0;"Simples"
55091210;0;"De aramidas"
55091290;0;"Outros"
55092100;0;"Simples"
55092200;0;"Retorcidos ou retorcidos múltiplos"
55093100;0;"Simples"
55093200;0;"Retorcidos ou retorcidos múltiplos"
55094100;0;"Simples"
55094200;0;"Retorcidos ou retorcidos múltiplos"
55095100;0;"Combinadas, principal ou unicamente, com fibras artificiais descontínuas"
55095200;0;"Combinadas, principal ou unicamente, com lã ou pelos finos"
55095300;0;"Combinadas, principal ou unicamente, com algodão"
55095900;0;"Outros"
55096100;0;"Combinadas, principal ou unicamente, com lã ou pelos finos"
55096200;0;"Combinadas, principal ou unicamente, com algodão"
55096900;0;"Outros"
55099100;0;"Combinados, principal ou unicamente, com lã ou pelos finos"
55099200;0;"Combinados, principal ou unicamente, com algodão"
55099900;0;"Outros"
55101111;0;"De raiom viscose, exceto modal"
55101112;0;"De modal"
55101113;0;"De liocel"
55101119;0;"Outros"
55101190;0;"Outros"
55101211;0;"De raiom viscose, exceto modal"
55101212;0;"De modal"
55101213;0;"De liocel"
55101219;0;"Outros"
55101290;0;"Outros"
55102011;0;"De raiom viscose, exceto modal"
55102012;0;"De modal"
55102013;0;"De liocel"
55102019;0;"Outros"
55102090;0;"Outros"
55103011;0;"De raiom viscose, exceto modal"
55103012;0;"De modal"
55103013;0;"De liocel"
55103019;0;"Outros"
55103090;0;"Outros"
55109011;0;"De raiom viscose, exceto modal"
55109012;0;"De modal"
55109013;0;"De liocel"
55109019;0;"Outros"
55109090;0;"Outros"
55111000;0;"De fibras sintéticas descontínuas, que contenham pelo menos 85 %, em peso, destas fibras"
55112000;0;"De fibras sintéticas descontínuas, que contenham menos de 85 %, em peso, destas fibras"
55113000;0;"De fibras artificiais descontínuas"
55121100;0;"Crus ou branqueados"
55121900;0;"Outros"
55122100;0;"Crus ou branqueados"
55122900;0;"Outros"
55129110;0;"De aramidas"
55129190;0;"Outros"
55129910;0;"De aramidas"
55129990;0;"Outros"
55131100;0;"De fibras descontínuas de poliéster, em ponto de tafetá"
55131200;0;"De fibras descontínuas de poliéster, em ponto sarjado, incluindo o diagonal, cuja relação de textura
não seja superior a 4"
55131300;0;"Outros tecidos de fibras descontínuas de poliéster"
55131900;0;"Outros tecidos"
55132100;0;"De fibras descontínuas de poliéster, em ponto de tafetá"
55132310;0;"Em ponto sarjado, incluindo o diagonal, cuja relação de textura não seja superior a 4"
55132390;0;"Outros"
55132900;0;"Outros tecidos"
55133100;0;"De fibras descontínuas de poliéster, em ponto de tafetá"
55133911;0;"Em ponto sarjado, incluindo o diagonal, cuja relação de textura não seja superior a 4"
55133919;0;"Outros"
55133990;0;"Outros"
55134100;0;"De fibras descontínuas de poliéster, em ponto de tafetá"
55134911;0;"Em ponto sarjado, incluindo o diagonal, cuja relação de textura não seja superior a 4"
55134919;0;"Outros"
55134990;0;"Outros"
55141100;0;"De fibras descontínuas de poliéster, em ponto de tafetá"
55141200;0;"De fibras descontínuas de poliéster, em ponto sarjado, incluindo o diagonal, cuja relação de textura
não seja superior a 4"
55141910;0;"De fibras descontínuas de poliéster"
55141990;0;"Outros"
55142100;0;"De fibras descontínuas de poliéster, em ponto de tafetá"
55142200;0;"De fibras descontínuas de poliéster, em ponto sarjado, incluindo o diagonal, cuja relação de textura
não seja superior a 4"
55142300;0;"Outros tecidos de fibras descontínuas de poliéster"
55142900;0;"Outros tecidos"
55143011;0;"Em ponto de tafetá"
55143012;0;"Em ponto sarjado, incluindo o diagonal, cuja relação de textura não seja superior a 4"
55143019;0;"Outros"
55143090;0;"Outros"
55144100;0;"De fibras descontínuas de poliéster, em ponto de tafetá"
55144200;0;"De fibras descontínuas de poliéster, em ponto sarjado, incluindo o diagonal, cuja relação de textura
não seja superior a 4"
55144300;0;"Outros tecidos de fibras descontínuas de poliéster"
55144900;0;"Outros tecidos"
55151100;0;"Combinadas, principal ou unicamente, com fibras descontínuas de raiom viscose"
55151200;0;"Combinadas, principal ou unicamente, com filamentos sintéticos ou artificiais"
55151300;0;"Combinadas, principal ou unicamente, com lã ou pelos finos"
55151900;0;"Outros"
55152100;0;"Combinadas, principal ou unicamente, com filamentos sintéticos ou artificiais"
55152200;0;"Combinadas, principal ou unicamente, com lã ou pelos finos"
55152900;0;"Outros"
55159100;0;"Combinados, principal ou unicamente, com filamentos sintéticos ou artificiais"
55159910;0;"Combinados, principal ou unicamente, com lã ou pelos finos"
55159990;0;"Outros"
55161100;0;"Crus ou branqueados"
55161200;0;"Tintos"
55161300;0;"De fios de diversas cores"
55161400;0;"Estampados"
55162100;0;"Crus ou branqueados"
55162200;0;"Tintos"
55162300;0;"De fios de diversas cores"
55162400;0;"Estampados"
55163100;0;"Crus ou branqueados"
55163200;0;"Tintos"
55163300;0;"De fios de diversas cores"
55163400;0;"Estampados"
55164100;0;"Crus ou branqueados"
55164200;0;"Tintos"
55164300;0;"De fios de diversas cores"
55164400;0;"Estampados"
55169100;0;"Crus ou branqueados"
55169200;0;"Tintos"
55169300;0;"De fios de diversas cores"
55169400;0;"Estampados"
56012110;0;"Pastas (ouates)"
56012190;0;"Outros artigos de pastas (ouates)"
56012211;0;"De aramidas"
56012219;0;"Outras"
56012291;19.5;"Cilindros para filtros de cigarros"
56012299;0;"Outros"
56012900;0;"Outros"
56013010;0;"De aramidas"
56013090;0;"Outros"
56021000;0;"Feltros agulhados e artigos obtidos por costura por entrelaçamento (cousus-tricotés)"
56022100;0;"De lã ou de pelos finos"
56022900;0;"De outras matérias têxteis"
56029000;0;"Outros"
56031110;0;"De aramidas"
56031120;0;"De poliéster"
56031130;0;"De polipropileno"
56031140;0;"De raiom viscose"
56031190;0;"Outros"
56031210;0;"De polietileno de alta densidade"
56031220;0;"De aramidas"
56031230;0;"De poliéster"
56031240;0;"De polipropileno"
56031250;0;"De raiom viscose"
56031290;0;"Outros"
56031310;0;"De polietileno de alta densidade"
56031320;0;"De aramidas"
56031330;0;"De poliéster"
56031340;0;"De polipropileno"
56031350;0;"De raiom viscose"
56031390;0;"Outros"
56031410;0;"De aramidas"
56031420;0;"De poliéster"
56031430;0;"De polipropileno"
56031440;0;"De raiom viscose"
56031490;0;"Outros"
56039110;0;"De poliéster"
56039120;0;"De polipropileno"
56039130;0;"De raiom viscose"
56039190;0;"Outros"
56039210;0;"De polietileno de alta densidade"
56039220;0;"De poliéster"
56039230;0;"De polipropileno"
56039240;0;"De raiom viscose"
56039290;0;"Outros"
56039310;0;"De polietileno de alta densidade"
56039320;0;"De poliéster"
56039330;0;"De polipropileno"
56039340;0;"De raiom viscose"
56039390;0;"Outros"
56039410;0;"De poliéster"
56039420;0;"De polipropileno"
56039430;0;"De raiom viscose"
56039490;0;"Outros"
56041000;0;"Fios e cordas, de borracha, recobertos de têxteis"
56049010;0;"Imitações de categute constituídas por fios de seda"
56049021;0;"Com borracha"
56049022;0;"Com plástico"
56049090;0;"Outros"
56050010;0;"Com metais preciosos"
56050020;0;"Revestidos por enrolamento, exceto com metais preciosos"
56050090;0;"Outros"
56060000;0;"Fios revestidos por enrolamento, lâminas e formas semelhantes das posições 54.04 ou 54.05, revestidas
por enrolamento, exceto os da posição 56.05 e os fios de crina revestidos por enrolamento; fios de froco
(chenille); fios denominados 'de cadeia' (chaînette)."
56072100;0;"Cordéis para atadeiras ou enfardadeiras"
56072900;0;"Outros"
56074100;0;"Cordéis para atadeiras ou enfardadeiras"
56074900;0;"Outros"
56075011;0;"De náilon"
56075019;0;"Outros"
56075090;0;"Outros"
56079010;0;"De algodão"
56079020;0;"De juta, inferior ao número métrico 0,75 por fio simples"
56079090;0;"Outros"
56081100;0;"Redes confeccionadas para a pesca"
56081900;0;"Outras"
56089000;0;"Outras"
56090010;0;"De algodão"
56090090;0;"Outros"
57011011;6.5;"Feitos à mão"
57011012;6.5;"Feitos a máquina"
57011020;6.5;"De pelos finos"
57019000;6.5;"De outras matérias têxteis"
57021000;6.5;"Tapetes denominados Kelim ou Kilim, Schumacks ou Soumak, Karamanie e tapetes semelhantes tecidos à mão"
57022000;6.5;"Revestimentos para pisos (pavimentos), de cairo (fibra de coco)"
57023100;6.5;"De lã ou de pelos finos"
57023200;6.5;"De matérias têxteis sintéticas ou artificiais"
57023900;6.5;"De outras matérias têxteis"
57024100;6.5;"De lã ou de pelos finos"
57024200;6.5;"De matérias têxteis sintéticas ou artificiais"
57024900;6.5;"De outras matérias têxteis"
57025010;6.5;"De lã ou de pelos finos"
57025020;6.5;"De matérias têxteis sintéticas ou artificiais"
57025090;6.5;"Outros"
57029100;6.5;"De lã ou de pelos finos"
57029200;6.5;"De matérias têxteis sintéticas ou artificiais"
57029900;6.5;"De outras matérias têxteis"
57031000;6.5;"De lã ou de pelos finos"
57032100;6.5;"Grama (relva)"
57032900;6.5;"Outros"
57033100;6.5;"Grama (relva)"
57033900;6.5;"Outros"
57039000;6.5;"De outras matérias têxteis"
57041000;6.5;"'Ladrilhos' de área da superfície não superior a 0,3 m2"
57042000;6.5;"'Ladrilhos' de área da superfície superior a 0,3 m2, mas não superior a 1 m2"
57049000;6.5;"Outros"
57050000;6.5;"Outros tapetes e revestimentos para pisos (pavimentos), de matérias têxteis, mesmo confeccionados."
58011000;0;"De lã ou de pelos finos"
58012100;0;"Veludos e pelúcias obtidos por trama, não cortados"
58012200;0;"Veludos e pelúcias obtidos por trama, cortados, canelados (côtelés)"
58012300;0;"Outros veludos e pelúcias obtidos por trama"
58012600;0;"Tecidos de froco (chenille)"
58012700;0;"Veludos e pelúcias obtidos por urdidura"
58013100;0;"Veludos e pelúcias obtidos por trama, não cortados"
58013200;0;"Veludos e pelúcias obtidos por trama, cortados, canelados (côtelés)"
58013300;0;"Outros veludos e pelúcias obtidos por trama"
58013600;0;"Tecidos de froco (chenille)"
58013700;0;"Veludos e pelúcias obtidos por urdidura"
58019000;0;"De outras matérias têxteis"
58021000;0;"Tecidos atoalhados (turcos), de algodão"
58022000;0;"Tecidos atoalhados (turcos), de outras matérias têxteis"
58023000;0;"Tecidos tufados"
58030010;0;"De algodão"
58030090;0;"Outros"
58041010;0;"De algodão"
58041090;0;"Outros"
58042100;0;"De fibras sintéticas ou artificiais"
58042910;0;"De algodão"
58042990;0;"Outras"
58043010;0;"De algodão"
58043090;0;"Outras"
58050010;3.25;"De algodão"
58050020;3.25;"De fibras sintéticas ou artificiais"
58050090;3.25;"De outras matérias têxteis"
58061000;0;"Fitas de veludo, de pelúcias, de tecidos de froco (chenille) ou de tecidos atoalhados (turcos)"
58062000;0;"Outras fitas que contenham, em peso, 5 % ou mais de fios de elastômeros ou de fios de borracha"
58063100;0;"De algodão"
58063200;0;"De fibras sintéticas ou artificiais"
58063900;0;"De outras matérias têxteis"
58064000;0;"Fitas sem trama, de fios ou fibras paralelizados e colados (bolducs)"
58071000;0;"Tecidos"
58079000;0;"Outros"
58081000;0;"Tranças em peça"
58089000;0;"Outros"
58090000;0;"Tecidos de fios de metal e tecidos de fios metálicos ou de fios têxteis metalizados da posição 56.05, do tipo utilizado em vestuário, para guarnição de interiores ou usos semelhantes, não especificados nem compreendidos noutras posições."
58101000;0;"Bordados químicos ou aéreos e bordados com fundo recortado"
58109100;0;"De algodão"
58109200;0;"De fibras sintéticas ou artificiais"
58109900;0;"De outras matérias têxteis"
58110000;0;"Artigos têxteis acolchoados em peça, constituídos por uma ou mais camadas de matérias têxteis associadas a uma matéria de enchimento ou estofamento, acolchoados por qualquer processo, exceto os bordados da posição 58.10."
59011000;3.25;"Tecidos revestidos de cola ou de matérias amiláceas, do tipo utilizado na encadernação, cartonagem ou usos semelhantes"
59019000;3.25;"Outros"
59021010;3.25;"Impregnadas, recobertas ou revestidas com borracha"
59021090;3.25;"Outras"
59022000;3.25;"De poliésteres"
59029000;3.25;"Outras"
59031000;3.25;"Com poli(cloreto de vinila)"
59032000;3.25;"Com poliuretano"
59039010;3.25;"De fios de poliéster, impregnados com uma ou mais resinas sintéticas, perceptíveis ou não à vista desarmada, e recobertos com uma ou mais resinas sintéticas perceptíveis à vista desarmada numa de suas faces, do tipo utilizado como suporte para fabricação de abrasivos (lixas), em rolos"
59039090;3.26;"Outros"
59041000;6.5;"Linóleos"
59049000;6.5;"Outros"
59050000;6.5;"Revestimentos para paredes, de matérias têxteis."
59061000;5;"Fitas adesivas de largura não superior a 20 cm"
59069100;3.25;"De malha"
59069900;3.25;"Outros"
59070000;3.25;"Outros tecidos impregnados, revestidos ou recobertos; telas pintadas para cenários teatrais, para fundos de estúdio ou para usos semelhantes."
59080000;3.25;"Mechas de matérias têxteis, tecidas, entrançadas ou tricotadas, para candeeiros, fogareiros, isqueiros, velas e semelhantes; camisas de incandescência e tecidos tubulares tricotados para a sua fabricação, mesmo impregnados."
59090000;3.25;"Mangueiras e tubos semelhantes, de matérias têxteis, mesmo com reforço ou acessórios de outras matérias."
59100000;6.5;"Correias transportadoras ou de transmissão, de matérias têxteis, mesmo impregnadas, revestidas ou recobertas, de plástico, ou estratificadas com plástico ou reforçadas com metal ou com outras matérias."
59111000;3.25;"Tecidos, feltros e tecidos forrados de feltro, combinados com uma ou mais camadas de borracha, couro ou de outras matérias, do tipo utilizado na fabricação de guarnições de cardas, e produtos análogos para outros usos técnicos, incluindo as fitas de veludo, impregnadas de borracha, para recobrimento de cilindros de teares"
59112010;3.25;"De matéria têxtil sintética ou artificial, em peça"
59112090;3.25;"Outras"
59113100;3.25;"De peso inferior a 650 g/m2"
59113200;3.25;"De peso igual ou superior a 650 g/m2"
59114000;3.25;"Tecidos filtrantes e tecidos espessos, do tipo utilizado em prensas de óleo ou outros usos técnicos análogos, incluindo os de cabelo"
59119000;3.25;"Outros"
60011010;0;"De algodão"
60011020;0;"De fibras sintéticas ou artificiais"
60011090;0;"De outras matérias têxteis"
60012100;0;"De algodão"
60012200;0;"De fibras sintéticas ou artificiais"
60012900;0;"De outras matérias têxteis"
60019100;0;"De algodão"
60019200;0;"De fibras sintéticas ou artificiais"
60019900;0;"De outras matérias têxteis"
60024010;0;"De algodão"
60024020;0;"De fibras sintéticas ou artificiais"
60024090;0;"De outras matérias têxteis"
60029010;0;"De algodão"
60029020;0;"De fibras sintéticas ou artificiais"
60029090;0;"De outras matérias têxteis"
60031000;0;"De lã ou de pelos finos"
60032000;0;"De algodão"
60033000;0;"De fibras sintéticas"
60034000;0;"De fibras artificiais"
60039000;0;"Outros"
60041011;0;"Crus ou branqueados"
60041012;0;"Tintos"
60041013;0;"De fios de diversas cores"
60041014;0;"Estampados"
60041031;0;"Crus ou branqueados"
60041032;0;"Tintos"
60041033;0;"De fios de diversas cores"
60041034;0;"Estampados"
60041041;0;"Crus ou branqueados"
60041042;0;"Tintos"
60041043;0;"De fios de diversas cores"
60041044;0;"Estampados"
60041091;0;"Crus ou branqueados"
60041092;0;"Tintos"
60041093;0;"De fios de diversas cores"
60041094;0;"Estampados"
60049010;0;"De algodão"
60049030;0;"De fibras sintéticas"
60049040;0;"De fibras artificiais"
60049090;0;"De outras matérias têxteis"
60052100;0;"Crus ou branqueados"
60052200;0;"Tintos"
60052300;0;"De fios de diversas cores"
60052400;0;"Estampados"
60053500;0;"Tecidos mencionados na Nota de subposição 1 do presente Capítulo"
60053600;0;"Outros, crus ou branqueados"
60053700;0;"Outros, tintos"
60053800;0;"Outros, de fios de diversas cores"
60053900;0;"Outros, estampados"
60054100;0;"Crus ou branqueados"
60054200;0;"Tintos"
60054300;0;"De fios de diversas cores"
60054400;0;"Estampados"
60059010;0;"De lã ou de pelos finos"
60059090;0;"Outros"
60061000;0;"De lã ou de pelos finos"
60062100;0;"Crus ou branqueados"
60062200;0;"Tintos"
60062300;0;"De fios de diversas cores"
60062400;0;"Estampados"
60063110;0;"De náilon ou de outras poliamidas"
60063120;0;"De poliésteres"
60063130;0;"Acrílicos ou modacrílicos"
60063190;0;"Outros"
60063210;0;"De náilon ou de outras poliamidas"
60063220;0;"De poliésteres"
60063230;0;"Acrílicos ou modacrílicos"
60063290;0;"Outros"
60063310;0;"De náilon ou de outras poliamidas"
60063320;0;"De poliésteres"
60063330;0;"Acrílicos ou modacrílicos"
60063390;0;"Outros"
60063410;0;"De náilon ou de outras poliamidas"
60063420;0;"De poliésteres"
60063430;0;"Acrílicos ou modacrílicos"
60063490;0;"Outros"
60064100;0;"Crus ou branqueados"
60064200;0;"Tintos"
60064300;0;"De fios de diversas cores"
60064400;0;"Estampados"
60069000;0;"Outros"
61012000;0;"De algodão"
61013000;0;"De fibras sintéticas ou artificiais"
61019010;0;"De lã ou de pelos finos"
61019090;0;"Outros"
61021000;0;"De lã ou de pelos finos"
61022000;0;"De algodão"
61023000;0;"De fibras sintéticas ou artificiais"
61029000;0;"De outras matérias têxteis"
61031010;0;"De lã ou de pelos finos"
61031020;0;"De fibras sintéticas"
61031090;0;"De outras matérias têxteis"
61032200;0;"De algodão"
61032300;0;"De fibras sintéticas"
61032910;0;"De lã ou de pelos finos"
61032990;0;"Outros"
61033100;0;"De lã ou de pelos finos"
61033200;0;"De algodão"
61033300;0;"De fibras sintéticas"
61033900;0;"De outras matérias têxteis"
61034100;0;"De lã ou de pelos finos"
61034200;0;"De algodão"
61034300;0;"De fibras sintéticas"
61034900;0;"De outras matérias têxteis"
61041300;0;"De fibras sintéticas"
61041910;0;"De lã ou de pelos finos"
61041920;0;"De algodão"
61041990;0;"De outras matérias têxteis"
61042200;0;"De algodão"
61042300;0;"De fibras sintéticas"
61042910;0;"De lã ou de pelos finos"
61042990;0;"Outros"
61043100;0;"De lã ou de pelos finos"
61043200;0;"De algodão"
61043300;0;"De fibras sintéticas"
61043900;0;"De outras matérias têxteis"
61044100;0;"De lã ou de pelos finos"
61044200;0;"De algodão"
61044300;0;"De fibras sintéticas"
61044400;0;"De fibras artificiais"
61044900;0;"De outras matérias têxteis"
61045100;0;"De lã ou de pelos finos"
61045200;0;"De algodão"
61045300;0;"De fibras sintéticas"
61045900;0;"De outras matérias têxteis"
61046100;0;"De lã ou de pelos finos"
61046200;0;"De algodão"
61046300;0;"De fibras sintéticas"
61046900;0;"De outras matérias têxteis"
61051000;0;"De algodão"
61052000;0;"De fibras sintéticas ou artificiais"
61059000;0;"De outras matérias têxteis"
61061000;0;"De algodão"
61062000;0;"De fibras sintéticas ou artificiais"
61069000;0;"De outras matérias têxteis"
61071100;0;"De algodão"
61071200;0;"De fibras sintéticas ou artificiais"
61071900;0;"De outras matérias têxteis"
61072100;0;"De algodão"
61072200;0;"De fibras sintéticas ou artificiais"
61072900;0;"De outras matérias têxteis"
61079100;0;"De algodão"
61079910;0;"De fibras sintéticas ou artificiais"
61079990;0;"Outros"
61081100;0;"De fibras sintéticas ou artificiais"
61081900;0;"De outras matérias têxteis"
61082100;0;"De algodão"
61082200;0;"De fibras sintéticas ou artificiais"
61082900;0;"De outras matérias têxteis"
61083100;0;"De algodão"
61083200;0;"De fibras sintéticas ou artificiais"
61083900;0;"De outras matérias têxteis"
61089100;0;"De algodão"
61089200;0;"De fibras sintéticas ou artificiais"
61089900;0;"De outras matérias têxteis"
61091000;0;"De algodão"
61099000;0;"De outras matérias têxteis"
61101100;0;"De lã"
61101200;0;"De cabra de Caxemira"
61101900;0;"Outros"
61102000;0;"De algodão"
61103000;0;"De fibras sintéticas ou artificiais"
61109000;0;"De outras matérias têxteis"
61112000;0;"De algodão"
61113000;0;"De fibras sintéticas"
61119010;0;"De lã ou de pelos finos"
61119090;0;"Outros"
61121100;0;"De algodão"
61121200;0;"De fibras sintéticas"
61121900;0;"De outras matérias têxteis"
61122000;0;"Macacões (Fatos-macacos*) e conjuntos, de esqui"
61123100;0;"De fibras sintéticas"
61123900;0;"De outras matérias têxteis"
61124100;0;"De fibras sintéticas"
61124900;0;"De outras matérias têxteis"
61130000;0;"Vestuário confeccionado com tecidos de malha das posições 59.03, 59.06 ou 59.07."
61142000;0;"De algodão"
61143000;0;"De fibras sintéticas ou artificiais"
61149010;0;"De lã ou de pelos finos"
61149090;0;"Outros"
61151011;0;"De fibras sintéticas, de título inferior a 67 decitex por fio simples"
61151012;0;"De fibras sintéticas, de título igual ou superior a 67 decitex por fio simples"
61151013;0;"De lã ou de pelos finos"
61151014;0;"De algodão"
61151019;0;"De outras matérias têxteis"
61151021;0;"De fibras sintéticas ou artificiais"
61151022;0;"De algodão"
61151029;0;"De outras matérias têxteis"
61151091;0;"De lã ou de pelos finos"
61151092;0;"De algodão"
61151093;0;"De fibras sintéticas"
61151099;0;"De outras matérias têxteis"
61152100;0;"De fibras sintéticas, de título inferior a 67 decitex por fio simples"
61152200;0;"De fibras sintéticas, de título igual ou superior a 67 decitex por fio simples"
61152910;0;"De lã ou de pelos finos"
61152920;0;"De algodão"
61152990;0;"Outras"
61153010;0;"De fibras sintéticas ou artificiais"
61153020;0;"De algodão"
61153090;0;"De outras matérias têxteis"
61159400;0;"De lã ou de pelos finos"
61159500;0;"De algodão"
61159600;0;"De fibras sintéticas"
61159900;0;"De outras matérias têxteis"
61161000;0;"Impregnadas, revestidas, recobertas ou estratificadas, de plástico ou de borracha"
61169100;0;"De lã ou de pelos finos"
61169200;0;"De algodão"
61169300;0;"De fibras sintéticas"
61169900;0;"De outras matérias têxteis"
61171000;0;"Xales, echarpes, lenços de pescoço, cachenês, cachecóis, mantilhas, véus e semelhantes"
61178010;0;"Gravatas, gravatas-borboletas e plastrons"
61178090;0;"Outros"
61179000;0;"Partes"
62012000;0;"De lã ou de pelos finos"
62013000;0;"De algodão"
62014000;0;"De fibras sintéticas ou artificiais"
62019000;0;"De outras matérias têxteis"
62022000;0;"De lã ou de pelos finos"
62023000;0;"De algodão"
62024000;0;"De fibras sintéticas ou artificiais"
62029000;0;"De outras matérias têxteis"
62031100;0;"De lã ou de pelos finos"
62031200;0;"De fibras sintéticas"
62031900;0;"De outras matérias têxteis"
62032200;0;"De algodão"
62032300;0;"De fibras sintéticas"
62032910;0;"De lã ou de pelos finos"
62032990;0;"Outros"
62033100;0;"De lã ou de pelos finos"
62033200;0;"De algodão"
62033300;0;"De fibras sintéticas"
62033900;0;"De outras matérias têxteis"
62034100;0;"De lã ou de pelos finos"
62034200;0;"De algodão"
62034300;0;"De fibras sintéticas"
62034900;0;"De outras matérias têxteis"
62041100;0;"De lã ou de pelos finos"
62041200;0;"De algodão"
62041300;0;"De fibras sintéticas"
62041900;0;"De outras matérias têxteis"
62042100;0;"De lã ou de pelos finos"
62042200;0;"De algodão"
62042300;0;"De fibras sintéticas"
62042900;0;"De outras matérias têxteis"
62043100;0;"De lã ou de pelos finos"
62043200;0;"De algodão"
62043300;0;"De fibras sintéticas"
62043900;0;"De outras matérias têxteis"
62044100;0;"De lã ou de pelos finos"
62044200;0;"De algodão"
62044300;0;"De fibras sintéticas"
62044400;0;"De fibras artificiais"
62044900;0;"De outras matérias têxteis"
62045100;0;"De lã ou de pelos finos"
62045200;0;"De algodão"
62045300;0;"De fibras sintéticas"
62045900;0;"De outras matérias têxteis"
62046100;0;"De lã ou de pelos finos"
62046200;0;"De algodão"
62046300;0;"De fibras sintéticas"
62046900;0;"De outras matérias têxteis"
62052000;0;"De algodão"
62053000;0;"De fibras sintéticas ou artificiais"
62059010;0;"De lã ou de pelos finos"
62059090;0;"Outras"
62061000;0;"De seda ou de desperdícios de seda"
62062000;0;"De lã ou de pelos finos"
62063000;0;"De algodão"
62064000;0;"De fibras sintéticas ou artificiais"
62069000;0;"De outras matérias têxteis"
62071100;0;"De algodão"
62071900;0;"De outras matérias têxteis"
62072100;0;"De algodão"
62072200;0;"De fibras sintéticas ou artificiais"
62072900;0;"De outras matérias têxteis"
62079100;0;"De algodão"
62079910;0;"De fibras sintéticas ou artificiais"
62079990;0;"Outros"
62081100;0;"De fibras sintéticas ou artificiais"
62081900;0;"De outras matérias têxteis"
62082100;0;"De algodão"
62082200;0;"De fibras sintéticas ou artificiais"
62082900;0;"De outras matérias têxteis"
62089100;0;"De algodão"
62089200;0;"De fibras sintéticas ou artificiais"
62089900;0;"De outras matérias têxteis"
62092000;0;"De algodão"
62093000;0;"De fibras sintéticas"
62099010;0;"De lã ou de pelos finos"
62099090;0;"Outras"
62101000;0;"Com as matérias das posições 56.02 ou 56.03"
62102000;0;"Outro vestuário, do tipo abrangido pela posição 62.01"
62103000;0;"Outro vestuário, do tipo abrangido pela posição 62.02"
62104000;0;"Outro vestuário de uso masculino"
62105000;0;"Outro vestuário de uso feminino"
62111100;0;"De uso masculino"
62111200;0;"De uso feminino"
62112000;0;"Macacões (Fatos-macacos*) e conjuntos, de esqui"
62113200;0;"De algodão"
62113300;0;"De fibras sintéticas ou artificiais"
62113910;0;"De lã ou de pelos finos"
62113990;0;"Outras"
62114200;0;"De algodão"
62114300;0;"De fibras sintéticas ou artificiais"
62114900;0;"De outras matérias têxteis"
62121000;0;"Sutiãs e bustiês (sutiãs de cós alto*)"
62122000;0;"Cintas e cintas-calças"
62123000;0;"Modeladores de torso inteiro (Cintas-sutiãs*)"
62129000;0;"Outros"
62132000;0;"De algodão"
62139010;0;"De seda ou de desperdícios de seda"
62139090;0;"Outros"
62141000;0;"De seda ou de desperdícios de seda"
62142000;0;"De lã ou de pelos finos"
62143000;0;"De fibras sintéticas"
62144000;0;"De fibras artificiais"
62149010;0;"De algodão"
62149090;0;"Outros"
62151000;0;"De seda ou de desperdícios de seda"
62152000;0;"De fibras sintéticas ou artificiais"
62159000;0;"De outras matérias têxteis"
62160000;0;"Luvas, mitenes e semelhantes."
62171000;0;"Acessórios"
62179000;0;"Partes"
63011000;0;"Cobertores e mantas, elétricos"
63012000;0;"Cobertores e mantas (exceto os elétricos), de lã ou de pelos finos"
63013000;0;"Cobertores e mantas (exceto os elétricos), de algodão"
63014000;0;"Cobertores e mantas (exceto os elétricos), de fibras sintéticas"
63019000;0;"Outros cobertores e mantas"
63021000;0;"Roupa de cama, de malha"
63022100;0;"De algodão"
63022200;0;"De fibras sintéticas ou artificiais"
63022900;0;"De outras matérias têxteis"
63023100;0;"De algodão"
63023200;0;"De fibras sintéticas ou artificiais"
63023900;0;"De outras matérias têxteis"
63024000;0;"Roupa de mesa, de malha"
63025100;0;"De algodão"
63025300;0;"De fibras sintéticas ou artificiais"
63025910;0;"De linho"
63025990;0;"Outras"
63026000;0;"Roupa de toucador ou de cozinha, de tecidos atoalhados (turcos) de algodão"
63029100;0;"De algodão"
63029300;0;"De fibras sintéticas ou artificiais"
63029910;0;"De linho"
63029990;0;"Outras"
63031200;0;"De fibras sintéticas"
63031910;0;"De algodão"
63031990;0;"Outros"
63039100;0;"De algodão"
63039200;0;"De fibras sintéticas"
63039900;0;"De outras matérias têxteis"
63041100;0;"De malha"
63041910;0;"De algodão"
63041990;0;"De outras matérias têxteis"
63042000;0;"Mosquiteiros para camas mencionados na Nota de subposição 1 do presente Capítulo"
63049100;0;"De malha"
63049200;0;"De algodão, exceto de malha"
63049300;0;"De fibras sintéticas, exceto de malha"
63049900;0;"De outras matérias têxteis, exceto de malha"
63051000;9.75;"De juta ou de outras fibras têxteis liberianas da posição 53.03"
63052000;9.75;"De algodão"
63053200;9.75;"Recipientes flexíveis para produtos a granel"
63053310;9.75;"De malha"
63053390;9.75;"Outros"
63053900;9.75;"Outros"
63059000;9.75;"De outras matérias têxteis"
63061200;3.25;"De fibras sintéticas"
63061910;3.25;"De algodão"
63061990;3.25;"Outros"
63062200;6.5;"De fibras sintéticas"
63062910;6.5;"De algodão"
63062990;6.5;"Outros"
63063010;6.5;"De fibras sintéticas"
63063090;6.5;"De outras matérias têxteis"
63064010;3.25;"De algodão"
63064090;3.25;"De outras matérias têxteis"
63069000;3.25;"Outros"
63071000;0;"Rodilhas, esfregões, panos de prato ou de cozinha, flanelas e artigos de limpeza semelhantes"
63072000;0;"Cintos e coletes salva-vidas"
63079010;0;"De falso tecido (tecido não tecido)"
63079020;0;"Artigo tubular com tratamento ignífugo, próprio para saída de emergência de pessoas, mesmo com seus elementos de montagem"
63079090;0;"Outros"
63080000;0;"Sortidos constituídos por cortes de tecido e fios, mesmo com acessórios, para confecção de tapetes, tapeçarias, toalhas de mesa ou guardanapos, bordados, ou artigos têxteis semelhantes, em embalagens para venda a retalho."
63090010;NT;"Vestuário, seus acessórios, e suas partes"
63090090;NT;"Outros"
63101000;NT;"Selecionados"
63109000;NT;"Outros"
64011000;0;"Calçado com biqueira protetora de metal"
64019200;0;"Cobrindo o tornozelo, mas não o joelho"
64019910;0;"Cobrindo o joelho"
64019990;0;"Outro"
64021200;0;"Calçado para esqui e para surfe de neve"
64021900;0;"Outro"
64022000;0;"Calçado com parte superior em tiras ou correias, fixados à sola por pregos, tachas, pinos e semelhantes"
64029110;0;"Com biqueira protetora de metal"
64029190;0;"Outro"
64029910;0;"Com biqueira protetora de metal"
64029990;0;"Outro"
64031200;0;"Calçado para esqui e para surfe de neve"
64031900;0;"Outro"
64032000;0;"Calçado com sola exterior de couro natural e parte superior constituída por tiras de couro natural passando pelo peito do pé e envolvendo o dedo grande"
64034000;0;"Outro calçado, com biqueira protetora de metal"
64035110;0;"Com sola de madeira e desprovido de palmilha"
64035190;0;"Outro"
64035910;0;"Com sola de madeira e desprovido de palmilha"
64035990;0;"Outro"
64039110;0;"Com sola de madeira e desprovido de palmilha"
64039190;0;"Outro"
64039910;0;"Com sola de madeira e desprovido de palmilha"
64039990;0;"Outro"
64041100;0;"Calçado para esporte; calçado para tênis, basquetebol, ginástica, treino e semelhantes"
64041900;0;"Outro"
64042000;0;"Calçado com sola exterior de couro natural ou reconstituído"
64051010;0;"Com sola exterior de borracha ou plástico e parte superior de couro reconstituído"
64051020;0;"Com sola exterior de couro natural ou reconstituído e parte superior de couro reconstituído"
64051090;0;"Outro"
64052000;0;"Com parte superior de matérias têxteis"
64059000;0;"Outro"
64061000;0;"Partes superiores de calçado e seus componentes, exceto contrafortes e biqueiras rígidas"
64062000;0;"Solas exteriores e saltos, de borracha ou plástico"
64069010;0;"Solas exteriores e saltos, de couro natural ou reconstituído"
64069020;0;"Palmilhas"
64069090;0;"Outros"
65010000;0;"Esboços não enformados nem na copa nem na aba, discos e cilindros, mesmo cortados no sentido da altura, de feltro, para chapéus."
65020010;0;"De palha fina (manila, panamá e semelhantes)"
65020090;0;"Outros"
65040010;0;"De palha fina (manila, panamá e semelhantes)"
65040090;0;"Outros"
65050011;0;"De algodão"
65050012;0;"De fibras sintéticas ou artificiais"
65050019;0;"De outras matérias têxteis"
65050021;0;"De algodão"
65050022;0;"De fibras sintéticas ou artificiais"
65050029;0;"De outras matérias têxteis"
65050031;0;"De algodão"
65050032;0;"De fibras sintéticas ou artificiais"
65050039;0;"De outras matérias têxteis"
65050090;0;"Outros"
65061010;0;"Do tipo utilizado por bombeiros, com viseira e protetor facial incorporados"
65061090;0;"Outros"
65069100;0;"De borracha ou de plástico"
65069900;0;"De outras matérias"
65070000;0;"Carneiras, forros, capas, armações, palas e barbicachos (francaletes*), para chapéus e artigos de uso semelhante."
66011000;3.25;"Guarda-sóis de jardim e artigos semelhantes"
66019110;0;"Cobertos de tecido de seda ou de matérias têxteis sintéticas ou artificiais"
66019190;0;"Outros"
66019900;0;"Outros"
66020000;0;"Bengalas, bengalas-assentos, chicotes, pingalins e artigos semelhantes."
66032000;0;"Armações montadas, mesmo com hastes ou cabos, para guarda-chuvas, sombrinhas ou guarda-sóis"
66039000;0;"Outros"
67010000;0;"Peles e outras partes de aves, com as suas penas ou penugem, penas, partes de penas, penugem e artigos destas matérias, exceto os produtos da posição 05.05, bem como os cálamos e outros canos de"
67021000;9.75;"De plástico"
67029000;9.75;"De outras matérias"
67030000;9.75;"Cabelo disposto no mesmo sentido, adelgaçado, branqueado ou preparado de outro modo; lã, pelos e outras matérias têxteis, preparados para fabricação de perucas ou de artigos semelhantes."
67041100;9.75;"Perucas completas"
67041900;9.75;"Outros"
67042000;9.75;"De cabelo"
67049000;9.75;"De outras matérias"
68010000;0;"Pedras para calcetar, meios-fios (lancis) e placas (lajes) para pavimentação, de pedra natural (exceto a ardósia)."
68021000;3.25;"Ladrilhos, cubos, pastilhas e artigos semelhantes, mesmo de forma diferente da quadrada ou retangular, cuja maior superfície possa ser inscrita num quadrado de lado inferior a 7 cm; grânulos, fragmentos e pós, corados artificialmente"
68022100;3.25;"Mármore, travertino e alabastro"
68022300;3.25;"Granito"
68022900;3.25;"Outras pedras"
68029100;3.25;"Mármore, travertino e alabastro"
68029200;3.25;"Outras pedras calcárias"
68029310;3.25;"Esferas para moinho"
68029390;3.25;"Outros"
68029910;3.25;"Esferas para moinho"
68029990;3.25;"Outras"
68030000;3.25;"Ardósia natural trabalhada e obras de ardósia natural ou aglomerada."
68041000;0;"Mós para moer ou desfibrar"
68042111;0;"Aglomerados com resina"
68042119;0;"Outros"
68042190;0;"Outros"
68042211;0;"Aglomerados com resina"
68042219;0;"Outros"
68042290;0;"Outros"
68042300;0;"De pedras naturais"
68043000;0;"Pedras para amolar ou para polir, manualmente"
68051000;0;"Aplicados apenas sobre tecidos de matérias têxteis"
68052000;0;"Aplicados apenas sobre papel ou cartão"
68053010;0;"Com suporte de papel ou cartão combinados com matérias têxteis"
68053020;0;"Discos de fibra vulcanizada recobertos com óxido de alumínio ou carboneto de silício"
68053090;0;"Outros"
68061000;0;"Lãs de escórias de altos-fornos, lãs de outras escórias, lã de rocha e lãs minerais semelhantes, mesmo misturadas entre si, a granel, em folhas ou em rolos"
68062000;0;"Vermiculita e argilas, expandidas, espuma de escórias e produtos minerais semelhantes, expandidos, mesmo misturados entre si"
68069010;0;"Aluminosos ou silicoaluminosos"
68069090;0;"Outros"
68071000;3.25;"Em rolos"
68079000;3.25;"Outras"
68080000;6.5;"Painéis, chapas, ladrilhos, blocos e semelhantes, de fibras vegetais, palha ou aparas, partículas, serragem (serradura) ou outros desperdícios de madeira, aglomerados com cimento, gesso ou outros aglutinantes minerais."
68091100;0;"Revestidos ou reforçados exclusivamente com papel ou cartão"
68091900;3.25;"Outros"
68099000;3.25;"Outras obras"
68101100;0;"Blocos e tijolos para a construção"
68101900;0;"Outros"
68109100;0;"Elementos pré-fabricados para a construção ou engenharia civil"
68109900;0;"Outras"
68114000;3.25;"Que contenham amianto"
68118100;3.25;"Placas onduladas"
68118200;3.25;"Outras placas, painéis, ladrilhos, telhas e artigos semelhantes"
68118900;3.25;"Outras obras"
68128000;6.5;"De crocidolita"
68129100;0;"Vestuário, acessórios de vestuário, calçado e chapéus"
68129910;6.5;"Juntas e outros elementos com função semelhante de vedação"
68129920;6.5;"Amianto trabalhado, em fibras"
68129930;6.5;"Misturas à base de amianto ou à base de amianto e carbonato de magnésio"
68129990;6.5;"Outras"
68132000;6.5;"Que contenham amianto"
68138110;9.75;"Pastilhas"
68138190;9.75;"Outras"
68138910;9.75;"Disco de fricção para embreagens"
68138990;6.5;"Outras"
68141000;0;"Placas, folhas ou tiras, de mica aglomerada ou reconstituída, mesmo com suporte"
68149000;0;"Outras"
68151100;6.5;"Fibras de carbono"
68151200;6.5;"Têxteis de fibras de carbono"
68151300;6.5;"Outras obras de fibras de carbono"
68151900;6.5;"Outras"
68152000;6.5;"Obras de turfa"
68159110;6.5;"Crus, aglomerados com aglutinante químico"
68159190;6.5;"Outras"
68159911;6.5;"Com um teor de alumina (Al2O3), igual ou superior a 90 %, em peso"
68159912;6.5;"Com um teor de silica (SiO2) igual ou superior a 90 %, em peso"
68159913;6.5;"Com um teor, em peso, de óxido de zircônio (ZrO2) igual ou superior a 50 % mesmo com um conteúdo de alumina inferior a 45 %"
68159914;6.5;"Constituídas por uma mistura ou combinação de alumina (Al2O3), silica (SiO2) e óxido de zircônio (ZrO2), com um teor, em peso, de alumina igual ou superior a 45 %, mas inferior a 90 % ou com um conteúdo, em peso, de óxido de zircônio (ZrO2) igual ou superior a 20 %, mas inferior a 50 %"
68159919;6.5;"Outras"
68159990;6.5;"Outras"
69010000;5.2;"Tijolos, placas (lajes), ladrilhos e outras peças cerâmicas de farinhas siliciosas fósseis (por exemplo, kieselguhr, tripolita, diatomita) ou de terras siliciosas semelhantes."
69021011;5.2;"Tijolos ou placas, que contenham, em peso, mais de 90 % de trióxido de dicromo"
69021018;5.2;"Outros tijolos"
69021019;5.2;"Outros"
69021090;5.2;"Outros"
69022010;5.2;"Tijolos sílico-aluminosos"
69022091;5.2;"Sílico-aluminosos"
69022092;5.2;"Silicoso, semi-silicoso ou de sílica"
69022093;5.2;"De silimanita"
69022099;5.2;"Outros"
69029010;5.2;"De grafita"
69029020;5.2;"Não fundidos, com um teor de óxido de zircônio (ZrO2) superior a 25 %, em peso"
69029030;5.2;"Com um teor de carbono superior a 85 %, em peso, e diâmetro médio de poro inferior ou igual a 5 micrômetros (mícrons), do tipo utilizado em altos-fornos"
69029040;5.2;"De carboneto de silício"
69029090;5.2;"Outros"
69031011;5.2;"De grafita, exceto os do subitem 6903.10.12"
69031012;5.2;"Elaborados com uma mistura de grafita e carboneto de silício"
69031019;5.2;"Outros"
69031020;5.2;"Retortas elaboradas com uma mistura de grafita e carboneto de silício"
69031030;5.2;"Tampas e tampões"
69031040;5.2;"Tubos"
69031090;5.2;"Outros"
69032010;5.2;"Cadinhos"
69032020;5.2;"Tampas e tampões"
69032030;5.2;"Tubos"
69032090;5.2;"Outros"
69039011;5.2;"De carboneto de silício"
69039012;5.2;"De compostos de zircônio"
69039019;5.2;"Outros"
69039091;5.2;"De carboneto de silício"
69039092;5.2;"De compostos de zircônio"
69039099;5.2;"Outros"
69041000;0;"Tijolos para construção"
69049000;0;"Outros"
69051000;0;"Telhas"
69059000;0;"Outros"
69060000;0;"Tubos, calhas ou algerozes e acessórios para canalizações, de cerâmica."
69072100;0.65;"Com um coeficiente de absorção de água, em peso, não superior a 0,5 %"
69072200;0.65;"Com um coeficiente de absorção de água, em peso, superior a 0,5 %, mas não superior a 10 %"
69072300;0.65;"Com um coeficiente de absorção de água, em peso, superior a 10 %"
69073000;0.65;"Cubos, pastilhas e artigos semelhantes, para mosaicos, exceto os da subposição 6907.40"
69074000;0.65;"Peças de acabamento"
69091100;6.5;"De porcelana"
69091210;6.5;"Guia-fios para máquina têxtil"
69091220;6.5;"Guias de agulhas para cabeças de impressão"
69091230;6.5;"Anéis de carboneto de silício para juntas de vedação mecânicas"
69091290;6.5;"Outros"
69091910;6.5;"Guia-fios para máquina têxtil"
69091920;6.5;"Guias de agulhas para cabeças de impressão"
69091930;6.5;"Colmeia de cerâmica à base de alumina (Al2O3), sílica (SiO2) e óxido de magnésio (MgO), de depuradores por conversão catalítica de gases de escape de veículos"
69091990;6.5;"Outros"
69099000;6.5;"Outros"
69101000;0;"De porcelana"
69109000;0;"Outros"
69111010;9.75;"Conjunto (jogo ou aparelho) para jantar, café ou chá, apresentado em embalagem comum"
69111090;9.75;"Outros"
69119000;9.75;"Outros"
69120000;6.5;"Serviços de mesa, artigos de cozinha, outros artigos de uso doméstico e artigos de higiene ou de toucador, de cerâmica, exceto de porcelana."
69131000;13;"De porcelana"
69139000;13;"Outros"
69141000;6.5;"De porcelana"
69149000;6.5;"Outras"
70010000;6.5;"Cacos, fragmentos e outros desperdícios e resíduos de vidro, exceto o vidro de tubos catódicos e outros vidros ativados da posição 85.49; vidro em blocos ou massas."
70021000;6.5;"Esferas"
70022000;6.5;"Barras ou varetas"
70023100;6.5;"De quartzo ou de outras sílicas fundidos"
70023200;6.5;"De outro vidro com um coeficiente de dilatação linear não superior a 5 x 10-6 por Kelvin, entre 0 °C e
300 °C"
70023900;6.5;"Outros"
70031200;6.5;"Coradas na massa, opacificadas, folheadas (chapeadas), ou com camada absorvente, refletora ou não"
70031900;6.5;"Outras"
70032000;6.5;"Chapas e folhas, armadas"
70033000;6.5;"Perfis"
70042000;6.5;"Vidro corado na massa, opacificado, folheado (chapeado), ou com camada absorvente, refletora ou não"
70049000;6.5;"Outro vidro"
70051000;6.5;"Vidro não armado, com camada absorvente, refletora ou não"
70052100;6.5;"Corado na massa, opacificado, folheado (chapeado) ou simplesmente desbastado"
70052900;6.5;"Outro"
70053000;6.5;"Vidro armado"
70060000;6.5;"Vidro das posições 70.03, 70.04 ou 70.05, recurvado, biselado, gravado, brocado, esmaltado ou trabalhado de outro modo, mas não emoldurado nem associado a outras matérias."
70071100;9.75;"De dimensões e formatos que permitam a sua aplicação em automóveis, veículos aéreos, barcos ou
outros veículos"
70071900;6.5;"Outros"
70072100;9.75;"De dimensões e formatos que permitam a sua aplicação em automóveis, veículos aéreos, barcos ou outros veículos"
70072900;6.5;"Outros"
70080000;6.5;"Vidros isolantes de paredes múltiplas."
70091000;9.75;"Espelhos retrovisores para veículos"
70099100;9.75;"Não emoldurados"
70099200;9.75;"Emoldurados"
70101000;0;"Ampolas"
70102000;9.75;"Rolhas, tampas e outros dispositivos para fechar recipientes"
70109011;9.75;"Garrafões e garrafas"
70109012;9.75;"Frascos, boiões, vasos, embalagens tubulares e outros recipientes próprios para transporte ou embalagem; boiões para conservas"
70109021;9.75;"Garrafões e garrafas"
70109022;9.75;"Frascos, boiões, vasos, embalagens tubulares e outros recipientes próprios para transporte ou embalagem; boiões para conservas"
70109090;9.75;"Outros"
70111010;6.5;"Para lâmpadas ou tubos de descarga, incluindo os de luz relâmpago (flash)"
70111021;6.5;"Bulbos de diâmetro inferior ou igual a 90 mm"
70111029;6.5;"Outros"
70111090;6.5;"Outros"
70112000;6.5;"Para tubos catódicos"
70119000;6.5;"Outros"
70131000;6.5;"Objetos de vitrocerâmica"
70132200;9.75;"De cristal de chumbo"
70132800;9.75;"Outros"
70133300;9.75;"De cristal de chumbo"
70133700;9.75;"Outros"
70134100;6.5;"De cristal de chumbo"
70134210;6.5;"Cafeteiras e chaleiras"
70134290;6.5;"Outros"
70134900;6.5;"Outros"
70139110;9.75;"Para ornamentação de interiores"
70139190;9.75;"Outros"
70139900;9.75;"Outros"
70140000;9.75;"Artigos de vidro para sinalização e elementos de óptica de vidro (exceto os da posição 70.15), não trabalhados opticamente."
70151010;0;"Fotocromáticos"
70151091;0;"Brancos"
70151092;0;"Coloridos"
70159010;9.75;"Vidros de relojoaria"
70159020;9.75;"Vidros para máscaras, óculos ou anteparos, protetores"
70159030;9.75;"Vidros para os demais óculos"
70159090;9.75;"Outros"
70161000;9.75;"Cubos, pastilhas e outros artigos semelhantes, de vidro, mesmo com suporte, para mosaicos ou decorações semelhantes"
70169000;9.75;"Outros"
70171000;0;"De quartzo ou de outras sílicas, fundidos"
70172000;0;"De outro vidro com um coeficiente de dilatação linear não superior a 5 x 10-6 por Kelvin, entre 0 °C e 300 °C"
70179000;0;"Outros"
70181010;13;"Contas de vidro"
70181020;13;"Imitações de pérolas naturais ou cultivadas, pedras preciosas ou semipreciosas"
70181090;13;"Outros"
70182000;13;"Microsferas de vidro, de diâmetro não superior a 1 mm"
70189000;13;"Outros"
70191100;6.5;"Fios cortados (chopped strands), de comprimento não superior a 50 mm"
70191210;6.5;"Impregnadas ou recobertas com resina de poliuretano ou borracha de estireno-butadieno"
70191290;6.5;"Outras"
70191300;6.5;"Outros fios, mechas"
70191400;10;"Mantas (mats) consolidadas mecanicamente"
70191500;10;"Mantas (mats) consolidadas quimicamente"
70191900;10;"Outros"
70196100;6.5;"Tecidos de mechas ligeiramente torcidas (rovings) de malha fechada (closed woven fabrics)"
70196200;6.5;"Outros, obtidos de mechas ligeiramente torcidas (rovings) de malha fechada (other closed fabrics)"
70196300;6.5;"Tecidos de fios de malha fechada, em ponto de tafetá, não revestidos nem estratificados"
70196400;6.5;"Tecidos de fios de malha fechada, em ponto de tafetá, revestidos ou estratificados"
70196500;6.5;"Tecidos de malha aberta de largura não superior a 30 cm"
70196600;6.5;"Tecidos de malha aberta de largura superior a 30 cm"
70196900;6.5;"Outros"
70197100;6.5;"Véus (camadas finas)"
70197200;6.5;"Outros tecidos de malha fechada"
70197310;6.5;"Constituídos por fios paralelizados e superpostos entre si em ângulo de 90°, impregnados e soldados nos pontos de interseção com resina termoplástica, com densidade igual ou superior a 3 e inferior ou igual a 7 fios por centímetro"
70197390;6.5;"Outros"
70198000;6.5;"Lã de vidro e suas obras"
70199000;6.5;"Outras"
70200010;9.75;"Ampolas de vidro para garrafas térmicas ou para outros recipientes isotérmicos, cujo isolamento seja assegurado pelo vácuo"
70200090;9.75;"Outras"
71011000;19.5;"Pérolas naturais"
71012100;19.5;"Em bruto"
71012200;19.5;"Trabalhadas"
71021000;0;"Não selecionados"
71022100;0;"Em bruto ou simplesmente serrados, clivados ou desbastados"
71022900;0;"Outros"
71023100;0;"Em bruto ou simplesmente serrados, clivados ou desbastados"
71023900;0;"Outros"
71031000;NT;"Em bruto ou simplesmente serradas ou desbastadas"
71039100;0;"Rubis, safiras e esmeraldas"
71039900;0;"Outras"
71041000;7.8;"Quartzo piezelétrico"
71042100;7.8;"Diamantes"
71042900;7.8;"Outras"
71049100;7.8;"Diamantes"
71049900;7.8;"Outras"
71051000;0;"De diamantes"
71059000;0;"Outros"
71061000;0;"Pós"
71069100;0;"Em formas brutas"
71069210;0;"Barras, fios e perfis de seção maciça"
71069220;0;"Chapas, lâminas, folhas e tiras"
71069290;0;"Outras"
71070000;6.5;"Metais comuns folheados ou chapeados (plaquê) de prata, em formas brutas ou semimanufaturadas."
71081100;0;"Pós"
71081210;0;"Bulhão dourado (bullion doré)"
71081290;0;"Outras"
71081310;0;"Barras, fios e perfis de seção maciça"
71081390;0;"Outros"
71082000;0;"Para uso monetário"
71090000;6.5;"Metais comuns ou prata, folheados ou chapeados (plaquê) de ouro, em formas brutas ou semimanufaturadas."
71101100;0;"Em formas brutas ou em pó"
71101910;0;"Barras, fios e perfis de seção maciça"
71101990;0;"Outras"
71102100;0;"Em formas brutas ou em pó"
71102900;0;"Outras"
71103100;0;"Em formas brutas ou em pó"
71103900;0;"Outras"
71104100;0;"Em formas brutas ou em pó"
71104900;0;"Outras"
71110000;6.5;"Metais comuns, prata ou ouro, folheados ou chapeados (plaquê) de platina, em formas brutas ou semimanufaturadas."
71123010;0;"Que contenham ouro, mas que não contenham outros metais preciosos"
71123020;0;"Que contenham platina, mas que não contenham outros metais preciosos"
71123090;0;"Outros"
71129100;0;"De ouro, de metais folheados ou chapeados (plaquê) de ouro, exceto varreduras de ourivesaria que contenham outros metais preciosos"
71129200;0;"De platina, de metais folheados ou chapeados (plaquê) de platina, exceto varreduras de ourivesaria que contenham outros metais preciosos"
71129900;0;"Outros"
71131100;7.8;"De prata, mesmo revestida, folheada ou chapeada de outros metais preciosos (plaquê)"
71131900;12;"De outros metais preciosos, mesmo revestidos, folheados ou chapeados de metais preciosos (plaquê)"
71132000;7.8;"De metais comuns folheados ou chapeados de metais preciosos (plaquê)"
71141100;7.8;"De prata, mesmo revestida, folheada ou chapeada de outros metais preciosos (plaquê)"
71141900;7.8;"De outros metais preciosos, mesmo revestidos, folheados ou chapeados de metais preciosos (plaquê)"
71142000;7.8;"De metais comuns folheados ou chapeados de metais preciosos (plaquê)"
71151000;6.5;"Telas ou grades catalisadoras, de platina"
71159000;6.5;"Outras"
71161000;7.8;"De pérolas naturais ou cultivadas"
71162010;7.8;"De diamantes sintéticos"
71162020;7.8;"Guias de agulhas, de rubi, para cabeças de impressão"
71162090;7.8;"Outras"
71171100;7.8;"Abotoaduras (botões de punho) e artigos semelhantes"
71171900;7.8;"Outras"
71179000;7.8;"Outras"
71181010;NT;"Destinadas a ter curso legal no país importador"
71181090;NT;"Outras"
71189000;NT;"Outras"
72011000;3.25;"Ferro fundido bruto não ligado, que contenha, em peso, 0,5 % ou menos de fósforo"
72012000;3.25;"Ferro fundido bruto não ligado, que contenha, em peso, mais de 0,5 % de fósforo"
72015000;3.25;"Ligas de ferro fundido bruto; ferro spiegel (especular)"
72021100;3.25;"Que contenha, em peso, mais de 2 % de carbono"
72021900;3.25;"Outra"
72022100;3.25;"Que contenha, em peso, mais de 55 % de silício"
72022900;3.25;"Outra"
72023000;3.25;"Ferrossiliciomanganês"
72024100;3.25;"Que contenha, em peso, mais de 4 % de carbono"
72024900;3.25;"Outra"
72025000;3.25;"Ferrossiliciocromo"
72026000;3.25;"Ferroníquel"
72027000;3.25;"Ferromolibdênio"
72028000;3.25;"Ferrotungstênio (ferrovolfrâmio) e ferrossiliciotungstênio (ferrossiliciovolfrâmio)"
72029100;3.25;"Ferrotitânio e ferrossiliciotitânio"
72029200;3.25;"Ferrovanádio"
72029300;3.25;"Ferronióbio (ferrocolômbio)"
72029910;3.25;"Ferrofósforo"
72029990;3.25;"Outras"
72031000;3.25;"Produtos ferrosos obtidos por redução direta dos minérios de ferro"
72039000;3.25;"Outros"
72041000;NT;"Desperdícios e resíduos, e sucata, de ferro fundido"
72042100;NT;"De aço inoxidável"
72042900;NT;"Outros"
72043000;NT;"Desperdícios e resíduos, e sucata, de ferro ou aço, estanhados"
72044100;NT;"Resíduos do torno e da fresa, aparas, lascas (meulures), pó de serra, limalhas e desperdícios da estampagem ou do corte, mesmo em fardos"
72044900;NT;"Outros"
72045000;3.25;"Desperdícios e resíduos, em lingotes"
72051000;3.25;"Granalhas"
72052100;3.25;"De ligas de aço"
72052910;3.25;"De ferro esponjoso, com um teor de ferro igual ou superior a 98 %, em peso"
72052920;3.25;"De ferro revestido com resina termoplástica, com um teor de ferro igual ou superior a 98 %, em peso"
72052990;3.25;"Outros"
72061000;3.25;"Lingotes"
72069000;3.25;"Outros"
72071110;3.25;"Billets"
72071190;3.25;"Outros"
72071200;3.25;"Outros, de seção transversal retangular"
72071900;3.25;"Outros"
72072000;3.25;"Que contenham, em peso, 0,25 % ou mais de carbono"
72081000;3.25;"Em rolos, simplesmente laminados a quente, apresentando motivos em relevo"
72082500;3.25;"De espessura igual ou superior a 4,75 mm"
72082610;3.25;"Com um limite mínimo de elasticidade de 355 MPa"
72082690;3.25;"Outros"
72082710;3.25;"Com um limite mínimo de elasticidade de 275 MPa"
72082790;3.25;"Outros"
72083610;3.25;"Com um limite mínimo de elasticidade de 355 MPa"
72083690;3.25;"Outros"
72083700;3.25;"De espessura igual ou superior a 4,75 mm, mas não superior a 10 mm"
72083810;3.25;"Com um limite mínimo de elasticidade de 355 MPa"
72083890;3.25;"Outros"
72083910;3.25;"Com um limite mínimo de elasticidade de 275 MPa"
72083990;3.25;"Outros"
72084000;3.25;"Não enrolados, simplesmente laminados a quente, apresentando motivos em relevo"
72085100;3.25;"De espessura superior a 10 mm"
72085200;3.25;"De espessura igual ou superior a 4,75 mm, mas não superior a 10 mm"
72085300;3.25;"De espessura igual ou superior a 3 mm, mas inferior a 4,75 mm"
72085400;3.25;"De espessura inferior a 3 mm"
72089000;3.25;"Outros"
72091500;3.25;"De espessura igual ou superior a 3 mm"
72091600;3.25;"De espessura superior a 1 mm, mas inferior a 3 mm"
72091700;3.25;"De espessura igual ou superior a 0,5 mm, mas não superior a 1 mm"
72091800;3.25;"De espessura inferior a 0,5 mm"
72092500;3.25;"De espessura igual ou superior a 3 mm"
72092600;3.25;"De espessura superior a 1 mm, mas inferior a 3 mm"
72092700;3.25;"De espessura igual ou superior a 0,5 mm, mas não superior a 1 mm"
72092800;3.25;"De espessura inferior a 0,5 mm"
72099000;3.25;"Outros"
72101100;3.25;"De espessura igual ou superior a 0,5 mm"
72101200;3.25;"De espessura inferior a 0,5 mm"
72102000;3.25;"Revestidos de chumbo, incluindo os revestidos de uma liga de chumboestanho"
72103010;3.25;"De espessura inferior a 4,75 mm"
72103090;3.25;"Outros"
72104110;3.25;"De espessura inferior a 4,75 mm"
72104190;3.25;"Outros"
72104910;3.25;"De espessura inferior a 4,75 mm"
72104990;3.25;"Outros"
72105000;3.25;"Revestidos de óxidos de cromo ou de cromo e óxidos de cromo"
72106100;3.25;"Revestidos de ligas de aluminiozinco"
72106911;3.25;"De peso igual ou superior a 120 g/m2 e com conteúdo de silício igual ou superior a 5 %, mas inferior ou igual a 11 %, em peso"
72106919;3.25;"Outros"
72106990;3.25;"Outros"
72107010;3.25;"Pintados ou envernizados"
72107020;3.25;"Revestidos de plástico"
72109000;3.25;"Outros"
72111300;3.25;"Laminados nas quatro faces ou em caixa fechada, de largura superior a 150 mm e de espessura igual ou superior a 4 mm, não enrolados e não apresentando motivos em relevo"
72111400;3.25;"Outros, de espessura igual ou superior a 4,75 mm"
72111900;3.25;"Outros"
72112300;3.25;"Que contenham, em peso, menos de 0,25 % de carbono"
72112910;3.25;"Com um teor de carbono igual ou superior a 0,25 %, mas inferior a 0,6 %, em peso"
72112920;3.25;"Com um teor de carbono igual ou superior a 0,6 %, em peso"
72119010;3.25;"Com um teor de carbono igual ou superior a 0,6 %, em peso"
72119090;3.25;"Outros"
72121000;3.25;"Estanhados"
72122010;3.25;"De espessura inferior a 4,75 mm"
72122090;3.25;"Outros"
72123000;3.25;"Galvanizados por outro processo"
72124010;3.25;"Pintados ou envernizados"
72124021;3.25;"Com uma camada intermediária de liga cobre-estanho ou cobre-estanho-chumbo, aplicada por sinterização"
72124029;3.25;"Outros"
72125010;3.25;"Com uma camada de liga cobre-estanho ou cobre-estanho-chumbo, aplicada por sinterização, inclusive com revestimento misto metal-plástico ou metal-plástico-fibra de carbono"
72125090;3.25;"Outros"
72126000;3.25;"Folheados ou chapeados"
72131000;0;"Dentados, com nervuras, sulcos (entalhes) ou relevos, obtidos durante a laminagem"
72132000;0;"Outros, de aço para tornear"
72139110;0;"Com um teor de carbono igual ou superior a 0,6 %, em peso"
72139190;0;"Outros"
72139910;0;"Com um teor de carbono igual ou superior a 0,6 %, em peso"
72139990;0;"Outros"
72141010;0;"Com um teor de carbono inferior ou igual a 0,6 %, em peso"
72141090;0;"Outras"
72142000;0;"Dentadas, com nervuras, sulcos (entalhes) ou relevos, obtidos durante a laminagem, ou torcidas após laminagem"
72143000;0;"Outras, de aço para tornear"
72149100;0;"De seção transversal retangular"
72149910;0;"De seção circular"
72149990;0;"Outras"
72151000;3.25;"De aço para tornear, simplesmente obtidas ou completamente acabadas a frio"
72155000;3.25;"Outras, simplesmente obtidas ou completamente acabadas a frio"
72159010;3.25;"Com um teor de carbono inferior ou igual a 0,6 %, em peso"
72159090;3.25;"Outras"
72161000;0;"Perfis em U, I ou H, simplesmente laminados, estirados ou extrudados, a quente, de altura inferior a 80 mm"
72162100;0;"Perfis em L"
72162200;0;"Perfis em T"
72163100;0;"Perfis em U"
72163200;0;"Perfis em I"
72163300;0;"Perfis em H"
72164010;0;"De altura inferior ou igual a 200 mm"
72164090;0;"Outros"
72165000;0;"Outros perfis, simplesmente laminados, estirados ou extrudados, a quente"
72166110;0;"De altura inferior a 80 mm"
72166190;0;"Outros"
72166910;0;"De altura inferior a 80 mm"
72166990;0;"Outros"
72169100;0;"Obtidos ou acabados a frio a partir de produtos laminados planos"
72169900;0;"Outros"
72171011;3.25;"Com um teor, em peso, de fósforo inferior a 0,035 % e de enxofre inferior a 0,035 %, temperado e revenido, flecha máxima sem carga de 1 cm em 1 m, resistência à tração igual ou superior a 1.960 MPa e cuja maior dimensão da seção transversal seja inferior ou igual a 2,25 mm"
72171019;3.25;"Outros"
72171090;3.25;"Outros"
72172010;3.25;"Com um teor de carbono igual ou superior a 0,6 %, em peso"
72172090;3.25;"Outros"
72173010;3.25;"Com um teor de carbono igual ou superior a 0,6 %, em peso"
72173090;3.25;"Outros"
72179000;3.25;"Outros"
72181000;3.25;"Lingotes e outras formas primárias"
72189100;3.25;"De seção transversal retangular"
72189900;3.25;"Outros"
72191100;3.25;"De espessura superior a 10 mm"
72191200;3.25;"De espessura igual ou superior a 4,75 mm, mas não superior a 10 mm"
72191300;3.25;"De espessura igual ou superior a 3 mm, mas inferior a 4,75 mm"
72191400;3.25;"De espessura inferior a 3 mm"
72192100;3.25;"De espessura superior a 10 mm"
72192200;3.25;"De espessura igual ou superior a 4,75 mm, mas não superior a 10 mm"
72192300;3.25;"De espessura igual ou superior a 3 mm, mas inferior a 4,75 mm"
72192400;3.25;"De espessura inferior a 3 mm"
72193100;3.25;"De espessura igual ou superior a 4,75 mm"
72193200;3.25;"De espessura igual ou superior a 3 mm, mas inferior a 4,75 mm"
72193300;3.25;"De espessura superior a 1 mm, mas inferior a 3 mm"
72193400;3.25;"De espessura igual ou superior a 0,5 mm, mas não superior a 1 mm"
72193500;3.25;"De espessura inferior a 0,5 mm"
72199010;3.25;"De espessura inferior a 4,75 mm e dureza igual ou superior a 42 HRC"
72199090;3.25;"Outros"
72201100;3.25;"De espessura igual ou superior a 4,75 mm"
72201210;3.25;"De espessura inferior ou igual a 1,5 mm"
72201220;3.25;"De espessura superior a 1,5 mm, mas não superior a 3 mm"
72201290;3.25;"Outros"
72202010;3.25;"De largura inferior ou igual a 23 mm e espessura inferior ou igual a 0,1 mm"
72202090;3.25;"Outros"
72209000;3.25;"Outros"
72210000;3.25;"Fio-máquina de aço inoxidável."
72221100;3.25;"De seção circular"
72221910;3.25;"De seção transversal retangular"
72221990;3.25;"Outras"
72222000;3.25;"Barras simplesmente obtidas ou completamente acabadas a frio"
72223000;3.25;"Outras barras"
72224010;3.25;"De altura igual ou superior a 80 mm"
72224090;3.25;"Outros"
72230000;3.25;"Fios de aço inoxidável."
72241000;3.25;"Lingotes e outras formas primárias"
72249000;3.25;"Outros"
72251100;3.25;"De grãos orientados"
72251900;3.25;"Outros"
72253000;3.25;"Outros, simplesmente laminados a quente, em rolos"
72254010;3.25;"De aço, segundo normas AISI D2, D3 ou D6, de espessura inferior ou igual a 7 mm"
72254020;3.25;"De aços de corte rápido"
72254090;3.25;"Outros"
72255010;3.25;"De aços de corte rápido"
72255090;3.25;"Outros"
72259100;3.25;"Galvanizados eletroliticamente"
72259200;3.25;"Galvanizados por outro processo"
72259910;3.25;"De aços de corte rápido"
72259990;3.25;"Outros"
72261100;3.25;"De grãos orientados"
72261900;3.25;"Outros"
72262010;3.25;"De espessura igual ou superior a 1 mm, mas não superior a 4 mm"
72262090;3.25;"Outros"
72269100;3.25;"Simplesmente laminados a quente"
72269200;3.25;"Simplesmente laminados a frio"
72269900;3.25;"Outros"
72271000;3.25;"De aço de corte rápido"
72272000;3.25;"De aço siliciomanganês"
72279000;3.25;"Outros"
72281010;3.25;"Simplesmente laminadas, estiradas ou extrudadas, a quente"
72281090;3.25;"Outras"
72282000;3.25;"Barras de aço siliciomanganês"
72283000;3.25;"Outras barras, simplesmente laminadas, estiradas ou extrudadas, a quente"
72284000;3.25;"Outras barras, simplesmente forjadas"
72285000;3.25;"Outras barras, simplesmente obtidas ou completamente acabadas a frio"
72286000;3.25;"Outras barras"
72287000;3.25;"Perfis"
72288000;3.25;"Barras ocas para perfuração"
72292000;3.25;"De aço siliciomanganês"
72299000;3.25;"Outros"
73011000;0;"Estacas-pranchas"
73012000;6.5;"Perfis"
73021010;0;"De aço, de peso linear igual ou superior a 44,5 kg/m"
73021090;0;"Outros"
73023000;0;"Agulhas, cróssimas, alavancas para comando de agulhas e outros elementos de cruzamentos e desvios"
73024000;0;"Talas de junção (Eclissas*) e placas de apoio ou assentamento"
73029000;0;"Outros"
73030000;3.25;"Tubos e perfis ocos, de ferro fundido."
73041100;0;"De aço inoxidável"
73041900;0;"Outros"
73042200;0;"Hastes de perfuração de aço inoxidável"
73042310;0;"De aço não ligado"
73042390;0;"Outras"
73042400;0;"Outros, de aço inoxidável"
73042910;0;"De aço não ligado"
73042931;0;"De diâmetro exterior inferior ou igual a 229 mm"
73042939;0;"Outros"
73042990;0;"Outros"
73043110;3.25;"Tubos não revestidos"
73043190;3.25;"Outros"
73043910;3.25;"Tubos não revestidos, de diâmetro exterior inferior ou igual a 229 mm"
73043920;3.25;"Tubos revestidos, de diâmetro exterior inferior ou igual a 229 mm"
73043990;3.25;"Outros"
73044110;3.25;"Tubos capilares de diâmetro exterior inferior ou igual a 3 mm e diâmetro interior inferior ou igual a 0,2 mm"
73044190;3.25;"Outros"
73044900;3.25;"Outros"
73045111;3.25;"Tubos capilares de diâmetro exterior inferior ou igual a 3 mm e diâmetro interior inferior ou igual a 0,2 mm"
73045119;3.25;"Outros"
73045190;3.25;"Outros"
73045910;3.25;"Tubos de diâmetro exterior inferior ou igual a 229 mm"
73045990;3.25;"Outros"
73049011;3.25;"De aço inoxidável"
73049019;3.25;"Outros"
73049090;3.25;"Outros"
73051100;0;"Soldados longitudinalmente por arco imerso"
73051200;0;"Outros, soldados longitudinalmente"
73051900;0;"Outros"
73052000;0;"Tubos para revestimento de poços, do tipo utilizado na extração de petróleo ou de gás"
73053100;3.25;"Soldados longitudinalmente"
73053900;3.25;"Outros"
73059000;3.25;"Outros"
73061100;0;"Soldados, de aço inoxidável"
73061900;0;"Outros"
73062100;0;"Soldados, de aço inoxidável"
73062900;0;"Outros"
73063010;3.25;"De diâmetro exterior igual a 22,25 mm, espessura igual a 2,64 mm e comprimento igual a 448,2 mm"
73063090;3.25;"Outros"
73064000;3.25;"Outros, soldados, de seção circular, de aço inoxidável"
73065000;3.25;"Outros, soldados, de seção circular, de outras ligas de aço"
73066100;5;"De seção quadrada ou retangular"
73066900;3.25;"De outras seções"
73069010;3.25;"De ferro ou aço não ligado"
73069020;3.25;"De aço inoxidável"
73069090;3.25;"Outros"
73071100;3.25;"De ferro fundido não maleável"
73071910;3.25;"De ferro fundido maleável, de diâmetro interior superior a 50,8 mm"
73071920;3.25;"De aço"
73071990;3.25;"Outros"
73072100;3.25;"Flanges"
73072200;3.25;"Cotovelos, curvas e luvas (mangas*), roscados"
73072300;3.25;"Acessórios para soldar topo a topo"
73072900;3.25;"Outros"
73079100;3.25;"Flanges"
73079200;3.25;"Cotovelos, curvas e luvas (mangas*), roscados"
73079300;3.25;"Acessórios para soldar topo a topo"
73079900;3.25;"Outros"
73081000;0;"Pontes e elementos de pontes"
73082000;0;"Torres e pórticos"
73083000;0;"Portas e janelas, e seus caixilhos, alizares e soleiras"
73084000;0;"Material para andaimes, para cofragens ou para escoramentos"
73089010;0;"Chapas, barras, perfis, tubos e semelhantes, próprios para construções"
73089090;3.25;"Outros"
73090010;0;"Para armazenamento de grãos e outras matérias sólidas"
73090020;0;"Recipientes isotérmicos refrigerados a nitrogênio (azoto) líquido, do tipo utilizado para sêmen, sangue, tecidos biológicos e outros produtos semelhantes"
73090090;0;"Outros"
73101010;3.25;"Recipientes isotérmicos refrigerados a nitrogênio (azoto) líquido, do tipo utilizado para sêmen, sangue, tecidos biológicos e outros produtos semelhantes"
73101090;3.25;"Outros"
73102110;6.5;"Próprias para acondicionar produtos alimentícios"
73102190;6.5;"Outros"
73102910;6.5;"Próprios para acondicionar produtos alimentícios"
73102920;0;"Recipientes isotérmicos refrigerados a nitrogênio (azoto) líquido, do tipo utilizado para sêmen, sangue, tecidos biológicos e outros produtos semelhantes"
73102990;6.5;"Outros"
73110000;6.5;"Recipientes para gases comprimidos ou liquefeitos, de ferro fundido, ferro ou aço."
73121010;9.75;"De fios de aço revestidos de bronze ou latão"
73121090;9.75;"Outros"
73129000;9.75;"Outros"
73130000;3.25;"Arame farpado, de ferro ou aço; arames ou tiras, retorcidos, mesmo farpados, de ferro ou aço, do tipo utilizado em cercas."
73141200;9.75;"Telas metálicas, contínuas ou sem fim, para máquinas, de aço inoxidável"
73141400;9.75;"Outras telas metálicas tecidas, de aço inoxidável"
73141900;9.75;"Outras"
73142000;9.75;"Grades e redes, soldadas nos pontos de interseção, de fios com, pelo menos, 3 mm na maior dimensão da seção transversal e com malhas de 100 cm2 ou mais, de superfície"
73143100;9.75;"Galvanizadas"
73143900;9.75;"Outras"
73144100;9.75;"Galvanizadas"
73144200;9.75;"Revestidas de plástico"
73144900;9.75;"Outras"
73145000;9.75;"Chapas e tiras, distendidas"
73151110;9.75;"Do tipo utilizado em bicicletas, com passo de 12,7 mm (1/2') e largura interna igual ou superior a 1,98 mm (5/64'), mas inferior ou igual a 3,17 mm (1/8')"
73151190;9.75;"Outros"
73151210;15;"De transmissão"
73151290;9.75;"Outras"
73151900;9.75;"Partes"
73152000;9.75;"Correntes antiderrapantes"
73158100;9.75;"Correntes de elos com suporte"
73158200;9.75;"Outras correntes, de elos soldados"
73158900;9.75;"Outras"
73159000;9.75;"Outras partes"
73160000;9.75;"Âncoras, fateixas, e suas partes, de ferro fundido, ferro ou aço."
73170010;6.5;"Tachas"
73170020;6.5;"Grampos de fio curvado"
73170030;6.5;"Pontas ou dentes para máquinas têxteis"
73170090;6.5;"Outros"
73181100;6.5;"Tira-fundos"
73181200;6.5;"Outros parafusos para madeira"
73181300;6.5;"Ganchos, escápulas e pitões"
73181400;6.5;"Parafusos autoperfurantes"
73181500;6.5;"Outros parafusos e pinos ou pernos, mesmo com as porcas e arruelas (anilhas)"
73181600;6.5;"Porcas"
73181900;6.5;"Outros"
73182100;6.5;"Arruelas (anilhas) de pressão e outras arruelas (anilhas) de segurança"
73182200;6.5;"Outras arruelas (anilhas)"
73182300;6.5;"Rebites"
73182400;6.5;"Chavetas e contrapinos ou troços"
73182900;6.5;"Outros"
73194000;9.75;"Alfinetes de segurança e outros alfinetes"
73199000;9.75;"Outros"
73201000;9.75;"Molas de folhas e suas folhas"
73202010;9.75;"Cilíndricas"
73202090;9.75;"Outras"
73209000;9.75;"Outras"
73211100;6.5;"A combustíveis gasosos, ou a gás e outros combustíveis"
73211200;6.5;"A combustíveis líquidos"
73211900;6.5;"Outros, incluindo os aparelhos a combustíveis sólidos"
73218100;6.5;"A combustíveis gasosos, ou a gás e outros combustíveis"
73218200;6.5;"A combustíveis líquidos"
73218900;6.5;"Outros, incluindo os aparelhos a combustíveis sólidos"
73219000;6.5;"Partes"
73221100;9.75;"De ferro fundido"
73221900;9.75;"Outros"
73229010;9.75;"Geradores de ar quente a combustível líquido, com capacidade igual ou superior a 1.500 kcal/h, mas não superior a 10.400 kcal/h, do tipo utilizado em veículos automóveis"
73229090;9.75;"Outros"
73231000;6.5;"Palha de ferro ou aço; esponjas, esfregões, luvas e artigos semelhantes para limpeza, polimento ou usos semelhantes"
73239100;6.5;"De ferro fundido, não esmaltados"
73239200;6.5;"De ferro fundido, esmaltados"
73239300;6.5;"De aço inoxidável"
73239400;6.5;"De ferro ou aço, esmaltados"
73239900;6.5;"Outros"
73241000;0;"Pias e lavatórios, de aço inoxidável"
73242100;6.5;"De ferro fundido, mesmo esmaltadas"
73242900;6.5;"Outras"
73249000;6.5;"Outros, incluindo as partes"
73251000;6.5;"De ferro fundido, não maleável"
73259100;6.5;"Esferas e artigos semelhantes, para moinhos"
73259910;6.5;"De aço"
73259990;6.5;"Outras"
73261100;6.5;"Esferas e artigos semelhantes, para moinhos"
73261900;6.5;"Outras"
73262000;3.25;"Obras de fio de ferro ou aço"
73269010;3.25;"Calotas elípticas de aço ao níquel, segundo Norma ASME SA 353, do tipo utilizado na fabricação de recipientes para gases comprimidos ou liquefeitos"
73269020;3.25;"Discos próprios para cunhagem de moedas"
73269090;5;"Outras"
74010000;0;"Mates de cobre; cobre de cementação (precipitado de cobre)."
74020000;0;"Cobre não refinado (afinado); ânodos de cobre para refinação (afinação) eletrolítica."
74031100;0;"Cátodos e seus elementos"
74031200;0;"Barras para obtenção de fios (wire-bars)"
74031300;0;"Palanquilhas (Lingotes*) (billets)"
74031900;0;"Outro"
74032100;0;"À base de cobrezinco (latão)"
74032200;0;"À base de cobre-estanho (bronze)"
74032900;0;"Outras ligas de cobre (exceto ligas-mãe da posição 74.05)"
74040000;NT;"Desperdícios e resíduos, e sucata, de cobre."
74050000;0;"Ligas-mãe de cobre."
74061010;0;"Com um teor, em peso, de chumbo igual ou superior a 9,5 %, mas inferior ou igual a 25,0 % e de estanho igual ou superior a 1,75 %, mas inferior ou igual a 11,0 %, sem outros elementos"
74061020;0;"Com um teor, em peso, de estanho igual ou superior a 7,0 %, mas inferior ou igual a 9,0 % e de níquel igual ou superior a 0,7 %, mas inferior ou igual a 1,3 %, sem outros elementos"
74061090;0;"Outros"
74062000;0;"Pós de estrutura lamelar; escamas"
74071010;3.25;"Barras"
74071021;3.25;"Ocos"
74071029;3.25;"Outros"
74072110;3.25;"Barras"
74072120;3.25;"Perfis"
74072910;3.25;"Barras"
74072921;3.25;"Ocos"
74072929;3.25;"Outros"
74081100;0;"Com a maior dimensão da seção transversal superior a 6 mm"
74081900;0;"Outros"
74082100;3.25;"À base de cobrezinco (latão)"
74082200;3.25;"À base de cobreníquel (cuproníquel) ou de cobreniquelzinco (maillechort)"
74082912;3.25;"Fosforoso, de seção transversal circular, de diâmetro inferior ou igual a 0,8 mm"
74082913;3.25;"Outros, fosforosos"
74082919;3.25;"Outros"
74082990;3.25;"Outros"
74091100;3.25;"Em rolos"
74091900;3.25;"Outras"
74092100;3.25;"Em rolos"
74092900;3.25;"Outras"
74093111;3.25;"Com uma camada intermediária de liga de cobre-estanho ou cobre-estanho-chumbo, aplicada por sinterização"
74093119;3.25;"Outras"
74093190;3.25;"Outras"
74093900;3.25;"Outras"
74094011;3.25;"De liga de cobreniquelsilício, galvanizadas"
74094019;3.25;"Outras"
74094090;3.25;"Outras"
74099000;3.25;"De outras ligas de cobre"
74101112;3.25;"De espessura inferior ou igual a 0,04 mm e uma resistividade elétrica inferior ou igual a
0,017241 ohm.mm2/m"
74101113;3.25;"Outras, de espessura inferior ou igual a 0,04 mm"
74101119;3.25;"Outras"
74101190;3.25;"Outras"
74101200;3.25;"De ligas de cobre"
74102110;3.25;"Com suporte isolante de resina epóxida e fibra de vidro, do tipo utilizado para circuitos impressos"
74102120;3.25;"Com espessura superior a 0,012 mm, sobre suporte de poliéster ou poliimida e com espessura total, incluindo o suporte, inferior ou igual a 0,195 mm"
74102130;3.25;"Com suporte isolante de resina fenólica e papel, do tipo utilizado para circuitos impressos"
74102190;3.25;"Outras"
74102200;3.25;"De ligas de cobre"
74111010;3.25;"Não aletados nem ranhurados"
74111090;3.25;"Outros"
74112110;3.25;"Não aletados nem ranhurados"
74112190;3.25;"Outros"
74112210;3.25;"Não aletados nem ranhurados"
74112290;3.25;"Outros"
74112910;3.25;"Não aletados nem ranhurados"
74112990;3.25;"Outros"
74121000;3.25;"De cobre refinado (afinado)"
74122000;3.25;"De ligas de cobre"
74130000;0;"Cordas, cabos, tranças (entrançados*) e artigos semelhantes, de cobre, não isolados para usos elétricos."
74151000;6.5;"Tachas, pregos, percevejos, escápulas (pregos para tacos) e artigos semelhantes"
74152100;6.5;"Arruelas (anilhas) (incluindo as de pressão)"
74152900;6.5;"Outros"
74153300;6.5;"Parafusos; pinos ou pernos e porcas"
74153900;6.5;"Outros"
74181000;6.5;"Serviços de mesa, artigos de cozinha e outros artigos de uso doméstico, e suas partes; esponjas, esfregões, luvas e artigos semelhantes, para limpeza, polimento ou usos semelhantes"
74182000;6.5;"Artigos de higiene ou de toucador, e suas partes"
74192000;6.5;"Vazadas, moldadas, estampadas ou forjadas, mas não trabalhadas de outro modo"
74198010;0;"Telas metálicas de fio de cobre"
74198020;0;"Grades e redes, de fio de cobre; chapas e tiras, distendidas"
74198030;6.5;"Molas"
74198040;3.25;"Discos próprios para cunhagem de moedas"
74198090;3.25;"Outras"
75011000;0;"Mates de níquel"
75012000;0;"Sinters de óxidos de níquel e outros produtos intermediários da metalurgia do níquel"
75021010;0;"Catodos"
75021090;0;"Outro"
75022000;0;"Ligas de níquel"
75030000;NT;"Desperdícios e resíduos, e sucata, de níquel."
75040010;0;"Não ligado"
75040090;0;"Outros"
75051110;0;"Barras"
75051121;0;"Ocos"
75051129;0;"Outros"
75051210;0;"Barras"
75051221;0;"Ocos"
75051229;0;"Outros"
75052100;0;"De níquel não ligado"
75052210;0;"À base de niqueltitânio (nitinol)"
75052290;0;"Outros"
75061000;0;"De níquel não ligado"
75062000;0;"De ligas de níquel"
75071100;0;"De níquel não ligado"
75071200;0;"De ligas de níquel"
75072000;0;"Acessórios para tubos"
75081000;0;"Telas metálicas e grades, de fios de níquel"
75089010;0;"Cilindros ocos de seção variável, obtidos por centrifugação, do tipo utilizado em reformadores estequiométricos de gás natural"
75089090;0;"Outras"
76011000;2.6;"Alumínio não ligado"
76012000;2.6;"Ligas de alumínio"
76020000;NT;"Desperdícios e resíduos, e sucata, de alumínio."
76031000;2.6;"Pós de estrutura não lamelar"
76032000;2.6;"Pós de estrutura lamelar; escamas"
76041010;0;"Barras"
76041021;0;"Ocos"
76041029;0;"Outros"
76042100;0;"Perfis ocos"
76042911;0;"Forjadas, de seção transversal circular, de diâmetro igual ou superior a 400 mm, mas não superior a 760 mm"
76042919;0;"Outras"
76042920;0;"Perfis"
76051110;3.25;"Com um teor de alumínio igual ou superior a 99,45 %, em peso, e uma resistividade elétrica inferior ou igual a 0,0283 ohm.mm2/m"
76051190;3.25;"Outros"
76051910;3.25;"Com um teor de alumínio igual ou superior a 99,45 %, em peso, e uma resistividade elétrica inferior ou igual a 0,0283 ohm.mm2/m"
76051990;3.25;"Outros"
76052110;3.25;"Com um teor, em peso, de alumínio igual ou superior a 98,45 %, e de magnésio e silício, considerados individualmente, igual ou superior a 0,45 % e inferior ou igual a 0,55 % e uma resistividade elétrica inferior ou igual a 0,0328 ohm.mm2/m"
76052190;3.25;"Outros"
76052910;3.25;"Com um teor, em peso, de alumínio igual ou superior a 98,45 %, e de magnésio e silício, considerados individualmente, igual ou superior a 0,45 % e inferior ou igual a 0,55 % e uma resistividade elétrica inferior ou igual a 0,0328 ohm.mm2/m"
76052990;3.25;"Outros"
76061110;3.25;"Com um teor, em peso, de silício igual ou superior a 0,05 % e inferior ou igual a 0,20 %, de ferro igual ou superior a 0,20 % e inferior ou igual a 0,40 %, de cobre inferior ou igual a 0,05 %, de zinco inferior ou igual a 0,05 %, de manganês inferior ou igual a 0,1 % e de outros elementos, cada um, inferior ou igual a 0,1 %, de espessura inferior ou igual a 0,4 mm, em bobinas de largura superior a 900 mm, com uma relação entre as rugosidades máxima e aritmética média igual ou superior a 1,25 e inferior ou igual a 1,30 em cada uma das faces e com um limite de resistência à tração igual ou superior a 115 MPa"
76061190;3.25;"Outras"
76061210;3.25;"Com teores, em peso, de magnésio igual ou superior a 4 % e inferior ou igual a 5 %, de manganês igual ou superior a 0,20 % e inferior ou igual a 0,50 %, de ferro inferior ou igual a 0,35 %, de silício inferior ou igual a 0,20 % e de outros metais, em conjunto, inferior ou igual a 0,75 %, e de espessura inferior ou igual a 0,3 mm e largura igual ou superior a 1.450 mm, envernizadas em ambas as faces"
76061220;3.25;"Com um teor, em peso, de alumínio igual ou superior a 99 % e de magnésio superior a 0,10 %, de espessura inferior ou igual a 0,40 mm, com um limite de resistência a tração igual ou superior a 140 MPa, mas inferior ou igual a 240 MPa, e alongamento igual ou superior a 0,90 %, mas inferior ou igual a 7 %"
76061230;3.25;"Simplesmente laminadas, constituídas de, pelo menos, duas camadas de diferentes ligas de alumínio, sendo uma o núcleo e as outras de revestimento, exceto: núcleo de liga da Aluminium Association AA 3003 modificada (liga de alumínio com um teor, em peso, de silício inferior ou igual a 0,60 %, de ferro inferior ou igual a 0,70 %, de cobre igual ou superior a 0,05 % e inferior ou igual a 0,20 %, de manganês igual ou superior a 1,0 % e inferior ou igual a 1,5 %, de zinco inferior ou igual a 0,15 % e de outros elementos total inferior ou igual a 0,15 %) com revestimento de liga AA 4343 (liga de alumínio com um teor, em peso, de silício igual ou superior a 6,8 % e inferior ou igual a 8,2 %, de ferro inferior ou igual a 0,80 %, de cobre inferior ou igual a 0,25 %, de manganês inferior ou igual a 0,10 %, de zinco inferior ou igual a 0,20 % e de outros elementos total inferior ou igual a 0,15 %)"
76061290;3.25;"Outras"
76069100;3.25;"De alumínio não ligado"
76069200;3.25;"De ligas de alumínio"
76071110;3.25;"Com um teor, em peso, de alumínio igual ou superior a 99 % e de magnésio superior a 0,06 %, de espessura igual ou superior a 0,12 mm, com um limite de resistência a tração igual ou superior a 140 MPa, mas inferior ou igual a 240 MPa, e alongamento igual ou superior a 0,90 %, mas inferior ou igual a 7 %"
76071120;3.25;"Constituídas de, pelo menos, duas camadas de diferentes ligas de alumínio, sendo uma o núcleo e as outras de revestimento, exceto: núcleo de liga da Aluminium Association AA 3003 modificada (liga de alumínio com um teor, em peso, de silício inferior ou igual a 0,60 %, de ferro inferior ou igual a 0,70 %, de cobre igual ou superior a 0,05 % e inferior ou igual a 0,20 %, de manganês igual ou superior a 1,0 % e inferior ou igual a 1,5 %, de zinco inferior ou igual a 0,15 % e de outros elementos total inferior ou igual a 0,15 %) com revestimento de liga AA 4343 (liga de alumínio com um teor, em peso, de silício igual ou superior a 6,8 % e inferior ou igual a 8,2 %, de ferro inferior ou igual a 0,80 %, de cobre inferior ou igual a 0,25 %, de manganês inferior ou igual a 0,10 %, de zinco inferior ou igual a 0,20 % e de outros elementos total inferior ou igual a 0,15 %)"
76071190;3.25;"Outras"
76071910;3.25;"Gravadas por processo eletroquímico de corrosão, mesmo com camada de óxido de alumínio, de espessura inferior ou igual a 110 micrômetros (mícrons) e com um conteúdo de alumínio igual ou superior a 98 %, em peso"
76071990;3.25;"Outras"
76072000;3.25;"Com suporte"
76081000;0;"De alumínio não ligado"
76082010;0;"Sem costura, extrudados e trefilados, segundo Norma ASTM B210, de seção circular, de liga AA 6061 (Aluminium Association), com limite elástico aparente de Johnson (JAEL) superior a 3.000 Nm, segundo Norma SAE AE7, diâmetro externo igual ou superior a 85 mm, mas inferior ou igual a 105 mm e espessura igual ou superior a 1,9 mm, mas inferior ou igual a 2,3 mm"
76082090;0;"Outros"
76090000;3.25;"Acessórios para tubos (por exemplo, uniões, cotovelos, luvas (mangas*)), de alumínio."
76101000;0;"Portas e janelas, e seus caixilhos, alizares e soleiras"
76109000;0;"Outros"
76110000;3.25;"Reservatórios, tonéis, cubas e recipientes semelhantes para quaisquer matérias (exceto gases comprimidos ou liquefeitos), de alumínio, de capacidade superior a 300 l, sem dispositivos mecânicos ou térmicos, mesmo com revestimento interior ou calorífugo."
76121000;6.5;"Recipientes tubulares, flexíveis"
76129011;6.5;"Para aerossóis, com capacidade inferior ou igual a 700 cm3"
76129012;6.5;"Isotérmicos, refrigerados a nitrogênio (azoto) líquido, do tipo utilizado para sêmen, sangue, tecidos biológicos e outros produtos semelhantes"
76129019;6.5;"Outros"
76129020;6.5;"Recipientes (cápsulas) para embalagem de café e produtos semelhantes, do tipo utilizado em máquinas para preparação de bebidas"
76129090;6.5;"Outros"
76130000;6.5;"Recipientes para gases comprimidos ou liquefeitos, de alumínio."
76141010;6.5;"Cordas e cabos"
76141090;6.5;"Outros"
76149010;6.5;"Cabos"
76149090;6.5;"Outros"
76151000;6.5;"Serviços de mesa, artigos de cozinha e outros artigos de uso doméstico, e suas partes; esponjas, esfregões, luvas e artigos semelhantes, para limpeza, polimento ou usos semelhantes"
76152000;6.5;"Artigos de higiene ou de toucador, e suas partes"
76161000;6.5;"Tachas, pregos, escápulas (pregos para tacos), parafusos, pinos ou pernos roscados, porcas, ganchos roscados, rebites, chavetas, cavilhas, contrapinos ou troços, arruelas (anilhas) e artigos semelhantes"
76169100;6.5;"Telas metálicas, grades e redes, de fios de alumínio"
76169900;3.25;"Outras"
78011011;0;"Em lingotes"
78011019;0;"Outro"
78011090;0;"Outro"
78019100;0;"Que contenha antimônio como segundo elemento predominante em peso"
78019900;0;"Outro"
78020000;NT;"Desperdícios e resíduos, e sucata, de chumbo."
78041100;0;"Folhas e tiras, de espessura não superior a 0,2 mm (excluindo o suporte)"
78041900;0;"Outras"
78042000;0;"Pós e escamas"
78060010;0;"Barras, perfis e fios"
78060020;0;"Tubos e seus acessórios"
78060090;0;"Outras"
79011111;0;"Em lingotes"
79011119;0;"Outro"
79011191;0;"Em lingotes"
79011199;0;"Outro"
79011210;0;"Em lingotes"
79011290;0;"Outro"
79012010;0;"Em lingotes"
79012090;0;"Outro"
79020000;NT;"Desperdícios e resíduos, e sucata, de zinco."
79031000;0;"Poeiras de zinco"
79039000;0;"Outros"
79040000;0;"Barras, perfis e fios, de zinco."
79050000;0;"Chapas, folhas e tiras, de zinco."
79070010;0;"Tubos e seus acessórios"
79070090;0;"Outras"
80011000;0;"Estanho não ligado"
80012000;0;"Ligas de estanho"
80020000;NT;"Desperdícios e resíduos, e sucata, de estanho."
80030000;0;"Barras, perfis e fios, de estanho."
80070010;0;"Chapas, folhas e tiras"
80070020;0;"Pós e escamas"
80070030;0;"Tubos e seus acessórios"
80070090;0;"Outras"
81011000;0;"Pós"
81019400;0;"Tungstênio (volfrâmio) em formas brutas, incluindo as barras simplesmente obtidas por sinterização"
81019600;0;"Fios"
81019700;0;"Desperdícios e resíduos, e sucata"
81019910;0;"Do tipo utilizado na fabricação de contatos elétricos"
81019990;0;"Outros"
81021000;0;"Pós"
81029400;0;"Molibdênio em formas brutas, incluindo as barras simplesmente obtidas por sinterização"
81029500;0;"Barras, exceto as simplesmente obtidas por sinterização, perfis, chapas, tiras e folhas"
81029600;0;"Fios"
81029700;0;"Desperdícios e resíduos, e sucata"
81029900;0;"Outros"
81032000;0;"Tântalo em formas brutas, incluindo as barras simplesmente obtidas por sinterização; pós"
81033000;0;"Desperdícios e resíduos, e sucata"
81039100;0;"Cadinhos"
81039900;0;"Outros"
81041100;0;"Que contenha pelo menos 99,8 %, em peso, de magnésio"
81041900;0;"Outro"
81042000;NT;"Desperdícios e resíduos, e sucata"
81043000;2.6;"Aparas, resíduos de torno e grânulos, calibrados; pós"
81049000;2.6;"Outros"
81052010;0;"Em formas brutas"
81052021;0;"De ligas à base de cobalto-cromo-tungstênio (volfrâmio) (estelites)"
81052029;0;"Outros"
81052090;0;"Outros"
81053000;0;"Desperdícios e resíduos, e sucata"
81059010;0;"Chapas, folhas, tiras, fios, hastes, pastilhas e plaquetas"
81059090;0;"Outros"
81061000;0;"Que contenham mais de 99,99 %, em peso, de bismuto"
81069000;0;"Outros"
81082000;0;"Titânio em formas brutas; pós"
81083000;0;"Desperdícios e resíduos, e sucata"
81089000;0;"Outros"
81092100;0;"Que contenham menos de uma parte de háfnio para 500 partes, em peso, de zircônio"
81092900;0;"Outros"
81093100;0;"Que contenham menos de uma parte de háfnio para 500 partes, em peso, de zircônio"
81093900;0;"Outros"
81099100;0;"Que contenham menos de uma parte de háfnio para 500 partes, em peso, de zircônio"
81099900;0;"Outros"
81101010;0;"Em formas brutas"
81101020;0;"Pós"
81102000;0;"Desperdícios e resíduos, e sucata"
81109000;0;"Outros"
81110010;0;"Em formas brutas"
81110020;0;"Chapas, folhas, tiras, fios, hastes, pastilhas e plaquetas"
81110090;0;"Outros"
81121200;0;"Em formas brutas; pós"
81121300;0;"Desperdícios e resíduos, e sucata"
81121900;0;"Outros"
81122110;0;"Em formas brutas"
81122120;0;"Pós"
81122200;0;"Desperdícios e resíduos, e sucata"
81122900;0;"Outros"
81123100;0;"Em formas brutas; desperdícios e resíduos, e sucata; pós"
81123900;0;"Outros"
81124100;0;"Em formas brutas; desperdícios e resíduos, e sucata; pós"
81124900;0;"Outros"
81125100;0;"Em formas brutas; pós"
81125200;0;"Desperdícios e resíduos, e sucata"
81125900;0;"Outros"
81126100;0;"Desperdícios e resíduos, e sucata"
81126900;0;"Outros"
81129200;0;"Em formas brutas; desperdícios e resíduos, e sucata; pós"
81129900;0;"Outros"
81130010;0;"Chapas, folhas, tiras, fios, hastes, pastilhas e plaquetas"
81130090;0;"Outros"
82011000;0;"Pás"
82013000;0;"Alviões, picaretas, enxadas, sachos, ancinhos e raspadeiras"
82014000;0;"Machados, podões e ferramentas semelhantes com gume"
82015000;0;"Tesouras de podar (incluindo as tesouras para aves) manipuladas com uma das mãos"
82016000;0;"Tesouras para sebes, tesouras de podar e ferramentas semelhantes, manipuladas com as duas mãos"
82019000;0;"Outras ferramentas manuais para agricultura, horticultura e silvicultura"
82021000;5.2;"Serras manuais"
82022000;5.2;"Folhas de serras de fita"
82023100;5.2;"Com parte operante de aço"
82023900;5.2;"Outras, incluindo as partes"
82024000;5.2;"Correntes cortantes de serras"
82029100;5.2;"Folhas de serras retilíneas, para trabalhar metais"
82029910;5.2;"Retas, não dentadas, para serrar pedras"
82029990;5.2;"Outras"
82031010;5.2;"Limas e grosas"
82031090;5.2;"Outras"
82032010;5.2;"Alicates (mesmo cortantes)"
82032090;5.2;"Outras"
82033000;5.2;"Cisalhas para metais e ferramentas semelhantes"
82034000;5.2;"Corta-tubos, corta-pinos, saca-bocados e ferramentas semelhantes"
82041100;5.2;"De abertura fixa"
82041200;5.2;"De abertura variável"
82042000;5.2;"Chaves de caixa intercambiáveis, mesmo com cabos"
82051000;5.2;"Ferramentas de furar ou de roscar"
82052000;5.2;"Martelos e marretas"
82053000;5.2;"Plainas, formões, goivas e ferramentas cortantes semelhantes, para trabalhar madeira"
82054000;5.2;"Chaves de fenda"
82055100;5.2;"De uso doméstico"
82055900;5.2;"Outras"
82056000;5.2;"Lâmpadas ou lamparinas de soldar (maçaricos) e semelhantes"
82057000;5.2;"Tornos de apertar, sargentos e semelhantes"
82059000;5.2;"Outros, incluindo os sortidos constituídos por artigos incluídos em pelo menos duas das subposições da presente posição"
82060000;5.2;"Ferramentas de pelo menos duas das posições 82.02 a 82.05, acondicionadas em sortidos para venda a retalho."
82071300;5.2;"Com parte operante de cermets"
82071910;5.2;"Brocas (drill bits)"
82071990;5.2;"Outras"
82072000;5.2;"Fieiras de estiramento ou de extrusão, para metais"
82073000;0;"Ferramentas de embutir, de estampar ou de puncionar"
82074010;5.2;"De roscar interiormente"
82074020;5.2;"De roscar exteriormente"
82075011;5.2;"Helicoidais, de diâmetro inferior ou igual a 52 mm"
82075019;5.2;"Outras"
82075090;5.2;"Outras"
82076000;5.2;"Ferramentas de escarear, mandrilar ou de brochar"
82077010;5.2;"De topo"
82077020;5.2;"Para cortar engrenagens"
82077090;5.2;"Outras"
82078000;5.2;"Ferramentas de tornear"
82079000;5.2;"Outras ferramentas intercambiáveis"
82081000;5.2;"Para trabalhar metais"
82082000;5.2;"Para trabalhar madeira"
82083000;5.2;"Para aparelhos de cozinha ou para máquinas das indústrias alimentares"
82084000;5.2;"Para máquinas de agricultura, horticultura ou silvicultura"
82089000;5.2;"Outras"
82090011;5.2;"Intercambiáveis"
82090019;5.2;"Outras"
82090090;5.2;"Outros"
82100010;6.5;"Moinhos"
82100090;6.5;"Outros"
82111000;7.8;"Sortidos"
82119100;7.8;"Facas de mesa, de lâmina fixa"
82119210;7.8;"Para cozinha e açougue"
82119220;7.8;"Para caça"
82119290;7.8;"Outras"
82119310;7.8;"Podadeiras e suas partes"
82119320;7.8;"Canivetes com uma ou várias lâminas ou outras peças"
82119390;7.8;"Outras"
82119400;6.5;"Lâminas"
82119500;6.5;"Cabos de metais comuns"
82121010;7.8;"Navalhas"
82121020;15;"Aparelhos"
82122010;12;"Lâminas"
82122020;7.8;"Esboços em tiras"
82129000;7.8;"Outras partes"
82130000;7.8;"Tesouras e suas lâminas."
82141000;6.5;"Espátulas (corta-papéis), abre-cartas, raspadeiras, apontadores de lápis (apara-lápis) e suas lâminas"
82142000;6.5;"Utensílios e sortidos de utensílios de manicuros ou de pedicuros (incluindo as limas para unhas)"
82149010;6.5;"Máquinas de tosquiar e suas partes"
82149090;6.5;"Outros"
82151000;6.5;"Sortidos que contenham pelo menos um objeto prateado, dourado ou platinado"
82152000;6.5;"Outros sortidos"
82159100;6.5;"Prateados, dourados ou platinados"
82159910;6.5;"De aço inoxidável"
82159990;6.5;"Outros"
83011000;0;"Cadeados"
83012000;6.5;"Fechaduras do tipo utilizado em veículos automóveis"
83013000;6.5;"Fechaduras do tipo utilizado em móveis"
83014000;0;"Outras fechaduras; ferrolhos"
83015000;6.5;"Fechos e armações com fecho, com fechadura"
83016000;0;"Partes"
83017000;0;"Chaves apresentadas isoladamente"
83021000;0;"Dobradiças de qualquer espécie (incluindo os gonzos e as charneiras)"
83022000;6.5;"Rodízios"
83023000;6.5;"Outras guarnições, ferragens e artigos semelhantes, para veículos automóveis"
83024100;3.25;"Para construções"
83024200;6.5;"Outros, para móveis"
83024900;6.5;"Outros"
83025000;6.5;"Pateras, porta-chapéus, cabides e artigos semelhantes"
83026000;6.5;"Fechos automáticos para portas"
83030000;9.75;"Cofres-fortes, portas blindadas e compartimentos para casas-fortes, cofres e caixas de segurança e artigos semelhantes, de metais comuns."
83040000;6.5;"Classificadores, fichários (ficheiros), caixas de classificação, porta-cópias, porta-canetas, porta-carimbos e artigos semelhantes, de escritório, de metais comuns, excluindo os móveis de escritório da posição 94.03."
83051000;6.5;"Ferragens para encadernação de folhas soltas ou para classificadores"
83052000;6.5;"Grampos (Agrafos*) apresentados em barretas"
83059000;6.5;"Outros, incluindo as partes"
83061000;7.8;"Sinos, campainhas, gongos e artigos semelhantes"
83062100;9.75;"Prateados, dourados ou platinados"
83062900;9.75;"Outros"
83063000;7.8;"Molduras para fotografias, gravuras ou semelhantes; espelhos"
83071010;3.25;"Do tipo utilizado na exploração submarina de petróleo ou gás, constituídos por camadas flexíveis de aço e camadas de plástico, de diâmetro interior superior a 254 mm"
83071090;3.25;"Outros"
83079000;3.25;"De outros metais comuns"
83081000;0;"Grampos, colchetes e ilhoses"
83082000;6.5;"Rebites tubulares ou de haste fendida"
83089010;0;"Fivelas"
83089020;7.8;"Contas e lantejoulas"
83089090;6.5;"Outros"
83091000;0;"Cápsulas de coroa"
83099000;0;"Outros"
83100000;0;"Placas indicadoras, placas sinalizadoras, placas-endereços e placas semelhantes, números, letras e sinais diversos, de metais comuns, exceto os da posição 94.05."
83111000;6.5;"Eletrodos revestidos exteriormente para soldar a arco, de metais comuns"
83112000;6.5;"Fios revestidos interiormente para soldar a arco, de metais comuns"
83113000;6.5;"Varetas revestidas exteriormente e fios revestidos interiormente, para soldar à chama, de metais comuns"
83119000;6.5;"Outros"
84011000;0;"Reatores nucleares"
84012000;0;"Máquinas e aparelhos para a separação de isótopos, e suas partes"
84013000;0;"Elementos combustíveis (cartuchos) não irradiados"
84014000;0;"Partes de reatores nucleares"
84021100;0;"Caldeiras aquatubulares com produção de vapor superior a 45 t por hora"
84021200;0;"Caldeiras aquatubulares com produção de vapor não superior a 45 t por hora"
84021900;0;"Outras caldeiras para produção de vapor, incluindo as caldeiras mistas"
84022000;0;"Caldeiras denominadas 'de água superaquecida'"
84029000;0;"Partes"
84031010;0;"Com capacidade inferior ou igual a 200.000 kcal/hora"
84031090;0;"Outras"
84039000;3.25;"Partes"
84041010;0;"Da posição 84.02"
84041020;0;"Da posição 84.03"
84042000;0;"Condensadores para máquinas a vapor"
84049010;3.25;"De aparelhos auxiliares para caldeiras da posição 84.02"
84049090;3.25;"Outras"
84051000;0;"Geradores de gás de ar (gás pobre) ou de gás de água, mesmo com depuradores; geradores de acetileno e geradores semelhantes de gás, operados a água, mesmo com depuradores"
84059000;3.25;"Partes"
84061000;3.25;"Turbinas para propulsão de embarcações"
84068100;0;"De potência superior a 40 MW"
84068200;0;"De potência não superior a 40 MW"
84069011;3.25;"De turbinas a reação, de múltiplos estágios"
84069019;3.25;"Outras"
84069021;3.25;"Fixas (de estator)"
84069029;3.25;"Outras"
84069090;0;"Outras"
84071000;3.25;"Motores para aviação"
84072110;3.25;"Monocilíndricos"
84072190;5;"Outros"
84072910;3.25;"Monocilíndricos"
84072990;3.25;"Outros"
84073110;3.25;"Monocilíndricos"
84073190;3.25;"Outros"
84073200;3.25;"De cilindrada superior a 50 cm3, mas não superior a 250 cm3"
84073310;3.25;"Monocilíndricos"
84073390;3.25;"Outros"
84073410;3.25;"Monocilíndricos"
84073490;3.25;"Outros"
84079000;0;"Outros motores"
84081010;3.25;"Do tipo fora de borda"
84081090;3.25;"Outros"
84082010;3.25;"De cilindrada inferior ou igual a 1.500 cm3"
84082020;3.25;"De cilindrada superior a 1.500 cm3, mas não superior a 2.500 cm3"
84082030;3.25;"De cilindrada superior a 2.500 cm3, mas não superior a 3.500 cm3"
84082090;3.25;"Outros"
84089010;0;"Estacionários, de potência normal ISO superior a 497,5 kW (663 HP), segundo Norma ISO 3046/1"
84089090;0;"Outros"
84091000;3.25;"De motores para aviação"
84099111;3.25;"Bielas"
84099112;3.25;"Blocos de cilindros, cabeçotes e cárteres"
84099113;3.25;"Carburadores, com bomba e dispositivo de compensação de nível de combustível incorporados, ambos a membrana, de diâmetro de venturi inferior ou igual a 22,8 mm e peso inferior ou igual a 280 g"
84099114;3.25;"Válvulas de admissão ou de escape"
84099115;3.25;"Coletores de admissão ou de escape"
84099116;3.25;"Anéis de segmento"
84099117;3.25;"Guias de válvulas"
84099118;3.25;"Outros carburadores"
84099120;3.25;"Pistões ou êmbolos"
84099130;3.25;"Camisas de cilindro"
84099140;9.75;"Sistema de injeção eletrônica"
84099190;3.25;"Outras"
84099912;3.25;"Blocos de cilindros e cárteres"
84099914;3.25;"Válvulas de admissão ou de escape"
84099915;3.25;"Coletores de admissão ou de escape"
84099917;3.25;"Guias de válvulas"
84099921;3.25;"De diâmetro igual ou superior a 200 mm"
84099929;3.25;"Outros"
84099930;3.25;"Camisas de cilindro"
84099941;3.25;"De peso igual ou superior a 30 kg"
84099949;3.25;"Outras"
84099951;3.25;"De diâmetro igual ou superior a 200 mm"
84099959;3.25;"Outros"
84099961;3.25;"De diâmetro igual ou superior a 20 mm"
84099969;3.25;"Outros"
84099971;3.25;"De diâmetro igual ou superior a 200 mm"
84099979;3.25;"Outros"
84099991;3.25;"Camisas de cilindro soldadas a cabeçotes, de diâmetro igual ou superior a 200 mm"
84099999;3.25;"Outras"
84101100;0;"De potência não superior a 1.000 kW"
84101200;0;"De potência superior a 1.000 kW, mas não superior a 10.000 kW"
84101300;0;"De potência superior a 10.000 kW"
84109000;0;"Partes, incluindo os reguladores"
84111100;3.25;"De empuxo (impulso*) não superior a 25 kN"
84111200;3.25;"De empuxo (impulso*) superior a 25 kN"
84112100;3.25;"De potência não superior a 1.100 kW"
84112200;3.25;"De potência superior a 1.100 kW"
84118100;0;"De potência não superior a 5.000 kW"
84118200;3.25;"De potência superior a 5.000 kW"
84119100;3.25;"De turborreatores ou de turbopropulsores"
84119900;3.25;"Outras"
84121000;0;"Propulsores a reação, excluindo os turborreatores"
84122110;0;"Cilindros hidráulicos"
84122190;0;"Outros"
84122900;0;"Outros"
84123110;0;"Cilindros pneumáticos"
84123190;0;"Outros"
84123900;0;"Outros"
84128000;0;"Outros"
84129010;0;"De propulsores a reação"
84129080;0;"De máquinas das subposições 8412.21 ou 8412.31"
84129090;0;"Outras"
84131100;3.25;"Bombas para distribuição de combustíveis ou lubrificantes, do tipo utilizado em postos (estações) de serviço ou garagens"
84131900;3.25;"Outras"
84132000;3.25;"Bombas manuais, exceto das subposições 8413.11 ou 8413.19"
84133010;3.25;"Para gasolina ou álcool"
84133020;3.25;"Injetoras de combustível para motor de ignição por compressão"
84133030;3.25;"Para óleo lubrificante"
84133090;3.25;"Outras"
84134000;0;"Bombas para concreto (betão)"
84135010;0;"De potência superior a 3,73 kW (5 HP), mas não superior a 447,42 kW (600 HP), excluídas as para oxigênio líquido"
84135090;0;"Outras"
84136011;0;"De engrenagem"
84136019;0;"Outras"
84136090;0;"Outras"
84137010;3.25;"Eletrobombas submersíveis"
84137080;3.25;"Outras, de vazão inferior ou igual a 300 l/min"
84137090;0;"Outras"
84138100;0;"Bombas"
84138200;0;"Elevadores de líquidos"
84139110;0;"Hastes de bombeamento, do tipo utilizado para extração de petróleo"
84139190;3.25;"Outras"
84139200;0;"De elevadores de líquidos"
84141000;0;"Bombas de vácuo"
84142000;3.25;"Bombas de ar, de mão ou de pé"
84143011;3.25;"Com capacidade inferior a 4.700 frigorias/hora"
84143019;0;"Outros"
84143091;3.25;"Com capacidade inferior ou igual a 16.000 frigorias/hora"
84143099;0;"Outros"
84144010;0;"De deslocamento alternativo"
84144020;0;"De parafuso"
84144090;0;"Outros"
84145110;9.75;"De mesa"
84145120;9.75;"De teto"
84145190;9.75;"Outros"
84145910;3.25;"Microventiladores com área de carcaça inferior a 90 cm2"
84145990;0;"Outros"
84146000;6.5;"Coifas aspirantes (exaustores) com dimensão horizontal máxima não superior a 120 cm"
84147000;0;"Cabinas (câmaras) de segurança biológica estanques aos gases"
84148011;0;"Estacionários, de pistão"
84148012;0;"De parafuso"
84148013;0;"De lóbulos paralelos (tipo Roots)"
84148019;0;"Outros"
84148021;3.25;"Turboalimentadores de ar, de peso inferior ou igual a 50 kg para motores das posições 84.07 ou 84.08, acionado pelos gases de escapamento dos mesmos"
84148022;3.25;"Turboalimentadores de ar, de peso superior a 50 kg para motores das posições 84.07 ou 84.08, acionados pelos gases de escapamento dos mesmos"
84148029;0;"Outros"
84148031;0;"De pistão"
84148032;0;"De parafuso"
84148033;0;"Centrífugos, de vazão máxima inferior a 22.000 m3/h"
84148038;0;"Outros compressores centrífugos"
84148039;0;"Outros"
84148090;0;"Outros"
84149010;3.25;"De bombas"
84149020;3.25;"De ventiladores ou coifas aspirantes"
84149031;3.25;"Pistões ou êmbolos"
84149032;3.25;"Anéis de segmento"
84149033;3.25;"Blocos de cilindros, cabeçotes e cárteres"
84149034;3.25;"Válvulas"
84149039;0;"Outras"
84149040;3.25;"De cabinas (câmaras) de segurança"
84151011;20;"Do tipo split-system (sistema com elementos separados)"
84151019;20;"Outros"
84151090;20;"Outros"
84152010;13;"Com capacidade inferior ou igual a 30.000 frigorias/hora"
84152090;13;"Outros"
84158110;13;"Com capacidade inferior ou igual a 30.000 frigorias/hora"
84158190;0;"Outros"
84158210;13;"Com capacidade inferior ou igual a 30.000 frigorias/hora"
84158290;0;"Outros"
84158300;13;"Sem dispositivo de refrigeração"
84159010;20;"Unidades evaporadoras (internas) de aparelho de ar-condicionado do tipo split-system (sistema com"
84159020;20;"Unidades condensadoras (externas) de aparelho de ar-condicionado do tipo split-system (sistema com elementos separados), com capacidade inferior ou igual a 30.000 frigorias/hora"
84159090;20;"Outras"
84161000;0;"Queimadores de combustíveis líquidos"
84162010;0;"De gases"
84162090;0;"Outros"
84163000;0;"Fornalhas automáticas, incluindo as antefornalhas, grelhas mecânicas, descarregadores mecânicos de cinzas e dispositivos semelhantes"
84169000;3.25;"Partes"
84171010;0;"Fornos industriais para fusão de metais"
84171020;0;"Fornos industriais para tratamento térmico de metais"
84171090;0;"Outros"
84172000;0;"Fornos de padaria, pastelaria ou para a indústria de bolachas e biscoitos"
84178010;0;"Fornos industriais para cerâmica"
84178020;0;"Fornos industriais para fusão de vidro"
84178090;0;"Outros"
84179000;0;"Partes"
84181000;9.75;"Combinações de refrigeradores e congeladores (freezers), munidos de portas ou gavetas exteriores
separadas, ou de uma combinação desses elementos"
84182100;9.75;"De compressão"
84182900;9.75;"Outros"
84183000;9.75;"Congeladores (freezers) horizontais (arcas), de capacidade não superior a 800 l"
84184000;9.75;"Congeladores (freezers) verticais, de capacidade não superior a 900 l"
84185010;0;"Congeladores (freezers)"
84185090;0;"Outros"
84186100;0;"Bombas de calor, exceto as máquinas e aparelhos de ar-condicionado da posição 84.15"
84186910;0;"Máquinas não domésticas para preparação de sorvetes"
84186920;0;"Resfriadores de leite"
84186931;9.75;"De água ou sucos"
84186932;0;"De bebidas carbonatadas"
84186940;0;"Grupos frigoríficos de compressão com capacidade inferior ou igual a 30.000 frigorias/hora"
84186991;3.25;"Resfriadores de água, de absorção por brometo de lítio"
84186999;9.75;"Outros"
84189100;9.75;"Móveis concebidos para receber um equipamento para a produção de frio"
84189900;9.75;"Outras"
84191100;3.25;"De aquecimento instantâneo, a gás"
84191200;0;"Aquecedores de água solares"
84191900;3.25;"Outros"
84192000;3.25;"Esterilizadores médico-cirúrgicos ou de laboratório"
84193300;0;"Aparelhos de liofilização, aparelhos de criodessecação e secadores por pulverização"
84193400;0;"Outros, para produtos agrícolas"
84193500;0;"Outros, para madeiras, pastas de papel, papel ou cartão"
84193900;0;"Outros"
84194010;0;"De destilação de água"
84194020;0;"De destilação ou retificação de álcoois e outros fluidos voláteis ou de hidrocarbonetos"
84194090;0;"Outros"
84195010;0;"De placas"
84195021;0;"Metálicos"
84195022;0;"De grafita"
84195029;0;"Outros"
84195090;0;"Outros"
84196000;0;"Aparelhos e dispositivos para liquefação do ar ou de outros gases"
84198110;0;"Autoclaves"
84198190;0;"Outros"
84198911;0;"De alimentos, mediante Ultra Alta Temperatura (UHT - Ultra High Temperature) por injeção direta de vapor, com capacidade igual ou superior a 6.500 l/h"
84198919;0;"Outros"
84198920;0;"Estufas"
84198930;0;"Torrefadores"
84198940;0;"Evaporadores"
84198991;5.2;"Recipiente refrigerador, com dispositivo de circulação de fluido refrigerante"
84198999;3.25;"Outros"
84199010;3.25;"De aquecedores de água das subposições 8419.11 ou 8419.19"
84199020;3.25;"De colunas de destilação ou de retificação"
84199031;3.25;"Placa corrugada, de aço inoxidável ou de alumínio, com superfície de troca térmica de área superior a 0,4 m2"
84199039;0;"Outras"
84199040;3.25;"De aparelhos ou dispositivos das subposições 8419.81 ou 8419.89"
84199090;3.25;"Outras"
84201010;0;"Para papel ou cartão"
84201090;0;"Outros"
84209100;3.25;"Cilindros"
84209900;3.25;"Outras"
84211110;0;"Com capacidade de processamento de leite igual ou superior a 30.000 l/h"
84211190;0;"Outras"
84211210;13;"Com tambor de capacidade inferior ou igual a 23 l"
84211290;13;"Outros"
84211910;0;"Centrifugadores para laboratórios de análises, ensaios ou pesquisas científicas"
84211990;0;"Outros"
84212100;0;"Para filtrar ou depurar água"
84212200;0;"Para filtrar ou depurar bebidas, exceto água"
84212300;5.2;"Para filtrar carburantes ou óleos lubrificantes nos motores de ignição por centelha (faísca) ou por
compressão"
84212911;0;"Capilares"
84212919;0;"Outros"
84212920;0;"Aparelho de osmose inversa"
84212930;0;"Filtros-prensa"
84212990;0;"Outros"
84213100;5.2;"Filtros de entrada de ar para motores de ignição por centelha (faísca) ou por compressão"
84213200;3.25;"Conversores catalíticos e filtros de partículas, mesmo combinados, para depurar ou filtrar os gases de escape dos motores de ignição por centelha (faísca) ou por compressão"
84213910;0;"Filtros eletrostáticos"
84213930;0;"Concentradores de oxigênio por depuração do ar, com capacidade de saída inferior ou igual a 6 l/min"
84213990;0;"Outros"
84219110;5.2;"De secadores de roupa do item 8421.12.10"
84219191;5.2;"Tambores rotativos com pratos ou discos separadores, de peso superior a 300 kg"
84219199;5.2;"Outras"
84219910;5.2;"De aparelhos para filtrar ou depurar gases, da subposição 8421.39"
84219920;5.2;"Do tipo utilizado em linhas de sangue para hemodiálise"
84219991;5.2;"Cartuchos de membrana de aparelhos de osmose inversa"
84219999;5.2;"Outras"
84221100;20;"Do tipo doméstico"
84221900;13;"Outras"
84222000;0;"Máquinas e aparelhos para limpar ou secar garrafas ou outros recipientes"
84223010;0;"Máquinas e aparelhos para encher, fechar, arrolhar, capsular ou rotular garrafas"
84223021;0;"Para encher caixas ou sacos com pó ou grãos"
84223022;0;"Para encher e fechar embalagens confeccionadas com papel ou cartão dos subitens 4811.51.22 ou
4811.59.23, mesmo com dispositivo de rotulagem"
84223023;0;"Para encher e fechar recipientes tubulares flexíveis (bisnagas), com capacidade igual ou superior a
100 unidades por minuto"
84223029;0;"Outros"
84223030;0;"Para gaseificar bebidas"
84224010;0;"Horizontais, próprias para empacotamento de massas alimentícias longas (comprimento superior a 200 mm) em pacotes tipo almofadas (pillow pack), com capacidade de produção superior a 100 pacotes por minuto e controlador lógico programável (CLP)"
84224020;0;"Automática, para embalar tubos ou barras de metal, em atados de peso inferior ou igual a 2.000 kg e comprimento inferior ou igual a 12 m"
84224030;0;"De empacotar embalagens confeccionadas com papel ou cartão dos subitens 4811.51.22 ou 4811.59.23 em caixas ou bandejas de papel ou cartão dobráveis, com capacidade igual ou superior a 5.000 embalagens por hora"
84224090;0;"Outros"
84229010;20;"De máquinas de lavar louça, de uso doméstico"
84229090;3.25;"Outras"
84231000;6.5;"Balanças para pessoas, incluindo as balanças para bebês; balanças de uso doméstico"
84232000;0;"Básculas de pesagem contínua em transportadores"
84233011;0;"Com aparelhos periféricos, que constituam unidade funcional"
84233019;0;"Outras"
84233090;0;"Outras"
84238110;3.25;"De mesa, com dispositivo registrador ou impressor de etiquetas"
84238190;3.25;"Outros"
84238200;0;"De capacidade superior a 30 kg, mas não superior a 5.000 kg"
84238900;0;"Outros"
84239010;6.5;"Pesos"
84239021;6.5;"De aparelhos ou instrumentos da subposição 8423.10"
84239029;6.5;"Outras"
84241000;5.2;"Extintores, mesmo carregados"
84242000;3.25;"Pistolas aerográficas e aparelhos semelhantes"
84243010;0;"Máquinas e aparelhos de desobstrução de tubulação ou de limpeza, por jato de água"
84243020;0;"De jato de areia própria para desgaste localizado de peças de vestuário"
84243030;0;"Perfuradoras por jato de água com pressão de trabalho máxima igual ou superior a 10 MPa"
84243090;0;"Outros"
84244100;0;"Pulverizadores portáteis"
84244900;0;"Outros"
84248221;0;"Por aspersão"
84248229;0;"Outros"
84248290;0;"Outros"
84248910;3.25;"Aparelhos de pulverização constituídos por botão de pressão com bocal (tampa spray), válvula do tipo aerossol, junta de estanqueidade (junta de canopla) e tubo de imersão, montados sobre um corpo metálico (canopla), do tipo utilizado para serem montados no gargalo de recipientes, para projetar líquidos, pós ou espumas"
84248920;3.25;"Aparelhos automáticos para projetar lubrificantes sobre pneumáticos, que contenham uma estação
de secagem por ar preaquecido e dispositivos para agarrar e movimentar pneumáticos"
84248990;3.25;"Outros"
84249010;3.25;"De aparelhos da subposição 8424.10 ou do item 8424.89.10"
84249090;3.25;"Outras"
84251100;0;"De motor elétrico"
84251910;0;"Talhas, cadernais e moitões, manuais"
84251990;0;"Outros"
84253110;0;"Com capacidade inferior ou igual a 100 t"
84253190;0;"Outros"
84253910;0;"Com capacidade inferior ou igual a 100 t"
84253990;0;"Outros"
84254100;0;"Elevadores fixos de veículos, para garagens (oficinas)"
84254200;0;"Outros macacos, hidráulicos"
84254910;3.25;"Manuais"
84254990;0;"Outros"
84261100;0;"Pontes e vigas, rolantes, de suportes fixos"
84261200;0;"Pórticos móveis de pneumáticos e carros-pórticos"
84261900;0;"Outros"
84262000;0;"Guindastes de torre"
84263000;0;"Guindastes de pórtico"
84264110;0;"Com deslocamento em sentido longitudinal, transversal e diagonal (tipo caranguejo) com capacidade de carga igual ou superior a 60 t"
84264190;0;"Outros"
84264910;0;"De lagartas (esteiras), com capacidade de elevação igual ou superior a 70 t"
84264990;0;"Outros"
84269100;0;"Próprios para serem montados em veículos rodoviários"
84269900;0;"Outros"
84271011;0;"De capacidade de carga superior a 6,5 t"
84271019;0;"Outras"
84271090;0;"Outros"
84272010;0;"Empilhadeiras com capacidade de carga superior a 6,5 t"
84272090;0;"Outros"
84279000;0;"Outros"
84281000;0;"Elevadores e monta-cargas"
84282010;0;"Transportadores tubulares (transvasadores) móveis, acionados com motor de potência superior a 90 kW (120 HP)"
84282090;0;"Outros"
84283100;0;"Especialmente concebidos para uso subterrâneo"
84283200;0;"Outros, de caçamba (balde*)"
84283300;0;"Outros, de correia"
84283910;0;"De correntes"
84283920;0;"De rolos motores"
84283930;0;"De pinças laterais, do tipo utilizado para o transporte de jornais"
84283990;0;"Outros"
84284000;6.5;"Escadas e tapetes, rolantes"
84286000;0;"Teleféricos (incluindo as telecadeiras e os telesquis); mecanismos de tração para funiculares"
84287000;0;"Robôs industriais"
84289010;0;"Do tipo utilizado para desembarque de botes salva-vidas, motorizados ou providos de dispositivo de compensação de inclinação"
84289020;0;"Transportadores-elevadores (transelevadores) automáticos, de deslocamento horizontal sobre guias"
84289030;0;"Máquina para formação de pilhas de jornais, dispostos em sentido alternado, de capacidade igual ou superior a 80.000 exemplares/h"
84289090;0;"Outros"
84291110;0;"De potência no volante igual ou superior a 387,76 kW (520 HP)"
84291190;0;"Outros"
84291910;0;"Bulldozers de potência no volante igual ou superior a 234,90 kW (315 HP)"
84291990;0;"Outros"
84292010;0;"Motoniveladores articulados, de potência no volante igual ou superior a 205,07 kW (275 HP)"
84292090;0;"Outros"
84293000;0;"Raspo-transportadores (scrapers)"
84294000;0;"Compactadores e rolos ou cilindros compressores"
84295111;0;"Do tipo utilizado em minas subterrâneas"
84295119;0;"Outras"
84295121;0;"De potência no volante igual ou superior a 454,13 kW (609 HP)"
84295129;0;"Outras"
84295191;0;"De potência no volante igual ou superior a 297,5 kW (399 HP)"
84295192;0;"De potência no volante inferior ou igual a 43,99 kW (59 HP)"
84295199;0;"Outras"
84295211;0;"De potência no volante igual ou superior a 484,7 kW (650 HP)"
84295212;0;"De potência no volante inferior ou igual a 40,3 kW (54 HP)"
84295219;0;"Outras"
84295220;0;"Infraestruturas motoras, próprias para receber equipamentos das subposições 8430.49, 8430.61 ou 8430.69, mesmo com dispositivo de deslocamento sobre trilhos"
84295290;0;"Outras"
84295900;0;"Outros"
84301000;0;"Bate-estacas e arranca-estacas"
84302000;3.25;"Limpa-neves"
84303110;0;"Cortadores de carvão ou de rocha"
84303190;0;"Outros"
84303910;0;"Cortadores de carvão ou de rocha"
84303990;0;"Outras"
84304110;0;"Perfuratriz de percussão"
84304120;0;"Perfuratriz rotativa"
84304130;0;"Máquinas de sondagem, rotativas"
84304190;0;"Outras"
84304910;0;"Perfuratriz de percussão"
84304920;0;"Máquinas de sondagem, rotativas"
84304990;0;"Outras"
84305000;0;"Outras máquinas e aparelhos, autopropulsados"
84306100;0;"Máquinas de comprimir ou de compactar"
84306911;0;"Com capacidade de carga superior a 4 m3"
84306919;0;"Outros"
84306990;0;"Outros"
84311010;3.25;"Do item 8425.19.10 ou das subposições 8425.39, 8425.42 ou 8425.49"
84311090;3.25;"Outras"
84312011;3.25;"Autopropulsadas"
84312019;3.25;"De outras empilhadeiras"
84312090;3.25;"Outras"
84313110;3.25;"De elevadores"
84313190;3.25;"Outras"
84313900;0;"Outras"
84314100;3.25;"Caçambas (Baldes*), mesmo de mandíbulas, pás, ganchos e tenazes"
84314200;3.25;"Lâminas para bulldozers ou angledozers"
84314310;3.25;"De máquinas de sondagem rotativas"
84314390;3.25;"Outras"
84314910;3.25;"De máquinas ou aparelhos da posição 84.26"
84314921;3.25;"Cabinas"
84314922;3.25;"Lagartas (esteiras)"
84314923;3.25;"Tanques de combustível e demais reservatórios"
84314929;3.25;"Outras"
84321000;0;"Arados e charruas"
84322100;0;"Grades de discos"
84322900;0;"Outros"
84323110;0;"Semeadores-adubadores"
84323190;0;"Outros"
84323910;0;"Semeadores-adubadores"
84323990;0;"Outros"
84324100;0;"Espalhadores de estrume"
84324200;0;"Distribuidores de adubos (fertilizantes)"
84328000;0;"Outras máquinas e aparelhos"
84329000;3.25;"Partes"
84331100;3.25;"Motorizados, cujo dispositivo de corte gira num plano horizontal"
84331900;3.25;"Outros"
84332010;0;"Com dispositivo de acondicionamento em fileiras constituído por rotor de dedos e pente"
84332090;0;"Outras"
84333000;0;"Outras máquinas e aparelhos para colher e dispor o feno"
84334000;0;"Enfardadeiras de palha ou de forragem, incluindo as enfardadeiras-apanhadeiras"
84335100;0;"Colheitadeiras combinadas com debulhadoras (ceifeiras-debulhadoras)"
84335200;0;"Outras máquinas e aparelhos para debulha"
84335300;0;"Máquinas para colheita de raízes ou tubérculos"
84335911;0;"Com capacidade para trabalhar até dois sulcos de colheita e potência no volante inferior ou igual a 59,7 kW (80 HP)"
84335919;0;"Outras"
84335990;0;"Outros"
84336010;0;"Selecionadores de fruta"
84336021;0;"Com capacidade superior a 250.000 ovos por hora"
84336029;0;"Outras"
84336090;0;"Outras"
84339010;3.25;"De cortadores de grama (relva)"
84339090;3.25;"Outras"
84341000;0;"Máquinas de ordenhar"
84342010;0;"Para tratamento do leite"
84342090;0;"Outros"
84349000;3.25;"Partes"
84351000;0;"Máquinas e aparelhos"
84359000;3.25;"Partes"
84361000;0;"Máquinas e aparelhos para preparação de alimentos ou rações para animais"
84362100;0;"Chocadeiras e criadeiras"
84362900;0;"Outros"
84368000;0;"Outras máquinas e aparelhos"
84369100;3.25;"De máquinas ou aparelhos para avicultura"
84369900;3.25;"Outras"
84371000;0;"Máquinas para limpeza, seleção ou peneiração de grãos ou de produtos hortícolas secos"
84378010;0;"Para trituração ou moagem de grãos"
84378090;0;"Outros"
84379000;3.25;"Partes"
84381000;0;"Máquinas e aparelhos para as indústrias de panificação, pastelaria, bolachas e biscoitos e de massas
alimentícias"
84382011;0;"Para fabricar bombons de chocolate por moldagem, de capacidade de produção igual ou superior a 150 kg/h"
84382019;0;"Outros"
84382090;0;"Outros"
84383000;0;"Máquinas e aparelhos para a indústria de açúcar"
84384000;0;"Máquinas e aparelhos para a indústria cervejeira"
84385000;0;"Máquinas e aparelhos para preparação de carnes"
84386000;0;"Máquinas e aparelhos para preparação de fruta ou de produtos hortícolas"
84388010;0;"Máquinas para extração de óleo essencial de citros"
84388020;0;"Automática, para descabeçar, cortar a cauda e eviscerar peixes, com capacidade superior a 350 unidades por minuto"
84388090;0;"Outros"
84389000;3.25;"Partes"
84391010;0;"Para tratamento preliminar das matérias-primas"
84391020;0;"Classificadoras e classificadoras-depuradoras de pasta"
84391030;0;"Refinadoras"
84391090;0;"Outros"
84392000;0;"Máquinas e aparelhos para fabricação de papel ou cartão"
84393010;0;"Bobinadoras-esticadoras"
84393020;0;"Para impregnar"
84393030;0;"Para ondular"
84393090;0;"Outros"
84399100;3.25;"De máquinas ou aparelhos para fabricação de pasta de matérias fibrosas celulósicas"
84399910;3.25;"Rolos, corrugadores ou de pressão, de máquinas para ondular, com largura útil igual ou superior a 2.500 mm"
84399990;3.25;"Outras"
84401011;0;"Com alimentação automática"
84401019;0;"Outros"
84401020;0;"Máquinas para fabricar capas de papelão, com dispositivo de colagem e capacidade de produção superior a 60 unidades por minuto"
84401090;0;"Outros"
84409000;3.25;"Partes"
84411010;0;"Cortadeiras bobinadoras com velocidade de bobinado superior a 2.000 m/min"
84411090;0;"Outras"
84412000;0;"Máquinas para fabricação de sacos de quaisquer dimensões ou de envelopes"
84413010;0;"De dobrar e colar, para fabricação de caixas"
84413090;0;"Outras"
84414000;0;"Máquinas de moldar artigos de pasta de papel, papel ou cartão"
84418000;0;"Outras máquinas e aparelhos"
84419000;3.25;"Partes"
84423010;0;"De compor por processo fotográfico"
84423020;0;"De compor caracteres tipográficos por outros processos, mesmo com dispositivo de fundir"
84423090;0;"Outros"
84424010;3.25;"De máquinas do item 8442.30.10"
84424020;3.25;"De máquinas do item 8442.30.20"
84424090;3.25;"Outras"
84425000;3.25;"Clichês, placas, cilindros e outros elementos de impressão; pedras litográficas, placas e cilindros, preparados para impressão (por exemplo, aplainados, granulados ou polidos)"
84431110;0;"Para impressão multicolor de jornais, de largura igual ou superior a 900 mm, com unidades de impressão em configuração torre e dispositivos automáticos de emendar bobinas"
84431190;0;"Outros"
84431200;0;"Máquinas e aparelhos de impressão, por ofsete, do tipo utilizado em escritórios, alimentados por folhas em que um lado não seja superior a 22 cm e que o outro não seja superior a 36 cm, quando não dobradas"
84431310;0;"Para impressão multicolor de recipientes de matérias plásticas, cilíndricos, cônicos ou de faces planas"
84431321;0;"Com velocidade de impressão igual ou superior a 12.000 folhas por hora"
84431329;0;"Outros"
84431390;0;"Outros"
84431400;0;"Máquinas e aparelhos de impressão, tipográficos, alimentados por bobinas, excluindo as máquinas e aparelhos flexográficos"
84431500;0;"Máquinas e aparelhos de impressão, tipográficos, não alimentados por bobinas, excluindo as máquinas e aparelhos flexográficos"
84431600;0;"Máquinas e aparelhos de impressão, flexográficos"
84431710;0;"Rotativas para heliogravura"
84431790;0;"Outros"
84431910;0;"Para serigrafia"
84431990;0;"Outros"
84433111;9.75;"De jato de tinta líquida, com largura de impressão inferior ou igual a 420 mm"
84433112;9.75;"De transferência térmica de cera sólida (por exemplo, solid ink e dye sublimation)"
84433113;9.75;"A laser, LED (Diodos Emissores de Luz) ou LCS (Sistema de Cristal Líquido), monocromáticas, com largura de impressão inferior ou igual a 280 mm"
84433114;9.75;"A laser, LED (Diodos Emissores de Luz) ou LCS (Sistema de Cristal Líquido), monocromáticas, com largura de impressão superior a 280 mm, mas não superior a 420 mm"
84433115;9.75;"A laser, LED (Diodos Emissores de Luz) ou LCS (Sistema de Cristal Líquido), policromáticas"
84433116;9.75;"Outras, com largura de impressão superior a 420 mm"
84433119;9.75;"Outras"
84433191;9.75;"Com impressão por sistema térmico"
84433199;9.75;"Outras"
84433221;9.75;"De linha"
84433222;0;"De caracteres Braille"
84433223;9.75;"Outras matriciais (por pontos)"
84433229;9.75;"Outras"
84433231;9.75;"De jato de tinta líquida, com largura de impressão inferior ou igual a 420 mm"
84433232;15;"De transferência térmica de cera sólida (por exemplo, solid ink e dye sublimation)"
84433233;9.75;"A laser, LED (Diodos Emissores de Luz) ou LCS (Sistema de Cristal Líquido), monocromáticas, com largura de impressão inferior ou igual a 280 mm"
84433234;9.75;"A laser, LED (Diodos Emissores de Luz) ou LCS (Sistema de Cristal Líquido), monocromáticas, com largura de impressão superior a 280 mm, mas não superior a 420 mm"
84433235;9.75;"A laser, LED (Diodos Emissores de Luz) ou LCS (Sistema de Cristal Líquido), policromáticas, com velocidade de impressão inferior ou igual a 20 páginas por minuto (ppm)"
84433236;9.75;"A laser, LED (Diodos Emissores de Luz) ou LCS (Sistema de Cristal Líquido), policromáticas, com velocidade de impressão superior a 20 páginas por minuto (ppm)"
84433237;9.75;"Térmicas, do tipo utilizado em impressão de imagens para diagnóstico médico em folhas revestidas com camada termossensível"
84433238;9.75;"Outras, com largura de impressão superior a 420 mm"
84433239;9.75;"Outras"
84433240;9.75;"Outras impressoras alimentadas por folhas"
84433251;9.75;"Por meio de penas"
84433252;9.75;"Outros, com largura de impressão superior a 580 mm"
84433259;9.75;"Outros"
84433291;9.75;"Impressoras de código de barras postais, tipo 3 em 5, a jato de tinta fluorescente, com velocidade de até 4,5 m/s e passo de 1,4 mm"
84433299;15;"Outros"
84433910;0;"Máquinas de impressão por jato de tinta"
84433921;13;"De reprodução da imagem do original sobre a cópia por meio de um suporte intermediário (processo indireto), monocromáticas, para cópias de superfície inferior ou igual a 1 m2, com velocidade inferior a 100 cópias por minuto"
84433928;13;"Outras, por processo indireto"
84433929;13;"Outras"
84433930;13;"Outras máquinas copiadoras"
84433990;13;"Outros"
84439110;3.25;"De máquinas e aparelhos da subposição 8443.12"
84439191;0;"Dobradoras"
84439192;0;"Numeradores automáticos"
84439199;0;"Outros"
84439911;6.5;"Mecanismos de impressão, mesmo sem cabeça de impressão incorporada"
84439912;6.5;"Cabeças de impressão"
84439919;6.5;"Outros"
84439921;6.5;"Mecanismos de impressão, mesmo sem cabeça de impressão incorporada"
84439922;3.25;"Cabeças de impressão"
84439923;3.25;"Cartuchos de tinta"
84439929;6.5;"Outros"
84439931;3.25;"Mecanismos de impressão, mesmo sem cilindro fotossensível incorporado"
84439932;3.25;"Cilindros recobertos de matéria semicondutora fotoelétrica"
84439933;3.25;"Cartuchos de revelador (toners)"
84439939;6.5;"Outros"
84439941;6.5;"Mecanismos de impressão, mesmo sem cabeça de impressão incorporada"
84439942;3.25;"Cabeças de impressão"
84439949;6.5;"Outros"
84439950;6.5;"Outros mecanismos de impressão, suas partes e acessórios"
84439960;9.75;"Circuitos impressos com componentes elétricos ou eletrônicos, montados"
84439970;6.5;"Bandejas e gavetas, suas partes e acessórios"
84439980;6.5;"Mecanismos de alimentação ou de triagem de papéis ou documentos, suas partes e acessórios"
84439990;6.5;"Outros"
84440010;0;"Para extrudar"
84440020;0;"Para corte ou ruptura de fibras"
84440090;0;"Outras"
84451110;0;"Para lã"
84451120;0;"Para fibras do Capítulo 53"
84451190;0;"Outras"
84451200;0;"Penteadoras"
84451300;0;"Bancos de estiramento (fusos)"
84451910;0;"Máquinas para a preparação da seda"
84451921;0;"Para recuperação de cordas, fios, trapos ou qualquer outro desperdício, transformando-os em fibras adequadas para cardagem"
84451922;0;"Descaroçadeiras e deslintadeiras de algodão"
84451923;0;"Para desengordurar, lavar, alvejar ou tingir fibras têxteis em massa ou rama"
84451924;0;"Abridoras de fibras de lã"
84451925;0;"Abridoras de fibras do Capítulo 53"
84451926;0;"Máquinas de carbonizar a lã"
84451927;0;"Para estirar a lã"
84451929;0;"Outras"
84452000;0;"Máquinas para fiação de matérias têxteis"
84453010;0;"Retorcedeiras"
84453090;0;"Outras"
84454011;0;"Bobinadoras de trama (espuladeiras)"
84454012;0;"Para fios elastanos"
84454018;0;"Outras, com atador automático"
84454019;0;"Outras"
84454021;0;"Com velocidade de bobinado igual ou superior a 4.000 m/min"
84454029;0;"Outras"
84454031;0;"Com controle de comprimento ou peso e atador automático"
84454039;0;"Outras"
84454040;0;"Noveleiras automáticas"
84454090;0;"Outras"
84459010;0;"Urdideiras"
84459020;0;"Passadeiras para liço e pente"
84459030;0;"Para amarrar urdideiras"
84459040;0;"Automáticas, para colocar lamelas"
84459090;0;"Outras"
84461010;0;"Com mecanismo Jacquard"
84461090;0;"Outros"
84462100;0;"A motor"
84462900;0;"Outros"
84463010;0;"A jato de ar"
84463020;0;"A jato de água"
84463030;0;"De projétil"
84463040;0;"De pinças"
84463090;0;"Outros"
84471100;0;"Com cilindro de diâmetro não superior a 165 mm"
84471200;0;"Com cilindro de diâmetro superior a 165 mm"
84472010;0;"Teares manuais"
84472021;0;"Para fabricação de malhas de urdidura"
84472029;0;"Outros"
84472030;0;"Máquinas de costura por entrelaçamento (couture-tricotage)"
84479010;0;"Máquinas para fabricação de redes, tules ou filós"
84479020;0;"Máquinas automáticas para bordar"
84479090;0;"Outras"
84481110;0;"Ratieras"
84481120;0;"Mecanismos Jacquard"
84481190;0;"Outros"
84481900;3.25;"Outros"
84482010;3.25;"Fieiras para a extrusão"
84482020;3.25;"Outras partes e acessórios de máquinas para a extrusão"
84482030;3.25;"De máquinas para corte ou ruptura de fibras"
84482090;3.25;"Outras"
84483100;0;"Guarnições de cardas"
84483211;3.25;"Chapéus (flats)"
84483219;3.25;"Outras"
84483220;3.25;"De penteadoras"
84483230;3.25;"De bancas de estiramento (bancas de fusos)"
84483240;3.25;"De máquinas para a preparação da seda"
84483250;3.25;"De máquinas para carbonizar lã"
84483290;3.25;"Outros"
84483310;3.25;"Cursores"
84483390;3.25;"Outros"
84483911;3.25;"De filatórios intermitentes (selfatinas)"
84483912;3.25;"De máquinas do tipo tow-to-yarn"
84483917;3.25;"De outros filatórios"
84483919;3.25;"Outras"
84483921;3.25;"De bobinadoras de trama (espuladeiras)"
84483922;3.25;"De bobinadoras automáticas para fios elastanos, ou com atador automático"
84483923;3.25;"Outras, de bobinadoras automáticas"
84483929;3.25;"Outras"
84483991;3.25;"De urdideiras"
84483992;3.25;"De passadeiras para liço e pente"
84483999;3.25;"Outras"
84484200;0;"Pentes, liços e quadros de liços"
84484910;3.25;"De máquinas ou aparelhos auxiliares de teares"
84484920;3.25;"De teares para tecidos de largura superior a 30 cm, sem lançadeiras, a jato de água ou de projétil"
84484990;3.25;"Outras"
84485110;3.25;"Platinas"
84485190;3.25;"Outros"
84485910;3.25;"De teares circulares para malhas"
84485921;3.25;"Manuais"
84485922;3.25;"Para fabricação de malhas de urdidura"
84485929;3.25;"Outras"
84485930;3.25;"De máquinas para fabricação de redes, tules ou filós, ou automáticas para bordar"
84485940;3.25;"De máquinas do item 8447.90.90"
84485990;3.25;"Outras"
84490010;0;"Máquinas e aparelhos para fabricação ou acabamento de feltros"
84490020;0;"Máquinas e aparelhos para fabricação de falsos tecidos (tecidos não tecidos)"
84490080;0;"Outros"
84490091;3.25;"De máquinas ou aparelhos para fabricação de falsos tecidos (tecidos não tecidos)"
84490099;3.25;"Outras"
84501100;3.25;"Máquinas inteiramente automáticas"
84501200;3.25;"Outras máquinas, com secador centrífugo incorporado"
84501900;3.25;"Outras"
84502010;3.25;"Túneis contínuos"
84502020;13;"Outras máquinas, de capacidade não superior a 18 kg"
84502090;13;"Outras"
84509010;13;"De máquinas da subposição 8450.20"
84509090;13;"Outras"
84511000;0;"Máquinas para lavar a seco"
84512100;3.25;"De capacidade, expressa em peso de roupa seca, não superior a 10 kg"
84512910;0;"Que funcionem por meio de ondas eletromagnéticas (micro-ondas), cuja produção seja igual ou superior a 120 kg/h de produto seco"
84512990;0;"Outras"
84513010;0;"Automáticas"
84513091;3.25;"Prensas para passar de peso inferior ou igual a 14 kg"
84513099;0;"Outras"
84514010;0;"Para lavar"
84514021;0;"Para tingir tecidos em rolos; para tingir por pressão estática, com molinete (rotor de pás), jato de
água (jet) ou combinada"
84514029;0;"Outras"
84514090;0;"Outras"
84515010;0;"Para inspeção visual de tecidos"
84515020;0;"Automáticas, para enfestar ou cortar"
84515090;0;"Outras"
84518000;0;"Outras máquinas e aparelhos"
84519010;3.25;"Para as máquinas da subposição 8451.21"
84519090;3.25;"Outras"
84521000;1.95;"Máquinas de costura de uso doméstico"
84522110;0;"Para costurar couros ou peles"
84522120;0;"Para costurar tecidos"
84522190;0;"Outras"
84522910;0;"Para costurar couros ou peles"
84522921;0;"Remalhadeiras"
84522922;0;"Para casear"
84522923;0;"Tipo zigue-zague para inserir elástico"
84522924;0;"De costura reta"
84522925;0;"Galoneiras"
84522929;0;"Outras"
84522990;0;"Outras"
84523000;3.25;"Agulhas para máquinas de costura"
84529020;3.25;"Móveis, bases e tampas, para máquinas de costura, e suas partes"
84529081;3.25;"Guia-fios, lançadeiras e porta-bobinas"
84529089;3.25;"Outras"
84529091;3.25;"Guia-fios, lançadeiras não rotativas e porta-bobinas"
84529092;3.25;"Para remalhadeiras"
84529093;3.25;"Lançadeiras rotativas"
84529094;3.25;"Corpos moldados por fundição"
84529099;3.25;"Outras"
84531010;0;"Máquinas para dividir couros com largura útil inferior ou igual a 3.000 mm, com lâmina sem fim, com controle eletrônico programável"
84531090;0;"Outros"
84532000;0;"Máquinas e aparelhos para fabricar ou consertar calçado"
84538000;0;"Outras máquinas e aparelhos"
84539000;0;"Partes"
84541000;0;"Conversores"
84542010;0;"Lingoteiras"
84542090;0;"Outras"
84543010;0;"Sob pressão"
84543020;0;"Por centrifugação"
84543090;0;"Outras"
84549010;3.25;"De máquinas de vazar (moldar) por centrifugação"
84549090;0;"Outras"
84551000;0;"Laminadores de tubos"
84552110;0;"De cilindros lisos"
84552190;0;"Outros"
84552210;0;"De cilindros lisos"
84552290;0;"Outros"
84553010;0;"Fundidos, de aço ou ferro fundido nodular"
84553020;0;"Forjados, de aço de corte rápido, com um teor, em peso, de carbono igual ou superior a 0,80 % e inferior ou igual a 0,90 %, de cromo igual ou superior a 3,50 % e inferior ou igual a 4 %, de vanádio igual ou superior a 1,60 % e inferior ou igual a 2,30 %, de molibdênio inferior ou igual a 8,50 % e de tungstênio (volfrâmio) inferior ou igual a 7 %"
84553090;0;"Outros"
84559000;3.25;"Outras partes"
84561111;0;"Para corte de chapas metálicas de espessura superior a 8 mm"
84561119;0;"Outras"
84561190;0;"Outras"
84561211;0;"Para corte de chapas metálicas de espessura superior a 8 mm"
84561219;0;"Outras"
84561290;0;"Outras"
84562010;0;"De comando numérico"
84562090;0;"Outras"
84563011;0;"Para texturizar superfícies cilíndricas"
84563019;0;"Outras"
84563090;0;"Outras"
84564000;0;"Que operem por jato de plasma"
84565000;0;"Máquinas de corte a jato de água"
84569000;0;"Outras"
84571000;0;"Centros de usinagem (fabricação*)"
84572010;0;"De comando numérico"
84572090;0;"Outras"
84573010;0;"De comando numérico"
84573090;0;"Outras"
84581110;0;"Revólver"
84581191;0;"De 6 ou mais fusos porta-peças"
84581199;0;"Outros"
84581910;0;"Revólver"
84581990;0;"Outros"
84589100;0;"De comando numérico"
84589900;0;"Outros"
84591000;0;"Unidades com cabeça deslizante"
84592110;0;"Radiais"
84592191;0;"De mais de um cabeçote mono ou multifuso"
84592199;0;"Outras"
84592900;0;"Outras"
84593100;0;"De comando numérico"
84593900;0;"Outras"
84594100;0;"De comando numérico"
84594900;0;"Outras"
84595100;0;"De comando numérico"
84595900;0;"Outras"
84596100;0;"De comando numérico"
84596900;0;"Outras"
84597000;0;"Outras máquinas para roscar interior ou exteriormente"
84601200;0;"De comando numérico"
84601900;0;"Outras"
84602200;0;"Máquinas para retificar sem centro, de comando numérico"
84602300;0;"Outras máquinas para retificar superfícies cilíndricas, de comando numérico"
84602400;0;"Outras, de comando numérico"
84602900;0;"Outras"
84603100;0;"De comando numérico"
84603900;0;"Outras"
84604011;0;"Brunidoras para cilindros de diâmetro inferior ou igual a 312 mm"
84604019;0;"Outras"
84604091;0;"Brunidoras para cilindros de diâmetro inferior ou igual a 312 mm"
84604099;0;"Outras"
84609011;0;"De polir, com cinco ou mais cabeças e porta -peças rotativo"
84609012;0;"De esmerilhar, com duas ou mais cabeças e porta-peças rotativo"
84609019;0;"Outras"
84609090;0;"Outras"
84612010;0;"Para escatelar"
84612090;0;"Outras"
84613010;0;"De comando numérico"
84613090;0;"Outras"
84614010;0;"De comando numérico"
84614091;0;"Redondeadoras de dentes"
84614099;0;"Outras"
84615010;0;"De fitas sem fim"
84615020;0;"Circulares"
84615090;0;"Outras"
84619010;0;"De comando numérico"
84619090;0;"Outras"
84621100;0;"Máquinas para forjamento em matriz fechada"
84621900;0;"Outras"
84622200;0;"Máquinas para formação de perfis"
84622300;0;"Prensas dobradeiras, de comando numérico"
84622400;0;"Prensas para painéis, de comando numérico"
84622500;0;"Máquinas de conformação por rolos, de comando numérico"
84622600;0;"Outras máquinas para enrolar, arquear, dobrar, endireitar ou aplanar, de comando numérico"
84622900;0;"Outras"
84623200;0;"Linhas de corte longitudinal e linhas de corte transversal"
84623300;0;"Máquinas para cisalhar, de comando numérico"
84623900;0;"Outras"
84624200;0;"De comando numérico"
84624900;0;"Outras"
84625100;0;"De comando numérico"
84625900;0;"Outras"
84626100;0;"Prensas hidráulicas"
84626200;0;"Prensas mecânicas"
84626300;0;"Servoprensas"
84626900;0;"Outras"
84629000;0;"Outras"
84631010;0;"Para estirar tubos"
84631090;0;"Outros"
84632010;0;"De comando numérico"
84632091;0;"De pente plano, com capacidade de produção igual ou superior a 160 unidades por minuto, de diâmetro de rosca compreendido entre 3 mm e 10 mm"
84632099;0;"Outras"
84633000;0;"Máquinas para trabalhar arames e fios de metal"
84639010;0;"De comando numérico"
84639090;0;"Outras"
84641000;0;"Máquinas para serrar"
84642010;0;"Para vidro"
84642021;0;"De polir placas, para pavimentação ou revestimento, com oito ou mais cabeças"
84642029;0;"Outras"
84642090;0;"Outras"
84649011;0;"De comando numérico, para retificar, fresar e perfurar"
84649019;0;"Outras"
84649090;0;"Outras"
84651000;0;"Máquinas-ferramentas capazes de efetuar diferentes tipos de operações sem troca de ferramentas"
84652000;0;"Centros de usinagem (fabricação*)"
84659110;0;"De fita sem fim"
84659120;0;"Circulares"
84659190;0;"Outras"
84659211;0;"Fresadoras"
84659219;0;"Outras"
84659290;0;"Outras"
84659310;0;"Lixadeiras"
84659390;0;"Outras"
84659400;0;"Máquinas para arquear ou reunir"
84659511;0;"Para furar"
84659512;0;"Para escatelar"
84659591;0;"Para furar"
84659592;0;"Para escatelar"
84659600;0;"Máquinas para fender, seccionar ou desenrolar"
84659900;0;"Outras"
84661000;0;"Porta-ferramentas e fieiras de abertura automática"
84662010;0;"Para tornos"
84662090;0;"Outros"
84663000;0;"Dispositivos divisores e outros dispositivos especiais, para máquinas"
84669100;0;"Para máquinas da posição 84.64"
84669200;0;"Para máquinas da posição 84.65"
84669311;3.25;"Para máquinas da subposição 8456.20"
84669319;0;"Outras"
84669320;0;"Para máquinas da posição 84.57"
84669330;0;"Para máquinas da posição 84.58"
84669340;0;"Para máquinas da posição 84.59"
84669350;0;"Para máquinas da posição 84.60"
84669360;0;"Para máquinas da posição 84.61"
84669410;0;"Para máquinas das subposições 8462.11 ou 8462.19"
84669420;0;"Para máquinas das subposições 8462.22 a 8462.29"
84669490;0;"Outras"
84671110;3.25;"Furadeiras"
84671190;3.25;"Outras"
84671900;3.25;"Outras"
84672100;5.2;"Furadeiras (perfuradoras) de qualquer espécie, incluindo as rotativas"
84672200;5.2;"Serras"
84672910;5.2;"Tesouras"
84672991;5.2;"Cortadoras de tecidos"
84672992;5.2;"Parafusadeiras e rosqueadeiras"
84672993;5.2;"Martelos"
84672999;5.2;"Outras"
84678100;5.2;"Serras de corrente"
84678900;5.2;"Outras"
84679100;5.2;"De serras de corrente"
84679200;5.2;"De ferramentas pneumáticas"
84679900;5.2;"Outras"
84681000;3.25;"Maçaricos de uso manual"
84682000;0;"Outras máquinas e aparelhos a gás"
84688010;0;"Para soldar por fricção"
84688090;0;"Outras"
84689010;3.25;"De maçaricos de uso manual"
84689020;3.25;"De máquinas ou aparelhos para soldar por fricção"
84689090;3.25;"Outras"
84701000;9.75;"Calculadoras eletrônicas capazes de funcionar sem fonte externa de energia elétrica e máquinas de bolso com função de cálculo incorporada que permitam gravar, reproduzir e visualizar informações"
84702100;9.75;"Com dispositivo impressor incorporado"
84702900;9.75;"Outras"
84703000;9.75;"Outras máquinas de calcular"
84705010;9.75;"Eletrônicas"
84705090;15;"Outras"
84709010;9.75;"Máquinas de franquear correspondência"
84709090;9.75;"Outras"
84713011;15;"De peso inferior a 350 g, com tela de área não superior a 140 cm2"
84713012;15;"De peso inferior a 3,5 kg, com tela de área superior a 140 cm2, mas inferior a 560 cm2"
84713019;15;"Outras"
84713090;15;"Outras"
84714100;9.75;"Que contenham, no mesmo corpo, pelo menos uma unidade central de processamento e, mesmo combinadas, uma unidade de entrada e uma unidade de saída"
84714900;9.75;"Outras, apresentadas sob a forma de sistemas"
84715010;15;"De pequena capacidade, baseadas em microprocessadores, com capacidade de instalação, dentro do mesmo gabinete, de unidades de memória da subposição 8471.70, podendo conter múltiplos conectores de expansão (slots), e valor FOB inferior ou igual a US$ 12.500,00, por unidade"
84715020;15;"De média capacidade, podendo conter no máximo uma unidade de entrada e outra de saída da subposição 8471.60, com capacidade de instalação, dentro do mesmo gabinete, de unidades de memória da subposição 8471.70, podendo conter múltiplos conectores de expansão (slots), e valor FOB superior a US$ 12.500,00, mas não superior a US$ 46.000,00, por unidade"
84715030;15;"De grande capacidade, podendo conter no máximo uma unidade de entrada e outra de saída da subposição 8471.60, com capacidade de instalação interna, ou em módulos separados do gabinete do processador central, de unidades de memória da subposição 8471.70, e valor FOB superior a US$ 46.000,00, mas não superior a US$ 100.000,00, por unidade"
84715040;15;"De muito grande capacidade, podendo conter no máximo uma unidade de entrada e outra de saída da subposição 8471.60, com capacidade de instalação interna, ou em módulos separados do gabinete do processador central, de unidades de memória da subposição 8471.70, e valor FOB superior a US$ 100.000,00, por unidade"
84715090;15;"Outras"
84716052;9.75;"Teclados"
84716053;9.75;"Indicadores ou apontadores (mouse e track-ball, por exemplo)"
84716054;9.75;"Mesas digitalizadoras"
84716059;9.75;"Outras"
84716061;9.75;"Com unidade de saída por vídeo monocromático"
84716062;9.75;"Com unidade de saída por vídeo policromático"
84716080;9.75;"Terminais de auto-atendimento bancário"
84716090;9.75;"Outras"
84717010;9.75;"De discos magnéticos"
84717020;6.5;"De discos para leitura ou gravação de dados por meios ópticos (unidade de disco óptico)"
84717030;9.75;"De fitas magnéticas"
84717040;9.75;"De estado sólido (SSD - Solid-State Drive)"
84717090;9.75;"Outras, incluídas as combinações de unidades de, pelo menos, dois dos itens precedentes"
84718000;9.75;"Outras unidades de máquinas automáticas para processamento de dados"
84719011;9.75;"De cartões magnéticos"
84719012;9.75;"Leitores de códigos de barras"
84719013;9.75;"Leitores de caracteres magnetizáveis"
84719014;15;"Digitalizadores de imagens (scanners)"
84719019;9.75;"Outros"
84719090;9.75;"Outros"
84721000;13;"Duplicadores"
84723010;13;"Máquinas automáticas para obliterar selos postais"
84723020;13;"Máquinas automáticas para seleção de correspondência por formato e classificação e distribuição da mesma por leitura óptica do código postal"
84723030;13;"Máquinas automáticas para seleção e distribuição de encomendas, por leitura óptica do código postal"
84723090;13;"Outras"
84729010;15;"Distribuidores (dispensadores) automáticos de notas (papéis-moeda), incluindo os que efetuam outras operações bancárias"
84729020;9.75;"Máquinas do tipo utilizado em caixas de banco, com dispositivo para autenticar"
84729030;13;"Máquinas para selecionar e contar moedas ou notas (papéis-moeda)"
84729040;13;"Máquinas apontadoras de lápis (apara-lápis), perfuradores, grampeadores e desgrampeadores"
84729051;9.75;"Com capacidade de classificação superior a 400 documentos por minuto"
84729059;9.75;"Outras"
84729091;13;"Máquinas para imprimir endereços ou para estampar placas de endereços"
84729099;13;"Outros"
84732100;1.3;"Das calculadoras eletrônicas das subposições 8470.10, 8470.21 ou 8470.29"
84732910;15;"Circuitos impressos com componentes elétricos ou eletrônicos, montados, para caixas registradoras"
84732920;13;"De máquinas da subposição 8470.30"
84732990;15;"Outros"
84733011;6.5;"Com fonte de alimentação, mesmo com módulo display numérico"
84733019;6.5;"Outros"
84733031;6.5;"Conjuntos cabeça-disco (HDA - Head Disk Assembly) de unidades de discos rígidos, montados"
84733032;1.3;"Braços posicionadores de cabeças magnéticas"
84733033;1.3;"Cabeças magnéticas"
84733034;6.5;"Mecanismos bobinadores para unidades de fitas magnéticas (magnetic tape transporter)"
84733039;6.5;"Outras"
84733041;15;"Placas-mãe (mother boards)"
84733042;15;"Placas (módulos) de memória com uma superfície inferior ou igual a 50 cm2"
84733049;15;"Outros"
84733090;6.5;"Outros"
84734010;9.75;"Circuitos impressos com componentes elétricos ou eletrônicos, montados"
84734070;10;"Outras partes e acessórios das máquinas dos itens 8472.90.10 ou 8472.90.20"
84734090;6.5;"Outros"
84735010;15;"Circuitos impressos com componentes elétricos ou eletrônicos, montados"
84735040;3.25;"Cabeças magnéticas"
84735050;9.75;"Placas (módulos) de memória com uma superfície inferior ou igual a 50 cm2"
84735090;10;"Outros"
84741000;0;"Máquinas e aparelhos para selecionar, peneirar, separar ou lavar"
84742010;0;"De bolas"
84742090;0;"Outros"
84743100;0;"Betoneiras e aparelhos para amassar cimento"
84743200;0;"Máquinas para misturar matérias minerais com betume"
84743900;0;"Outros"
84748010;0;"Para fazer moldes de areia para fundição"
84748090;0;"Outras"
84749000;0;"Partes"
84751000;0;"Máquinas para montagem de lâmpadas, tubos ou válvulas, elétricos ou eletrônicos, ou de lâmpadas de luz relâmpago (flash), que tenham invólucro de vidro"
84752100;0;"Máquinas para fabricação de fibras ópticas e de seus esboços"
84752910;0;"Para fabricação de recipientes da posição 70.10, exceto ampolas"
84752990;0;"Outras"
84759000;3.25;"Partes"
84762100;11.7;"Com dispositivo de aquecimento ou de refrigeração incorporado"
84762900;11.7;"Outras"
84768100;11.7;"Com dispositivo de aquecimento ou de refrigeração incorporado"
84768910;11.7;"Máquinas automáticas de venda de selos postais"
84768990;11.7;"Outras"
84769000;11.7;"Partes"
84771011;0;"Monocolor, para materiais termoplásticos, com capacidade de injeção inferior ou igual a 5.000 g e força de fechamento inferior ou igual a 12.000 kN"
84771019;0;"Outras"
84771021;0;"Monocolor, para materiais termoplásticos, com capacidade de injeção inferior ou igual a 5.000 g e
força de fechamento inferior ou igual a 12.000 kN"
84771029;0;"Outras"
84771091;0;"De comando numérico"
84771099;0;"Outras"
84772010;0;"Para materiais termoplásticos, de diâmetro da rosca inferior ou igual a 300 mm"
84772090;0;"Outras"
84773010;0;"Para fabricação de recipientes termoplásticos de capacidade inferior ou igual a 5 l, com uma produção inferior ou igual a 1.000 unidades por hora, referente a recipiente de 1 l"
84773090;0;"Outras"
84774010;0;"De moldar a vácuo poliestireno expandido (EPS) ou polipropileno expandido (EPP)"
84774090;0;"Outras"
84775100;0;"Para moldar ou recauchutar pneumáticos ou para moldar ou dar forma a câmaras de ar"
84775911;0;"Com capacidade inferior ou igual a 30.000 kN"
84775919;0;"Outras"
84775990;0;"Outras"
84778010;0;"Máquina de unir lâminas de borracha entre si ou com tecidos com borracha, para fabricação de pneumáticos"
84778090;0;"Outras"
84779000;3.25;"Partes"
84781010;6.5;"Batedoras-separadoras automáticas de talos e folhas"
84781090;6.5;"Outros"
84789000;6.5;"Partes"
84791010;0;"Automotrizes para espalhar e calcar pisos (pavimentos) betuminosos"
84791090;0;"Outros"
84792000;0;"Máquinas e aparelhos para extração ou preparação de óleos ou gorduras vegetais ou de origem microbiana, fixos, ou de animais"
84793000;0;"Prensas para fabricação de painéis de partículas, de fibras de madeira ou de outras matérias lenhosas, e outras máquinas e aparelhos para tratamento de madeira ou de cortiça"
84794000;0;"Máquinas para fabricação de cordas ou cabos"
84795000;0;"Robôs industriais, não especificados nem compreendidos noutras posições"
84796000;0;"Aparelhos de evaporação para arrefecimento do ar"
84797100;0;"Do tipo utilizado em aeroportos"
84797900;0;"Outras"
84798110;0;"Diferenciadores das tensões de tração de entrada e saída da chapa, em instalações de galvanoplastia"
84798190;0;"Outros"
84798210;0;"Misturadores"
84798290;0;"Outros"
84798300;0;"Prensas isostáticas a frio"
84798911;0;"Prensas"
84798912;0;"Distribuidores e doseadores de sólidos ou de líquidos"
84798921;0;"Máquinas e aparelhos para cestaria ou espartaria"
84798922;0;"Máquinas e aparelhos para fabricação de pincéis, brochas ou escovas"
84798931;3.25;"Limpadores de para-brisas"
84798932;3.25;"Acumuladores"
84798940;0;"Silos metálicos para cereais, fixos (não transportáveis), incluindo as baterias, com mecanismos elevadores ou extratores incorporados"
84798991;0;"Aparelhos para limpar peças por ultrassom"
84798992;3.25;"Máquinas de leme para embarcações"
84798999;0;"Outros"
84799010;3.25;"De limpadores de para-brisas elétricos ou de acumuladores hidráulicos para aeronaves"
84799090;0;"Outras"
84801000;0;"Caixas de fundição"
84802000;0;"Placas de fundo para moldes"
84803000;0;"Modelos para moldes"
84804100;0;"Para moldagem por injeção ou por compressão"
84804910;0;"Coquilhas"
84804990;0;"Outros"
84805000;0;"Moldes para vidro"
84806000;0;"Moldes para matérias minerais"
84807100;0;"Para moldagem por injeção ou por compressão"
84807910;0;"Para vulcanização de pneumáticos"
84807990;0;"Outros"
84811000;0;"Válvulas redutoras de pressão"
84812011;3.25;"Com pinhão"
84812019;3.25;"Outras"
84812090;0;"Outras"
84813000;0;"Válvulas de retenção"
84814000;0;"Válvulas de segurança ou de alívio"
84818011;0;"Válvulas para escoamento"
84818019;0;"Outros"
84818021;0;"Válvulas de expansão termostáticas ou pressostáticas"
84818029;0;"Outros"
84818031;2.6;"Com uma pressão de trabalho inferior ou igual a 50 mbar e dispositivo de segurança termoelétrico incorporado, do tipo utilizado em aparelhos domésticos"
84818039;2.6;"Outros"
84818091;7.8;"Válvulas tipo aerossol"
84818092;0;"Válvulas solenoides"
84818093;0;"Válvulas tipo gaveta"
84818094;0;"Válvulas tipo globo"
84818095;0;"Válvulas tipo esfera"
84818096;0;"Válvulas tipo macho"
84818097;0;"Válvulas tipo borboleta"
84818099;3.25;"Outros"
84819010;7.8;"De válvulas tipo aerossol ou dos dispositivos do item 8481.80.1"
84819090;0;"Outras"
84821010;7.8;"De carga radial"
84821090;7.8;"Outros"
84822010;7.8;"De carga radial"
84822090;7.8;"Outros"
84823000;7.8;"Rolamentos de roletes em forma de tonel"
84824000;7.8;"Rolamentos de agulhas, incluindo as montagens de gaiolas e agulhas"
84825010;7.8;"De carga radial"
84825090;7.8;"Outros"
84828000;7.8;"Outros, incluindo os rolamentos combinados"
84829111;7.8;"Para carga de canetas esferográficas"
84829119;7.8;"Outras"
84829120;7.8;"Roletes cilíndricos"
84829130;7.8;"Roletes cônicos"
84829190;7.8;"Outros"
84829910;7.8;"Selos, capas e porta-esferas de aço"
84829990;7.8;"Outras"
84831011;0;"Forjados, de peso igual ou superior a 900 kg e comprimento igual ou superior a 2.000 mm"
84831019;0;"Outros"
84831020;0;"Árvores de cames para comando de válvulas"
84831030;0;"Veios flexíveis"
84831040;0;"Manivelas"
84831050;7.8;"Árvores de transmissão providas de acoplamentos dentados com entalhes de proteção contra sobrecarga, de comprimento igual ou superior a 1500 mm e diâmetro do eixo igual ou superior a 400 mm"
84831090;0;"Outras"
84832000;7.8;"Mancais (chumaceiras) com rolamentos incorporados"
84833010;7.8;"Montados com 'bronzes' de metal antifricção"
84833021;7.8;"De diâmetro interno igual ou superior a 200 mm"
84833029;7.8;"Outros"
84833090;7.8;"Outros"
84834010;0;"Redutores, multiplicadores, caixas de transmissão e variadores de velocidade, incluindo os
conversores de torque"
84834090;0;"Outros"
84835010;7.8;"Polias, exceto as de rolamentos reguladoras de tensão"
84835090;7.8;"Outros"
84836011;0;"De fricção"
84836019;0;"Outras"
84836090;0;"Outros"
84839000;0;"Rodas dentadas e outros elementos de transmissão apresentados separadamente; partes"
84841000;7.8;"Juntas metaloplásticas"
84842000;6.5;"Juntas de vedação mecânicas"
84849000;7.8;"Outros"
84851000;0;"Por depósito de metal"
84852000;0;"Por depósito de plástico ou de borracha"
84853000;0;"Por depósito de gesso, cimento, cerâmica ou de vidro"
84858000;0;"Outras"
84859000;3.25;"Partes"
84861000;0;"Máquinas e aparelhos para fabricação de boules ou wafers"
84862000;0;"Máquinas e aparelhos para fabricação de dispositivos semicondutores ou de circuitos integrados eletrônicos"
84863000;0;"Máquinas e aparelhos para fabricação de dispositivos de visualização de tela (ecrã*) plana"
84864000;0;"Máquinas e aparelhos especificados na Nota 11 C) do presente Capítulo"
84869000;0;"Partes e acessórios"
84871000;6.5;"Hélices para embarcações e suas pás"
84879000;6.5;"Outras"
85011011;3.25;"De passo não superior a 1,8°"
85011019;6.5;"Outros"
85011021;6.5;"Síncronos"
85011029;10;"Outros"
85011030;6.5;"Universais"
85012000;6.5;"Motores universais de potência superior a 37,5 W"
85013110;6.5;"Motores"
85013120;0;"Geradores"
85013210;0;"Motores"
85013220;0;"Geradores"
85013310;0;"Motores"
85013320;0;"Geradores"
85013411;0;"De potência não superior a 3.000 kW"
85013419;0;"Outros"
85013420;0;"Geradores"
85014011;0;"Síncronos"
85014019;6.5;"Outros"
85014021;0;"Síncronos"
85014029;6.5;"Outros"
85015110;3.25;"Trifásicos, com rotor de gaiola"
85015120;0;"Trifásicos, com rotor de anéis"
85015190;0;"Outros"
85015210;0;"Trifásicos, com rotor de gaiola"
85015220;0;"Trifásicos, com rotor de anéis"
85015290;0;"Outros"
85015310;0;"Trifásicos, de potência não superior a 7.500 kW"
85015320;0;"Trifásicos, de potência superior a 7.500 kW, mas não superior a 30.000 kW"
85015330;0;"Trifásicos, de potência superior a 30.000 kW, mas não superior a 50.000 kW"
85015390;0;"Outros"
85016100;0;"De potência não superior a 75 kVA"
85016200;0;"De potência superior a 75 kVA, mas não superior a 375 kVA"
85016300;0;"De potência superior a 375 kVA, mas não superior a 750 kVA"
85016400;0;"De potência superior a 750 kVA"
85017100;0;"De potência não superior a 50 W"
85017210;0;"De potência não superior a 75 kW"
85017290;0;"Outros"
85018000;0;"Geradores fotovoltaicos de corrente alternada"
85021110;0;"De corrente alternada"
85021190;0;"Outros"
85021210;0;"De corrente alternada"
85021290;0;"Outros"
85021311;0;"De potência não superior a 430 kVA"
85021319;0;"Outros"
85021390;0;"Outros"
85022011;0;"De potência não superior a 210 kVA"
85022019;0;"Outros"
85022090;0;"Outros"
85023100;0;"De energia eólica"
85023900;0;"Outros"
85024010;0;"De frequência"
85024090;0;"Outros"
85030010;6.5;"De motores ou geradores das subposições 8501.10, 8501.20, 8501.31, 8501.32 ou do item 8501.40.1"
85030090;6.5;"Outras"
85041000;3.25;"Reatores (Balastros*) para lâmpadas ou tubos de descarga"
85042100;0;"De potência não superior a 650 kVA"
85042200;0;"De potência superior a 650 kVA, mas não superior a 10.000 kVA"
85042300;0;"De potência superior a 10.000 kVA"
85043111;6.5;"Transformadores de corrente"
85043119;6.5;"Outros"
85043191;3.25;"Transformador de saída horizontal (fly back), com tensão de saída superior a 18 kV e frequência de varredura horizontal igual ou superior a 32 kHz"
85043192;13;"Transformadores de FI, de detecção, de relação, de linearidade ou de foco"
85043193;6.5;"Outros, de largura e comprimento não superior a 50 mm e altura não superior a 25 mm, próprios para montagem por inserção (PTH -Pin Through Hole) ou montagem em superfície (SMD -Surface Mounted Device)"
85043199;6.5;"Outros"
85043211;0;"Para frequências inferiores ou iguais a 60 Hz"
85043219;0;"Outros"
85043221;0;"Para frequências inferiores ou iguais a 60 Hz"
85043229;0;"Outros"
85043300;0;"De potência superior a 16 kVA, mas não superior a 500 kVA"
85043400;0;"De potência superior a 500 kVA"
85044010;5;"Carregadores de acumuladores"
85044021;3.75;"De cristal (semicondutores)"
85044022;3.25;"Eletrolíticos"
85044029;5;"Outros"
85044030;15;"Conversores de corrente contínua"
85044040;9.75;"Equipamento de alimentação ininterrupta de energia (UPS ou no break)"
85044050;9.75;"Conversores eletrônicos de frequência, para variação de velocidade de motores elétricos"
85044060;9.75;"Aparelhos eletrônicos de alimentação de energia do tipo utilizado para iluminação de emergência"
85044090;9.75;"Outros"
85045010;0;"De largura e comprimento não superior a 45 mm e altura não superior a 30 mm, próprias para montagem por inserção (PTH -Pin Through Hole) ou montagem em superfície (SMD -Surface Mounted Device)"
85045090;0;"Outras"
85049010;6.5;"Núcleos de pó ferromagnético"
85049020;6.5;"De reatores para lâmpadas ou tubos de descarga"
85049030;6.5;"De transformadores das subposições 8504.21, 8504.22, 8504.23, 8504.33 ou 8504.34"
85049040;6.5;"De conversores estáticos, exceto de carregadores de acumuladores e de retificadores"
85049090;6.5;"Outras"
85051100;9.75;"De metal"
85051910;9.75;"De ferrita (cerâmicos)"
85051990;9.75;"Outros"
85052010;3.25;"Freios (travões) que atuam por corrente de Foucault, do tipo utilizado nos veículos das posições 87.01
a 87.05"
85052090;3.25;"Outros"
85059011;3.25;"Do tipo utilizado em aparelhos de diagnóstico de imagem por ressonância magnética"
85059019;3.25;"Outros"
85059080;9.75;"Outros"
85059090;9.75;"Partes"
85061011;9.75;"De tensão igual a 1,5 V, cilíndricas, do tipo LR14 (C)"
85061012;9.75;"De tensão igual a 1,5 V, cilíndricas, do tipo LR20 (D)"
85061019;9.75;"Outras"
85061020;9.75;"Outras pilhas"
85061031;9.75;"Alcalinas, de tensão igual a 9 V"
85061032;9.75;"Alcalinas, de tensão igual a 12 V"
85061039;9.75;"Outras"
85063010;9.75;"Com volume exterior não superior a 300 cm3"
85063090;9.75;"Outras"
85064010;9.75;"Com volume exterior não superior a 300 cm3"
85064090;9.75;"Outras"
85065010;9.75;"Com volume exterior não superior a 300 cm3"
85065090;9.75;"Outras"
85066010;9.75;"Com volume exterior não superior a 300 cm3"
85066090;9.75;"Outras"
85068010;9.75;"Com volume exterior não superior a 300 cm3"
85068090;9.75;"Outras"
85069000;9.75;"Partes"
85071010;9.75;"De capacidade inferior ou igual a 20 Ah e tensão inferior ou igual a 12 V"
85071090;9.75;"Outros"
85072010;9.75;"De peso inferior ou igual a 1.000 kg"
85072090;9.75;"Outros"
85073011;9.75;"De capacidade inferior ou igual a 15 Ah"
85073019;9.75;"Outros"
85073090;9.75;"Outros"
85075010;9.75;"De tensão igual a 1,2 V, cilíndricos do tipo HR6 (AA)"
85075020;9.75;"De tensão igual a 1,2 V, cilíndricos do tipo HR03 (AAA)"
85075090;9.75;"Outros"
85076000;11.25;"De íon de lítio"
85078000;9.75;"Outros acumuladores"
85079010;9.75;"Separadores"
85079020;9.75;"Recipientes de plástico, suas tampas e tampões"
85079090;15;"Outras"
85081100;6.5;"De potência não superior a 1.500 W e cujo volume do reservatório não exceda 20 l"
85081900;6.5;"Outros"
85086000;6.5;"Outros aspiradores"
85087000;6.5;"Partes"
85094010;6.5;"Liquidificadores"
85094020;6.5;"Batedeiras"
85094030;6.5;"Moedores de carne"
85094040;6.5;"Extratores centrífugos de sucos"
85094050;6.5;"Aparelhos de funções múltiplas, providos de acessórios intercambiáveis, para processar alimentos"
85094090;6.5;"Outros"
85098010;6.5;"Enceradeiras de pisos"
85098090;6.5;"Outros"
85099000;10;"Partes"
85101000;13;"Aparelhos ou máquinas de barbear"
85102000;13;"Máquinas de cortar o cabelo ou de tosquiar"
85103000;6.5;"Aparelhos de depilar"
85109011;13;"Lâminas"
85109019;13;"Outras"
85109020;13;"Pentes e contrapentes para máquinas de tosquiar"
85109090;13;"Outras"
85111000;9.75;"Velas de ignição"
85112010;9.75;"Magnetos"
85112090;9.75;"Outros"
85113010;9.75;"Distribuidores"
85113020;9.75;"Bobinas de ignição"
85114000;9.75;"Motores de arranque, mesmo funcionando como geradores"
85115010;9.75;"Dínamos e alternadores"
85115090;15;"Outros"
85118010;9.75;"Velas de aquecimento"
85118020;9.75;"Reguladores de voltagem (conjuntores-disjuntores)"
85118030;9.75;"Ignição eletrônica digital"
85118090;9.75;"Outros"
85119000;9.75;"Partes"
85121000;9.75;"Aparelhos de iluminação ou de sinalização visual do tipo utilizado em bicicletas"
85122011;9.75;"Faróis"
85122019;9.75;"Outros"
85122021;9.75;"Luzes fixas"
85122022;9.75;"Luzes indicadoras de manobras"
85122023;9.75;"Caixas de luzes combinadas"
85122029;9.75;"Outros"
85123000;9.75;"Aparelhos de sinalização acústica"
85124010;9.75;"Limpadores de para-brisas"
85124020;9.75;"Degeladores e desembaçadores"
85129000;9.75;"Partes"
85131010;9.75;"Manuais"
85131090;9.75;"Outras"
85139000;9.75;"Partes"
85141100;3.25;"Prensas isostáticas a quente"
85141900;3.25;"Outros"
85142011;0;"Industriais"
85142019;3.25;"Outros"
85142020;3.25;"Por perdas dielétricas"
85143100;0;"Fornos de feixe de elétrons"
85143200;3.25;"Fornos de plasma e fornos de arco a vácuo"
85143900;0;"Outros"
85144000;0;"Outros aparelhos para tratamento térmico de matérias por indução ou por perdas dielétricas"
85149000;3.25;"Partes"
85151100;3.25;"Ferros e pistolas"
85151900;0;"Outros"
85152100;0;"Inteira ou parcialmente automáticos"
85152900;0;"Outros"
85153110;0;"Robôs para soldar, por arco, em atmosfera inerte (MIG - Metal Inert Gas) ou atmosfera ativa (MAG -
Metal Active Gas), de comando numérico"
85153190;0;"Outros"
85153900;0;"Outros"
85158010;0;"Para soldar a laser"
85158090;0;"Outros"
85159000;0;"Partes"
85161000;13;"Aquecedores elétricos de água, incluindo os de imersão"
85162100;13;"Radiadores de acumulação"
85162900;13;"Outros"
85163100;20;"Secadores de cabelo"
85163200;20;"Outros aparelhos para arranjos do cabelo"
85163300;13;"Aparelhos para secar as mãos"
85164000;6.5;"Ferros elétricos de passar"
85165000;35;"Fornos de micro-ondas"
85166000;7.8;"Outros fornos; fogões de cozinha, fogareiros (incluindo as chapas de cocção), grelhas e assadeiras"
85167100;7.8;"Aparelhos para preparação de café ou de chá"
85167200;7.8;"Torradeiras de pão"
85167910;7.8;"Panelas"
85167920;7.8;"Fritadoras"
85167990;9.75;"Outros"
85168010;6.5;"Para aparelhos da presente posição"
85168090;6.5;"Outras"
85169000;10;"Partes"
85171100;6.5;"Aparelhos telefônicos por fio com unidade auscultador-microfone sem fio"
85171300;15;"Telefones inteligentes (smartphones)"
85171410;9.75;"De radiotelefonia, analógicos"
85171431;11.25;"Portáteis"
85171432;9.75;"Fixos, sem fonte própria de energia"
85171439;9.75;"Outros"
85171441;9.75;"Digitais, operando em banda C, Ku, L ou S"
85171449;9.75;"Outros"
85171490;9.75;"Outros"
85171830;6.5;"Não combinados com outros aparelhos"
85171890;6.5;"Outros"
85176130;15;"De telefonia celular"
85176141;9.75;"Principal terrena fixa, sem conjunto antena-refletor"
85176142;9.75;"VSAT (Very Small Aperture Terminal), sem conjunto antena-refletor"
85176143;9.75;"Digitais, operando em banda C, Ku, L ou S"
85176149;9.75;"Outras"
85176191;9.75;"Digitais, de frequência igual ou superior a 15 GHz e inferior ou igual a 23 GHz e taxa de transmissão inferior ou igual a 8 Mbit/s"
85176192;9.75;"Digitais, de frequência superior a 23 GHz"
85176199;9.75;"Outras"
85176214;9.75;"Concentradores de linhas de assinantes (terminais de central ou terminal remoto)"
85176215;9.75;"Multiplexadores"
85176221;9.75;"Centrais automáticas públicas, incluindo as de trânsito"
85176229;9.75;"Outros"
85176234;9.75;"Aparelhos para comutação de pacotes de dados (switches)"
85176239;9.75;"Outros"
85176241;15;"Com capacidade de conexão sem fio"
85176249;9.75;"Outros"
85176251;9.75;"Terminais ou repetidores sobre linhas metálicas"
85176252;9.75;"Terminais ou repetidores sobre linhas de fibras ópticas, com velocidade de transmissão superior a 2,5 Gbit/s"
85176253;9.75;"Terminais de texto que operem com código de transmissão Baudot, providos de teclado
alfanumérico e visor, mesmo com telefone incorporado"
85176254;9.75;"Distribuidores de conexões para redes (hubs)"
85176255;11.25;"Moduladores-demoduladores (modems)"
85176256;10;"Interfones"
85176259;15;"Outros"
85176262;15;"De tecnologia celular"
85176264;9.75;"Por satélite, digitais, operando em banda C, Ku, L ou S"
85176265;9.75;"Outros, por satélite"
85176272;15;"De frequência inferior a 15 GHz e de taxa de transmissão inferior ou igual a 34 Mbit/s, exceto os interfones"
85176273;10;"Interfones"
85176277;15;"Outros, de frequência inferior a 15 GHz"
85176278;9.75;"De frequência igual ou superior a 15 GHz, mas inferior ou igual a 23 GHz e taxa de transmissão inferior ou igual a 8 Mbit/s"
85176279;15;"Outros"
85176291;9.75;"Aparelhos transmissores (emissores)"
85176294;9.75;"Tradutores (conversores) de protocolos para interconexão de redes (gateways)"
85176296;9.75;"Outros, analógicos"
85176299;13;"Outros"
85176900;9.75;"Outros"
85177110;3.25;"Antenas próprias para telefones celulares portáteis"
85177120;6.5;"Antenas próprias para estações-base de telefonia celular"
85177190;6.5;"Outras"
85177900;7.5;"Outras"
85181010;3.25;"Piezelétricos próprios para aparelhos telefônicos"
85181090;9.75;"Outros"
85182100;15;"Alto-falante (altifalante) único montado na sua caixa (coluna)"
85182200;15;"Alto-falantes (altifalantes) múltiplos montados na mesma caixa (coluna)"
85182910;3.25;"Piezelétricos próprios para aparelhos telefônicos"
85182990;9.75;"Outros"
85183000;9.75;"Fones de ouvido (Auscultadores e auriculares*), mesmo combinados com um microfone, e conjuntos ou sortidos constituídos por um microfone e um ou mais alto-falantes (altifalantes)"
85184000;15;"Amplificadores elétricos de audiofrequência"
85185000;9.75;"Aparelhos elétricos de amplificação de som"
85189010;9.75;"De alto-falantes (altifalantes)"
85189090;15;"Outras"
85192000;16.25;"Aparelhos que funcionem por introdução de moedas, notas (papéis-moeda), cartões de banco, fichas ou por outros meios de pagamento"
85193000;19.5;"Pratos de toca-discos (gira-discos*)"
85198110;19.5;"Com sistema de leitura óptica por laser (leitores de discos compactos)"
85198120;16.25;"Gravadores de som de cabinas de aeronaves"
85198190;16.25;"Outros"
85198900;16.25;"Outros"
85211010;16.25;"Gravador-reprodutor, sem sintonizador"
85211081;16.25;"Em cassete, de largura de fita igual a 12,65 mm (1/2”)"
85211089;16.25;"Outros"
85211090;16.25;"Outros, para fitas de largura igual ou superior a 19,05 mm (3/4”)"
85219000;15;"Outros"
85221000;16.25;"Fonocaptores"
85229000;16.25;"Outros"
85232110;9.75;"Não gravados"
85232120;9.75;"Gravados"
85232911;3.25;"Do tipo utilizado em unidades de discos rígidos"
85232919;9.75;"Outros"
85232990;9.75;"Outros"
85234110;9.75;"Discos para sistema de leitura por raios laser com possibilidade de serem gravados uma única vez"
85234190;9.75;"Outros"
85234910;15;"Para reprodução apenas do som"
85234920;9.75;"Para reprodução de fenômenos diferentes do som ou da imagem"
85234990;15;"Outros"
85235110;9.75;"Cartões de memória (memory cards)"
85235190;15;"Outros"
85235210;6.5;"Cartões e etiquetas de acionamento por aproximação"
85235290;3.25;"Outros"
85235900;9.75;"Outros"
85238000;9.75;"Outros"
85241100;6.5;"De cristais líquidos"
85241200;6.5;"De diodos emissores de luz orgânicos (OLED)"
85241900;6.5;"Outros"
85249100;10;"De cristais líquidos"
85249200;10;"De diodos emissores de luz orgânicos (OLED)"
85249900;10;"Outros"
85255011;9.75;"Em AM, com modulação por código ou largura de pulso, totalmente a semicondutor e com potência de saída superior a 10 kW"
85255019;9.75;"Outros"
85255021;9.75;"De frequência superior a 7 GHz"
85255022;9.75;"Em banda UHF, de frequência igual ou superior a 2,0 GHz, mas não superior a 2,7 GHz, com potência de saída igual ou superior a 10 W, mas não superior a 100 W"
85255023;9.75;"Em banda UHF, com potência de saída superior a 10 kW"
85255024;9.75;"Em banda VHF, com potência de saída igual ou superior a 20 kW"
85255029;9.75;"Outros"
85256010;9.75;"De radiodifusão"
85256020;9.75;"De televisão, de frequência superior a 7 GHz"
85256090;9.75;"Outros"
85258100;15;"Ultrarrápidas, mencionadas na Nota de subposições 1 do presente Capítulo"
85258200;15;"Outras, resistentes à radiação, mencionadas na Nota de subposições 2 do presente Capítulo"
85258300;15;"Outras, de visão noturna, mencionadas na Nota de subposições 3 do presente Capítulo"
85258911;13;"Com três ou mais captadores de imagem"
85258912;20;"Com sensor de imagem a semicondutor tipo CCD, de mais de 490 x 580 elementos de imagem (pixels) ativos, sensíveis a intensidades de iluminação inferiores a 0,20 lux"
85258913;13;"Com sensor de imagem a semicondutor tipo CMOS, de mais de 490 x 580 elementos de imagem (pixels) ativos, sensíveis a intensidades de iluminação inferiores a 0,20 lux"
85258914;13;"Outras, próprias para captar imagens exclusivamente no espectro infravermelho de comprimento de onda igual ou superior a 2 micrômetros (mícrons), mas não superior a 14 micrômetros (mícrons)"
85258919;20;"Outras"
85258921;13;"Com três ou mais captadores de imagem"
85258922;13;"Outras, próprias para captar imagens exclusivamente no espectro infravermelho de comprimento de onda igual ou superior a 2 micrômetros (mícrons), mas não superior a 14 micrômetros (mícrons)"
85258929;15;"Outras"
85261000;13;"Aparelhos de radiodetecção e de radiossondagem (radar)"
85269100;13;"Aparelhos de radionavegação"
85269200;13;"Aparelhos de radiotelecomando"
85271200;13;"Rádios toca-fitas (Rádios-leitores de cassetes*) de bolso"
85271300;20;"Outros aparelhos combinados com um aparelho de gravação ou de reprodução de som"
85271900;13;"Outros"
85272100;10;"Combinados com um aparelho de gravação ou de reprodução de som"
85272900;10;"Outros"
85279100;15;"Combinados com um aparelho de gravação ou de reprodução de som"
85279200;13;"Não combinados com um aparelho de gravação ou de reprodução de som, mas combinados com um relógio"
85279910;13;"Amplificador com sintonizador (receiver)"
85279990;13;"Outros"
85284200;9.75;"Capazes de serem conectados diretamente a uma máquina automática para processamento de dados da posição 84.71 e concebidos para serem utilizados com esta máquina"
85284930;13;"Policromáticos, com dispositivos de seleção de varredura (underscanning) e de retardo de sincronismo horizontal e vertical (H/V delay ou pulse cross)"
85284990;13;"Outros"
85285200;15;"Capazes de serem conectados diretamente a uma máquina automática para processamento de dados da posição 84.71 e concebidos para serem utilizados com esta máquina"
85285900;13;"Outros"
85286200;15;"Capazes de serem conectados diretamente a uma máquina automática para processamento de dados da posição 84.71 e concebidos para serem utilizados com esta máquina"
85286910;13;"Com tecnologia de dispositivo digital de microespelhos (DMD - Digital Micromirror Device)"
85286990;13;"Outros"
85287111;3.25;"Sem saída de radiofrequência (RF) modulada nos canais 3 ou 4, com saídas de áudio balanceadas com impedância de 600 Ohms, próprio para montagem em racks e com saída de vídeo com conector BNC"
85287119;3.75;"Outros"
85287190;15;"Outros"
85287200;20;"Outros, a cores"
85287300;13;"Outros, a preto e branco ou outros monocromos"
85291020;6.5;"Antenas com refletor parabólico"
85291090;6.5;"Outros"
85299011;6.5;"Gabinetes e bastidores"
85299012;15;"Circuitos impressos com componentes elétricos ou eletrônicos, montados"
85299019;6.5;"Outras"
85299020;7.5;"De aparelhos das posições 85.27 ou 85.28"
85299030;6.5;"De aparelhos da subposição 8526.10"
85299040;6.5;"De aparelhos da subposição 8526.91"
85299050;6.5;"De módulos de visualização da posição 85.24"
85299090;6.5;"Outras"
85301010;9.75;"Digitais, para controle de tráfego"
85301090;3.25;"Outros"
85308010;9.75;"Digitais, para controle de tráfego de automotores"
85308090;6.5;"Outros"
85309000;6.5;"Partes"
85311010;9.75;"Alarmes contra incêndio ou sobreaquecimento"
85311090;15;"Outros"
85312000;9.75;"Painéis indicadores com dispositivos de cristais líquidos (LCD) ou de diodos emissores de luz (LED)"
85318000;9.75;"Outros aparelhos"
85319000;9.75;"Partes"
85321000;0;"Condensadores fixos concebidos para linhas elétricas de 50/60 Hz e capazes de absorver uma potência reativa igual ou superior a 0,5 kvar (condensadores de potência)"
85322111;1.3;"Com tensão de isolação inferior ou igual a 125 V"
85322119;1.3;"Outros"
85322120;6.5;"Próprios para montagem por inserção (PTH - Pin Through Hole)"
85322190;6.5;"Outros"
85322200;6.5;"Eletrolíticos de alumínio"
85322310;3.25;"Próprios para montagem em superfície (SMD - Surface Mounted Device)"
85322390;6.5;"Outros"
85322410;1.3;"Próprios para montagem em superfície (SMD - Surface Mounted Device)"
85322420;6.5;"Próprios para montagem por inserção (PTH - Pin Through Hole)"
85322490;6.5;"Outros"
85322510;1.3;"Próprios para montagem em superfície (SMD - Surface Mounted Device)"
85322590;6.5;"Outros"
85322910;1.3;"Próprios para montagem em superfície (SMD - Surface Mounted Device)"
85322990;6.5;"Outros"
85323010;1.3;"Próprios para montagem em superfície (SMD - Surface Mounted Device)"
85323090;6.5;"Outros"
85329000;6.5;"Partes"
85331000;6.5;"Resistências fixas de carbono, aglomeradas ou de camada"
85332110;6.5;"De fio"
85332120;1.3;"Próprias para montagem em superfície (SMD - Surface Mounted Device)"
85332190;6.5;"Outras"
85332900;6.5;"Outras"
85333110;6.5;"Potenciômetros"
85333190;6.5;"Outras"
85333910;6.5;"Potenciômetros"
85333990;6.5;"Outras"
85334011;6.5;"Termistores"
85334012;6.5;"Varistores para uma tensão inferior ou igual a 1.000 V"
85334013;6.5;"Outros varistores"
85334019;6.5;"Outras"
85334091;6.5;"Potenciômetro de carvão, do tipo utilizado para determinar o ângulo de abertura da borboleta, em sistemas de injeção de combustível controlados eletronicamente"
85334092;6.5;"Outros potenciômetros de carvão"
85334099;6.5;"Outras"
85339000;6.5;"Partes"
85340011;6.5;"Com isolante de resina fenólica e papel celulósico"
85340012;6.5;"Com isolante de resina epóxida e papel celulósico"
85340013;6.5;"Com isolante de resina epóxida e tecido de fibra de vidro"
85340019;6.5;"Outros"
85340020;6.5;"Simples face, flexíveis"
85340031;6.5;"Com isolante de resina fenólica e papel celulósico"
85340032;6.5;"Com isolante de resina epóxida e papel celulósico"
85340033;6.5;"Com isolante de resina epóxida e tecido de fibra de vidro"
85340039;6.5;"Outros"
85340040;6.5;"Dupla face, flexíveis"
85340051;6.5;"Com isolante de resina epóxida e tecido de fibra de vidro"
85340059;6.5;"Outros"
85351000;0;"Fusíveis e corta-circuitos de fusíveis"
85352100;3.25;"Para uma tensão inferior a 72,5 kV"
85352900;0;"Outros"
85353013;3.25;"Interruptores a vácuo, sem dispositivo de acionamento (ampolas a vácuo)"
85353017;3.25;"Outros, com dispositivo de acionamento não automático"
85353018;3.25;"Outros, com dispositivo de acionamento automático, exceto os de contatos imersos em meio líquido"
85353019;3.25;"Outros"
85353023;0;"Interruptores a vácuo, sem dispositivo de acionamento (ampolas a vácuo)"
85353027;0;"Outros, com dispositivo de acionamento não automático"
85353028;0;"Outros, com dispositivo de acionamento automático, exceto os de contatos imersos em meio líquido"
85353029;0;"Outros"
85354010;0;"Para-raios para proteção de linhas de transmissão de eletricidade"
85354090;0;"Outros"
85359010;3.25;"Comutadores com ampolas a vácuo, sem interrupção de circulação de corrente durante a comutação, para uma corrente nominal igual ou superior a 100 A"
85359090;3.25;"Outros"
85361000;9.75;"Fusíveis e corta-circuitos de fusíveis"
85362000;6.5;"Disjuntores"
85363010;9.75;"Centelhador a gás"
85363090;9.75;"Outros"
85364100;3.25;"Para uma tensão não superior a 60 V"
85364900;3.25;"Outros"
85365010;6.5;"Unidade chaveadora de conversor de subida e descida para sistema de telecomunicações via satélite"
85365020;6.5;"Unidade chaveadora de amplificador de alta potência (HPA) para sistema de telecomunicações via satélite"
85365030;1.3;"Comutadores codificadores digitais, próprios para montagem em circuitos impressos"
85365090;9.75;"Outros"
85366100;9.75;"Suportes para lâmpadas"
85366910;9.75;"Tomada polarizada e tomada blindada"
85366990;9.75;"Outros"
85367000;9.75;"Conectores para fibras ópticas, feixes ou cabos de fibras ópticas"
85369010;9.75;"Conectores para cabos planos constituídos por condutores paralelos isolados individualmente"
85369020;9.75;"Tomadas de contato deslizante em condutores aéreos"
85369030;6.5;"Soquetes para microestruturas eletrônicas"
85369040;6.5;"Conectores para circuito impresso"
85369050;9.75;"Terminais de conexão para condensadores, mesmo montados em suporte isolante"
85369060;9.75;"Conector de corrente elétrica para acoplamento através da carcaça, do tipo utilizado em
motocompressores herméticos de refrigeração"
85369090;9.75;"Outros"
85371011;9.75;"Com processador e barramento de 32 bits ou superior, incorporando recursos gráficos e execução de macros, resolução inferior ou igual a 1 micrômetro (mícron) e capacidade de conexão digital para servo-acionamento, com monitor policromático"
85371019;9.75;"Outros"
85371020;9.75;"Controladores programáveis"
85371030;9.75;"Controladores de demanda de energia elétrica"
85371090;9.75;"Outros"
85372010;0;"Subestações isoladas a gás (GIS - Gas-Insulated Switchgear ou HIS - Highly Integrated Switchgear), para uma tensão superior a 52 kV"
85372090;0;"Outros"
85381000;9.75;"Quadros, painéis, consoles, cabinas, armários e outros suportes, da posição 85.37, desprovidos dos seus aparelhos"
85389010;9.75;"Circuitos impressos com componentes elétricos ou eletrônicos, montados"
85389020;9.75;"De disjuntores, para uma tensão igual ou superior a 72,5 kV"
85389090;9.75;"Outras"
85391010;9.75;"Para uma tensão inferior ou igual a 15 V"
85391090;9.75;"Outros"
85392110;9.75;"Para uma tensão inferior ou igual a 15 V"
85392190;9.75;"Outros"
85392200;9.75;"Outros, de potência não superior a 200 W e uma tensão superior a 100 V"
85392910;9.75;"Para uma tensão inferior ou igual a 15 V"
85392990;9.75;"Outros"
85393111;9.75;"Que contenham mais de 5 mg de mercúrio por cada invólucro (tubo)"
85393119;9.75;"Outras"
85393120;9.75;"Outras lâmpadas"
85393131;9.75;"Com fósforo tribanda e que contenham mais de 5 mg de mercúrio"
85393132;9.75;"Com fósforo em halofosfato e que contenham mais de 10 mg de mercúrio"
85393139;9.75;"Outros"
85393210;9.75;"De vapor de mercúrio"
85393220;9.75;"De vapor de sódio"
85393230;9.75;"De halogeneto metálico"
85393911;9.75;"De comprimento não superior a 500 mm e que contenham mais de 3,5 mg de mercúrio"
85393912;9.75;"De comprimento superior a 500 mm, mas não superior a 1.500 mm e que contenham mais de 5 mg de mercúrio"
85393913;9.75;"De comprimento superior a 1.500 mm e que contenham mais de 13 mg de mercúrio"
85393919;9.75;"Outros"
85393990;9.75;"Outros"
85394110;9.75;"De potência igual ou superior a 1.000 W"
85394190;9.75;"Outras"
85394900;9.75;"Outros"
85395100;9.75;"Módulos de diodos emissores de luz (LED)"
85395200;6.5;"Lâmpadas e tubos de diodos emissores de luz (LED)"
85399010;9.75;"Eletrodos"
85399020;9.75;"Bases"
85399090;9.75;"Outras"
85401100;6.5;"A cores"
85401200;6.5;"A preto e branco ou outros monocromos"
85402011;6.5;"A preto e branco ou outros monocromos"
85402019;6.5;"Outros"
85402020;6.5;"Tubos conversores ou intensificadores de imagens, de raios X"
85402090;6.5;"Outros"
85404000;6.5;"Tubos de visualização de dados gráficos, em monocromos; tubos de visualização de dados gráficos, a cores, com uma tela (ecrã*) fosfórica de espaçamento entre os pontos inferior a 0,4 mm"
85406010;6.5;"Tubos de visualização de dados gráficos, em cores, com uma tela de espaçamento entre os pontos igual ou superior a 0,4 mm"
85406090;6.5;"Outros"
85407100;6.5;"Magnétrons"
85407900;6.5;"Outros"
85408100;6.5;"Tubos de recepção ou de amplificação"
85408910;6.5;"Válvulas de potência para transmissores"
85408990;6.5;"Outros"
85409110;6.5;"Bobinas de deflexão (yokes)"
85409120;6.5;"Núcleos de pó ferromagnético para bobinas de deflexão (yokes)"
85409130;6.5;"Canhões eletrônicos"
85409140;6.5;"Painel de vidro, máscara de sombra e blindagem interna, reunidos, para tubos tricromáticos"
85409190;6.5;"Outras"
85409900;6.5;"Outras"
85411011;1.3;"Zener"
85411012;3.25;"Outros, de intensidade de corrente inferior ou igual a 3 A"
85411019;3.25;"Outros"
85411021;1.3;"Zener"
85411022;1.3;"Outros, de intensidade de corrente inferior ou igual a 3 A"
85411029;1.3;"Outros"
85411031;1.3;"Zener"
85411032;1.3;"Outros, de intensidade de corrente inferior ou igual a 3 A"
85411039;3.25;"Outros"
85411091;1.3;"Zener"
85411092;1.3;"Outros, de intensidade de corrente inferior ou igual a 3 A"
85411099;3.25;"Outros"
85412110;1.3;"Não montados"
85412120;1.3;"Montados, próprios para montagem em superfície (SMD - Surface Mounted Device)"
85412191;1.3;"De efeito de campo, com junção heterogênea (HJFET ou HEMT)"
85412199;1.3;"Outros"
85412910;1.3;"Não montados"
85412920;1.3;"Montados"
85413011;1.3;"De intensidade de corrente inferior ou igual a 3 A"
85413019;3.25;"Outros"
85413021;3.25;"De intensidade de corrente inferior ou igual a 3 A"
85413029;3.25;"Outros"
85414111;3.25;"Diodos emissores de luz (LED), exceto diodos laser"
85414112;1.3;"Diodos laser"
85414121;1.3;"Diodos emissores de luz (LED), exceto diodos laser, próprios para montagem em superfície (SMD - Surface Mounted Device)"
85414122;1.3;"Outros diodos emissores de luz (LED), exceto diodos laser"
85414123;3.25;"Diodos laser com comprimento de onda de 1.300 nm ou 1.500 nm"
85414124;1.3;"Outros diodos laser"
85414210;0;"Células solares orgânicas"
85414220;0;"Outras células solares"
85414290;1.3;"Outras"
85414300;6.5;"Células fotovoltaicas montadas em módulos ou em painéis"
85414900;1.3;"Outros"
85415100;3.25;"Transdutores à base de semicondutores"
85415900;3.25;"Outros"
85416010;3.25;"De quartzo, de frequência igual ou superior a 1 MHz, mas não superior a 100 MHz"
85416090;3.25;"Outros"
85419010;1.3;"Suportes-conectores apresentados em tiras (lead frames)"
85419020;1.3;"Coberturas para encapsulamento (cápsulas)"
85419090;1.3;"Outras"
85423110;1.3;"Não montados"
85423120;2;"Montados, próprios para montagem em superfície (SMD - Surface Mounted Device)"
85423190;2;"Outros"
85423210;1.3;"Não montadas"
85423221;3.25;"Dos tipos RAM estáticas (SRAM) com tempo de acesso inferior ou igual a 25 ns, EPROM, EEPROM, PROM, ROM e FLASH"
85423229;5;"Outras"
85423291;3.25;"Dos tipos RAM estáticas (SRAM) com tempo de acesso inferior ou igual a 25 ns, EPROM, EEPROM, PROM, ROM e FLASH"
85423299;3.25;"Outras"
85423311;6.5;"De espessura de camada inferior ou igual a 1 micrômetro (mícron) com frequência de operação igual ou superior a 800 MHz"
85423319;6.5;"Outros"
85423320;1.3;"Outros, não montados"
85423390;3.25;"Outros"
85423911;6.5;"De espessura de camada inferior ou igual a 1 micrômetro (mícron) com frequência de operação igual ou superior a 800 MHz"
85423919;6.5;"Outros"
85423920;1.3;"Outros, não montados"
85423931;1.3;"Circuitos do tipo chipset"
85423939;3.25;"Outros"
85423991;1.3;"Circuitos do tipo chipset"
85423999;3.25;"Outros"
85429000;1.3;"Partes"
85431000;6.5;"Aceleradores de partículas"
85432000;3.25;"Geradores de sinais"
85433010;0;"De eletrólise, com células de membrana"
85433090;0;"Outros"
85434000;6.5;"Cigarros eletrônicos e dispositivos de vaporização elétricos de uso pessoal semelhantes"
85437011;6.5;"Para transmissão de sinais de micro-ondas de alta potência (HPA), a válvula TWT do tipo Phase Combiner, com potência de saída superior a 2,7 kW"
85437012;6.5;"Para recepção de sinais de micro-ondas de baixo ruído (LNA) na banda de 3.600 a 4.200 MHz, com temperatura menor ou igual a 55 Kelvin, para telecomunicações via satélite"
85437013;6.5;"Para distribuição de sinais de televisão"
85437014;6.5;"Outros para recepção de sinais de micro-ondas"
85437015;6.5;"Outros para transmissão de sinais de micro-ondas"
85437019;6.5;"Outros"
85437020;6.5;"Aparelhos para eletrocutar insetos"
85437031;6.5;"Geradores de efeitos especiais com manipulação em 2 ou 3 dimensões, mesmo combinados com dispositivo de comutação, de mais de 10 entradas de áudio ou de vídeo"
85437032;6.5;"Geradores de caracteres, digitais"
85437033;6.5;"Sincronizadores de quadro armazenadores ou corretores de base de tempo"
85437034;6.5;"Controladores de edição"
85437035;6.5;"Misturador digital, em tempo real, com oito ou mais entradas"
85437036;6.5;"Roteador-comutador (routing switcher) de mais de 20 entradas e mais de 16 saídas, de áudio ou de vídeo"
85437039;6.5;"Outros"
85437040;6.5;"Transcodificadores ou conversores de padrões de televisão"
85437050;6.5;"Simulador de antenas para transmissores com potência igual ou superior a 25 kW (carga fantasma)"
85437091;6.5;"Terminais de texto que operem com código de transmissão Baudot, providos de teclado
alfanumérico e visor, para acoplamento exclusivamente acústico a telefone"
85437092;6.5;"Eletrificadores de cercas"
85437099;6.5;"Outros"
85439010;6.5;"Das máquinas ou aparelhos da subposição 8543.70"
85439090;6.5;"Outras"
85441100;0;"De cobre"
85441911;3.25;"Revestido de cobre (CCA - Copper Clad Aluminum)"
85441919;3.25;"Outros"
85441990;3.25;"Outros"
85442000;3.25;"Cabos coaxiais e outros condutores elétricos coaxiais"
85443000;6.5;"Jogos de fios para velas de ignição e outros jogos de fios do tipo utilizado em quaisquer veículos"
85444200;5;"Munidos de peças de conexão"
85444900;0;"Outros"
85446000;3.25;"Outros condutores elétricos, para uma tensão superior a 1.000 V"
85447010;9.75;"Com revestimento externo de material dielétrico"
85447020;9.75;"Com revestimento externo de aço, próprios para instalação submarina (cabo submarino)"
85447030;9.75;"Com revestimento externo de alumínio"
85447090;9.75;"Outros"
85451100;6.5;"Do tipo utilizado em fornos"
85451910;6.5;"De grafita, com um teor de carbono igual ou superior a 99,9 %, em peso"
85451920;6.5;"Blocos de grafite, do tipo utilizado como cátodos em cubas eletrolíticas"
85451990;6.5;"Outros"
85452000;6.5;"Escovas"
85459010;6.5;"Carvões para pilhas elétricas"
85459020;6.5;"Resistências aquecedoras desprovidas de revestimento e de terminais"
85459030;6.5;"Suportes de conexão (nipples), para eletrodos"
85459090;6.5;"Outros"
85461000;9.75;"De vidro"
85462000;9.75;"De cerâmica"
85469000;9.75;"Outros"
85471000;9.75;"Peças isolantes de cerâmica"
85472010;9.75;"Tampões vedadores para condensadores, com perfurações para terminais"
85472090;9.75;"Outras"
85479000;9.75;"Outros"
85480010;6.5;"Termopares do tipo utilizado em dispositivos termoelétricos de segurança de aparelhos alimentados a gás"
85480090;6.5;"Outras"
85491100;NT;"Desperdícios e resíduos, e sucata, de acumuladores de chumbo-ácido; acumuladores de chumbo-ácidob inservíveis"
85491200;NT;"Outros, que contenham chumbo, cádmio ou mercúrio"
85491300;NT;"Selecionados por tipo de componente químico e que não contenham chumbo, cádmio ou mercúrio"
85491400;NT;"Não selecionados e que não contenham chumbo, cádmio ou mercúrio"
85491900;NT;"Outros"
85492100;NT;"Que contenham pilhas, baterias de pilhas ou acumuladores, elétricos, interruptores de mercúrio, vidro de tubos catódicos ou outros vidros ativados, ou componentes elétricos ou eletrônicos que contenham cádmio, mercúrio, chumbo ou policlorobifenilas (PCB)"
85492900;NT;"Outros"
85493100;NT;"Que contenham pilhas, baterias de pilhas ou acumuladores, elétricos, interruptores de mercúrio, vidro de tubos catódicos ou outros vidros ativados, ou componentes elétricos ou eletrônicos que contenham cádmio, mercúrio, chumbo ou policlorobifenilas (PCB)"
85493900;NT;"Outras"
85499100;NT;"Que contenham pilhas, baterias de pilhas ou acumuladores, elétricos, interruptores de mercúrio, vidro de tubos catódicos ou outros vidros ativados, ou componentes elétricos ou eletrônicos que contenham cádmio, mercúrio, chumbo ou policlorobifenilas (PCB)"
85499900;NT;"Outros"
86011000;0;"De fonte externa de eletricidade"
86012000;0;"De acumuladores elétricos"
86021000;0;"Locomotivas diesel-elétricas"
86029000;0;"Outros"
86031000;0;"De fonte externa de eletricidade"
86039000;0;"Outras"
86040010;0;"Autopropulsados, equipados com batedores de balastro e alinhadores de vias férreas"
86040090;0;"Outros"
86050010;0;"Vagões de passageiros"
86050090;0;"Outros"
86061000;0;"Vagões-tanque (vagões-cisterna) e semelhantes"
86063000;0;"Vagões de descarga automática, exceto os da subposição 8606.10"
86069100;0;"Cobertos e fechados"
86069200;0;"Abertos, com paredes fixas de altura superior a 60 cm"
86069900;0;"Outros"
86071110;0;"Bogies"
86071120;0;"Bissels"
86071200;0;"Outros bogies e bissels"
86071911;0;"Com rolamentos incorporados, de diâmetro exterior superior a 190 mm, do tipo utilizado em eixos de rodas de vagões ferroviários"
86071919;0;"Outros"
86071990;0;"Outros"
86072100;0;"Freios (travões) a ar comprimido e suas partes"
86072900;0;"Outros"
86073000;0;"Ganchos e outros sistemas de engate, para-choques, e suas partes"
86079100;0;"De locomotivas ou de locotratores"
86079900;0;"Outras"
86080011;0;"Mecânicos"
86080012;0;"Eletromecânicos"
86080090;0;"Outros"
86090000;0;"Contêineres (Contentores*), incluindo os de transporte de fluidos, especialmente concebidos e equipados para um ou mais meios de transporte."
87011000;0;"Tratores de eixo único"
87012100;0;"Unicamente com motor de pistão de ignição por compressão (diesel ou semidiesel)"
87012200;0;"Equipados para propulsão, simultaneamente, com motor de pistão de ignição por compressão (diesel ou semidiesel) e motor elétrico"
87012300;0;"Equipados para propulsão, simultaneamente, com motor de pistão de ignição por centelha (faísca) e motor elétrico"
87012400;0;"Unicamente com motor elétrico para propulsão"
87012900;0;"Outros"
87013000;0;"Tratores de lagartas (esteiras)"
87019100;3.25;"Não superior a 18 kW"
87019200;3.25;"Superior a 18 kW, mas não superior a 37 kW"
87019300;3.25;"Superior a 37 kW, mas não superior a 75 kW"
87019410;0;"Tratores especialmente concebidos para arrastar troncos (log skidders)"
87019490;3.25;"Outros"
87019510;0;"Tratores especialmente concebidos para arrastar troncos (log skidders)"
87019590;3.25;"Outros"
87021000;16.25;"Unicamente com motor de pistão de ignição por compressão (diesel ou semidiesel)"
87022000;16.25;"Equipados para propulsão, simultaneamente, com motor de pistão de ignição por compressão (diesel ou semidiesel) e motor elétrico"
87023000;16.25;"Equipados para propulsão, simultaneamente, com motor de pistão de ignição por centelha (faísca) e motor elétrico"
87024010;0;"Trólebus"
87024090;16.25;"Outros"
87029000;16.25;"Outros"
87031000;33.86;"Veículos especialmente concebidos para se deslocar sobre a neve; veículos especiais para transporte de pessoas nos campos de golfe e veículos semelhantes"
87032100;5.27;"De cilindrada não superior a 1.000 cm3"
87032210;9.78;"Com capacidade de transporte de pessoas sentadas inferior ou igual a seis, incluindo o motorista"
87032290;9.78;"Outros"
87032310;18.81;"Com capacidade de transporte de pessoas sentadas inferior ou igual a seis, incluindo o motorista"
87032390;18.81;"Outros"
87032410;18.81;"Com capacidade de transporte de pessoas sentadas inferior ou igual a seis, incluindo o motorista"
87032490;18.81;"Outros"
87033110;18.81;"Com capacidade de transporte de pessoas sentadas inferior ou igual a seis, incluindo o motorista"
87033190;18.81;"Outros"
87033210;18.81;"Com capacidade de transporte de pessoas sentadas inferior ou igual a seis, incluindo o motorista"
87033290;18.81;"Outros"
87033310;18.81;"Com capacidade de transporte de pessoas sentadas inferior ou igual a seis, incluindo o motorista"
87033390;18.81;"Outros"
87034000;18.81;"Outros veículos, equipados para propulsão, simultaneamente, com motor de pistão de ignição por centelha (faísca) e motor elétrico, exceto os suscetíveis de serem carregados por conexão a uma fonte externa de energia elétrica"
87035000;18.81;"Outros veículos, equipados para propulsão, simultaneamente, com motor de pistão de ignição por compressão (diesel ou semidiesel) e motor elétrico, exceto os suscetíveis de serem carregados por conexão a uma fonte externa de energia elétrica"
87036000;18.81;"Outros veículos, equipados para propulsão, simultaneamente, com motor de pistão de ignição por centelha (faísca) e motor elétrico, suscetíveis de serem carregados por conexão a uma fonte externa de energia elétrica"
87037000;18.81;"Outros veículos, equipados para propulsão, simultaneamente, com motor de pistão de ignição por compressão (diesel ou semidiesel) e motor elétrico, suscetíveis de serem carregados por conexão a uma fonte externa de energia elétrica"
87038000;18.81;"Outros veículos, equipados unicamente com motor elétrico para propulsão"
87039000;18.81;"Outros"
87041010;0;"Com capacidade de carga igual ou superior a 85 toneladas"
87041090;0;"Outros"
87042110;0;"Chassis com motor e cabina"
87042120;0;"Com caixa basculante"
87042130;0;"Frigoríficos ou isotérmicos"
87042190;0;"Outros"
87042210;0;"Chassis com motor e cabina"
87042220;0;"Com caixa basculante"
87042230;0;"Frigoríficos ou isotérmicos"
87042290;0;"Outros"
87042310;0;"Chassis com motor e cabina"
87042320;0;"Com caixa basculante"
87042330;0;"Frigoríficos ou isotérmicos"
87042340;3.25;"De chassis articulado, para o transporte de troncos (forwarder), com grua incorporada, de potência máxima igual ou superior a 126 kW (170 HP)"
87042390;0;"Outros"
87043110;6.5;"Chassis com motor e cabina"
87043120;2.6;"Com caixa basculante"
87043130;2.6;"Frigoríficos ou isotérmicos"
87043190;5.2;"Outros"
87043210;0;"Chassis com motor e cabina"
87043220;0;"Com caixa basculante"
87043230;0;"Frigoríficos ou isotérmicos"
87043290;0;"Outros"
87044100;0;"De peso em carga máxima (bruto) não superior a 5 toneladas"
87044200;0;"De peso em carga máxima (bruto) superior a 5 toneladas, mas não superior a 20 toneladas"
87044300;0;"De peso em carga máxima (bruto) superior a 20 toneladas"
87045100;5.2;"De peso em carga máxima (bruto) não superior a 5 toneladas"
87045200;0;"De peso em carga máxima (bruto) superior a 5 toneladas"
87046000;0;"Outros, unicamente com motor elétrico para propulsão"
87049000;0;"Outros"
87051020;0;"Com todos os eixos de rodas direcionáveis e capacidade máxima de elevação inferior a 100 t"
87051030;0;"Com capacidade máxima de elevação igual ou superior a 100 t"
87051090;0;"Outros"
87052000;0;"Torres (derricks) automóveis, para sondagem ou perfuração"
87053000;0;"Veículos de combate a incêndio"
87054000;0;"Caminhões-betoneiras"
87059010;3.25;"Caminhões para a determinação de parâmetros físicos característicos (perfilagem) de poços
petrolíferos"
87059090;3.25;"Outros"
87060010;16.25;"Dos veículos da posição 87.02"
87060020;3.25;"Dos veículos das subposições 8701.10, 8701.30, 8701.91 a 8701.95 ou 8704.10"
87060090;6.5;"Outros"
87071000;6.5;"Para os veículos da posição 87.03"
87079010;3.25;"Dos veículos das subposições 8701.10, 8701.30, 8701.91 a 8701.95 ou 8704.10"
87079090;3.25;"Outras"
87081000;3.25;"Para-choques e suas partes"
87082100;3.25;"Cintos de segurança"
87082200;3.25;"Para-brisas, vidros traseiros e outros vidros especificados na Nota de subposição 1 do presente Capítulo"
87082911;3.25;"Para-lamas"
87082912;3.25;"Grades de radiadores"
87082913;3.25;"Portas"
87082914;3.25;"Painéis de instrumentos"
87082919;3.25;"Outros"
87082991;3.25;"Para-lamas"
87082992;3.25;"Grades de radiadores"
87082993;3.25;"Portas"
87082994;3.25;"Painéis de instrumentos"
87082995;3.25;"Geradores de gás para acionar retratores de cintos de segurança"
87082999;3.25;"Outros"
87083011;3.25;"Dos veículos das subposições 8701.10, 8701.30, 8701.91 a 8701.95 ou 8704.10"
87083019;3.25;"Outras"
87083090;3.25;"Outros"
87084011;3.25;"Servo-assistidas, próprias para torques de entrada superiores ou iguais a 750 Nm"
87084019;3.25;"Outras"
87084080;3.25;"Outras caixas de marchas"
87084090;3.25;"Partes"
87085011;3.25;"Eixos com diferencial com capacidade de suportar cargas superiores ou iguais a 14.000 kg, redutores planetários nos extremos e dispositivo de freio (travão) incorporado, do tipo utilizado em veículos da subposição 8704.10"
87085012;3.25;"Eixos não motores"
87085019;3.25;"Outros"
87085080;3.25;"Outros"
87085091;3.25;"De eixos não motores, dos veículos das subposições 8701.10, 8701.30, 8701.91 a 8701.95 ou 8704.10"
87085099;3.25;"Outras"
87087010;3.25;"De eixos propulsores dos veículos das subposições 8701.10, 8701.30, 8701.91 a 8701.95 ou 8704.10"
87087090;3.25;"Outros"
87088000;3.25;"Sistemas de suspensão e suas partes (incluindo os amortecedores de suspensão)"
87089100;3.25;"Radiadores e suas partes"
87089200;10.4;"Silenciosos e tubos de escape; suas partes"
87089300;10.4;"Embreagens e suas partes"
87089411;2.6;"Volantes"
87089412;2.6;"Colunas"
87089413;2.6;"Caixas"
87089481;3.25;"Volantes"
87089482;3.25;"Colunas"
87089483;3.25;"Caixas"
87089490;3.25;"Partes"
87089510;3.25;"Bolsas infláveis de segurança com sistema de insuflação (airbags)"
87089521;3.25;"Bolsas infláveis para airbags"
87089522;3.25;"Sistema de insuflação"
87089529;3.25;"Outras"
87089910;0;"Dispositivos para comando de acelerador, freio (travão), embreagem, direção ou caixa de marchas mesmo os de adaptação dos preexistentes, do tipo utilizado por pessoas incapacitadas"
87089990;3.25;"Outros"
87091100;0;"Elétricos"
87091900;0;"Outros"
87099000;3.25;"Partes"
87100000;0;"Tanques e outros veículos blindados de combate, armados ou não, e suas partes."
87111000;35;"Com motor de pistão de cilindrada não superior a 50 cm3"
87112010;35;"Motocicletas de cilindrada inferior ou igual a 125 cm3"
87112020;35;"Motocicletas de cilindrada superior a 125 cm3"
87112090;35;"Outros"
87113000;35;"Com motor de pistão de cilindrada superior a 250 cm3, mas não superior a 500 cm3"
87114000;35;"Com motor de pistão de cilindrada superior a 500 cm3, mas não superior a 800 cm3"
87115000;35;"Com motor de pistão de cilindrada superior a 800 cm3"
87116000;35;"Com motor elétrico para propulsão"
87119000;35;"Outros"
87120010;7.5;"Bicicletas"
87120090;6.5;"Outros"
87131000;0;"Sem mecanismo de propulsão"
87139000;0;"Outros"
87141000;9;"De motocicletas (incluindo os ciclomotores)"
87142000;0;"De cadeiras de rodas ou de outros veículos para pessoas com incapacidade"
87149100;6.5;"Quadros e garfos, e suas partes"
87149200;6.5;"Aros e raios"
87149311;6.5;"Sem rosca, para pinhões do tipo cassete"
87149319;6.5;"Outros"
87149320;6.5;"Pinhões de rodas livres"
87149410;6.5;"Cubos de freios (travões)"
87149490;6.5;"Outros"
87149500;6.5;"Selins"
87149611;6.5;"Pedaleiros com pedivelas de peça única (monobloco)"
87149612;6.5;"Pedivelas de peça única (monobloco)"
87149619;6.5;"Outros"
87149690;6.5;"Outros"
87149910;6.5;"Câmbio de velocidades"
87149920;6.5;"Caixas de direção sem rosca"
87149990;6.5;"Outros"
87150000;6.5;"Carrinhos e veículos semelhantes para transporte de crianças, e suas partes."
87161000;6.5;"Reboques e semirreboques, para habitação ou para acampar, do tipo trailer (caravana*)"
87162000;0;"Reboques e semirreboques, autocarregáveis ou autodescarregáveis, para usos agrícolas"
87163100;0;"Tanques (cisternas)"
87163900;0;"Outros"
87164000;3.25;"Outros reboques e semirreboques"
87168000;3.25;"Outros veículos"
87169010;3.25;"Chassis de reboques e semirreboques"
87169090;3.25;"Outras"
88010000;6.5;"Balões e dirigíveis; planadores, asas voadoras e outros veículos aéreos, não concebidos para propulsão a motor."
88021100;6.5;"De peso não superior a 2.000 kg, vazios (sem carga)"
88021210;6.5;"De peso não superior a 3.500 kg"
88021290;6.5;"Outros"
88022010;6.5;"A hélice"
88022021;6.5;"Monomotores"
88022022;6.5;"Multimotores"
88022090;6.5;"Outros"
88023010;6.5;"A hélice"
88023021;6.5;"Multimotores, de peso não superior a 7.000 kg, vazios (sem carga)"
88023029;6.5;"Outros"
88023031;6.5;"De peso não superior a 7.000 kg, vazios (sem carga)"
88023039;6.5;"Outros"
88023090;6.5;"Outros"
88024010;6.5;"A turboélice"
88024090;6.5;"Outros"
88026000;0;"Veículos espaciais (incluindo os satélites) e seus veículos de lançamento, e veículos suborbitais"
88040000;6.5;"Paraquedas (incluindo os paraquedas dirigíveis e os parapentes) e os paraquedas giratórios; suas partes e acessórios."
88051000;0;"Aparelhos e dispositivos para lançamento de veículos aéreos, e suas partes; aparelhos e dispositivos para aterrissagem (aterragem) de veículos aéreos em porta-aviões e aparelhos e dispositivos semelhantes, e suas partes"
88052100;0;"Simuladores de combate aéreo e suas partes"
88052900;0;"Outros"
88061000;6.5;"Concebidos para o transporte de passageiros"
88062100;6.5;"De peso máximo de decolagem não superior a 250 g"
88062200;6.5;"De peso máximo de decolagem superior a 250 g, mas não superior a 7 kg"
88062300;6.5;"De peso máximo de decolagem superior a 7 kg, mas não superior a 25 kg"
88062400;6.5;"De peso máximo de decolagem superior a 25 kg, mas não superior a 150 kg"
88062900;6.5;"Outros"
88069100;6.5;"De peso máximo de decolagem não superior a 250 g"
88069200;6.5;"De peso máximo de decolagem superior a 250 g, mas não superior a 7 kg"
88069300;6.5;"De peso máximo de decolagem superior a 7 kg, mas não superior a 25 kg"
88069400;6.5;"De peso máximo de decolagem superior a 25 kg, mas não superior a 150 kg"
88069900;6.5;"Outros"
88071000;0;"Hélices e rotores, e suas partes"
88072000;0;"Trens de aterrissagem (aterragem) e suas partes"
88073000;0;"Outras partes de aviões, de helicópteros ou de veículos aéreos (aeronaves) não tripulados"
88079000;0;"Outras"
89011000;0;"Transatlânticos, barcos de excursão e embarcações semelhantes principalmente concebidas para o transporte de pessoas; ferryboats"
89012000;0;"Navios-tanque"
89013000;0;"Barcos frigoríficos, exceto os da subposição 8901.20"
89019000;0;"Outras embarcações para o transporte de mercadorias ou para o transporte de pessoas e de mercadorias"
89020010;0;"De comprimento, de proa a popa, igual ou superior a 35 m"
89020090;0;"Outros"
89031100;6.5;"Equipados com um motor ou concebidos para comportá-lo, de peso vazio (sem carga) sem motor não superior a 100 kg"
89031200;6.5;"Não concebidos para serem utilizados com um motor e de peso vazio (sem carga) não superior a 100 kg"
89031900;6.5;"Outros"
89032100;6.5;"De comprimento não superior a 7,5 m"
89032200;6.5;"De comprimento superior a 7,5 m, mas não superior a 24 m"
89032300;6.5;"De comprimento superior a 24 m"
89033100;10;"De comprimento não superior a 7,5 m"
89033200;10;"De comprimento superior a 7,5 m, mas não superior a 24 m"
89033300;10;"De comprimento superior a 24 m"
89039300;6.5;"De comprimento não superior a 7,5 m"
89039900;6.5;"Outros"
89040000;0;"Rebocadores e barcos concebidos para empurrar outras embarcações."
89051000;0;"Dragas"
89052000;0;"Plataformas de perfuração ou de exploração, flutuantes ou submersíveis"
89059000;0;"Outros"
89061000;0;"Navios de guerra"
89069000;0;"Outras"
89071000;3.25;"Balsas infláveis"
89079000;3.75;"Outras"
89080000;NT;"Embarcações e outras estruturas flutuantes, para desmantelar."
90011011;6.5;"De diâmetro de núcleo inferior a 11 micrômetros (mícrons)"
90011019;6.5;"Outras"
90011020;9.75;"Feixes e cabos de fibras ópticas"
90012000;9.75;"Matérias polarizantes em folhas ou em placas"
90013000;0;"Lentes de contato"
90014000;0;"Lentes de vidro, para óculos"
90015000;0;"Lentes de outras matérias, para óculos"
90019010;0;"Lentes"
90019090;9.75;"Outros"
90021111;9.75;"Para câmeras fotográficas"
90021119;9.75;"Outras"
90021120;9.75;"De aproximação (zoom) para câmeras de televisão, de 20 ou mais aumentos"
90021190;9.75;"Outras"
90021900;9.75;"Outras"
90022010;9.75;"Polarizantes"
90022090;9.75;"Outros"
90029010;9.75;"Comutadores (switches) optomecânicos, do tipo utilizado em redes ópticas de transmissão de dados, próprios para montagem por inserção (PTH - Pin ThroughHole)"
90029090;9.75;"Outros"
90031100;3.25;"De plástico"
90031910;3.25;"De metais comuns, mesmo folheados ou chapeados de metais preciosos (plaquê)"
90031990;3.25;"Outras"
90039010;3.25;"Charneiras"
90039090;3.25;"Outras"
90041000;9.75;"Óculos de sol"
90049010;3.25;"Óculos para correção"
90049020;3.25;"Óculos de segurança"
90049090;3.25;"Outros"
90051000;9.75;"Binóculos"
90058000;9.75;"Outros instrumentos"
90059010;9.75;"De binóculos"
90059090;9.75;"Outros"
90063000;9.75;"Câmeras fotográficas especialmente concebidas para fotografia submarina ou aérea, para exame médico de órgãos internos ou para laboratórios de medicina legal ou de investigação judicial"
90064000;9.75;"Câmeras fotográficas para filmes de revelação e cópia instantâneas"
90065310;9.75;"De foco fixo"
90065320;9.75;"De foco ajustável"
90065930;0;"Fotocompositoras a laser para preparação de clichês"
90065940;9.75;"Outras, de foco fixo"
90065951;9.75;"Para obtenção de negativos de 45 mm x 60 mm ou de dimensões superiores"
90065959;9.75;"Outras"
90066100;9.75;"Aparelhos de tubo de descarga para produção de luz relâmpago (flash) (denominados 'flashes eletrônicos')"
90066900;9.75;"Outros"
90069110;9.75;"Corpos"
90069190;9.75;"Outros"
90069900;9.75;"Outros"
90071000;19.5;"Câmeras"
90072020;13;"Para filmes de largura igual ou superior a 35 mm, mas não superior a 70 mm"
90072090;13;"Outros"
90079100;13;"De câmeras"
90079200;13;"De projetores"
90085000;13;"Projetores e aparelhos de ampliação ou de redução"
90089000;13;"Partes e acessórios"
90101010;13;"Cubas e cubetas, de operação automática e programáveis"
90101020;13;"Ampliadoras-copiadoras automáticas para papel fotográfico, com capacidade superior a 1.000 cópias por hora"
90101090;13;"Outros"
90105010;13;"Processadores fotográficos para o tratamento eletrônico de imagens, mesmo com saída digital"
90105020;13;"Aparelhos para revelação automática de chapas de fotopolímeros com suporte metálico"
90105090;13;"Outros"
90106000;13;"Telas para projeção"
90109010;13;"De aparelhos ou material da subposição 9010.10 ou do item 9010.50.10"
90109090;13;"Outros"
90111000;3.25;"Microscópios estereoscópicos"
90112010;3.25;"Para fotomicrografia"
90112020;3.25;"Para cinefotomicrografia"
90112030;3.25;"Para microprojeção"
90118010;3.25;"Binoculares de platina móvel"
90118090;3.25;"Outros"
90119010;3.25;"Dos artigos da subposição 9011.20"
90119090;3.25;"Outros"
90121010;0;"Microscópios eletrônicos"
90121090;0;"Outros"
90129010;3.25;"De microscópios eletrônicos"
90129090;3.25;"Outros"
90131010;9.75;"Miras telescópicas para armas"
90131090;9.75;"Outros"
90132000;9.75;"Lasers, exceto diodos laser"
90138000;9.75;"Outros dispositivos, aparelhos e instrumentos"
90139000;9.75;"Partes e acessórios"
90141000;3.25;"Bússolas, incluindo as agulhas de marear"
90142010;3.25;"Altímetros"
90142020;3.25;"Pilotos automáticos"
90142030;3.25;"Inclinômetros"
90142090;3.25;"Outros"
90148010;3.25;"Sondas acústicas (ecobatímetros) ou de ultrassom (sonar e semelhantes)"
90148090;3.25;"Outros"
90149000;3.25;"Partes e acessórios"
90151000;3.25;"Telêmetros"
90152010;3.25;"Com sistema de leitura por meio de prisma ou micrômetro óptico e precisão de leitura de 1 segundo"
90152090;3.25;"Outros"
90153000;3.25;"Níveis"
90154000;3.25;"Instrumentos e aparelhos de fotogrametria"
90158010;3.25;"Molinetes hidrométricos"
90158090;3.25;"Outros"
90159010;3.25;"De instrumentos ou aparelhos da subposição 9015.40"
90159090;3.25;"Outros"
90160010;0;"Sensíveis a pesos não superiores a 0,2 mg"
90160090;0;"Outras"
90171010;9.75;"Automáticas"
90171090;9.75;"Outras"
90172000;9.75;"Outros instrumentos de desenho, de traçado ou de cálculo"
90173010;0;"Micrômetros"
90173020;0;"Paquímetros"
90173090;0;"Outros"
90178010;9.75;"Metros"
90178090;9.75;"Outros"
90179010;9.75;"De mesas ou máquinas de desenhar, automáticas"
90179090;9.75;"Outros"
90181100;1.3;"Eletrocardiógrafos"
90181210;1.3;"Ecógrafos com análise espectral Doppler"
90181290;1.3;"Outros"
90181300;1.3;"Aparelhos de diagnóstico de imagem por ressonância magnética"
90181410;1.3;"Scanner de tomografia por emissão de posítrons (PET - Positron Emission Tomography)"
90181420;1.3;"Câmaras gama"
90181490;1.3;"Outros"
90181910;1.3;"Endoscópios"
90181920;1.3;"Audiômetros"
90181980;1.3;"Outros"
90181990;1.3;"Partes"
90182010;5.2;"Para cirurgia, que operem por laser"
90182020;5.2;"Outros, para tratamento bucal, que operem por laser"
90182090;5.2;"Outros"
90183111;0;"De capacidade inferior ou igual a 2 cm3"
90183119;0;"Outras"
90183190;0;"Outras"
90183211;5.2;"Gengivais"
90183212;5.2;"De aço cromo-níquel, bisel trifacetado e diâmetro exterior igual ou superior a 1,6 mm, do tipo utilizado com bolsas de sangue"
90183213;5.2;"Agulhas ponta de lápis, do tipo utilizado em anestesia epidural ou raquidiana"
90183219;8;"Outras"
90183220;5.2;"Para suturas"
90183910;5.2;"Agulhas"
90183921;0;"De borracha"
90183922;0;"Cateteres de poli(cloreto de vinila), para embolectomia arterial"
90183923;5.2;"Cateteres de poli(cloreto de vinila), para termodiluição"
90183925;0;"Sondas vesicais estéreis de poliuretano, com revestimento hidrofílico, de uso intermitente, apresentadas em embalagens com solução salina"
90183926;0;"Cateteres intravenosos periféricos, de plástico"
90183929;0;"Outros"
90183930;5.2;"Lancetas para vacinação e cautérios"
90183991;0;"Artigo para fístula arteriovenosa, composto de agulha, base de fixação tipo borboleta, tubo plástico com conector e obturador"
90183999;5.2;"Outros"
90184100;5.2;"Aparelhos dentários de brocar, mesmo combinados numa base comum com outros equipamentos dentários"
90184911;5.2;"De carboneto de tungstênio (volfrâmio)"
90184912;5.2;"De aço-vanádio"
90184919;5.2;"Outras"
90184920;5.2;"Limas"
90184940;5.2;"Para tratamento bucal, que operem por projeção cinética de partículas"
90184991;5.2;"Para desenho e construção de peças cerâmicas para restaurações dentárias, computadorizados"
90184999;5.2;"Outros"
90185010;5.2;"Microscópios binoculares, do tipo utilizado em cirurgia oftalmológica"
90185090;5.2;"Outros"
90189010;0;"Para transfusão de sangue ou infusão intravenosa"
90189021;5.2;"Elétricos"
90189029;5.2;"Outros"
90189031;5.2;"Litotritores por onda de choque"
90189039;5.2;"Outros"
90189040;0;"Rins artificiais"
90189050;5.2;"Aparelhos de diatermia"
90189061;5.2;"Que contenham mercúrio"
90189069;5.2;"Outros"
90189091;5.2;"Incubadoras para bebês"
90189093;5.2;"Aparelhos para terapia intra-uretral por micro-ondas (TUMT), próprios para o tratamento de
afecções prostáticas, computadorizados"
90189094;5.2;"Endoscópios"
90189095;0;"Grampos e clipes, seus aplicadores e extratores"
90189096;5.2;"Desfibriladores externos que operem unicamente em modo automático (AED - Automatic External Defibrillator)"
90189097;5.2;"Aparelhos destinados a procedimentos cirúrgicos assistidos por robótica"
90189099;5.2;"Outros"
90191000;5.2;"Aparelhos de mecanoterapia; aparelhos de massagem; aparelhos de psicotécnica"
90192010;1.3;"De oxigenoterapia"
90192020;1.3;"De aerossolterapia"
90192030;5.2;"Respiratórios de reanimação"
90192040;5.2;"Respiradores automáticos (pulmões de aço)"
90192090;5.2;"Outros"
90200010;0;"Máscaras contra gases"
90200090;5.2;"Outros"
90211010;0;"Artigos e aparelhos ortopédicos"
90211020;0;"Artigos e aparelhos para fraturas"
90211091;0;"De artigos e aparelhos de ortopedia, articulados"
90211099;0;"Outros"
90212110;0;"De acrílico"
90212190;0;"Outros"
90212900;0;"Outros"
90213110;0;"Femurais"
90213120;0;"Mioelétricas"
90213190;0;"Outras"
90213911;0;"Mecânicas"
90213919;0;"Outras"
90213920;0;"Lentes intraoculares"
90213930;0;"Próteses de artérias vasculares revestidas"
90213940;0;"Próteses mamárias não implantáveis"
90213980;0;"Outros"
90213991;0;"Partes de próteses modulares que substituem membros superiores ou inferiores"
90213999;0;"Outros"
90214000;0;"Aparelhos para facilitar a audição dos surdos, exceto as partes e acessórios"
90215000;0;"Marca-passos cardíacos (Estimuladores cardíacos*), exceto as partes e acessórios"
90219011;0;"Cardiodesfibriladores automáticos"
90219012;0;"Implantes expansíveis (stents), mesmo montados sobre cateter do tipo balão"
90219013;0;"Oclusores interauriculares constituídos por uma malha de fios de níquel e titânio preenchida com tecido de poliéster, mesmo apresentados com seu respectivo cateter"
90219019;0;"Outros"
90219080;0;"Outros"
90219091;0;"De marca-passos cardíacos"
90219092;0;"De aparelhos para facilitar a audição dos surdos"
90219099;0;"Outros"
90221200;3.25;"Aparelhos de tomografia computadorizada"
90221311;3.25;"De tomadas maxilares panorâmicas"
90221319;3.25;"Outros"
90221390;3.25;"Outros"
90221411;3.25;"Para mamografia"
90221412;3.25;"Para angiografia"
90221413;3.25;"Para densitometria óssea, computadorizados"
90221419;3.25;"Outros"
90221490;3.25;"Outros"
90221910;3.25;"Espectrômetros ou espectrógrafos de raios X"
90221991;3.25;"Do tipo utilizado para inspeção de bagagens, com túnel de altura inferior ou igual a 0,4 m, largura inferior ou igual a 0,6 m e comprimento inferior ou igual a 1,2 m"
90221999;3.25;"Outros"
90222110;0;"Aparelhos de radiocobalto (bombas de cobalto)"
90222120;0;"Outros, para gamaterapia"
90222190;0;"Outros"
90222910;0;"Para detecção do nível de enchimento ou tampas faltantes, em latas de bebidas, por meio de raios gama"
90222990;0;"Outros"
90223000;0;"Tubos de raios X"
90229010;3.25;"Geradores de tensão"
90229020;3.25;"Telas radiológicas"
90229080;3.25;"Outros, excluindo as partes e acessórios"
90229091;3.25;"De aparelhos de raios X"
90229099;3.25;"Outros"
90230000;9.75;"Instrumentos, aparelhos e modelos, concebidos para demonstração (por exemplo, no ensino e nas exposições), não suscetíveis de outros usos."
90241010;0;"Para ensaios de tração ou compressão"
90241020;0;"Para ensaios de dureza"
90241090;0;"Outros"
90248011;0;"Automáticos, para fios"
90248019;0;"Outros"
90248021;0;"Máquinas para ensaios de pneumáticos"
90248029;0;"Outros"
90248090;0;"Outros"
90249000;3.25;"Partes e acessórios"
90251111;9.75;"Que contenham mercúrio"
90251119;9.75;"Outros"
90251191;9.75;"Que contenham mercúrio"
90251199;9.75;"Outros"
90251910;9.75;"Pirômetros ópticos"
90251990;9.75;"Outros"
90258000;9.75;"Outros instrumentos"
90259010;9.75;"De termômetros"
90259090;9.75;"Outros"
90261011;9.75;"Medidores-transmissores eletrônicos, que funcionem pelo princípio de indução eletromagnética"
90261019;9.75;"Outros"
90261021;0;"De metais, mediante correntes parasitas"
90261029;0;"Outros"
90262010;0;"Manômetros"
90262090;0;"Outros"
90268000;9.75;"Outros instrumentos e aparelhos"
90269010;15;"De instrumentos e aparelhos para medida ou controle do nível"
90269020;9.75;"De manômetros"
90269090;9.75;"Outros"
90271000;0;"Analisadores de gás ou de fumaça (fumos)"
90272011;0;"De fase gasosa"
90272012;0;"De fase líquida"
90272019;0;"Outros"
90272021;0;"Sequenciadores automáticos de ADN mediante eletroforese capilar"
90272029;0;"Outros"
90273011;0;"De emissão atômica"
90273019;0;"Outros"
90273020;0;"Espectrofotômetros"
90275010;0;"Colorímetros"
90275020;0;"Fotômetros"
90275030;0;"Refratômetros"
90275040;0;"Sacarímetros"
90275050;0;"Citômetro de fluxo"
90275090;0;"Outros"
90278100;0;"Espectrômetros de massa"
90278911;0;"Calorímetros"
90278912;0;"Viscosímetros"
90278913;0;"Densitômetros"
90278914;0;"Aparelhos medidores de pH"
90278920;0;"Polarógrafos"
90278991;0;"Exposímetros"
90278999;0;"Outros"
90279010;3.25;"Micrótomos"
90279091;3.25;"De espectrômetros e espectrógrafos, de emissão atômica"
90279093;3.25;"De polarógrafos"
90279099;3.25;"Outros"
90281011;3.25;"Do tipo utilizado em postos (estações) de serviço ou garagens"
90281019;3.25;"Outros"
90281090;3.25;"Outros"
90282010;3.25;"De peso inferior ou igual a 50 kg"
90282020;3.25;"De peso superior a 50 kg"
90283011;15;"Digitais"
90283019;3.25;"Outros"
90283021;9.75;"Digitais"
90283029;3.25;"Outros"
90283031;9.75;"Digitais"
90283039;3.25;"Outros"
90283090;3.25;"Outros"
90289010;9.75;"De contadores de eletricidade"
90289090;9.75;"Outros"
90291010;9.75;"Contadores de voltas, contadores de produção ou de horas de trabalho"
90291090;9.75;"Outros"
90292010;9.75;"Indicadores de velocidade e tacômetros"
90292020;9.75;"Estroboscópios"
90299010;9.75;"De indicadores de velocidade e tacômetros"
90299090;9.75;"Outros"
90301010;3.25;"Medidores de radioatividade"
90301090;3.25;"Outros"
90302010;3.25;"Osciloscópios digitais"
90302021;3.25;"De frequência igual ou superior a 60 MHz"
90302022;3.25;"Vetorscópios"
90302029;3.25;"Outros"
90302030;3.25;"Oscilógrafos"
90303100;3.25;"Multímetros, sem dispositivo registrador"
90303200;3.25;"Multímetros, com dispositivo registrador"
90303311;3.25;"Digitais"
90303319;3.25;"Outros"
90303321;3.25;"Do tipo utilizado em veículos automóveis"
90303329;3.25;"Outros"
90303390;3.25;"Outros"
90303910;3.25;"De teste de continuidade em circuitos impressos"
90303990;3.25;"Outros"
90304010;3.25;"Analisadores de protocolo"
90304020;3.25;"Analisadores de nível seletivo"
90304030;3.25;"Analisadores digitais de transmissão"
90304090;3.25;"Outros"
90308210;3.25;"De testes de circuitos integrados"
90308290;3.25;"Outros"
90308410;3.25;"De teste automático de circuito impresso montado (ATE)"
90308420;3.25;"De medidas de parâmetros característicos de sinais de televisão ou de vídeo"
90308490;3.25;"Outros"
90308910;3.25;"Analisadores lógicos de circuitos digitais"
90308920;3.25;"Analisadores de espectro de frequência"
90308930;3.25;"Frequencímetros"
90308940;3.25;"Fasímetros"
90308990;3.25;"Outros"
90309010;3.25;"De instrumentos e aparelhos da subposição 9030.10"
90309090;3.25;"Outros"
90311000;0;"Máquinas de balancear (equilibrar) peças mecânicas"
90312010;0;"Para motores"
90312090;0;"Outros"
90314100;0;"Para controle de wafers ou de dispositivos, semicondutores (incluindo os circuitos integrados), ou para controle de fotomáscaras ou retículos utilizados na fabricação de dispositivos semicondutores (incluindo os circuitos integrados)"
90314910;3.25;"Para medida de parâmetros dimensionais de fibras de celulose, por meio de raios laser"
90314920;3.25;"Para medida da espessura de pneumáticos de veículos automóveis, por meio de raios laser"
90314990;3.25;"Outros"
90318011;0;"Dinamômetros"
90318012;0;"Rugosímetros"
90318020;0;"Máquinas para medição tridimensional"
90318030;3.25;"Metros padrões"
90318040;9.75;"Aparelhos digitais, de uso em veículos automóveis, para medida e indicação de múltiplas grandezas tais como: velocidade média, consumos instantâneo e médio e autonomia (computador de bordo)"
90318050;0;"Aparelhos para análise de têxteis, computadorizados"
90318060;3.25;"Células de carga"
90318091;3.25;"Para controle dimensional de pneumáticos, em condições de carga"
90318099;3.25;"Outros"
90319010;9.75;"De bancos de ensaio"
90319090;9.75;"Outros"
90321010;9.75;"De expansão de fluidos"
90321090;9.75;"Outros"
90322000;9.75;"Manostatos (pressostatos)"
90328100;0;"Hidráulicos ou pneumáticos"
90328911;9.75;"Eletrônicos"
90328919;9.75;"Outros"
90328921;9.75;"De sistemas antibloqueantes de freio (travão) (ABS)"
90328922;9.75;"De sistemas de suspensão"
90328923;9.75;"De sistemas de transmissão"
90328924;9.75;"De sistemas de ignição"
90328925;9.75;"De sistemas de injeção"
90328929;9.75;"Outros"
90328930;9.75;"Equipamentos digitais para controle de veículos ferroviários"
90328981;9.75;"De pressão"
90328982;9.75;"De temperatura"
90328983;9.75;"De umidade"
90328984;9.75;"De velocidade de motores elétricos por variação de frequência"
90328989;9.75;"Outros"
90328990;9.75;"Outros"
90329010;9.75;"Circuitos impressos com componentes elétricos ou eletrônicos, montados"
90329091;9.75;"De termostatos"
90329099;9.75;"Outros"
90330000;9.75;"Partes e acessórios não especificados nem compreendidos noutras posições do presente Capítulo, para máquinas, aparelhos, instrumentos ou artigos do Capítulo 90."
91011100;16.25;"De mostrador exclusivamente mecânico"
91011900;16.25;"Outros"
91012100;16.25;"De corda automática"
91012900;16.25;"Outros"
91019100;16.25;"Funcionando eletricamente"
91019900;16.25;"Outros"
91021110;20;"Com caixa de metal comum"
91021190;20;"Outros"
91021210;20;"Com caixa de metal comum"
91021220;20;"Com caixa de plástico, exceto as reforçadas com fibra de vidro"
91021290;13;"Outros"
91021900;20;"Outros"
91022100;20;"De corda automática"
91022900;13;"Outros"
91029100;13;"Funcionando eletricamente"
91029900;13;"Outros"
91031000;13;"Funcionando eletricamente"
91039000;13;"Outros"
91040000;11.7;"Relógios para painéis de instrumentos e relógios semelhantes, para automóveis, veículos aéreos, embarcações ou para outros veículos."
91051100;13;"Funcionando eletricamente"
91051900;13;"Outros"
91052100;13;"Funcionando eletricamente"
91052900;13;"Outros"
91059100;13;"Funcionando eletricamente"
91059900;13;"Outros"
91061000;9.75;"Relógios de ponto; relógios datadores e contadores de horas"
91069000;9.75;"Outros"
91070010;9.75;"Interruptores horários"
91070090;9.75;"Outros"
91081110;13;"Para relógios das posições 91.01 ou 91.02"
91081190;13;"Outros"
91081200;13;"De mostrador exclusivamente optoeletrônico"
91081900;13;"Outros"
91082000;13;"De corda automática"
91089000;13;"Outros"
91091000;13;"Funcionando eletricamente"
91099000;13;"Outros"
91101110;13;"Para relógios das posições 91.01 ou 91.02"
91101190;13;"Outros"
91101200;13;"Mecanismos incompletos, montados"
91101900;13;"Esboços"
91109000;13;"Outros"
91111000;13;"Caixas de metais preciosos ou de metais folheados ou chapeados de metais preciosos (plaquê)"
91112010;13;"De latão, em esboço"
91112090;13;"Outras"
91118000;13;"Outras caixas"
91119010;13;"Fundos de metais comuns"
91119090;13;"Outras"
91122000;13;"Caixas e semelhantes"
91129000;13;"Partes"
91131000;6.5;"De metais preciosos ou de metais folheados ou chapeados de metais preciosos (plaquê)"
91132000;6.5;"De metais comuns, mesmo dourados ou prateados"
91139000;6.5;"Outras"
91143000;13;"Quadrantes"
91144000;13;"Platinas e pontes"
91149000;13;"Outras"
92011000;0;"Pianos verticais"
92012000;0;"Pianos de cauda"
92019000;0;"Outros"
92021000;0;"De cordas, tocados com o auxílio de um arco"
92029000;0;"Outros"
92051000;0;"Instrumentos denominados 'metais'"
92059000;0;"Outros"
92060000;0;"Instrumentos musicais de percussão (por exemplo, tambores, caixas, xilofones, pratos, castanholas, maracás)."
92071010;0;"Sintetizadores"
92071090;0;"Outros"
92079010;0;"Guitarras e contrabaixos"
92079090;0;"Outros"
92081000;0;"Caixas de música"
92089000;0;"Outros"
92093000;0;"Cordas para instrumentos musicais"
92099100;0;"Partes e acessórios de pianos"
92099200;0;"Partes e acessórios de instrumentos musicais da posição 92.02"
92099400;0;"Partes e acessórios de instrumentos musicais da posição 92.07"
92099900;0;"Outros"
93011000;0;"Peças de artilharia (por exemplo, canhões, obuses e morteiros)"
93012000;0;"Lança-mísseis; lança-chamas; lança-granadas; lança-torpedos e lançadores semelhantes"
93019000;0;"Outras"
93020000;55;"Revólveres e pistolas, exceto os das posições 93.03 ou 93.04."
93031000;55;"Armas de fogo carregáveis exclusivamente pela boca"
93032000;55;"Outras espingardas e carabinas de caça ou de tiro ao alvo, com pelo menos um cano liso"
93033000;55;"Outras espingardas e carabinas de caça ou de tiro ao alvo"
93039010;55;"Lançadores do tipo utilizado com cartuchos dos itens 9306.21.10, 9306.21.20 ou 9306.21.30"
93039090;55;"Outros"
93040010;55;"Recipientes do tipo aerossol que contenham produtos químicos ou oleorresina de Capsicum, com fins irritantes"
93040090;55;"Outras"
93051000;29.25;"De revólveres ou pistolas"
93052000;29.25;"De espingardas ou carabinas da posição 93.03"
93059100;0;"De armas de guerra da posição 93.01"
93059900;29.25;"Outros"
93062110;13;"Que contenham produtos químicos ou oleorresina de Capsicum, com fins irritantes"
93062120;13;"Outros, que produzem efeitos fumígenos, de iluminação, de som ou de identificação mediante tintas ou corantes"
93062130;13;"Outros, com um ou mais projéteis de elastômeros"
93062190;25;"Outros"
93062900;55;"Outros"
93063000;25;"Outros cartuchos e suas partes"
93069010;29.25;"Granadas que contenham produtos químicos ou oleorresina de Capsicum, com fins irritantes"
93069020;29.25;"Outras granadas, que produzem efeitos fumígenos, de iluminação, de som ou de identificação mediante tintas ou corantes"
93069090;55;"Outros"
93070000;29.25;"Sabres, espadas, baionetas, lanças e outras armas brancas, suas partes e bainhas."
94011010;6.5;"Ejetáveis"
94011090;6.5;"Outros"
94012000;9.75;"Assentos do tipo utilizado em veículos automóveis"
94013100;3.25;"De madeira"
94013900;3.25;"Outros"
94014100;3.25;"De madeira"
94014900;3.25;"Outros"
94015200;3.25;"De bambu"
94015300;3.25;"De rotim"
94015900;3.25;"Outros"
94016100;3.25;"Estofados"
94016900;3.25;"Outros"
94017100;3.25;"Estofados"
94017900;3.25;"Outros"
94018000;3.25;"Outros assentos"
94019100;3.25;"De madeira"
94019900;3.25;"Outras"
94021000;3.25;"Cadeiras odontológicas, cadeiras para salões de cabeleireiro e cadeiras semelhantes, e suas partes"
94029010;3.25;"Mesas de operação"
94029020;3.25;"Camas dotadas de mecanismos para usos clínicos"
94029090;3.25;"Outros"
94031000;3.25;"Móveis de metal, do tipo utilizado em escritórios"
94032010;3.25;"Do tipo utilizado em cozinhas"
94032090;3.25;"Outros"
94033000;3.25;"Móveis de madeira, do tipo utilizado em escritórios"
94034000;3.25;"Móveis de madeira, do tipo utilizado em cozinhas"
94035000;3.25;"Móveis de madeira, do tipo utilizado em quartos de dormir"
94036000;3.25;"Outros móveis de madeira"
94037000;3.25;"Móveis de plástico"
94038200;3.25;"De bambu"
94038300;3.25;"De rotim"
94038900;3.25;"Outros"
94039100;3.25;"De madeira"
94039900;3.25;"Outras"
94041000;0;"Suportes para camas (somiês)"
94042100;0;"De borracha alveolar ou de plástico alveolar, mesmo recobertos"
94042900;0;"De outras matérias"
94043000;0;"Sacos de dormir"
94044000;0;"Colchas, edredões e artigos semelhantes"
94049000;0;"Outros"
94051110;9.75;"Focos cirúrgicos (luzes sem sombra, do tipo utilizado em medicina, cirurgia ou odontologia)"
94051190;9.75;"Outros"
94051910;9.75;"Focos cirúrgicos (luzes sem sombra, do tipo utilizado em medicina, cirurgia ou odontologia)"
94051990;15;"Outros"
94052100;9.75;"Concebidos para serem utilizados unicamente com fontes de luz de diodos emissores de luz (LED)"
94052900;9.75;"Outros"
94053100;9.75;"Concebidas para serem utilizadas unicamente com fontes de luz de diodos emissores de luz (LED)"
94053900;9.75;"Outras"
94054100;9.75;"Fotovoltaicos, concebidos para serem utilizados unicamente com fontes de luz de diodos emissores de luz (LED)"
94054200;9.75;"Outros, concebidos para serem utilizados unicamente com fontes de luz de diodos emissores de luz (LED)"
94054900;9.75;"Outros"
94055000;3.25;"Luminárias e aparelhos de iluminação, não elétricos"
94056100;9.75;"Concebidos para serem utilizados unicamente com fontes de luz de diodos emissores de luz (LED)"
94056900;9.75;"Outros"
94059100;9.75;"De vidro"
94059200;9.75;"De plástico"
94059900;9.75;"Outras"
94061010;0;"Estufas"
94061090;0;"Outras"
94062000;0;"Unidades de construção modulares, de aço"
94069010;0;"Estufas"
94069020;0;"Com estrutura de ferro ou aço e paredes exteriores constituídas principalmente dessas matérias"
94069090;0;"Outras"
95030010;6.5;"Triciclos, patinetes, carros de pedais e outros brinquedos semelhantes com rodas; carrinhos para bonecos"
95030021;6.5;"Bonecos, mesmo vestidos, com mecanismo a corda ou elétrico"
95030022;6.5;"Outros bonecos, mesmo vestidos"
95030029;6.5;"Partes e acessórios"
95030031;6.5;"Com enchimento"
95030039;6.5;"Outros"
95030040;6.5;"Trens elétricos, incluindo os trilhos, sinais e outros acessórios"
95030050;6.5;"Modelos reduzidos, mesmo animados, em conjuntos para montagem, exceto os do item 9503.00.40"
95030060;6.5;"Outros conjuntos e brinquedos, para construção"
95030070;6.5;"Quebra-cabeças (puzzles)"
95030080;6.5;"Outros brinquedos, apresentados em sortidos ou em panóplias"
95030091;6.5;"Instrumentos e aparelhos musicais, de brinquedo"
95030097;6.5;"Outros brinquedos, com motor elétrico"
95030098;6.5;"Outros brinquedos, com motor não elétrico"
95030099;6.5;"Outros"
95042000;26;"Bilhares de qualquer espécie e seus acessórios"
95043000;13;"Outros jogos que funcionem por introdução de moedas, notas (papéis-moeda), cartões de banco, fichas ou por outros meios de pagamento, exceto os jogos de balizas (pinos) automáticos (boliche)"
95044000;10;"Cartas de jogar"
95045000;20;"Consoles e máquinas de jogos de vídeo, exceto os classificados na subposição 9504.30"
95049010;13;"Jogos de balizas (pinos) automáticos (boliche)"
95049090;13;"Outros"
95051000;13;"Artigos para festas de Natal"
95059000;13;"Outros"
95061100;13;"Esquis"
95061200;13;"Fixadores para esquis"
95061900;13;"Outros"
95062100;13;"Pranchas à vela"
95062900;13;"Outros"
95063100;13;"Tacos completos"
95063200;13;"Bolas"
95063900;13;"Outros"
95064000;13;"Artigos e equipamentos para tênis de mesa"
95065100;13;"Raquetes de tênis, mesmo não encordoadas"
95065900;13;"Outras"
95066100;13;"Bolas de tênis"
95066200;0;"Infláveis"
95066900;13;"Outras"
95067000;13;"Patins para gelo e patins de rodas, incluindo os fixados em calçado"
95069100;13;"Artigos e equipamentos para cultura física, ginástica ou atletismo"
95069900;13;"Outros"
95071000;13;"Varas (Canas*) de pesca"
95072000;13;"Anzóis, mesmo montados em sedelas"
95073000;13;"Carretilhas e molinetes (Carretes*), de pesca"
95079000;13;"Outros"
95081000;6.5;"Circos ambulantes e coleções de animais ambulantes"
95082110;6.5;"Com percurso igual ou superior a 300 m"
95082120;6.5;"Vagonetes com capacidade igual ou superior a 6 pessoas"
95082190;6.5;"Outras"
95082210;6.5;"Carrosséis, mesmo dotados de dispositivo de elevação, de diâmetro inferior a 16 m"
95082290;6.5;"Outros"
95082300;6.5;"Carrinhos de choque"
95082400;6.5;"Simuladores de movimentos e cinemas dinâmicos"
95082500;6.5;"Percursos aquáticos"
95082600;6.5;"Equipamentos para parques aquáticos"
95082900;6.5;"Outros"
95083000;6.5;"Atrações de parques e feiras"
95084000;6.5;"Teatros ambulantes"
96011000;0;"Marfim trabalhado e obras de marfim"
96019000;0;"Outros"
96020010;0;"Cápsulas de gelatinas digeríveis"
96020020;0;"Colmeias artificiais"
96020090;0;"Outras"
96031000;0;"Vassouras e escovas constituídas por pequenos ramos ou outras matérias vegetais reunidas em feixes, mesmo com cabo"
96032100;0;"Escovas de dentes, incluindo as escovas para dentaduras"
96032900;0;"Outros"
96033000;0;"Pincéis e escovas, para artistas, pincéis de escrever e pincéis semelhantes para aplicação de produtos cosméticos"
96034010;0;"Rolos"
96034090;0;"Outros"
96035000;0;"Outras escovas que constituam partes de máquinas, de aparelhos ou de veículos"
96039000;0;"Outros"
96040000;0;"Peneiras e crivos, manuais."
96050000;6.5;"Conjuntos de viagem para toucador de pessoas, para costura ou para limpeza de calçado ou de roupa."
96061000;0;"Botões de pressão e suas partes"
96062100;0;"De plástico, não recobertos de matérias têxteis"
96062200;0;"De metais comuns, não recobertos de matérias têxteis"
96062900;0;"Outros"
96063000;0;"Formas e outras partes, de botões; esboços de botões"
96071100;0;"Com grampos de metal comum"
96071900;0;"Outros"
96072000;0;"Partes"
96081000;20;"Canetas esferográficas"
96082000;13;"Canetas e marcadores, com ponta de feltro ou com outras pontas porosas"
96083000;13;"Canetas-tinteiro (Canetas de tinta permanente*) e outras canetas"
96084000;13;"Lapiseiras"
96085000;13;"Sortidos de artigos de, pelo menos, duas das subposições precedentes"
96086000;13;"Cargas com ponta, para canetas esferográficas"
96089100;13;"Penas (aparos) e suas pontas"
96089981;13;"Pontas porosas para os artigos da subposição 9608.20"
96089989;13;"Outras"
96089990;13;"Outros"
96091000;0;"Lápis"
96092000;0;"Minas para lápis ou para lapiseiras"
96099000;0;"Outros"
96100000;0;"Lousas e quadros para escrever ou desenhar, mesmo emoldurados."
96110000;0;"Carimbos, incluindo os datadores e numeradores, sinetes e artigos semelhantes (incluindo os aparelhos para impressão de etiquetas), manuais; dispositivos manuais de composição tipográfica e jogos de impressão manuais que contenham tais dispositivos."
96121000;15;"Fitas impressoras"
96122000;13;"Almofadas de carimbo"
96131000;40;"Isqueiros de bolso, a gás, não recarregáveis"
96132000;26;"Isqueiros de bolso, a gás, recarregáveis"
96138000;26;"Outros isqueiros e acendedores"
96139000;26;"Partes"
96140000;19.5;"Cachimbos (incluindo os seus fornilhos), piteiras (boquilhas) para charutos ou cigarros, e suas partes."
96151100;9.75;"De borracha endurecida ou de plástico"
96151900;9.75;"Outros"
96159000;9.75;"Outros"
96161000;13;"Vaporizadores de toucador, suas armações e cabeças de armações"
96162000;0;"Borlas ou esponjas para pós ou para aplicação de outros cosméticos ou de produtos de toucador"
96170010;9.75;"Garrafas térmicas e outros recipientes isotérmicos"
96170020;15;"Partes"
96180000;11.7;"Manequins e artigos semelhantes; autômatos e cenas animadas, para vitrines e mostruários."
96190000;0;"Absorventes (Pensos*) e tampões higiênicos, cueiros, fraldas e artigos higiênicos semelhantes, de qualquer matéria."
96200000;9.75;"Monopés, bipés, tripés e artigos semelhantes."
97012100;NT;"Quadros, pinturas e desenhos"
97012200;0;"Mosaicos"
97012900;0;"Outros"
97019100;NT;"Quadros, pinturas e desenhos"
97019200;0;"Mosaicos"
97019900;0;"Outros"
97021000;NT;"Com mais de 100 anos"
97029000;NT;"Outras"
97031000;NT;"Com mais de 100 anos"
97039000;NT;"Outras"
97040000;NT;"Selos postais, selos fiscais, marcas postais, envelopes de primeiro dia (first-day covers), inteiros postais e semelhantes, obliterados, ou não obliterados, exceto os artigos da posição 49.07."
97051000;NT;"Coleções e peças de coleção que apresentem um interesse arqueológico, etnográfico ou histórico"
97052100;NT;"Espécimes humanos e suas partes"
97052200;NT;"Espécies extintas ou ameaçadas de extinção, e suas partes"
97052900;NT;"Outras"
97053100;NT;"Com mais de 100 anos"
97053900;NT;"Outras"
97061000;NT;"Com mais de 250 anos"
97069000;NT;"Outras"
